[{"author": "@beaviswealth", "comment": "\ud83d\udcc8\ud83d\udcda As always, if you're a beginner to the Stock Market in Canada and you're looking for a step-by-step blueprint on how to get started... Find out more about our Investing Academy here - https://bit.ly/theinvestingacademy\n\nWealthsimple Trade: Get $50 sign up bonus - wealthsimple.sjv.io/zQ1d6\nQuestrade: Get $50 in commission-free trades with Questrade - https://www.questrade.com/campaigns/qbaffl50t102?refid=ayiice9l\n\nThis will be our final update for 2021! Thanks everyone for watching this series so far this year. Drop a thumbs up if you enjoy! :)", "likes": 4, "published_at": "2021-12-07T20:47:46Z", "sentiment": 0.9018, "entities": ["the Stock Market", "Investing Academy"]}, {"author": "@smd2000", "comment": "Congrats Brandon!", "likes": 0, "published_at": "2022-01-16T12:57:13Z", "sentiment": 0.5707, "entities": []}, {"author": "@smd2000", "comment": "Hi guys, \nMy question is,  how to start a portfolio for beginners?", "likes": 0, "published_at": "2022-01-16T12:53:28Z", "sentiment": 0.0, "entities": []}, {"author": "@phourtwenteephorlife", "comment": "have you guys looked into Gold Mountain Mining Corp ? 2022 will be a great year !", "likes": 0, "published_at": "2022-01-05T18:25:02Z", "sentiment": 0.6588, "entities": ["Gold Mountain Mining Corp"]}, {"author": "@lynxacresb5331", "comment": "congrats on the baby! you might find that a whole nursery setup isn\u2019t used that much - lots of moms end up bed sharing or putting baby in your room for the first several month. Something that is super versatile is the Grace travelite playpen with stages. it can be a bassinet with 2 levels, and then the bottom level. And! it fits through doorways, so you can move it all around the house. a floor bed is also a great tool/furniture item. we got an ikea junior mattress, but a twin is more comfortable. Cause if she or you want/need to cuddle/nurse baby to sleep, it\u2019s much easier to roll away than to try and put baby down. babies do NOT like being put down when sleeping \ud83e\udd23. anyway. congrats! take it easy - postpartum can be very tiring for everyone.", "likes": 0, "published_at": "2022-01-05T03:28:57Z", "sentiment": 0.9782, "entities": []}, {"author": "@lynxacresb5331", "comment": "are DRIP prices ever cheaper than the regular stock price?", "likes": 0, "published_at": "2022-01-05T02:47:06Z", "sentiment": 0.0, "entities": ["DRIP"]}, {"author": "@eac381", "comment": "It's not so much  timing the market as it  is holding cash to look for value buys and conversely,  sell when it makes sense to do so, ie. take a profit or for tax purposes as you described.", "likes": 0, "published_at": "2021-12-22T15:38:21Z", "sentiment": 0.6771, "entities": []}, {"author": "@habibahassan7129", "comment": "Congratulations Brandon .", "likes": 0, "published_at": "2021-12-14T03:00:43Z", "sentiment": 0.5994, "entities": []}, {"author": "@CodeBlueMedia", "comment": "Hey Brandon, Can you and your dad make a video about time or timing the market? It would really help us on how to use the volatility to our advantage.", "likes": 0, "published_at": "2021-12-13T15:39:13Z", "sentiment": 0.6115, "entities": []}, {"author": "@AgnesPelletier", "comment": "I would be very interested in a full video on how to choose fixed income ETFs. ZAG, XSAB, ZGB...except for when the difference between them is whether they hold corporate bonds, it's really difficult to assess whether to use long term, medium or short term separately, or to go with something that holds all of them. Same on whether to use only gov bonds or corporate as well.", "likes": 0, "published_at": "2021-12-13T03:05:01Z", "sentiment": 0.3182, "entities": ["ZAG", "XSAB", "ZGB"]}, {"author": "@joshlittle9616", "comment": "Hi guys, first and foremost I want to say you guys are doing an amazing job with your channel and I love the content, keep it up! Secondly, Congrats Brandon, very eventful year. Every time you announce a major life event it really brings me joy and I wish you all the best.\nI guess my question would be more for Marc, I was wondering if you could do a deep dive video on bonds/fixed income? I don't really know what to look for and all the bond ETFs that I have looked at have negative returns for the last few years. What is the best way to get exposure to fixed income as a Canadian? What kind of allocation should someone have that is close to retirement or in retirement? If you have already done a video about this topic, I apologize. \nThanks, and Merry Christmas.", "likes": 0, "published_at": "2021-12-13T02:16:57Z", "sentiment": 0.9859, "entities": []}, {"author": "@TheJoeMoneyShow", "comment": "With a small amount of account that\u2019s to much stocks go all in Apple nothing else", "likes": 0, "published_at": "2021-12-12T20:10:55Z", "sentiment": 0.0, "entities": ["Apple"]}, {"author": "@linglee8632", "comment": "why so small for someone been in market so long", "likes": 0, "published_at": "2021-12-12T06:28:03Z", "sentiment": 0.0, "entities": []}, {"author": "@ImOnAnEffinBoat", "comment": "Inflation has just started my friends", "likes": 0, "published_at": "2021-12-10T17:55:05Z", "sentiment": 0.4767, "entities": []}, {"author": "@ItsBurnahMan", "comment": "thanks for answering my question guys & congratulations brandon! for me it\u2019s mostly about feeling as secure as possible about where my money\u2019s going. probably would never vote or join meetings lol. great vid, i dropped that like", "likes": 0, "published_at": "2021-12-10T04:07:46Z", "sentiment": 0.9552, "entities": []}, {"author": "@donmcleod2235", "comment": "Another level to long term buy and hold. History of my picks determines the present and future of stocks in my portfolio. Case in point: MSFT has a long established upward curve. It is a stock that has a great future as far as we can see.\nConversely SQ, a great growth stock. Had I sold at its peak this year, I would have doubled my investment. Sorry to say with the highs and lows I am ending the year close to where I started. Volatility in MSFT is a lot less than SQ. Something to consider with your stock picks. Selling is difficult. Prevention in buying volatile stocks will help to save from having too many sell decisions with resulting losses. Tax loss selling is  crutch to good investment decisions. Buy and hold is the power of investing long term!  :)", "likes": 0, "published_at": "2021-12-10T01:44:38Z", "sentiment": 0.9359, "entities": ["MSFT", "MSFT"]}, {"author": "@jonisousa-guthrie3121", "comment": "Congrats on your wedding and baby Brandon.  Another great video!!! I am looking forward to anything related to retirement.", "likes": 0, "published_at": "2021-12-09T21:58:33Z", "sentiment": 0.8547, "entities": []}, {"author": "@christinabonita9310", "comment": "Really enjoy your videos and love when you feature Canadian stocks. I\u2019m always look forward to your new videos but I do find sometimes they are a bit too long. Thanks again for the great Content!", "likes": 0, "published_at": "2021-12-09T21:18:39Z", "sentiment": 0.9397, "entities": []}, {"author": "@juanperez-gh8bl", "comment": "Gran video, en verdad la situaci\u00f3n de las acciones chinas es preocupante, espero no terminen expuls\u00e1ndolas como parece.\n\n\"Great video, in truth, the situation of Chinese stocks is worrying, I hope they don't end up expelling them as it seems.\"", "likes": 0, "published_at": "2021-12-09T17:21:31Z", "sentiment": 0.7835, "entities": []}, {"author": "@akashmann2335", "comment": "Congratulations", "likes": 0, "published_at": "2021-12-09T16:48:36Z", "sentiment": 0.5994, "entities": []}, {"author": "@tonysanchez4313", "comment": "Brandon, I may be off topic but I was wondering if you could talk about your TFSA withdrawal experience with Questrade. For instance, how long did it take to get your money and was the process a breeze or did you have any problems, either with QT, CRA, or your bank?\n\nBesides, could you please explain what happens to your contribution room in your TFSA when you have U.S. equities and sell them and hold USD in your account. Does QT have to convert your money back in CAD before calculating the impact on your contribution room (and do they charge any fees for that?) or is the process taken care of by CRA. Lastly, for those who have USD in their TFSA and want to make a withdrawal, would you recommend doing a Norbert\u2019s Gambit and convert the money back in CAD beforehand (for the purpose of calculating/ knowing exactly our contribution room). Thanks a bunch guys and keep up the great work!", "likes": 1, "published_at": "2021-12-09T15:45:40Z", "sentiment": 0.9841, "entities": ["CRA", "CAD", "CRA", "CAD"]}, {"author": "@summercherry123", "comment": "Would love to see an episode on how you guys manage cash set aside for buying the dip. Do you just buy fixed income ETFs?", "likes": 0, "published_at": "2021-12-08T20:10:02Z", "sentiment": 0.6369, "entities": []}, {"author": "@web3tel", "comment": "What service/application can one use to generate stats/diagram like your \"Combined portfolio\" with sector and asset allocations, please?", "likes": 0, "published_at": "2021-12-08T17:03:45Z", "sentiment": 0.743, "entities": []}, {"author": "@tapasya911", "comment": "Hearty congratulations Brandon!", "likes": 0, "published_at": "2021-12-08T14:56:38Z", "sentiment": 0.636, "entities": []}, {"author": "@ErenDognn", "comment": "Hi there Marc & Brandon, why won't you add iShares Turkey ETF? And one follow-up question, when would you start buying that? I assume you two be aware USDTRY had a huge devalued!", "likes": 0, "published_at": "2021-12-08T14:18:03Z", "sentiment": 0.4501, "entities": ["USDTRY"]}, {"author": "@jaykarada", "comment": "Congratulations Brandon", "likes": 0, "published_at": "2021-12-08T13:46:31Z", "sentiment": 0.5994, "entities": []}, {"author": "@frankschmitt5582", "comment": "Congratulations Brandon! Happy wife happy life lol, wishing you a great family life. Thanks for all of the investing advise.", "likes": 0, "published_at": "2021-12-08T11:49:03Z", "sentiment": 0.9729, "entities": []}, {"author": "@romairwong", "comment": "Congrats Brandon \nRemember the wife is always right \ud83d\ude09\nLol", "likes": 0, "published_at": "2021-12-08T11:37:40Z", "sentiment": 0.7351, "entities": []}, {"author": "@Wongoo", "comment": "Why does the government allow for loss tax harvesting? It just seems to me that it gives advanced investors (who may or may not have more money invested than the single investor) an opportunity to evade taxes either in the present or in the future (rolling forward).", "likes": 0, "published_at": "2021-12-08T11:26:13Z", "sentiment": 0.5267, "entities": []}, {"author": "@jasonwang8851", "comment": "Best wishes to you and your family.", "likes": 0, "published_at": "2021-12-08T10:23:25Z", "sentiment": 0.7003, "entities": []}, {"author": "@calvinng2597", "comment": "Can you do a video on Canadian Tax Loss harvesting, and explain the tax implications and process when reporting your taxes? Thanks for the amazing content as always!", "likes": 1, "published_at": "2021-12-08T07:53:42Z", "sentiment": 0.69, "entities": []}, {"author": "@snicky3594", "comment": "Are you allowed to sell stocks In your tfsa and reallocate the money to other stocks without pissing  the cra off. I know you can't day trade.  I'm a long term investor but I wanna use my tfsa limit to the fullest", "likes": 0, "published_at": "2021-12-08T06:52:26Z", "sentiment": 0.1603, "entities": []}, {"author": "@diegohernandez3791", "comment": "What is you guys' opinion on FTS?", "likes": 0, "published_at": "2021-12-08T05:34:00Z", "sentiment": 0.0, "entities": ["FTS"]}, {"author": "@bestknightmare", "comment": "How do you determine what sector a company should be categorized. Example J&J, healthcare or consumer staples, etc?", "likes": 0, "published_at": "2021-12-08T05:23:43Z", "sentiment": 0.0, "entities": ["J&J"]}, {"author": "@thanhomerae", "comment": "I kind of remember that you have the serial for the portfolio things but I didn't really pay attention to it... And now I just checked it the portfolio you started as 25k....and now it's almost double the number... oh my god.... I have to check your previous video right now to see what's happening...", "likes": 0, "published_at": "2021-12-08T05:04:02Z", "sentiment": 0.1948, "entities": []}, {"author": "@toemata4234", "comment": "Congrats on the wedding.  I\u2019ve been watching you for about a year now.  It is great to see how things have come together for you.  I\u2019m pushing 50 and just getting in to investing, so I am very much interested in what the both of you have to say. \ud83d\ude00", "likes": 0, "published_at": "2021-12-08T04:58:00Z", "sentiment": 0.888, "entities": []}, {"author": "@namanmehta2747", "comment": "Brandon, where is there no MSFT ? I personally started Investing in MSFT, and I have currently 20 Shares. Ofcourse\u00a0\n have diversified portfolio but still MSFT is one of my Favourite.", "likes": 0, "published_at": "2021-12-08T04:51:48Z", "sentiment": 0.0, "entities": ["MSFT"]}, {"author": "@taehwahong5824", "comment": "Congrats Brandon for wedding and being a dad in February 2022.", "likes": 0, "published_at": "2021-12-08T04:41:29Z", "sentiment": 0.5267, "entities": []}, {"author": "@khuo0219", "comment": "Smart trade on qtip. Beavis (not sure which one) I will use the surname. Hopefully your Baba and TCEHY position or lack thereof works out. China may experience some recession because of real estate industry and constant lock downs negatively affecting consumer confidence. So more pain in the short term. Would like to see you add Mercado Libre in the growth portfolio.", "likes": 0, "published_at": "2021-12-08T04:03:17Z", "sentiment": 0.7293, "entities": ["TCEHY"]}, {"author": "@khuo0219", "comment": "Ah, feels like a friend of the show now. To clarify, I do sell my stocks first in my margin account and buy it back in my TFSA, I don't plan to buy in back in my margin account for a while because I am aware of the superficial loss rule. I need to wipe some of my realized profits this year. Thanks for your thoughts and comments.", "likes": 0, "published_at": "2021-12-08T04:00:01Z", "sentiment": 0.8481, "entities": []}, {"author": "@samirgandhi7365", "comment": "You guys mentioned actively managed funds vs ETF investing. How does your return compare to an ETF like XGRO or the S&P500? I think it makes a lot of sense why an actively managed fund has benefits but history has shown it is very hard to beat the overall market and buffet has even recommended owning the S&P as opposed to trying to pick individual stocks.", "likes": 1, "published_at": "2021-12-08T03:16:57Z", "sentiment": 0.6137, "entities": ["S&P500", "S&P"]}, {"author": "@jeffshepherd6077", "comment": "Another great refreshing and I lightening video! MCHI over KWEB, interesting! Thxs for the great content", "likes": 0, "published_at": "2021-12-08T03:01:19Z", "sentiment": 0.9097, "entities": ["MCHI", "KWEB"]}, {"author": "@adamblack1277", "comment": "Hey Guys, I've watched all the videos in this series and they are fantastic and very informative. My question is - you guys bought Disney at the beginning and now it has taken a big hit since then, since you liked it then, do you find it more attractive now? At what point do you consider adding shares to a position you already have? Thanks!", "likes": 2, "published_at": "2021-12-08T02:46:13Z", "sentiment": 0.9365, "entities": ["Disney"]}, {"author": "@jemzjyp", "comment": "That high5 was so wholesome, hahaha", "likes": 0, "published_at": "2021-12-08T02:35:08Z", "sentiment": 0.5965, "entities": ["high5"]}, {"author": "@susanmcadam1700", "comment": "Congratulations Brandon!", "likes": 0, "published_at": "2021-12-08T02:27:13Z", "sentiment": 0.636, "entities": []}, {"author": "@paull7937", "comment": "No Microsoft", "likes": 0, "published_at": "2021-12-08T02:26:29Z", "sentiment": -0.296, "entities": ["Microsoft"]}, {"author": "@web3tel", "comment": "KWEB vs MCHI?", "likes": 0, "published_at": "2021-12-08T02:15:53Z", "sentiment": 0.0, "entities": ["KWEB", "MCHI"]}, {"author": "@laineym2237", "comment": "Congrats Brandon!!! One of the happiest days of your life. Wishing you both a life filled with lots of love and happiness :)\n\nQuestion: most of my down payment savings is in a HISA. But I have a percentage in global and Canadian etfs. I plan to buy in 2-3 years. I\u2019m not quite sure yet when. Should I slowly sell them when the market is up and buy a \u201csafe\u201d dividend stock? Or sell them and put into a hisa. These are also in my tfsa (I will need to pull them out for the down payment just like you).", "likes": 0, "published_at": "2021-12-08T01:59:40Z", "sentiment": 0.9101, "entities": []}, {"author": "@yknarfgnat", "comment": "Congrats on the marriage Brandon!", "likes": 0, "published_at": "2021-12-08T01:37:11Z", "sentiment": 0.5707, "entities": []}, {"author": "@chuckandary7115", "comment": "Congrats man best wishes, you and your dad are awesome love your videos", "likes": 0, "published_at": "2021-12-08T01:28:39Z", "sentiment": 0.9552, "entities": []}, {"author": "@JohnJLee", "comment": "You should look into adding Tesla and Palantir", "likes": 2, "published_at": "2021-12-08T01:09:58Z", "sentiment": 0.0, "entities": ["Tesla"]}, {"author": "@gush5465", "comment": "Congrats Brandon! And soon to be a dad that's a great achievement as I'm sure you'll be a good one.\nAs for investing and the cash portion I always believed that personal investing is personal and each one of us is comfortable with a different strategy, for myself as my portfolio is big enough after over 20 years of investing I stay 100% invested at almost all times just because if the market is down let's say for a year my drips from all my stocks is large enough to average down and beside I never looked at share price gains as I do invest for income and specifically growing income when I only hold blue chip companies that increased their dividends for a minimum of ten years.\nAgain I believe there's no right or wrong way of doing it just save invest and do your diligence and most of all stay away from hot stocks , always remember slow and steady lead the way \ud83d\ude42", "likes": 3, "published_at": "2021-12-08T01:09:05Z", "sentiment": 0.9552, "entities": []}, {"author": "@name...........n", "comment": "Wow your dad is handsome!!!", "likes": 0, "published_at": "2021-12-08T01:03:10Z", "sentiment": 0.8349, "entities": []}, {"author": "@roberttaylor3594", "comment": "Aliibaba and tencent:  with the US boycotting China olympics\u2026maybe selling now is a good idea. Oh, and huawei.", "likes": 2, "published_at": "2021-12-08T00:57:51Z", "sentiment": 0.0516, "entities": []}, {"author": "@roberttaylor3594", "comment": "Recently sold a speculative position in Agra\u2026 should have sold much sooner when the main reason for buying disappeared.  Now have some PYR that has fallen drastically despite a long string of good news and financials, so I won\u2019t be selling that\u2026sold BEP when it fell even though I couldn\u2019t figure out why it was falling, so I didn\u2019t really know what I was doing.  Nice to see you guys in the same room! It\u2019ll be a good Xmas!", "likes": 0, "published_at": "2021-12-08T00:48:53Z", "sentiment": 0.6792, "entities": ["BEP"]}, {"author": "@smallmj2886", "comment": "Congrats on getting married!  Don't worry about pumping out too many videos and spend some more time with your wife.  :)", "likes": 0, "published_at": "2021-12-08T00:45:04Z", "sentiment": 0.8441, "entities": []}, {"author": "@LivingTheLifeRetired", "comment": "Ya, way to go, congrats!!", "likes": 0, "published_at": "2021-12-08T00:31:43Z", "sentiment": 0.6103, "entities": []}, {"author": "@carlocastaneda108", "comment": "Awesome video guys. Congrats Brandon! And killer content as always. Keep it up!!", "likes": 0, "published_at": "2021-12-08T00:26:51Z", "sentiment": 0.6219, "entities": []}, {"author": "@philm1219", "comment": "why are people following 2 dudes with 55k invested? People will buy anything these days, just use your head people", "likes": 0, "published_at": "2021-12-08T00:11:11Z", "sentiment": 0.0, "entities": []}, {"author": "@propriospecinspectionenbat5444", "comment": "No reits in your portfolio?", "likes": 0, "published_at": "2021-12-08T00:03:56Z", "sentiment": -0.296, "entities": []}, {"author": "@omaraldoboni215", "comment": "Love it! keep it up guys!", "likes": 0, "published_at": "2021-12-07T23:56:30Z", "sentiment": 0.6988, "entities": []}, {"author": "@ab.4425", "comment": "Excellent Video guys!! Thanks for the update!!", "likes": 0, "published_at": "2021-12-07T23:53:59Z", "sentiment": 0.8302, "entities": []}, {"author": "@11maxsuperhot11", "comment": "That awkward handshake/tap/greeting at the beginning made me laugh. \ud83d\ude02\n\nKeep up the great work guys and congrats Brandon, what a year for you!", "likes": 0, "published_at": "2021-12-07T23:42:34Z", "sentiment": 0.8955, "entities": []}, {"author": "@uplivedlivingsolutions9360", "comment": "Congrats brother! I'm so very happy for you \ud83d\ude01May this be the beginning of a beautiful journey for the both of you \ud83d\udc9c", "likes": 0, "published_at": "2021-12-07T23:41:54Z", "sentiment": 0.9163, "entities": []}, {"author": "@TheAthleteJC", "comment": "Nice, When did you start this portfolio?", "likes": 0, "published_at": "2021-12-07T23:39:34Z", "sentiment": 0.4215, "entities": []}, {"author": "@kimmykero2421", "comment": "Congratulation Brandon, Marc and family!", "likes": 0, "published_at": "2021-12-07T23:37:34Z", "sentiment": 0.636, "entities": []}, {"author": "@tomisking18", "comment": "Agree! Cash allocation plays an integral role. A TFSA strategy I like to use is keeping the current years contribution sum plus last years, and using the previous years contribution sum to advance ongoing position throughout the current year. Timing... yes, but investing too. Having a sizable percentage of cash to a total portfolio allocation is a must! If there were a crash, in those rare times its worth retaining the 6k in unused space and capturing that, even if it means the portfolio is maxed until the next year. Just my thoughts, cheers.", "likes": 3, "published_at": "2021-12-07T23:35:22Z", "sentiment": 0.8118, "entities": []}, {"author": "@pinkcandystripes", "comment": "Congratulations Brandon!", "likes": 0, "published_at": "2021-12-07T23:34:53Z", "sentiment": 0.636, "entities": []}, {"author": "@CanadianDividendInvesting", "comment": "Very in depth, thanks for sharing as always!", "likes": 0, "published_at": "2021-12-07T23:30:35Z", "sentiment": 0.7396, "entities": []}, {"author": "@turbofanlover", "comment": "I have never...NEVER...been 100% fully invested in the market.  You should always have some cash available, IMO.  And the higher the markets are (and they are nosebleed high, right now), the higher the level of cash that I accumulate by taking some profits on my biggest winners.  But to each their own.\n\nP.S.  Congrats on getting married, dude.", "likes": 0, "published_at": "2021-12-07T23:01:15Z", "sentiment": 0.8225, "entities": ["IMO"]}, {"author": "@yetroavalosofficial", "comment": "Is Moka still relevant as a robo advisor in 2021?", "likes": 0, "published_at": "2021-12-07T22:53:10Z", "sentiment": 0.0, "entities": ["Moka"]}, {"author": "@wendesa5143", "comment": "Congratulations!!!", "likes": 0, "published_at": "2021-12-07T22:43:55Z", "sentiment": 0.6981, "entities": []}, {"author": "@lesliemcfarlane783", "comment": "Thank you both. Congrats Brandon.", "likes": 1, "published_at": "2021-12-07T22:31:38Z", "sentiment": 0.7096, "entities": []}, {"author": "@phillipremondini5617", "comment": "They say \"two heads are better than one\" but, not in this case since these two couldn't spell \"update\" properly on the title. \ud83e\udd14\ud83e\udd14\ud83e\udd14 And here you guys are trying to give advice on trading when you can't spell!!?? This world is really falling apart if this is the source of information people are relying on. Gongrats on getting married btw!!!!! \ud83c\udf8a\ud83c\udf8a\ud83c\udf8a\ud83c\udf8a\ud83c\udf8a", "likes": 0, "published_at": "2021-12-07T22:25:56Z", "sentiment": -0.4437, "entities": []}, {"author": "@jois4699", "comment": "Congratulations Brandon! Marc, can you please make a video on IRP- Insured Retirement Plan. I have never heard of it before but it is being offered by a financial advisor who is selling life insurance with investment built in the plan. How it works and why it is tax free. Thanks!", "likes": 2, "published_at": "2021-12-07T22:00:00Z", "sentiment": 0.9183, "entities": ["IRP- Insured Retirement Plan"]}, {"author": "@missygilly9917", "comment": "Congratulations to you & your wife, Brandon! That\u2019s awesome news! It\u2019s great to see you & your Dad sitting beside each other, instead of a split screen. Great tips today, too. I remember being so frightened during 2008/2009 when the market tanked, and my investments lost so much money, but I stayed in & it came back and has grown since. Sounds like you, two, have a higher risk tolerance based on long term experience. I remember financial advisors recommending to stay in market, and they were right.", "likes": 3, "published_at": "2021-12-07T21:58:16Z", "sentiment": 0.8768, "entities": []}, {"author": "@MegsCarpentry-lovedogs", "comment": "Marc, regarding more discussion and examples on retirement, you were recommended by Adam, on Parallel Wealth, to view Brandon BI.  Adam discusses retirement considerations, he lives in BC as well. You might know him personally??? Adam doesn't discuss investing, he leaves that up to your channel BBI. So between the two of you, a total package, and Canadian too, of smart ways to manage Estate stuff, investing, and preparing for retirement with savings. Just saying, I wouldn't be here on your channel if it weren't for Adam's shout out to his viewers to go to BBI. \ud83c\udde8\ud83c\udde6\ud83d\udcaf\ud83c\udf41", "likes": 2, "published_at": "2021-12-07T21:52:37Z", "sentiment": 0.8534, "entities": ["Brandon BI", "BC", "BBI", "BBI"]}, {"author": "@Mynameisnumber5", "comment": "Is Upate a new term I don't know? Or is that UPDATE ? hahahaha", "likes": 0, "published_at": "2021-12-07T21:49:18Z", "sentiment": 0.0, "entities": []}, {"author": "@jessehamlin3420", "comment": "great video guys!  congrats brandon.  i sold baba as well in nr acct (still have some in rsp and tfsa) for tax loss harvesting.  might buy it back after 31 days. not a huge fan of the china etf's as not so confident in the entire china market as there is the potential to be some dodgy companies in there which may be a drag on performance over time.  easier to know what you are getting w baba imo.  btw also bought jnj couple days ago.  overall seems like great minds think alike!  jesse from calgary", "likes": 0, "published_at": "2021-12-07T21:27:31Z", "sentiment": 0.8502, "entities": []}, {"author": "@tonylinardi3089", "comment": "Congratulations Brandon, Marc and family!", "likes": 1, "published_at": "2021-12-07T21:25:43Z", "sentiment": 0.636, "entities": []}, {"author": "@skylerdelaurier713", "comment": "Congratulations Brandon!! What an eventful year it's been for you, yet you still bring us the great content. Stay awesome.", "likes": 14, "published_at": "2021-12-07T21:15:56Z", "sentiment": 0.9285, "entities": []}, {"author": "@Riceball_lol", "comment": "Grats", "likes": 0, "published_at": "2021-12-07T20:58:24Z", "sentiment": 0.0, "entities": []}, {"author": "@thedetailgirl8700", "comment": "Hi Brandon, Congratulations! \n\ncan your dad discuss life insurance  and explain it in detail the different types of it? especially now that you\u2019re having your own family, what would be the best type of life insurance to buy?", "likes": 28, "published_at": "2021-12-07T20:57:49Z", "sentiment": 0.8674, "entities": []}, {"author": "@abubakarsharif5993", "comment": "Was waiting for the next upload <3, Congrats on the Wedding!", "likes": 1, "published_at": "2021-12-07T20:53:13Z", "sentiment": 0.5707, "entities": []}, {"author": "@aunties5798", "comment": "Congratulations Brandon. May the Lord bless you all.\ud83d\ude4f\ud83c\udffd", "likes": 0, "published_at": "2021-12-07T20:49:11Z", "sentiment": 0.7717, "entities": ["\ud83d\ude4f"]}]