[{"author": "@beaviswealth", "comment": "\ud83d\udcc8\ud83d\udcda As always, if you're a beginner to the Stock Market in Canada and you're looking for a step-by-step blueprint on how to get started... Find out more about our Investing Academy here - https://bit.ly/theinvestingacademy\n\nIn this video, we'll cover everything you need to know to manage your TFSA properly.", "likes": 10, "published_at": "2021-09-12T16:13:36Z", "sentiment": 0.0, "entities": ["the Stock Market", "Investing Academy"]}, {"author": "@jashanjotnagi", "comment": "nice one", "likes": 0, "published_at": "2023-11-30T16:25:06Z", "sentiment": 0.4215, "entities": []}, {"author": "@evadeanu1", "comment": "Brilliant Marc! Thanks for putting this together for us.", "likes": 0, "published_at": "2023-05-08T16:14:15Z", "sentiment": 0.7901, "entities": []}, {"author": "@RonBajwa-ro7wi", "comment": "Does reinvesting capital gains count against your TFSA limit?", "likes": 0, "published_at": "2023-03-18T02:32:38Z", "sentiment": 0.34, "entities": []}, {"author": "@Investedarg", "comment": "Hi I have a question. Does TFSA contribution limit depends on the year when you became a resident of Canada? Or the whole TFSA limit gets (if ones born before 1991) regardless of the year of residency canada? Please give me the government website link which shows that. Thanks", "likes": 0, "published_at": "2023-02-16T04:20:09Z", "sentiment": 0.6767, "entities": []}, {"author": "@slf5141", "comment": "Im losing alot in my tfsa ?! Im frusterated.. is my advisor putting it into the wrong funds ?", "likes": 0, "published_at": "2023-01-27T00:50:55Z", "sentiment": -0.747, "entities": []}, {"author": "@brentgraham1735", "comment": "The free TFSA tracker link no longer works, older video. Can you send or reestablish?", "likes": 1, "published_at": "2023-01-24T19:08:08Z", "sentiment": 0.2732, "entities": []}, {"author": "@rahelehfarhadi952", "comment": "Thanks so much for the information! I learned a lot :)", "likes": 0, "published_at": "2022-05-23T04:33:33Z", "sentiment": 0.7345, "entities": []}, {"author": "@JungleEddie", "comment": "I am just starting to watch this video and what I am hoping to get out of it is: Is there any point of putting money into a TSFA for retirement if you still have room in your RRSP? If it matters I am 54 and will be retiring in 12 years with a 20 year defined benefits pension.", "likes": 0, "published_at": "2022-04-26T03:43:36Z", "sentiment": 0.6705, "entities": ["RRSP"]}, {"author": "@jemsey189", "comment": "Thanks for your free great info, keep up your awesome job.", "likes": 0, "published_at": "2022-03-26T22:35:45Z", "sentiment": 0.9371, "entities": []}, {"author": "@markopolov2207", "comment": "just curious how much is Low income Middle income here in Canada, Ontario?", "likes": 0, "published_at": "2022-03-15T17:19:30Z", "sentiment": 0.0516, "entities": []}, {"author": "@Toto-by1bd", "comment": "Hello , \n\nI just confused because i open my cra account and i saw an AFSA with 82k $ what does that mean \u2026 is this money is mine or i should pay it back to government coz i heard a lot of stories!!! Wt is that?", "likes": 0, "published_at": "2022-03-04T05:12:41Z", "sentiment": -0.5538, "entities": ["AFSA"]}, {"author": "@TubeDeviant", "comment": "Thank you for this informative video..! While I have watched numerous other videos on TFSA's, this video is the longest and most in depth. \n\nI'm glad to say that I would be keeping it simple in my situation. When I do open a TFSA, I plan to keep track of contributions myself with dates and amounts, keep it to one account if that's possible, and just update that with the contribution room on an annual basis. That would be the plan. No withdrawals if I can help it and re-contributions within the same year. That will hopefully avoid any tax penalties and confusion on contribution room. \n\nBut I do have to ask: How many types of investments can you hold in a single TFSA account..? Just one..? I would like to invest in an ETF (from the little information I have learned), but would I be limited to ONE..? Is that why people would choose to open more than one TFSA account..? I'm confused about that because I'm using online only banks accounts and I'm not sure how all of that would be arranged without having an account at a brick and mortar bank.\n\nOr is that a dumb question since I haven't invested in ETF's before..? =)", "likes": 0, "published_at": "2022-03-04T02:37:25Z", "sentiment": -0.5015, "entities": ["ETF"]}, {"author": "@wrifwrif", "comment": "All I can say is thank you, and for sure I will share this to my friends.", "likes": 0, "published_at": "2022-03-03T05:58:08Z", "sentiment": 0.8442, "entities": []}, {"author": "@ragetotheend", "comment": "taking out RRSP to put into TFSA it is only for ppl over 71 years old that gets to withdraw some of their RRSP for the year?  I want to do it and be able to invest it. But i am not at that age yet.", "likes": 0, "published_at": "2022-02-06T02:08:06Z", "sentiment": 0.0387, "entities": ["RRSP", "RRSP"]}, {"author": "@krishnashukla1897", "comment": "So much detailed video . Very informative . I learnt so much. Could please make one for resp as well", "likes": 0, "published_at": "2022-01-25T20:07:11Z", "sentiment": 0.5667, "entities": []}, {"author": "@davidcarpio8777", "comment": "Hello Marc and Brandon, I was just wondering what you guys do with money you want to invest once you\u2019ve reached the contribution limit for the year? Let\u2019s say I intend to allocate 1000$ a month towards investing in the market, but by June let\u2019s say I\u2019ve reached my all time and yearly contribution limit. What can I do with the 1000$/monthly for the remainder of the year?", "likes": 0, "published_at": "2022-01-15T23:09:22Z", "sentiment": 0.3204, "entities": []}, {"author": "@michellevinie8126", "comment": "This video was very helpful and easy to follow. Thank you!", "likes": 0, "published_at": "2022-01-12T00:34:43Z", "sentiment": 0.8422, "entities": []}, {"author": "@freetofly7017", "comment": "Amazing presentation on a complicated subject - comprehensive, concise and detailed analysis.\nThank you for sharing your knowledge.", "likes": 0, "published_at": "2021-11-28T20:00:43Z", "sentiment": 0.8779, "entities": []}, {"author": "@williambrady1043", "comment": "Thank you. Avery informative, clear and straight forward video. I'm subscribed but am going to check out the investment academy.", "likes": 0, "published_at": "2021-11-26T03:06:26Z", "sentiment": 0.4588, "entities": []}, {"author": "@michaelv2376", "comment": "Great TSFA presentation, Brandon. Is there a video that we can view about RRIF's, like would it better to invest in our RRIF's vs TSFA's ?\nThank you so much \nMichael", "likes": 0, "published_at": "2021-11-25T22:43:02Z", "sentiment": 0.9001, "entities": ["RRIF", "RRIF"]}, {"author": "@percevalzinzin5983", "comment": "Great video again Marc! Thanks.\nOne question on this strategy: open a TFSA, deposit 50K, and then on a regular basis withdraw  the growth. Exemple: deposit 50K, say they generate 10% of yearly growth (no matter what, interest/dividend/capital gain), then each quarter withdraw 5000$/4 = 1250$.\n1) Is this compliant with tax law?\n2) I understand those 5K/year would be tax-free, right?\nCheers!", "likes": 0, "published_at": "2021-11-22T23:53:18Z", "sentiment": 0.9464, "entities": []}, {"author": "@thegrinderdude5921", "comment": "Great videos. I do have a question as it pertains to other sources of income. I am 61 and own two coffee shop/restaurants. The business has no debts and pre-Covid was quite profitable. The business is still a self-proprietorship and I'm questioning whether or not I should incorporate. Maybe a question for another time but perhaps not if there are benefits to do it sooner rather than later? Anyway, I would like to retire at 68 but gradually lighten my load from 65-68. I am looking at hiring a good manager, pay them well, keep my hands in the business until 68, perhaps until 70, and take some drawings or profits out of it in retirement. At 70 I would entertain selling it. Thoughts or advice? Very much enjoy your videos. Thank you.", "likes": 0, "published_at": "2021-11-20T01:58:05Z", "sentiment": 0.9842, "entities": []}, {"author": "@herdbrian6662", "comment": "I like what you have to say. I dislike that I have to commit to a phone call in order to learn more about your course. Your web page is full of success stories and hype but doesn\u2019t give me any useful information about your curriculum.", "likes": 0, "published_at": "2021-11-19T20:01:51Z", "sentiment": 0.775, "entities": []}, {"author": "@derrysam1990", "comment": "Can a person on a Work Permit open a TFSA account?", "likes": 0, "published_at": "2021-11-14T07:02:04Z", "sentiment": 0.0, "entities": []}, {"author": "@FronkG", "comment": "Can I gift my parents money so they can contribute to their TFSA account?", "likes": 0, "published_at": "2021-11-14T06:19:16Z", "sentiment": 0.4404, "entities": []}, {"author": "@user-58097jypjwx", "comment": "Do I have to wait a full year between contributions?  For example, if I contribute 6k in Dec 2021, can I contribute 6K in Jan 2022?  Thanks for the great content.", "likes": 0, "published_at": "2021-11-13T11:53:55Z", "sentiment": 0.8105, "entities": []}, {"author": "@artsmart", "comment": "Great video Marc, I believe you pretty much covered every aspect of TFSAs. We sold our house last year and have a small surplus, so my wife and I will both open individual TFSAs as I understand we can't have a joint account. Another question I've wondered about is this; can a person put the deed to real estate inside a TFSA account as long as it doesn't exceed the limit? Say something like a piece of land or lot. Is this possible? Thanks Marc", "likes": 2, "published_at": "2021-11-12T01:52:26Z", "sentiment": 0.9195, "entities": []}, {"author": "@jaysontapiod5353", "comment": "Hi lets say i started investing in 10k and after 2yrs it went up 15k now i need the money and withdraw all of the 15k is that tax free??coz my friend told is not", "likes": 0, "published_at": "2021-11-11T08:31:03Z", "sentiment": 0.5514, "entities": []}, {"author": "@enkhsaruultorguud9293", "comment": "The best of the best of knowledge and experience Thank you very much", "likes": 0, "published_at": "2021-11-10T13:37:00Z", "sentiment": 0.8979, "entities": []}, {"author": "@catherineleclerc1921", "comment": "I maxed my tfsa every year since the beggining.\n this year in 2021, I used 50k as a down payment. I know I can put back the money in 2022, but I won't be able to put the 50k entirely in 2022 (it might take me 3-4 years. Can I put the balance in the next years or I can only put it next year? Nobody can answer my question, Im worried I will loose my cotisation rights. How many years do I have to put my money back in my account?\nthanks to everybody who can answer my question.", "likes": 2, "published_at": "2021-11-10T12:24:54Z", "sentiment": -0.3094, "entities": []}, {"author": "@andvfx", "comment": "Thanks a lot for the most detailed explanation on TFSA available online!  \n I once had an overcontribution on the TFSA,  I had over 10K sitting there for a year (not even invested), I read wrong the CRA and where I thought it was my contribution room, actually was in bold and in between (10k) brackets so was an overcontribution.   The penalty I had to pay was quite big.  I paid the full amount immediately and fix the overcontribution, but I also write a detailed letter explaining my mistake to the CRA.  They acknowledge that was not a delivered mistake, and give me a refund of the penalty I paid.    So at the end they are humans too. Obviously try to never overcontribute, but if it happens you can explain to them your mistake and you have some room of time to fix it.", "likes": 2, "published_at": "2021-11-08T16:16:06Z", "sentiment": -0.9336, "entities": ["CRA", "CRA"]}, {"author": "@kashyappatel833", "comment": "The best video out there on TFSA! When next time someone asks me a question on TFSA, all I have to do is forward this video!", "likes": 0, "published_at": "2021-11-07T02:37:08Z", "sentiment": 0.6988, "entities": []}, {"author": "@Astral106", "comment": "Wow amazing info!!  Thank you so much!!! I did wonder about this and couldn't find it anywhere else!!\ud83e\udd70\ud83d\ude4f", "likes": 1, "published_at": "2021-11-06T14:28:38Z", "sentiment": 0.9056, "entities": ["\ud83d\ude4f"]}, {"author": "@d_e_a_n", "comment": "Is there anything needed to be known about CDR\u2019s in a TFSA?", "likes": 0, "published_at": "2021-11-06T06:18:49Z", "sentiment": 0.0, "entities": ["CDR"]}, {"author": "@brianquinn2404", "comment": "Great video, very informative! Thank you\ud83d\ude01\ud83d\ude01", "likes": 1, "published_at": "2021-10-31T17:16:40Z", "sentiment": 0.8004, "entities": []}, {"author": "@jemzjyp", "comment": "Thank you!", "likes": 0, "published_at": "2021-10-31T04:24:13Z", "sentiment": 0.4199, "entities": []}, {"author": "@Mike_32", "comment": "Are etf\u2019s eligible in my tfsa I own BMO ZSP s&p 500 etf is it eligible in my tfsa. thanks you this video helped alot", "likes": 0, "published_at": "2021-10-30T18:33:41Z", "sentiment": 0.4404, "entities": []}, {"author": "@spencerli3918", "comment": "Awesome and details Video\u2026Thank you very much 4 sharing", "likes": 1, "published_at": "2021-10-29T05:35:30Z", "sentiment": 0.8008, "entities": []}, {"author": "@2617king", "comment": "Do dividend gains from Canadian listed companies go towards our contribution limit?", "likes": 0, "published_at": "2021-10-21T11:34:34Z", "sentiment": 0.34, "entities": []}, {"author": "@harleenkaur5781", "comment": "Amazing video thanks Marc", "likes": 0, "published_at": "2021-10-20T02:18:20Z", "sentiment": 0.7717, "entities": []}, {"author": "@ladeof204", "comment": "Thank you sir...\nCan you also explain the Define Contribution Pension Plan?", "likes": 0, "published_at": "2021-10-09T14:17:29Z", "sentiment": 0.3612, "entities": ["the Define Contribution Pension Plan"]}, {"author": "@Jvang102", "comment": "Very informative,    can you have more than one RRSP , let\u2019s say Questrade and WealthSimple ?", "likes": 1, "published_at": "2021-10-04T14:45:53Z", "sentiment": 0.0, "entities": ["RRSP", "WealthSimple"]}, {"author": "@UK-sm4co", "comment": "If you have room to contribute more because you were say 19 when the scheme began but you have not contributed anything, yet at the same time, they keep saying you cannot go over your limit (6000 in 2021) when then do you get the chance to contribute all that backlog? This is what confuses me and no one has been able to explain this away in all TFSA videos I have watched", "likes": 0, "published_at": "2021-10-03T19:10:33Z", "sentiment": -0.5023, "entities": []}, {"author": "@spincastercom", "comment": "Such a great resource. Well done!", "likes": 1, "published_at": "2021-10-03T07:23:12Z", "sentiment": 0.7574, "entities": []}, {"author": "@NicolasJ12", "comment": "Great video with some misconceptions I was not even aware of.\nI will say this though: 2 reasons I prefer investing in my TFSA than in an RRSP are:\n1. I expect to make more money - and hence be in a higher tax bracket - after the withdrawal age for RRSP\n2. We know today what our tax brackets are. We do not know what they will be in 20, 30, 40 years. So you could make a plan where you put money in at a 30% bracket and get a nice chunk of return, but in 30 years, you will have to pay 70% of taxes on your withdrawals. Not saying this will happen, but we don't know what the future holds\nAs much as money today (the tax return from your RRSP to reinvest) is better than money tomorrow, in this case I find the 2 points above outweigh this mantra. In all other circumstances, I prefer money today because I know I can 10X it.", "likes": 2, "published_at": "2021-09-30T12:47:03Z", "sentiment": 0.775, "entities": ["RRSP", "RRSP", "RRSP"]}, {"author": "@fpmcontent1282", "comment": "Is there any benefit to opening a personal wealth simple account ?\n\nLove the channel btw \ud83d\udcaf", "likes": 0, "published_at": "2021-09-27T05:13:58Z", "sentiment": 0.886, "entities": []}, {"author": "@lovegodmyself", "comment": "Thx so much! This video helps me a lot and it's probably the most easiest and detailed one to understand so far on YouTube.", "likes": 0, "published_at": "2021-09-26T04:07:28Z", "sentiment": 0.8169, "entities": ["YouTube"]}, {"author": "@karacrawford7393", "comment": "Looking for topic ideas?  How about educating folks about pros and cons of self employment in this gig economy", "likes": 2, "published_at": "2021-09-24T19:04:25Z", "sentiment": 0.0, "entities": []}, {"author": "@roberttaylor3594", "comment": "Interactive brokers offers exchanges around the world, all 'designated\", I think.  I dont know anything about them...", "likes": 0, "published_at": "2021-09-22T23:53:13Z", "sentiment": 0.0, "entities": []}, {"author": "@MegsCarpentry-lovedogs", "comment": "This was perfect! The bookmarks throughout the video make it ideal to locate particular info on TFSA. Thank you for such a well organized video preparation. \ud83d\udc4d\ud83c\udde8\ud83c\udde6\ud83c\udf41\ud83d\ude00\ud83d\ude37\ud83d\udc89", "likes": 0, "published_at": "2021-09-22T03:00:50Z", "sentiment": 0.8999, "entities": []}, {"author": "@missyb96", "comment": "Just a heads up in applying with The online CRA account. If They have issues with your email account in any way, you will not have access to your account even if you try to access your account through the option of going through your bank. \nYou would think accessing it through your bank would get you into your account but no.\nWhen you use the online CRA account you will NOT get mail from them.\nI had to call the CRA to see what was happening and that\u2019s what I was told. \nSucks when you owe the government taxes yet don\u2019t get the info regarding owing them then you are charged late fees as well.\nLesson learned \ud83d\ude01", "likes": 0, "published_at": "2021-09-21T21:39:29Z", "sentiment": -0.6808, "entities": ["CRA", "CRA", "CRA"]}, {"author": "@Jennybooluvsu0125", "comment": "Thank you for providing such valuable information to the public! Just a quick question, do referral rewards and dividends received count towards TFSA contributions?", "likes": 0, "published_at": "2021-09-21T19:37:35Z", "sentiment": 0.8398, "entities": []}, {"author": "@torontoBluejays87", "comment": "Could you please do a RDSP? The rules are tricky in that one. I know it\u2019s not for most people but disabled people should be fully aware of the benefits it provides. And who knows, someone could easily need it one day if some unforeseen accident happens right? \ud83e\udd37\u200d\u2642\ufe0f", "likes": 1, "published_at": "2021-09-19T15:03:05Z", "sentiment": 0.4696, "entities": []}, {"author": "@Rob-ob3sh", "comment": "Great video Marc.  One question in regards to day trading. When you said they look at the amount of trades you make. You would mean a trade is a buy and sell the same stock in min hrs. I make a lot of buys every week but very rarely sell as I\u2019m a buy and hold investor for my TFSA. So I would have no issues. I just buy small amounts very frequently because I\u2019m using Wealthsimple with no commission and buy when I can lower my average cost and gets me a better yield on my dividends.", "likes": 2, "published_at": "2021-09-19T06:01:17Z", "sentiment": -0.4197, "entities": []}, {"author": "@eralee5322", "comment": "Love your contents and details", "likes": 1, "published_at": "2021-09-19T04:19:39Z", "sentiment": 0.6369, "entities": []}, {"author": "@PaulaJoW", "comment": "Thank goodness for YouTube - and this channel!", "likes": 1, "published_at": "2021-09-19T01:27:10Z", "sentiment": 0.6996, "entities": ["YouTube"]}, {"author": "@taehwahong5824", "comment": "Great video. Thank you Marc", "likes": 0, "published_at": "2021-09-18T17:20:11Z", "sentiment": 0.765, "entities": []}, {"author": "@rennie12", "comment": "Well Done!!", "likes": 0, "published_at": "2021-09-18T16:55:28Z", "sentiment": 0.3987, "entities": []}, {"author": "@frankschmitt5582", "comment": "Thanks mark great video!\n\nWhat do you consider a low, medium or high income?", "likes": 1, "published_at": "2021-09-18T11:30:09Z", "sentiment": 0.7345, "entities": []}, {"author": "@roberttaylor3594", "comment": "Maybe not the right spot, but is the  email I received from Nancy Tse on your behalf legitimate?", "likes": 1, "published_at": "2021-09-18T02:25:48Z", "sentiment": 0.0, "entities": []}, {"author": "@dldl2295", "comment": "Great video. One aspect i am not clear is about waht happen at death. I am siggle parent in Quebec  with 1 adult children.  By will she will get all my asset when i pass away. Hence in the example where I have currently 100 K, will tax need to be paid ? or will see receive 100 k lump sum or not. Let say she receives 100 k, does this become taxable for her . I am a bit confuse here. Thank in advance", "likes": 0, "published_at": "2021-09-17T23:12:29Z", "sentiment": 0.2769, "entities": []}, {"author": "@doeastroloji", "comment": "Thank you so much for your amazing explain.", "likes": 0, "published_at": "2021-09-16T22:33:14Z", "sentiment": 0.743, "entities": []}, {"author": "@joelb1662", "comment": "Hi, I have a question. Let's say the max contribution of 2021 is 50k. You have invested 50k during the year (2021) and now it's up to 60k. If you withdrawal 60k from your tfsa account, can you put back 60k in 2022 plus the new contribution (let's say it's 6k). So, in 2022, can you put in your tfsa 60k + 6k or it has to be 50k +6k? Thank you and nice work!", "likes": 2, "published_at": "2021-09-16T22:26:21Z", "sentiment": 0.69, "entities": []}, {"author": "@NN-hl6nt", "comment": "Okay I hope you can answer this one. how about a person who is not born in Canada but came here as conventional refugee/ protected person and is not even a PR holder. since the individual has never invested in TFSA her CRA account shows full contribution room for her as if she was born in Canada and had never contributed. But we know she is born abroad and only two years ago she came to Canada with a status of Protected Person, and that is why I believe she should only be qualified for the last two years TFSA contribution room. can you please let us know if my analysis is correct?", "likes": 0, "published_at": "2021-09-16T19:13:24Z", "sentiment": 0.9194, "entities": ["CRA", "Protected Person"]}, {"author": "@jimyom4532", "comment": "How do you know if the stock is a non qualified investment? Thanks", "likes": 0, "published_at": "2021-09-16T17:28:34Z", "sentiment": 0.4404, "entities": []}, {"author": "@acdatz6222", "comment": "Great info!!! Thank you.", "likes": 0, "published_at": "2021-09-16T14:17:27Z", "sentiment": 0.8164, "entities": []}, {"author": "@ClawDaddyUwU", "comment": "Added it to my favorites! :)", "likes": 0, "published_at": "2021-09-16T03:24:04Z", "sentiment": 0.7263, "entities": []}, {"author": "@joshuavill", "comment": "Is there foreign withholding tax for an ETF with US holdings that is traded in TSX? Also, would this ETF be a bad choice to buy in TFSA?", "likes": 1, "published_at": "2021-09-16T01:46:13Z", "sentiment": -0.594, "entities": ["TSX"]}, {"author": "@lizwik1736", "comment": "Thanks for your videos! Great educational information. I have a question for you! I recently opened a TFSA and have started putting a bit of money into it each month.  However, I have no clue how to actually \"invest\" it! Theres a lot of information out there and I have no idea where to begin.", "likes": 1, "published_at": "2021-09-15T20:30:11Z", "sentiment": 0.6679, "entities": []}, {"author": "@atlantium65", "comment": "Man, really really enjoyed this one. Fantastic content.", "likes": 1, "published_at": "2021-09-15T20:04:47Z", "sentiment": 0.8162, "entities": []}, {"author": "@sukhjinder619", "comment": "Can I do options in TFSA? Or should I? Only talking about buying calls for most part nothing advanced.", "likes": 0, "published_at": "2021-09-15T18:52:50Z", "sentiment": -0.3321, "entities": []}, {"author": "@onlygrowthincome3365", "comment": "Great information!", "likes": 0, "published_at": "2021-09-15T01:38:35Z", "sentiment": 0.6588, "entities": []}, {"author": "@sebastienbouffard4105", "comment": "About the foreign withholding tax in a TSFA, does it apply only to regular dividends or does it also apply to distributions categorized as capital gain, return of capital, interest, etc... ?", "likes": 1, "published_at": "2021-09-15T00:49:39Z", "sentiment": 0.7506, "entities": []}, {"author": "@tiagogalvani5341", "comment": "Great video Marc! Very well explained!! I wish I had seen this video before I made couple mistakes which you have mentioned in the video!! lol.. For sure it will help a lot of people !!", "likes": 1, "published_at": "2021-09-15T00:17:56Z", "sentiment": 0.9205, "entities": []}, {"author": "@kikimo57", "comment": "what a great presentation in layman's terms. Was on point and of great help", "likes": 3, "published_at": "2021-09-14T17:38:34Z", "sentiment": 0.8979, "entities": []}, {"author": "@frixx22", "comment": "This video is legendary! The fact that it is an all in one makes it the best of the best. These videos need to be long and full of information so that we can save them and go back to them whenever we are looking for knowledge. Marc you are the best! Every account should have a video like this!", "likes": 3, "published_at": "2021-09-14T14:00:26Z", "sentiment": 0.9646, "entities": []}, {"author": "@rdhar619", "comment": "Excellent video, Marc! Loved the in-depth explanation. Hit the thumbs up just 6 minutes into the video. However, it would be beneficial if you or Brandon could make a video on how can international students can invest here in Canada. Any additional rules for international students or which platforms suit us better? Keep up the great work! Sending positive vibes from Calgary!!", "likes": 0, "published_at": "2021-09-14T04:20:08Z", "sentiment": 0.9728, "entities": []}, {"author": "@yisroelnissanoff7994", "comment": "What if you buy a security in your TFSA account, And it goes up in price like  75% in like very short time, And you choose to sell it for profit, and then it goes down like 50% \nIs it OK to buy it back , the same security? \n\nThanks.", "likes": 1, "published_at": "2021-09-14T03:54:14Z", "sentiment": 0.9586, "entities": []}, {"author": "@davidrankin8880", "comment": "Great video! Question: Can you hold shares of the company you work for in a TFSA and RRSP? (Regular employee.) Is that \"arm's length\"?", "likes": 0, "published_at": "2021-09-14T03:28:02Z", "sentiment": 0.7877, "entities": ["RRSP"]}, {"author": "@Raemon95", "comment": "Awesome video!! Question: if I withdraw in 2021, are you only able to recollect that room in 2022? Or does it just get added to the accumulated room going forward. Also, lets say i only contribute what i withdrew the previous year, how does the government know that im trying to collect that room again and not just that yearly contribution amount (i.e $6000)", "likes": 1, "published_at": "2021-09-14T02:07:32Z", "sentiment": 0.6892, "entities": []}, {"author": "@CanadianDividendInvesting", "comment": "Awesome video for beginners!", "likes": 0, "published_at": "2021-09-14T01:25:43Z", "sentiment": 0.6588, "entities": ["Awesome"]}, {"author": "@momo35444", "comment": "this is absolutely golden!!! pure researched knowledge!!! for free!!! thank you so much for getting deeper in the world of TFSA. if everyone starts with this video, were all better off!! thanks marc!", "likes": 31, "published_at": "2021-09-14T01:02:48Z", "sentiment": 0.9147, "entities": []}, {"author": "@Creamy_Goodness", "comment": "LMAO CD Howe Institute shilling for Cons? Shocking.", "likes": 0, "published_at": "2021-09-13T23:38:09Z", "sentiment": 0.4466, "entities": ["LMAO", "Howe Institute"]}, {"author": "@keighleymchugh4637", "comment": "Can i open a regular trading account for my baby boy and them transfer it to a tfsa when he becomes eligible?", "likes": 0, "published_at": "2021-09-13T22:29:17Z", "sentiment": 0.0, "entities": []}, {"author": "@reaperboy7274", "comment": "Can you make one for RRSPS!!!!", "likes": 1, "published_at": "2021-09-13T22:21:55Z", "sentiment": 0.0, "entities": ["RRSPS"]}, {"author": "@sandysuma", "comment": "Thanks!  This is a very useful video.  You cleared a lot of misconceptions and given some great advice on TSFA.  Please do one on RESP.", "likes": 0, "published_at": "2021-09-13T21:58:15Z", "sentiment": 0.9214, "entities": []}, {"author": "@ti5826", "comment": "Very helpful thanks!", "likes": 1, "published_at": "2021-09-13T21:38:51Z", "sentiment": 0.7624, "entities": []}, {"author": "@alwayspositive999", "comment": "Nice vid well explained- didn't understand 'not creditor protected'- could u pls explain thanks", "likes": 0, "published_at": "2021-09-13T21:21:36Z", "sentiment": 0.7932, "entities": ["protected'-"]}, {"author": "@volgg", "comment": "noice", "likes": 0, "published_at": "2021-09-13T19:47:43Z", "sentiment": 0.0, "entities": []}, {"author": "@JackyTran", "comment": "Can you clarify:  If you sell stocks in your TFSA that you\u2019ve had for over a year, but don\u2019t cash it, do you pay capital gain? Eg:  buy TSLA for 400 in 2019, sell for 800 in 2022. But you use that money to buy ENB.to instead of withdrawing it. Do you have to pay capital gain for that?", "likes": 1, "published_at": "2021-09-13T19:19:33Z", "sentiment": 0.8541, "entities": []}, {"author": "@zazea35", "comment": "I was exactly 18 in 2009 so I have the max 75k contribution limit. Here I am wondering how many of my peers have maxed out contributions...", "likes": 0, "published_at": "2021-09-13T19:14:20Z", "sentiment": 0.0, "entities": []}, {"author": "@user-vs8wu9bj6e", "comment": "Marc once again you knocked it out of the park!  you gave me much to chew on with the succession angle,  my wife thanks you", "likes": 2, "published_at": "2021-09-13T17:47:58Z", "sentiment": 0.6114, "entities": []}, {"author": "@krystlejoyce4427", "comment": "Such an amazing guide!  Already shared it with some of my friends that have been looking for this info :)", "likes": 3, "published_at": "2021-09-13T15:32:28Z", "sentiment": 0.9117, "entities": []}, {"author": "@jaspreetpannu9894", "comment": "My TFSA strategy is 25% TEC.TO, 25% VFV, 25% CN, 25% CP.... thoughts?", "likes": 0, "published_at": "2021-09-13T14:51:16Z", "sentiment": 0.0, "entities": ["VFV"]}, {"author": "@sapphyreviolet", "comment": "Best video yet! Definitely do more of these! I learned so much", "likes": 3, "published_at": "2021-09-13T13:40:33Z", "sentiment": 0.8168, "entities": []}, {"author": "@jonisousa-guthrie3121", "comment": "EXCELLENT Marc.   Best info on TFSA-day trading.  I have seen numerous videos on this issue and NO ONE laid it out as clearly as you did.  \ud83d\udc4d\ud83d\udc4d\ud83d\udc4d\ud83d\udc4d\ud83d\udc4d", "likes": 1, "published_at": "2021-09-13T13:03:11Z", "sentiment": 0.8555, "entities": []}, {"author": "@pwong0227", "comment": "Long video enough to watch during yoga exercise. Millenials will benefit with long term TFSA investment holdings towards retirement. Baby boomers will not benefit much as it was introduced late in their 55s.", "likes": 0, "published_at": "2021-09-13T12:36:39Z", "sentiment": 0.7184, "entities": []}, {"author": "@TamerAzizz", "comment": "Great breakdown - One of the most advantageous accounts offered to us Canadians \ud83e\udd11", "likes": 2, "published_at": "2021-09-13T11:58:54Z", "sentiment": 0.7841, "entities": []}, {"author": "@michaelm.8307", "comment": "TFSA is the best , therefore the liberals hate it \u2026", "likes": 0, "published_at": "2021-09-13T11:24:29Z", "sentiment": 0.128, "entities": []}, {"author": "@christinemcliesh7628", "comment": "This was truly amazingly informative, I have learnt a lot. Thank you...", "likes": 2, "published_at": "2021-09-13T09:43:02Z", "sentiment": 0.6597, "entities": []}, {"author": "@ashokg9185", "comment": "Very good presentation but I think you missed to talk about the rules that would apply for Canadians living outside the country(you said you would talk later but didn't talk about that)", "likes": 0, "published_at": "2021-09-13T08:18:30Z", "sentiment": -0.1787, "entities": []}, {"author": "@00deadmoney41", "comment": "Simply put, this is the defacto TFSA video anyone should watch if they're at all interested in this investment vehicle. Incredibly thorough and well presented.", "likes": 0, "published_at": "2021-09-13T06:52:44Z", "sentiment": 0.6204, "entities": []}, {"author": "@jonm1066", "comment": "definitely the best guide for tfsa", "likes": 0, "published_at": "2021-09-13T06:17:23Z", "sentiment": 0.7845, "entities": []}, {"author": "@laed3520", "comment": "Another amazing Video. Thanks Marc.\nAt 31:26 \"Strategy #3\" you gave confusing information about the money you are gifting your children. This Money is always Post Tax money, RIGHT?. Except if it comes out of your TFSA and it was earnings you made within the TFSA then I guess you could claim that this money is Tax FREE that the kids are getting. Then if they place it in their TFSA (if Room is available) then the gifted money would never be taxed.  If that is what you are saying then I agree. \n\nI had to listen to Strategy #3  3x because I thought maybe you were saying that there was some way to gift money to your children by transferring money from your TFSA directly to their TFSA but no you didn't say that. I still find your statements confusing, when you said \"Rather than just giving them money that you paid tax on.\"\n\nThe good news is that the Tax Free money you take out of your TFSA to give to your children for their TFSA can be replaced the next year with new after tax money that you make because this withdrawal creates new room in your TFSA. \nI wonder if Politicians are eyeing all this money in TFSAs as they struggle to balance their budgets after the Pandemic is over? Hmmmm? You know what they say \"All Good Things Come to an END\".\n\nAgain I love your Father / Son Videos so inspiring. \u2764\u2764", "likes": 1, "published_at": "2021-09-13T05:01:41Z", "sentiment": 0.9853, "entities": []}, {"author": "@elainezhu7780", "comment": "hi Marc, thank you very much for this video. I wonder if you know how to determine the contribution room for new immigrants to Canada? e.g. if a person just arrived in Canada on Dec 1, 2020, and did his/her first income tax file in Apr 2021, does he get the full amount of contribution limits for both 2020 and 2021?", "likes": 0, "published_at": "2021-09-13T03:37:51Z", "sentiment": 0.4329, "entities": []}, {"author": "@bryanerickamunquist9441", "comment": "Thank you very much. The more people that find out this information the more people can benefit. It\u2019s such an important asset. Great video.", "likes": 0, "published_at": "2021-09-13T03:20:52Z", "sentiment": 0.9211, "entities": []}, {"author": "@terribarton5404", "comment": "How would a person name a successor holder on wealthsimple or questrade ?", "likes": 1, "published_at": "2021-09-13T02:59:38Z", "sentiment": 0.2263, "entities": []}, {"author": "@jeffshepherd6077", "comment": "What a wealth a knowledge! Thank you Marc and The Academy. Broly", "likes": 1, "published_at": "2021-09-13T02:55:04Z", "sentiment": 0.7177, "entities": ["The Academy"]}, {"author": "@wdm1984", "comment": "Can you do a video on other registered accounts like RESP RDSP etc.", "likes": 1, "published_at": "2021-09-13T02:20:40Z", "sentiment": 0.3612, "entities": []}, {"author": "@Alexcai9528", "comment": "Another banger.", "likes": 1, "published_at": "2021-09-13T02:09:47Z", "sentiment": 0.0, "entities": []}, {"author": "@SilentSalad", "comment": "This video would really benefit from sections in the playbar.", "likes": 0, "published_at": "2021-09-13T01:50:53Z", "sentiment": 0.5095, "entities": []}, {"author": "@sxd1002", "comment": "Great vid\u00e9o thank you", "likes": 0, "published_at": "2021-09-13T01:28:51Z", "sentiment": 0.765, "entities": []}, {"author": "@michaelschwenk9743", "comment": "TFSA vs RRSP, if one has lottery winnings, insurance payout or inheritance which is already tax free, is there an issue putting it into an RRSP, then being taxed when it gets withdrawn?  I realize there is a tax credit for the contribution in the tax year it's put into the RRSP,  but I'm not sure in the end if it would be better to invest those funds into a TFSA or an RRSP?", "likes": 2, "published_at": "2021-09-13T01:11:16Z", "sentiment": 0.7886, "entities": ["RRSP", "RRSP", "RRSP", "RRSP"]}, {"author": "@johnkobialko4765", "comment": "If I have a RRSP with wealth simple and lots of contributing room in my TFSA also with Wealthsimple and my income is low . Wouldn\u2019t it be better to take it out a bit at a time to maximize my TFSA invest in dividend paying stock to avoid any big clawback from my RRSP account from bigger withdrawals later. In short should I max my TFSA rather than having a RRSP account. Thanks", "likes": 0, "published_at": "2021-09-13T01:08:35Z", "sentiment": 0.6908, "entities": ["RRSP", "RRSP", "RRSP"]}, {"author": "@dividean", "comment": "Hi Marc,\nThanks for the video.  I have a question regarding selling part of a holding at a loss from a taxable account and then repurchasing in a tfsa or rrrsp account.  Would the superficial loss rule apply here?", "likes": 1, "published_at": "2021-09-13T01:07:17Z", "sentiment": -0.1779, "entities": []}, {"author": "@michaelschwenk9743", "comment": "Wow, I learned a LOT of new things.  For free YouTube content, this is above and beyond what is usually free.", "likes": 3, "published_at": "2021-09-13T01:06:51Z", "sentiment": 0.886, "entities": ["LOT"]}, {"author": "@mohammadpourmohammadbagher852", "comment": "Thanks for the video!\nI've heard TFSA is only for long term investment and cannot be used for day trading. Wonder if this is true and if so how is the transaction limitation determined?", "likes": 1, "published_at": "2021-09-13T01:05:29Z", "sentiment": 0.7345, "entities": []}, {"author": "@robbieventresca18", "comment": "Marc, another home run \ud83d\udc4f\ud83d\udc4f", "likes": 1, "published_at": "2021-09-13T00:19:40Z", "sentiment": 0.0, "entities": []}, {"author": "@financeandcryptoshow", "comment": "Hi Marc, good day to you, first i like to say thanks\ud83d\udcaf for the information, it was very helpful to me and others too. I have a question i was hoping you able to help me. When using a brokerage, how im i able to make someone my beneficiary, what is the process? Since my TSFA is not from a bank account, Thank you.", "likes": 2, "published_at": "2021-09-13T00:13:11Z", "sentiment": 0.9558, "entities": []}, {"author": "@Will-sz5yx", "comment": "Amazing video Mark, lots of work and research put into this one. Very helpful and informative.", "likes": 0, "published_at": "2021-09-12T23:48:28Z", "sentiment": 0.7841, "entities": []}, {"author": "@TrottiersFishingTips", "comment": "you mentioned low high and mid income. What is the value you used? everyone has a different opionion and just wondering if can post what your numbers were, Thx", "likes": 0, "published_at": "2021-09-12T23:45:43Z", "sentiment": 0.4215, "entities": []}, {"author": "@juanperez-gh8bl", "comment": "Los impuestas son un tema que me genera conflicto, aqu\u00ed en Colombia evito pagarlos (legalmente) porque el gobierno se roba el dinero, prefiero ayudar a las personas directamente, pero en Canad\u00e1 no evitar\u00eda mis impuestas, estar\u00eda gustoso de pagar unos impuestos altos porque veo que el gobierno los distribuye mucho mejor para las personas. Me encant\u00f3 toda la informaci\u00f3n Marc!\n\n\"Taxes are an issue that generates conflict for me, here in Colombia I avoid paying them (legally) because the government steals the money, I prefer to help people directly, but in Canada I would not avoid my taxes, I would be happy to pay high taxes because I see that the government distributes them much better for the people. I loved all the information Marc!\"", "likes": 0, "published_at": "2021-09-12T23:14:01Z", "sentiment": 0.8829, "entities": ["prefiero ayudar", "los distribuye mucho"]}, {"author": "@ramican9155", "comment": "Great video, question about being none resident, Can someone who become none resident still withdraw from existing TFSA??", "likes": 1, "published_at": "2021-09-12T22:45:32Z", "sentiment": 0.6662, "entities": []}, {"author": "@rickpacan4497", "comment": "One of the most detailed TFSA videos on the web- great work!", "likes": 5, "published_at": "2021-09-12T22:29:26Z", "sentiment": 0.6588, "entities": []}, {"author": "@12iley12", "comment": "Is there any limit on the tax free growth? Like say I made $100k in growth, is that all tax free?", "likes": 0, "published_at": "2021-09-12T21:02:33Z", "sentiment": 0.9282, "entities": []}, {"author": "@chrisbauld5387", "comment": "Marc is BOSS LEVEL!!!", "likes": 2, "published_at": "2021-09-12T20:52:13Z", "sentiment": 0.0, "entities": []}, {"author": "@roberttaylor3594", "comment": "Nice summary of mistakes!  \n\nI know the designated exchange list is long....but which brokers offer TFSAs that can access anything but Canadian and US exchanges?  I can't find any.", "likes": 1, "published_at": "2021-09-12T20:30:05Z", "sentiment": 0.1134, "entities": []}, {"author": "@kimmykero2421", "comment": "As always, great video! Nice to see well presented Canadian content - much appreciated!!", "likes": 0, "published_at": "2021-09-12T20:23:42Z", "sentiment": 0.9213, "entities": []}, {"author": "@davidjr1365", "comment": "Is the tfsa at all affected by dual citizenship?", "likes": 0, "published_at": "2021-09-12T19:58:32Z", "sentiment": -0.1531, "entities": []}, {"author": "@derekcox6531", "comment": "Brilliant episode Marc! The TFSA is such a powerful tool for Canadians and you hit all the nails on the head.I\u2019m sure this episode will be referred back to many times by many people. Perfect! \ud83d\udc4d\ud83d\udc4d\ud83d\udc4d", "likes": 14, "published_at": "2021-09-12T19:51:18Z", "sentiment": 0.9214, "entities": []}, {"author": "@annehenderson7911", "comment": "I really appreciate the successor holder information.", "likes": 2, "published_at": "2021-09-12T19:41:16Z", "sentiment": 0.6318, "entities": []}, {"author": "@Emily-yr7oz", "comment": "Hi Marc! Great video, your depth of knowledge has been such a blessing \ud83d\ude0a I\u2019m a recent grad (23 years old) and I\u2019ve maxed out both TFSA and RRSP. When I first began investing, I was definitely eager so I jumped in with little strategy. I currently hold many US blue chip companies in my TFSA along with volatile stocks such as Nio, palentir and alibaba. I was wondering, do you recommend perhaps opening up a margin account to allocate these growth stocks to? I\u2019m not an active investor and I\u2019m unsure what would be the best thing to do\u2026 Additionally, what do you think about investing student loans as the government recently extended their interest free period until 2023? Thank you so much!", "likes": 1, "published_at": "2021-09-12T19:39:13Z", "sentiment": 0.9804, "entities": ["RRSP"]}, {"author": "@ShameerRavji", "comment": "Thx for the vid.", "likes": 0, "published_at": "2021-09-12T19:31:16Z", "sentiment": 0.3612, "entities": []}, {"author": "@annehenderson7911", "comment": "So much learning in this video, thanks.", "likes": 1, "published_at": "2021-09-12T19:12:57Z", "sentiment": 0.4404, "entities": []}, {"author": "@richardramos5660", "comment": "Great content Mark and Brandon! More of this videos... Thank you for all topics you are sharing.", "likes": 1, "published_at": "2021-09-12T19:11:13Z", "sentiment": 0.8655, "entities": []}, {"author": "@NorthPoleInvesting", "comment": "Great video once again, really helpful guide that covers everything you need to know about a TFSA", "likes": 2, "published_at": "2021-09-12T18:55:30Z", "sentiment": 0.8016, "entities": []}, {"author": "@kelsonmorris6369", "comment": "Im always concerned of how many trades i make in my tfsa, regarding it getting flagged by cra. Wish cra was less vague on  what spicificly is allowed", "likes": 3, "published_at": "2021-09-12T18:46:19Z", "sentiment": 0.3804, "entities": []}, {"author": "@tc5991", "comment": "Great info. Your channel continues to provide awesome info, especially to the younger generation of  Canadian investors.", "likes": 1, "published_at": "2021-09-12T18:28:33Z", "sentiment": 0.8481, "entities": []}, {"author": "@littleninjai222", "comment": "Thanks for another great video, Marc! I'm so glad you clarified at 35:50 mins that you can contribute \"100K\" vs. $75,500 (your TFSA jar grew).", "likes": 3, "published_at": "2021-09-12T18:06:15Z", "sentiment": 0.9034, "entities": []}, {"author": "@BryanrasonCa", "comment": "Great video.", "likes": 1, "published_at": "2021-09-12T17:59:11Z", "sentiment": 0.6249, "entities": []}, {"author": "@barabudi", "comment": "Extremely useful video! Would love to see a video by Mark about the RRSP.", "likes": 19, "published_at": "2021-09-12T17:57:37Z", "sentiment": 0.8264, "entities": ["RRSP"]}, {"author": "@Slickpete83", "comment": "*Hi Marc, do you believe in 2022 the TFSA will increase to $6500 per year due to inflation now?*", "likes": 2, "published_at": "2021-09-12T17:56:39Z", "sentiment": 0.3182, "entities": []}, {"author": "@streetsmarts404", "comment": "Great video!!! Thank you! Have a quick question - do I need to pay taxes on US stocks capital gains held in TFSA account?", "likes": 1, "published_at": "2021-09-12T17:56:34Z", "sentiment": 0.8679, "entities": []}, {"author": "@brucecampbell208", "comment": "Excellent video to learn more then just the basics on a TFSA!", "likes": 1, "published_at": "2021-09-12T17:48:49Z", "sentiment": 0.6114, "entities": []}, {"author": "@nmpt304", "comment": "This video was great! Thank you for your time into developing such great resources!!", "likes": 1, "published_at": "2021-09-12T17:47:21Z", "sentiment": 0.9114, "entities": []}, {"author": "@sethakira6221", "comment": "During your investing days do you recall any of the worst timed IPO's? Like IPO's during crashes due to 9/11 or any other event that caused a crash in the market. Just curious and trying to make a connection to now because there are still a lot of good IPO's coming up and I am curious if crashes occurred after a hyped up IPO. Hope that question makes sense.", "likes": 0, "published_at": "2021-09-12T17:47:03Z", "sentiment": 0.6249, "entities": ["IPO", "IPO", "IPO", "IPO"]}, {"author": "@newfy1593", "comment": "Great video, very informative. Thanks", "likes": 0, "published_at": "2021-09-12T17:43:12Z", "sentiment": 0.8062, "entities": []}, {"author": "@khuo0219", "comment": "This one deserves the ultimate tag! Marc outdid Brandon on this one. Now if you can make one for RESPs I would be ecstatic.", "likes": 41, "published_at": "2021-09-12T17:28:57Z", "sentiment": 0.5562, "entities": []}, {"author": "@ryanm7171", "comment": "Great video as always.  I would add another important reason you might not want to use your TFSA account to speculate on risky investments.  In addition to just not being able to deduct to deduct the loss, you also permanently lose that same amount or room in your TFSA going forward.  It might be tempting to buy that penny stock hoping it doubles, triples, or go through the moon all tax free, but if the same stock goes to zero, you have nothing.  Just think about how much the same amount might have been worth if had been allowed to grow, and compound during your lifetime prior to needing it at retirement.  To the rich who can afford to speculate because they could afford a loss , do what you want, but for the rest of us, I think we should be very prudent with our TFSAs.  I speak from experience, as someone who lost quite a bit of money in my TFSA and has taken years to break even again.  Whereas my regular portfolio had done just fine because I wasn't so greedy.", "likes": 7, "published_at": "2021-09-12T17:17:50Z", "sentiment": 0.8561, "entities": []}, {"author": "@JustInvestToday", "comment": "thanks for the informative videos for the Canadians", "likes": 0, "published_at": "2021-09-12T17:14:27Z", "sentiment": 0.4404, "entities": []}, {"author": "@FellatioHoratio", "comment": "Made the mistake of withdrawing TFSA instead of transferring between TFSA. Great vid, wish the government could better inform young adults of this info.", "likes": 1, "published_at": "2021-09-12T17:11:50Z", "sentiment": 0.8074, "entities": []}, {"author": "@Fationyoutube", "comment": "Can you hold options on your tfsa?", "likes": 0, "published_at": "2021-09-12T17:11:25Z", "sentiment": 0.0, "entities": []}, {"author": "@blackjedi23", "comment": "I tried to put warrants into my TFSA account in questrade and it was refused. It had to be place into an RRSP", "likes": 0, "published_at": "2021-09-12T17:03:40Z", "sentiment": -0.296, "entities": ["RRSP"]}, {"author": "@marcio7708", "comment": "Amazing explanation! I shared this with friends! Thank you!", "likes": 0, "published_at": "2021-09-12T17:00:49Z", "sentiment": 0.9131, "entities": []}, {"author": "@jjsaund4396", "comment": "Amazing video, thanks", "likes": 0, "published_at": "2021-09-12T16:48:14Z", "sentiment": 0.7717, "entities": []}, {"author": "@Daniel-02102", "comment": "Amazing video!  I'm holding a US stock in my WealthSimple TFSA and am aware of the 15% tax on any dividend. Am I correct in thinking that my capital gains from this holding is still tax free?", "likes": 1, "published_at": "2021-09-12T16:47:40Z", "sentiment": 0.8687, "entities": []}, {"author": "@willkeen5010", "comment": "Great information! I think the name is misleading, should be called the Tax Free Investing Account. I fell into the savings trap early on and didn\u2019t realize the broad range of investments that could be held.", "likes": 2, "published_at": "2021-09-12T16:44:25Z", "sentiment": 0.5707, "entities": []}, {"author": "@user-vq3mz9ob9d", "comment": "Hi Marc, is the US dividend withholding tax automatically applied when you receive a US dividend in your TFSA or does one need to fill out a form or pay it manually? Thanks.", "likes": 1, "published_at": "2021-09-12T16:33:39Z", "sentiment": 0.3612, "entities": []}, {"author": "@carollshelby500", "comment": "Conservatives always help Canadians.", "likes": 15, "published_at": "2021-09-12T16:19:38Z", "sentiment": 0.4019, "entities": []}, {"author": "@tomtesting99", "comment": "Wooo Hoo!! a few minutes in and already making popcorn to watch the rent. 10/10", "likes": 7, "published_at": "2021-09-12T16:19:15Z", "sentiment": 0.0, "entities": []}, {"author": "@vasileweezy", "comment": "30 years old, just found out about the benefits about a TFSA, thank you for this video.", "likes": 1, "published_at": "2021-09-12T16:15:21Z", "sentiment": 0.6249, "entities": []}, {"author": "@BusinessTipsWithYulianna", "comment": "I love watching interesting information about Canadian market. Thanks.", "likes": 2, "published_at": "2021-09-12T16:14:00Z", "sentiment": 0.8689, "entities": []}, {"author": "@beaviswealth", "comment": "\ud83d\udcc8\ud83d\udcda As always, if you're a beginner to the Stock Market in Canada and you're looking for a step-by-step blueprint on how to get started... Find out more about our Investing Academy here - https://bit.ly/theinvestingacademy\n\nIn this video, we'll cover everything you need to know to manage your TFSA properly.", "likes": 10, "published_at": "2021-09-12T16:13:36Z", "sentiment": 0.0, "entities": ["the Stock Market", "Investing Academy"]}]