[{"author": "@beaviswealth", "comment": "\ud83d\udcc8\ud83d\udcda As always, if you're a beginner to the Stock Market in Canada and you're looking for a step-by-step blueprint on how to get started... Find out more about our Investing Academy here - https://bit.ly/theinvestingacademy\n\n\r\n\r\nWho panics and sell their investments when the stock market crashes?  A recent study can tell you if you're in the high risk group.\n\n\r\n\r\n\r\n\r\n\r\n\r\nThank you to Passiv for sponsoring today's video - https://passiv.com?ref=RGAMTXSUAM", "likes": 0, "published_at": "2022-03-24T22:47:14Z", "sentiment": -0.4329, "entities": ["the Stock Market", "Investing Academy"]}, {"author": "@percevalzinzin5983", "comment": "I love panic buying :-)", "likes": 0, "published_at": "2022-03-30T19:39:58Z", "sentiment": 0.4939, "entities": []}, {"author": "@littleninjai222", "comment": "Canadians are so lucky to have you, Marc. These videos and your retirement videos are so very valuable. Thank you!", "likes": 0, "published_at": "2022-03-28T11:53:21Z", "sentiment": 0.8915, "entities": []}, {"author": "@Yaxez", "comment": "No panic selling as of yet, and I don't plan on doing it either. But only time will tell ..", "likes": 0, "published_at": "2022-03-27T12:40:17Z", "sentiment": -0.4118, "entities": []}, {"author": "@halimaabubakar9990", "comment": "May you do you thoughts/take on Lucid motors; the new luxury electric car said to be Tesla\u2019s rival. Their stock prices on nasdaq is quite low; however they just opened up their retail store in Canada (Yorkdale and I think Sherway specifically) also Canadians who reserved the car last October are expected to receive their vehicle real soon/this spring. I\u2019m curious if you think that their stock price will shoot up once people start driving it and it proves to perform good if not better than Tesla\u2026 would you suggest we secure the bag (the shares now while it\u2019s selling for the low low \ud83d\udc40\ud83d\udc40)", "likes": 0, "published_at": "2022-03-26T23:12:19Z", "sentiment": -0.2926, "entities": ["Tesla", "Tesla"]}, {"author": "@Rob-ob3sh", "comment": "I had about $10,000 in Chorus aviation stock with an average cost of $7.90 and it crashed at the start of the pandemic and Chorus also cut the dividends. I sold it all off for about $3.25 and within 30 days had it all back in other dividend paying ETF\u2019s. Chorus stock is still down around the $4.20 range and still no dividend.  So I\u2019m still happy to take a loss and get my money working again as I felt the Chorus stock was dead money and has been for over 2 years now. I don\u2019t think this would be considered a panic sell but I lost about $6000 on that trade but have the $4000 back in the market and working to recover those losses.", "likes": 0, "published_at": "2022-03-26T16:57:20Z", "sentiment": -0.8914, "entities": ["Chorus"]}, {"author": "@duffporteous1039", "comment": "Excellent analysis! Great advice!", "likes": 0, "published_at": "2022-03-26T15:53:08Z", "sentiment": 0.855, "entities": []}, {"author": "@juanperez-gh8bl", "comment": "Hahaha genial, en verdad me encant\u00f3 este video, como psic\u00f3logo amo los estudios sociodemograficos, me parecieron divertidas algunas correlaciones y siempre me ha parecido un misterio eso \"\u00bfquien vende con p\u00e1nico?\" creo que es una excelente explicaci\u00f3n.\n\n\"Hahaha great, I actually loved this video, lika a Psychologist I love sociodemographic studies, I found some correlations amusing and it has always seemed a mystery to me \"who sells in panic?\" I think that is an excellent explanation.\"", "likes": 0, "published_at": "2022-03-25T22:13:52Z", "sentiment": 0.9852, "entities": ["como psic\u00f3logo", "un"]}, {"author": "@Nicolasdu5", "comment": "Love the dynamic of this channel young on one side with who I can relate and  more experience on the other side .", "likes": 0, "published_at": "2022-03-25T18:19:52Z", "sentiment": 0.7783, "entities": []}, {"author": "@G14U", "comment": "I kinda need the opposite video\u2026the guy who never sells when things go down. Generally when I own a stock and it goes down, I only focus on the ones that are riding high and consider if I should sell them but something like my recent pypl disaster-buying calls when I thought it had \u2018dipped\u2019 I ignore and hold on for life\u2026which maybe is not a good idea? Basically I have no idea when to accept a loss.", "likes": 0, "published_at": "2022-03-25T18:19:05Z", "sentiment": -0.6661, "entities": []}, {"author": "@Nicolasdu5", "comment": "Knowing what you own is really important / help to not panic sell and buy quality stocks", "likes": 0, "published_at": "2022-03-25T18:14:00Z", "sentiment": 0.7765, "entities": []}, {"author": "@Inhumaneghost", "comment": "Made that unfortunate mistake when I was a new investor at 18 back in 08/09. Lost thousands and didn't get back in the market for years. Since then I've armed myself with much more knowledge and experience. I don't plan on making that mistake again.", "likes": 3, "published_at": "2022-03-25T15:08:04Z", "sentiment": -0.8442, "entities": []}, {"author": "@tomcouch6451", "comment": "Thank you  Marc. I usually worry about everything. I am happy that for some reason I am watching but not selling anything in my portfolio.", "likes": 0, "published_at": "2022-03-25T14:39:00Z", "sentiment": 0.2846, "entities": []}, {"author": "@ab.4425", "comment": "Great video Marc!! Thank you so much!!", "likes": 0, "published_at": "2022-03-25T13:27:01Z", "sentiment": 0.8302, "entities": []}, {"author": "@danielegianetti5599", "comment": "I was laughing when you went through the checklist as I meet all the \"criteria\" ...time has showed that I did panic selling in the past when wrongly picked up things like SPCE or Beyond Meat, but I definitely didn't panic selling Baba or Baidu, no matter how hammered they got. And it taught me a lot for the future and what to stay away from", "likes": 2, "published_at": "2022-03-25T08:30:43Z", "sentiment": -0.431, "entities": ["Baidu"]}, {"author": "@nicoopiee", "comment": "how did lost ark lead me here? O_o", "likes": 0, "published_at": "2022-03-25T08:07:07Z", "sentiment": -0.4215, "entities": []}, {"author": "@bradhaaf4749", "comment": "Gold price going up, oil price going up, interest rates going up, War, omnicron 2.0 comback, housing price crashing, multiple economist calling for depression recession or stagflation.\nMy diamond hands tsla Turn to Butter \ud83e\udd23 \ud83e\udd23 \ud83e\udd23\nPut in tsla buy $650 imo been a hard year and everybody's high on hopiom and ignoring the reality of the macroeconomics, could be a couple days or couple weeks but eventually Corporate investors can't ignore reality and will pull the rug out on retail. Sucks if retail gets wiped out it'll be a lot harder to bounce-back if there's a second dip in the market.", "likes": 0, "published_at": "2022-03-25T07:00:57Z", "sentiment": -0.6843, "entities": []}, {"author": "@Nonamethankyou128", "comment": "Feedback: good video. Personally, I want to see Marc's beautiful face teach me. Not stock footage.", "likes": 0, "published_at": "2022-03-25T05:30:49Z", "sentiment": 0.7964, "entities": []}, {"author": "@SharpBladeML2", "comment": "I have a question from your other video about superficial loss rule, does this thing applies also to TFSA? Meaning we also have to wait 30-31 days before we buy the same stock after selling it?", "likes": 1, "published_at": "2022-03-25T03:50:04Z", "sentiment": -0.3939, "entities": []}, {"author": "@kartiksharma-bw7is", "comment": "Great video sir", "likes": 0, "published_at": "2022-03-25T03:16:03Z", "sentiment": 0.6249, "entities": []}, {"author": "@MayerKyle", "comment": "Thank you for this, I found it reassuring. If you had asked anytime up till about 2 weeks ago, I would have said no way\u2026I buy the dip\u2026but I did waiver a bit watching the equivalent of my whole paycheck disappear\u2026the thought of working for a month for \u201cno reason\u201d really hit me harder than I thought it would. Fortunately I walked away and have since  had a large swing to the upside (thanks BABA)\u2026but I was surprised the thought even entered my mind. Like mike says - everybody has a plan until they get punched in the mouth. A good learning experience.", "likes": 0, "published_at": "2022-03-25T03:14:21Z", "sentiment": 0.8519, "entities": []}, {"author": "@roberttaylor3594", "comment": "I sold most everything on Feb 2020 and bought back in in April 2020. I wasn\u2019t panicking.  It worked out well!  In late Feb 2022 I sold several speculative stocks because of Ukraine.  Made an error when buying back in though; data entry error on a buy, which did not help!! Still have most of what I sold sitting and waiting and it feels like I missed the re entry point\u2026 oh well!  \n\nIt can\u2019t just be retail investors who \u201c panic sell\u201d\u2026 institutions must do it too, since the market is effected so much.  But when they do it, they are not \u201c panicking\u201d!! Just us retail investors do that.  I firmly believe there are times to pull out and wait, but those times come once a decade or so.\n\nThe videos have changed; more graphics and short shots of tables\u2026 I\u2019d rather just watch you speak than look at a graphic that is just \u201ceye Candy\u201d. I don\u2019t need that to keep me watching and you don\u2019t need it because you have good information to convey\u2026 just saying.", "likes": 2, "published_at": "2022-03-25T02:30:01Z", "sentiment": -0.3176, "entities": []}, {"author": "@barbottawa", "comment": "your graph shows over $400,000 in stock assets not the $40,000 you kept on quoting.... otherwise quite informative", "likes": 0, "published_at": "2022-03-25T01:45:58Z", "sentiment": 0.1779, "entities": []}, {"author": "@pwong0227", "comment": "Great informative statistical video. I have been sidelined tight since the \ud83c\uddfa\ud83c\udde6 \ud83c\uddf7\ud83c\uddfa war. Just watching the market going up and down like a yoyo. I did sell some energy resource stock at their high to buy US index  funds at the dip. The current market and covid-19  sell off is nothing compared to what we survived the 2009 financial meltdown.", "likes": 0, "published_at": "2022-03-25T00:35:10Z", "sentiment": 0.8176, "entities": []}, {"author": "@chrisdubs121", "comment": "Less of the lame stock Images more Marc's face!", "likes": 6, "published_at": "2022-03-24T23:19:01Z", "sentiment": -0.4269, "entities": []}, {"author": "@dunloppj", "comment": "Wow, some cool editing happening here. Enjoying the new production values!", "likes": 1, "published_at": "2022-03-24T23:04:26Z", "sentiment": 0.9098, "entities": []}, {"author": "@momo35444", "comment": "hell no im not panic selling, im dip buying!! thanks for the video marc. good advise", "likes": 14, "published_at": "2022-03-24T22:47:09Z", "sentiment": 0.3151, "entities": []}]