[{"author": "@rickybobby5736", "comment": "Interest rates going up as well.as inflation  as long as Mr pink shirt keeps.printing money", "likes": 0, "published_at": "2024-01-25T00:57:45Z", "sentiment": 0.4588, "entities": []}, {"author": "@gauravguliani358", "comment": "I really love your T-Shirt\nMind sharing the brand & website where you ordered it from?", "likes": 0, "published_at": "2024-01-24T23:25:40Z", "sentiment": 0.807, "entities": []}, {"author": "@derekcox6531", "comment": "Payday loans are so predatory! Literally legalized loan sharking\u2026without the \u201cphysical\u201d threat of violence,but these companies don\u2019t hesitate to take everything they can before pushing an already vulnerable person off the cliff.", "likes": 2, "published_at": "2024-01-23T23:56:51Z", "sentiment": -0.7712, "entities": []}, {"author": "@vinhhuynh1774", "comment": "Banks won't lend if rate are too low; and Business won't borrow if rate are too high. The idea that the BoC control rate is wrong; they only control homeowner who has no choice but to renew their mortgage. In short, the BoC only hurts Canadian, and help Gov't fiscal spending.", "likes": 0, "published_at": "2024-01-23T21:05:19Z", "sentiment": -0.5859, "entities": []}, {"author": "@momo35444", "comment": "thanks for the info. great video Marc", "likes": 0, "published_at": "2024-01-23T20:57:31Z", "sentiment": 0.7906, "entities": []}, {"author": "@Dominiclegault-xr3ze", "comment": "Keep increasing the rates", "likes": 1, "published_at": "2024-01-23T19:40:27Z", "sentiment": 0.0, "entities": []}, {"author": "@AceVenturaXii", "comment": "As always when the government tries to help, unintended consequences ruin it.", "likes": 0, "published_at": "2024-01-23T16:39:25Z", "sentiment": -0.2732, "entities": []}, {"author": "@satyakebakshi7896", "comment": "What a dump lol, Canada seems to be in a recession  from the last 100 years xD", "likes": 0, "published_at": "2024-01-23T15:04:55Z", "sentiment": 0.296, "entities": []}, {"author": "@Lopersen", "comment": "So good! thanks.", "likes": 0, "published_at": "2024-01-23T14:11:08Z", "sentiment": 0.7693, "entities": []}, {"author": "@brianmason5500", "comment": "Who says that current rates are not the statistical norm? As I am approaching 70 I am in favour of 5% income from my safe savings. Just like when I was growing up I could get 5%. The low rates of Covid were an anomoly not the desired norm. Perhaps our economy would be better off if we got away from manipulating interest rates. BOC HAS DONE MORE HARM THAN GOOD.", "likes": 4, "published_at": "2024-01-23T14:03:05Z", "sentiment": 0.8309, "entities": []}, {"author": "@twfinc6855", "comment": "im not buying an EV until they start getting 1500 km to a charge.. lack of range is offputting for sure..", "likes": 0, "published_at": "2024-01-23T12:34:29Z", "sentiment": -0.3182, "entities": []}, {"author": "@twfinc6855", "comment": "look at truflation numbers.. thats current, we are looking at lagging indicators.. rates are going down soon.. 1.5% this year is my thoughts in May ..25% cut..... Canada numbers showing increased mortgage payments as part of inflation is seriously flawed...", "likes": 0, "published_at": "2024-01-23T12:31:19Z", "sentiment": -0.1779, "entities": []}, {"author": "@smallmj2886", "comment": "You are a little bit misleading on the EV story.  The Berlin Tesla plant isn't pausing production due to low demand.  It is due to supply problems caused by the ship attacks near Yemen.", "likes": 0, "published_at": "2024-01-23T09:55:45Z", "sentiment": -0.8632, "entities": ["EV"]}, {"author": "@Aaron_Syme", "comment": "Hope it goes up.", "likes": 1, "published_at": "2024-01-23T08:39:14Z", "sentiment": 0.4404, "entities": []}, {"author": "@Azel247", "comment": "Didn't Stats Can say that the increase in inflation is due to the base year effect of gasoline prices? In addition, gas prices have been dropping for the past 4 months so the trend is consistent in decreasing inflationary pressures?", "likes": 0, "published_at": "2024-01-23T05:36:26Z", "sentiment": 0.0, "entities": []}, {"author": "@Ontario24", "comment": "We need a rate cut now , now , now . Asap .", "likes": 0, "published_at": "2024-01-23T04:42:06Z", "sentiment": -0.2732, "entities": []}, {"author": "@spacebarwasd9782", "comment": "Most likely remain high for another year at this rate", "likes": 1, "published_at": "2024-01-23T04:03:10Z", "sentiment": 0.0, "entities": []}, {"author": "@allistairtrent", "comment": "Please, please cut interest rates back down to zero. I borrowed against my house to buy a new car and a boat and I need the government to help me keep the things that I never worked for and can no longer afford. Rates\ud83d\ude80\ud83c\udf1a", "likes": 11, "published_at": "2024-01-23T03:21:45Z", "sentiment": 0.7184, "entities": []}, {"author": "@chrisparsons3141", "comment": "Nothing complicated about it.", "likes": 0, "published_at": "2024-01-23T01:05:39Z", "sentiment": 0.0, "entities": []}, {"author": "@aaronhall5715", "comment": "5% is not a high interest rate. Stay the course", "likes": 4, "published_at": "2024-01-23T00:59:57Z", "sentiment": -0.357, "entities": []}, {"author": "@sameralghazaly2161", "comment": "I appreciate your videos and your perspective, but where did you get the indication that TSLA is cutting down on productions?", "likes": 0, "published_at": "2024-01-23T00:52:29Z", "sentiment": 0.0258, "entities": []}, {"author": "@firsttimer8991", "comment": "Our infrastructure (Ontario) is not set up to handle a lot of EV on one street.  Not sure what the government was even THINKING on this one!  Battery life is 10 years on an EV, so basically these vehicles are worthless in 8 years. Just MHO", "likes": 3, "published_at": "2024-01-23T00:42:04Z", "sentiment": -0.6315, "entities": ["EV", "MHO"]}, {"author": "@AshrafulAlam-zw1xw", "comment": "Premature rate cut will be a disaster for Canadian economy. There should not be any cut until the inflation is down to 2%.", "likes": 13, "published_at": "2024-01-23T00:30:44Z", "sentiment": -0.8074, "entities": []}, {"author": "@brianoconner3090", "comment": "Liberals and NDPs should go. Carbon tax is a factor in the rising inflation. Instead, they kept it.", "likes": 8, "published_at": "2024-01-23T00:14:57Z", "sentiment": 0.0, "entities": []}, {"author": "@davdride4850", "comment": "Government can\u2019t keep funding EV companies", "likes": 7, "published_at": "2024-01-23T00:07:02Z", "sentiment": 0.0, "entities": ["EV"]}, {"author": "@davdride4850", "comment": "EV cars are not selling.  Don\u2019t thing the world\nIs fully ready for this", "likes": 1, "published_at": "2024-01-23T00:04:17Z", "sentiment": 0.4201, "entities": ["EV"]}, {"author": "@davdride4850", "comment": "Rate cuts have to happen", "likes": 0, "published_at": "2024-01-23T00:03:33Z", "sentiment": -0.296, "entities": []}]