[{"author": "@beaviswealth", "comment": "Was just about to upload a video on ETFs but decided to throw up some quick thoughts on the market drop today. Enjoy the rambles... Thanks for watching! :D \n\n\ud83d\udcc8\ud83d\udcda As always, if you're a beginner to the Stock Market and you're looking for a step-by-step blueprint on how to get started... Find out more about our Investing Academy here - http://bit.ly/InvestingAcademy.", "likes": 16, "published_at": "2020-03-09T22:22:23Z", "sentiment": 0.9238, "entities": ["the Stock Market", "Investing Academy"]}, {"author": "@gibbig", "comment": "Jesse's barber shop", "likes": 0, "published_at": "2020-06-02T04:09:52Z", "sentiment": 0.0, "entities": []}, {"author": "@stevenrosa6384", "comment": "First. Your dog is the best. Second. Great points , love the channel and advice. Curious about your thoughts on REITs, they are getting hit hard with tenants deferring/missing rent, but some have safe strong dividends, I'm currently just opened a position in SPG and REI.", "likes": 0, "published_at": "2020-05-17T01:35:57Z", "sentiment": 0.9477, "entities": ["SPG", "REI"]}, {"author": "@moniqued9715", "comment": "Also in another video you suggested POW. ETF.   However when I search it a few different ones come up.", "likes": 0, "published_at": "2020-04-01T23:45:14Z", "sentiment": 0.0, "entities": []}, {"author": "@moniqued9715", "comment": "Can you tell me what platform you watch your stocks on?", "likes": 0, "published_at": "2020-04-01T23:43:03Z", "sentiment": 0.0, "entities": []}, {"author": "@moniqued9715", "comment": "Can you tell me what platform you watch your stocks on?", "likes": 0, "published_at": "2020-04-01T23:42:50Z", "sentiment": 0.0, "entities": []}, {"author": "@chuckthevoice3163", "comment": "Should you keep buying some ETF every day?", "likes": 0, "published_at": "2020-03-21T17:16:27Z", "sentiment": 0.0, "entities": []}, {"author": "@ShadowakaBigG", "comment": "My issue is questrades 2 days turn around for adding funds to my account from my bank *tears*. There's gotta be a faster way.", "likes": 0, "published_at": "2020-03-20T16:02:11Z", "sentiment": 0.0, "entities": []}, {"author": "@jondebernem1307", "comment": "Towards the middle of the vid i was getting distracted by the dog eating his foot", "likes": 0, "published_at": "2020-03-19T21:02:31Z", "sentiment": -0.34, "entities": []}, {"author": "@cheeseUout", "comment": "Question, lets say the market trend is rising (the world is recovering from the virus) do you think that the stockmarket will skyrocket rapidly, or slowly rise. I'm afraid that if i wait too long i'll miss every single low price because everything is moving so fast", "likes": 0, "published_at": "2020-03-17T14:00:29Z", "sentiment": -0.4019, "entities": []}, {"author": "@the-zodiac8235", "comment": "hey i loved you videos Idk if you can discern this im pretty new but could you make a video about the Canadian companies you dont think will make it out alive from this crash ?", "likes": 0, "published_at": "2020-03-17T00:54:39Z", "sentiment": 0.4939, "entities": []}, {"author": "@RC-vf2th", "comment": "This guy has pretty basic advice, please do your own research and take lessons learned from folks with more experience", "likes": 0, "published_at": "2020-03-16T20:21:12Z", "sentiment": 0.6705, "entities": []}, {"author": "@tylerstratton8222", "comment": "nice dog", "likes": 0, "published_at": "2020-03-16T16:51:37Z", "sentiment": 0.4215, "entities": []}, {"author": "@rgentertainment3302", "comment": "hahah I haven't opened my portfolio either", "likes": 0, "published_at": "2020-03-16T14:07:22Z", "sentiment": 0.0, "entities": []}, {"author": "@rgentertainment3302", "comment": "1:28 dogs", "likes": 0, "published_at": "2020-03-16T13:55:46Z", "sentiment": 0.0, "entities": []}, {"author": "@Bigbarry889", "comment": "And please, stop buying toilet paper... However you can buy CAS.TO ...", "likes": 0, "published_at": "2020-03-13T22:34:37Z", "sentiment": 0.0258, "entities": []}, {"author": "@sporto1436", "comment": "is uber a good stock to buy ?", "likes": 0, "published_at": "2020-03-13T17:06:07Z", "sentiment": 0.4927, "entities": []}, {"author": "@bradjohnson8750", "comment": "RIP Bull Market.  You had a darn good run.  Couldn't last forever.", "likes": 0, "published_at": "2020-03-13T04:30:38Z", "sentiment": 0.4404, "entities": ["RIP Bull Market"]}, {"author": "@crash7098", "comment": "How do you feel about Freehold Royalties?", "likes": 0, "published_at": "2020-03-12T22:33:49Z", "sentiment": 0.1779, "entities": []}, {"author": "@coderican3150", "comment": "Thank you", "likes": 0, "published_at": "2020-03-12T01:17:10Z", "sentiment": 0.3612, "entities": []}, {"author": "@stevenalleyne1411", "comment": "Was it OVV.TO that you were referring to?? I saw that it got slammed on Monday", "likes": 0, "published_at": "2020-03-11T19:20:30Z", "sentiment": 0.0, "entities": []}, {"author": "@SuperPurplePistachio", "comment": "Dawg \ud83d\udc36", "likes": 0, "published_at": "2020-03-11T15:10:38Z", "sentiment": 0.0, "entities": []}, {"author": "@kingmiked", "comment": "Great video as always", "likes": 0, "published_at": "2020-03-11T13:33:52Z", "sentiment": 0.6249, "entities": []}, {"author": "@glenf4115", "comment": "Two Buffett quotes I think apply here:   \"Rule No. 1 is never lose money. Rule No. 2 is never forget Rule No. 1.\" and \"Widespread fear is your friend as an investor because it serves up bargain purchases.\"", "likes": 2, "published_at": "2020-03-11T07:53:48Z", "sentiment": -0.2206, "entities": []}, {"author": "@prayunceasingly2029", "comment": "Seeing how many days stocks have dropped in my experience due to the CV, there will be more, I can pretty much guarantee it.", "likes": 1, "published_at": "2020-03-11T04:35:13Z", "sentiment": 0.6682, "entities": []}, {"author": "@101neufeld", "comment": "CCL?", "likes": 0, "published_at": "2020-03-11T04:32:33Z", "sentiment": 0.0, "entities": ["CCL"]}, {"author": "@kevinwang963", "comment": "Ovv is dangerous. Su is relatively safe", "likes": 0, "published_at": "2020-03-11T01:27:54Z", "sentiment": -0.0516, "entities": []}, {"author": "@larryspiller15", "comment": "I said stay out of oil how many times.\n\nFor the love of god stop buying oil.", "likes": 2, "published_at": "2020-03-10T19:15:17Z", "sentiment": 0.6249, "entities": []}, {"author": "@polarwireless", "comment": "A market crash is nothing but an opportunity, Enjoy it while you can", "likes": 1, "published_at": "2020-03-10T17:57:15Z", "sentiment": 0.1159, "entities": []}, {"author": "@jenn151337", "comment": "Now is the perfect time to invest more :-D", "likes": 0, "published_at": "2020-03-10T16:45:33Z", "sentiment": 0.8412, "entities": []}, {"author": "@Peter-dn2os", "comment": "Your dog is licking on its corona virus balls... make sure you quarantine it for future video... just joking..", "likes": 0, "published_at": "2020-03-10T16:37:16Z", "sentiment": 0.3182, "entities": []}, {"author": "@steven-ft3yt", "comment": "Great content. Staying grounded thx!", "likes": 0, "published_at": "2020-03-10T16:25:43Z", "sentiment": 0.784, "entities": []}, {"author": "@wolfofdubai", "comment": "Be ready for cheap stocks!\n\nand toilet paper as the new currency!", "likes": 7, "published_at": "2020-03-10T15:50:02Z", "sentiment": 0.4738, "entities": []}, {"author": "@afshardidehvar843", "comment": "\ud83d\udc4d\ud83d\udc4d", "likes": 0, "published_at": "2020-03-10T15:26:29Z", "sentiment": 0.0, "entities": []}, {"author": "@AlexWeberg", "comment": "Nice dog", "likes": 0, "published_at": "2020-03-10T14:41:52Z", "sentiment": 0.4215, "entities": []}, {"author": "@SherlocckHolmez", "comment": "NYSE: RCL\n\n**Update - waiting for this shit to go bankrupt protection.\n\nYou're welcome.", "likes": 4, "published_at": "2020-03-10T14:36:35Z", "sentiment": -0.705, "entities": ["NYSE"]}, {"author": "@outworkthework", "comment": "I don't really see this as a crash but just panic selling due to virus situation and all the shutdowns. I expect more of this until the situation is resolved. When that happens I expect the market to rocket back to original levels due to GREED.", "likes": 0, "published_at": "2020-03-10T12:33:34Z", "sentiment": -0.7875, "entities": []}, {"author": "@addicted2crypto64", "comment": "The problem is that many smaller businesses need credit to cover daily operational costs. Central banks will drop rates to help but they don't have far to go before rates will go negative", "likes": 0, "published_at": "2020-03-10T11:25:58Z", "sentiment": -0.7003, "entities": []}, {"author": "@chizzzgaming", "comment": "its weird this time, yields all below 1% and the fed is going crazy with throwing money around. We still don't know the peak of the corona, oil down huge.I wouldn't be a seller or a buyer be very careful", "likes": 0, "published_at": "2020-03-10T09:13:54Z", "sentiment": -0.2975, "entities": ["fed"]}, {"author": "@funitoo", "comment": "this reminds me I have to check my portfolios. Haven't looked since it all started.", "likes": 0, "published_at": "2020-03-10T08:59:20Z", "sentiment": 0.0, "entities": []}, {"author": "@jerryme5204", "comment": "Sry but not sry, all I can focus is that cute dog in the back. Lol hahahahaha", "likes": 3, "published_at": "2020-03-10T08:53:25Z", "sentiment": 0.8271, "entities": []}, {"author": "@MKNAOMIII", "comment": "Stop lying and just admit your scared like the rest of us to open your account and see how much money you lost.", "likes": 0, "published_at": "2020-03-10T07:31:52Z", "sentiment": -0.7579, "entities": []}, {"author": "@mvc_", "comment": "Im hopping it drops more to be honest because I\u2019m waiting for the right time to pick up some deals. Glad i have bit to put into the market. Crazy how the media brings out how stocks are dropping. I think thats why people panic about it.", "likes": 0, "published_at": "2020-03-10T06:53:39Z", "sentiment": 0.2177, "entities": []}, {"author": "@shelbinater2981", "comment": "I love your dog", "likes": 1, "published_at": "2020-03-10T05:16:38Z", "sentiment": 0.6369, "entities": []}, {"author": "@Kuro_Tokki", "comment": "This is why I'm thankful to have come across your channel when I was just starting to get into investing, I was completely unfazed by the drop my portfolio experienced. I've been looking forward for something like this to happen and my only regrets are:\n\n- Not working hard enough in the summer to make a lot of money and take full advantage of this moment\n- Not having thoroughly researched and compared companies in my watch-list to prioritize my purchases", "likes": 2, "published_at": "2020-03-10T04:54:53Z", "sentiment": 0.5988, "entities": []}, {"author": "@rsturcke", "comment": "He seems to really like his foot... lol", "likes": 0, "published_at": "2020-03-10T04:44:44Z", "sentiment": 0.6801, "entities": []}, {"author": "@rsturcke", "comment": "Yellow lab?", "likes": 0, "published_at": "2020-03-10T04:42:28Z", "sentiment": 0.0, "entities": []}, {"author": "@rsturcke", "comment": "Introduce your dog!", "likes": 0, "published_at": "2020-03-10T04:41:56Z", "sentiment": 0.0, "entities": []}, {"author": "@SB-de6oc", "comment": "Pupper isn\u2019t worried because he cashed in his fruitful Roth IRA \ud83d\ude02\u2764\ufe0f", "likes": 0, "published_at": "2020-03-10T04:32:10Z", "sentiment": -0.296, "entities": []}, {"author": "@ernestomiguelcredito3777", "comment": "Totally agree with you Brandon. As a beginner investor, I too am excited of the crash right now as it's a good buying opportunity for me.", "likes": 4, "published_at": "2020-03-10T04:30:58Z", "sentiment": 0.8016, "entities": []}, {"author": "@tompeters4234", "comment": "Thanks for the better outlook to calm the crazies.", "likes": 1, "published_at": "2020-03-10T04:14:35Z", "sentiment": 0.7964, "entities": []}, {"author": "@amahdcole7888", "comment": "That why we have to stay prepare in these times", "likes": 1, "published_at": "2020-03-10T04:11:22Z", "sentiment": 0.0, "entities": []}, {"author": "@whoowhaaat5666", "comment": "I'm being like buffet, you guys see disaster and panic, I see sales, sale,sale,sale.", "likes": 2, "published_at": "2020-03-10T04:07:50Z", "sentiment": -0.7096, "entities": []}, {"author": "@carolxiong7696", "comment": "Totally got distracted by the dog! Cuteness overload", "likes": 0, "published_at": "2020-03-10T03:56:21Z", "sentiment": -0.2893, "entities": ["Cuteness"]}, {"author": "@anne-mariel3256", "comment": "Your \ud83d\udc36 wants to be petted ....", "likes": 0, "published_at": "2020-03-10T03:36:12Z", "sentiment": 0.0, "entities": []}, {"author": "@khamady", "comment": "The message from the video is ... That dog  is adorable \ud83e\udd29", "likes": 1, "published_at": "2020-03-10T03:15:35Z", "sentiment": 0.4939, "entities": []}, {"author": "@Sk3pT1kal82", "comment": "How can you own a dog and have a dog fur coat? Do people not see the irony here???", "likes": 0, "published_at": "2020-03-10T03:15:35Z", "sentiment": 0.2751, "entities": []}, {"author": "@thefozzybear", "comment": "More than 10 years without a recession and here it is.  Hello, 2020.", "likes": 4, "published_at": "2020-03-10T02:59:35Z", "sentiment": 0.3252, "entities": []}, {"author": "@201am", "comment": "Hey Brandon, stumbled across your channel a few days ago and the content has been super helpful for a beginner investor. Would love to see some tips for shorter term investing  eg. wouldn't want to be saving for a down payment where funds would be needed somewhat soon and have a crash like this happen", "likes": 0, "published_at": "2020-03-10T02:59:20Z", "sentiment": 0.888, "entities": []}, {"author": "@candyfloss184", "comment": "Can I talk to you? I feel worried.", "likes": 0, "published_at": "2020-03-10T02:57:11Z", "sentiment": -0.296, "entities": []}, {"author": "@yknarfgnat", "comment": "I wish I had more cash on hand darn it LOL", "likes": 1, "published_at": "2020-03-10T02:55:40Z", "sentiment": 0.8657, "entities": ["LOL"]}, {"author": "@collinb5784", "comment": "You recommended OVV and it has gone down 82% since I got your recommendation.  Now I hear the company is trying to sell.  It is not a case of panic or crashes but rather your lack of skill in assessing growth.  Even long term this was a very poor recommendation.", "likes": 3, "published_at": "2020-03-10T01:56:10Z", "sentiment": -0.4383, "entities": ["OVV"]}, {"author": "@evanboudreau988", "comment": "Doggo!!", "likes": 0, "published_at": "2020-03-10T01:53:48Z", "sentiment": 0.0, "entities": []}, {"author": "@xxwildaasxx6154", "comment": "Wow I love this, I\u2019m going to shar this with my brother and sister!!! Let\u2019s keep  the community strong guys", "likes": 0, "published_at": "2020-03-10T01:39:25Z", "sentiment": 0.9213, "entities": []}, {"author": "@xxwildaasxx6154", "comment": "What stocks do you recommend to buy now ?", "likes": 0, "published_at": "2020-03-10T01:29:27Z", "sentiment": 0.3612, "entities": []}, {"author": "@joaom.4944", "comment": "Energy", "likes": 2, "published_at": "2020-03-10T01:19:25Z", "sentiment": 0.2732, "entities": []}, {"author": "@mecca319", "comment": "Lol the dog so chill in the back.  Great video Brandon!", "likes": 1, "published_at": "2020-03-10T01:18:14Z", "sentiment": 0.8016, "entities": []}, {"author": "@ShihabPersonalFinance", "comment": "Your hands are enormous", "likes": 0, "published_at": "2020-03-10T01:13:17Z", "sentiment": 0.0, "entities": []}, {"author": "@dafttool", "comment": "*American Nero* to the rescue, \nAmerica\u2019s riches gifted to the few, \nThe last two years of the Dow has vanished,\nJust as sanity was quarantined and banished.", "likes": 1, "published_at": "2020-03-10T00:42:16Z", "sentiment": 0.7717, "entities": ["Dow"]}, {"author": "@ShihabPersonalFinance", "comment": "The problem is some people have short term trades, but if you are long term investor or dividend investor, you are actually happy", "likes": 4, "published_at": "2020-03-10T00:41:22Z", "sentiment": 0.6369, "entities": []}, {"author": "@user-qq2oc5lp5z", "comment": "Really good video! The stock price is just a number until u sold it. And price changes every day. Never go over u budget. Think longtime and play smart. Good luck everyone!", "likes": 0, "published_at": "2020-03-10T00:30:41Z", "sentiment": 0.9334, "entities": []}, {"author": "@fredsmith809", "comment": "Dog is like: meh as long as I get my food and walk I'm all good... :)", "likes": 2, "published_at": "2020-03-10T00:19:28Z", "sentiment": 0.6369, "entities": []}, {"author": "@redmen2822", "comment": "Is it possible Ovintiv (encana) goes out of business? Because 2-3$ range is looking crazy attractive", "likes": 2, "published_at": "2020-03-10T00:17:12Z", "sentiment": 0.128, "entities": []}, {"author": "@camilosad1979", "comment": "thanks for sharing this piece of wisdom and common sense in a time like this", "likes": 1, "published_at": "2020-03-10T00:14:04Z", "sentiment": 0.891, "entities": []}, {"author": "@shajibkumarguha234", "comment": "58% drop!", "likes": 0, "published_at": "2020-03-10T00:13:31Z", "sentiment": -0.3382, "entities": []}, {"author": "@gilang1431", "comment": "Thanks Brandon for these precious advice. We'll stay cool, calm and frozen in time for awhile.", "likes": 0, "published_at": "2020-03-10T00:11:59Z", "sentiment": 0.8807, "entities": []}, {"author": "@hugosmith6776", "comment": "ear mites on dog,   get em checked out...\u2026..unless you want his scratching to produce a MUCH worse condition (veterinary pharmacist)", "likes": 4, "published_at": "2020-03-10T00:07:56Z", "sentiment": -0.4215, "entities": []}, {"author": "@sea_ham2651", "comment": "If your down 60% on your investments don\u2019t you have to make a 120% gain to recover those losses?", "likes": 1, "published_at": "2020-03-09T23:54:07Z", "sentiment": 0.1779, "entities": []}, {"author": "@scattysigue3604", "comment": "I am not panicking at all \ud83d\ude02 just really sad that i don\u2019t have money to invest right now", "likes": 3, "published_at": "2020-03-09T23:51:08Z", "sentiment": -0.2469, "entities": []}, {"author": "@ssssuupppp", "comment": "I didn't come here for the dog but I stayed for the dog.", "likes": 1, "published_at": "2020-03-09T23:38:47Z", "sentiment": 0.0, "entities": []}, {"author": "@Christoph877", "comment": "I expected this to happen either this year or next. So was prepared, All cash and Gold. S&P 500 near 200 Moving Average on the weekly now, so may be good to start averaging in from $2700ish, down to $2000? Who knows how low it's going to go, but it's Monthly 200 moving average is down to $1700/1900, and in the last 2 decades has it's met that moving average, even breached further down in '08. Good words Brandon.", "likes": 0, "published_at": "2020-03-09T23:37:38Z", "sentiment": 0.7159, "entities": ["Gold"]}, {"author": "@Kevin_Street", "comment": "I am a bit scared by the current situation. This is actually the _fourth_ stock market crash in my lifetime, but in 1987, 2000, and 2008 I was simply too poor to have any real money at stake. This is the first crash where I've got something significant to lose, so it's frightening. But the other side of that is I also remember how the markets recovered each time. And there's no doubt they'll do it again, eventually.\n\nOverall I agree with you. The best thing to do is just stay put and try not to worry excessively. Definitely _do not sell._ If you truly believe your investments made sense last month, then they still make sense now and will become profitable again. The only thing I disagree with you about is buying energy stocks. The whole situation with the price of oil is incredibly complicated and still unfolding. Until there's more clarity about what's going to happen with energy I'd advise not making any new investments in that sector. Just save your money for now.", "likes": 0, "published_at": "2020-03-09T23:34:44Z", "sentiment": 0.8997, "entities": []}, {"author": "@scottscriticalmass", "comment": "Thanks for the timely video Brandon... I agree with what you're saying about many of the YouTube channels.  This is the time that'll separate the true investors from the posers (and in some cases charlatans).\n\nQuite the day!!  My single largest one day loss in the market, by far!  I lost more in my brokerage accounts today than I've earned working most years of my life.  With that said, I've long been waiting for a day like today and was prepared to withstand it and take advantage of it.  No... I didn't go crazy and fill all my positions, but I did add to a number of positions and limped in to a couple new positions as well.  Pretty excited since I now have more positions to fill.  I'm under no delusion that I bought these stocks at the bottom today; I actually hope I didn't because I plan to buy more of each, not to mention a bunch of others I'd like to add to and a few more I'd like to initiate positions in as well.  I'm looking at you NKE and TXN...\n\nWe're just a percent or so away from officially entering bear territory and my guess is we'll get there, if not tomorrow, sometime soon.  How much deeper will the bear go from there?  No idea, but I'll continue slowly adding to my positions just like I always do.  \n\nFor the newer or younger investors... Don't necessarily focus on what dropped most and never assume a stock cannot go down further.  Those are two of the biggest mistakes IMO.  Why?  There's likely a reason those companies dropped the most and unless they're at zero there's room to drop.  Go watch just about any YT video recommending ACB for reference.  Focus on the stocks of great companies and buy at fair to great prices.  What's fair to great?  That's somewhat subjective and based on your investment objective, so you'll need to figure that out for yourself.  Not to mention, I'd write a book's worth of words if I tried to explain my process.  As you can see, I'm not the most succinct person in the world.\n\nFor anyone interested, here's a few stocks I purchased today.  ABEV, BRK/B, BUD, CTVA, MMM & PANW.  Small amounts of each.  Initiated new positions in GWRE and XLNX as well (only 5% of desired positions in each).  Hopefully, tomorrow will afford even greater opportunities and I'll go even deeper. \u00a0\n\nBTW... I'm not recommending any of the stocks I purchased today.  I have specific reasons for liking each, which may not meet your objectives.\n\nGood luck everyone!", "likes": 0, "published_at": "2020-03-09T23:28:46Z", "sentiment": 0.9977, "entities": ["NKE", "TXN", "IMO", "YT", "BRK", "BUD", "CTVA", "MMM & PANW", "Initiated", "XLNX"]}, {"author": "@BirdsR", "comment": "A stock i really want to start purchasing is Chewy but thus far its held up very well. I adopt And buy Animals of All kinds so i use the products And think there an awesome Company. Hoping it goes down a few more dollars.", "likes": 0, "published_at": "2020-03-09T23:26:59Z", "sentiment": 0.9451, "entities": ["Chewy"]}, {"author": "@winyoutube", "comment": "good video Brandon, thanks. \n\n\nThe dog took a lot of screen attention very funny  hahaha", "likes": 1, "published_at": "2020-03-09T23:26:49Z", "sentiment": 0.9165, "entities": []}, {"author": "@NickPeitsch", "comment": "Great video Brandon.\n\n\nToday was bad, but I was able to stay grounded knowing that I don't need to sell my stocks for the next 25 years :)", "likes": 2, "published_at": "2020-03-09T23:23:34Z", "sentiment": 0.6486, "entities": []}, {"author": "@jim8072", "comment": "I fundamentally agree that it's a great opportunity as an INVESTOR to build long term wealth.\n\n This is my second recession(let's assume that this turns into recession) The complicating factor is the potential loss of your job or loss of your business revenue. That's  the element that presents a lot of practical difficulty.", "likes": 3, "published_at": "2020-03-09T23:23:30Z", "sentiment": 0.765, "entities": []}, {"author": "@je.m3320", "comment": "Oof rio can is so good compound here I come", "likes": 0, "published_at": "2020-03-09T23:19:36Z", "sentiment": 0.5777, "entities": []}, {"author": "@rshim", "comment": "With limited funds remaining, is it recommended to average down some current positions, or buy a blue chip stock now as they rarely go on sale?", "likes": 0, "published_at": "2020-03-09T23:17:13Z", "sentiment": -0.0258, "entities": []}, {"author": "@hungerbulb", "comment": "Thanks Brandon for your insight on this topic, I 100% agreed to what you said and will stick to my plan", "likes": 1, "published_at": "2020-03-09T23:07:49Z", "sentiment": 0.6124, "entities": []}, {"author": "@MattPukas", "comment": "Agree with you man! It is very healthy in the market cycle for this to happen. Younger investors must be salivating right now. It\u2019s important to make sure you have the appropriate asset allocation and emergency fund nearby.", "likes": 1, "published_at": "2020-03-09T23:05:42Z", "sentiment": 0.831, "entities": []}, {"author": "@turbofanlover", "comment": "WOOHOO!!!!!!  FINALLY!!!!  It's about time that this massively old bull kicked the bucket.  As someone who is 100% in cash, I say keep falling, baby!  :)\n\n\nP.S.  I wouldn't touch energy/oil stocks, unless it's a short term buy.  They are so not the future...the world is going \"green\", IMO.", "likes": 0, "published_at": "2020-03-09T23:05:38Z", "sentiment": 0.5526, "entities": ["WOOHOO", "IMO"]}, {"author": "@GDPops", "comment": "*Thank God We Were In The Booming Trump Economy When This Virus Hit Us!* \n*Imagine the hit if our economy were stagnate as it was during the B.H.O./Biden administration.*", "likes": 1, "published_at": "2020-03-09T23:04:03Z", "sentiment": 0.3382, "entities": ["The Booming Trump Economy When This Virus"]}, {"author": "@Krogzaxants", "comment": "I am so happy right now, the only bad thing is not having cash. Going to add more money in 2 weeks. Bought alot of RDS and CCL today for the lomgterm.", "likes": 1, "published_at": "2020-03-09T22:58:11Z", "sentiment": 0.1263, "entities": ["RDS", "CCL"]}, {"author": "@308bar", "comment": "Good vid I lived through two of these and I've come out on top. A great time as a value investor.", "likes": 4, "published_at": "2020-03-09T22:57:08Z", "sentiment": 0.8807, "entities": []}, {"author": "@jentrotman649", "comment": "Warren Buffet is legit doing the \"Keep calm and carry on\" right now\u00a0\nlol", "likes": 4, "published_at": "2020-03-09T22:54:48Z", "sentiment": 0.6249, "entities": []}, {"author": "@InvestingEducation", "comment": "Bought more stocks", "likes": 9, "published_at": "2020-03-09T22:51:58Z", "sentiment": 0.0, "entities": []}, {"author": "@wasi4413", "comment": "Please tell us stocks to buy or put on watch list in this situation thanks", "likes": 3, "published_at": "2020-03-09T22:49:34Z", "sentiment": 0.6369, "entities": []}, {"author": "@YamzYamzAndMoreYamz", "comment": "I like your doggo", "likes": 3, "published_at": "2020-03-09T22:43:38Z", "sentiment": 0.3612, "entities": []}, {"author": "@ackt83", "comment": "sad to say even after this crash tech stocks are still overvalued. much of the prices have risen base on hopes and dreams and not on fundamentals. it's foolish to call a bottom anytime soon, unless it tests the december 2018 lows", "likes": 0, "published_at": "2020-03-09T22:42:03Z", "sentiment": -0.561, "entities": []}, {"author": "@pumpkin3536", "comment": "Sound advice.  It's a long term game. Panic selling now is too late.", "likes": 0, "published_at": "2020-03-09T22:36:55Z", "sentiment": -0.5106, "entities": []}, {"author": "@perkyb1213", "comment": "I sold some at a a gain to buy at lower price. Holding the stocks I\u2019m down on. Not panicking. Really. \ud83e\udd7a\ud83e\udd2d\ud83d\ude22\ud83d\ude0a\ud83d\ude34\ud83e\udd17\ud83d\ude1b\ud83d\ude1f", "likes": 0, "published_at": "2020-03-09T22:32:05Z", "sentiment": 0.5583, "entities": []}, {"author": "@benjaminshore3441", "comment": "Dude this is so exciting! The crash sucks, yes, but so many opportunities to discount shop!", "likes": 8, "published_at": "2020-03-09T22:31:58Z", "sentiment": 0.7251, "entities": []}, {"author": "@frazzledhaloz3184", "comment": "I am having a blast....lol", "likes": 0, "published_at": "2020-03-09T22:31:54Z", "sentiment": 0.0, "entities": []}, {"author": "@StonedViper", "comment": "What goes down will go up!!", "likes": 0, "published_at": "2020-03-09T22:31:26Z", "sentiment": 0.0, "entities": []}, {"author": "@CaseyBurnsInvesting", "comment": "Brandon: Stock Market Panic advice\n\n Dogs: Unphased/eating own junk.\n\nBe like dogs in the crash.", "likes": 42, "published_at": "2020-03-09T22:30:49Z", "sentiment": -0.5423, "entities": []}, {"author": "@kimmyhead2541", "comment": "Im thinking of buying google and alibaba as my final buys in this crash. Should I wait or go for it tomorrow?", "likes": 4, "published_at": "2020-03-09T22:30:44Z", "sentiment": -0.481, "entities": []}, {"author": "@Nivan156", "comment": "What stock dropped by 69%? Because extra discount shoptime!!", "likes": 1, "published_at": "2020-03-09T22:30:34Z", "sentiment": 0.0, "entities": []}, {"author": "@atown71", "comment": "Your dog is super distracting \ud83e\udd11", "likes": 2, "published_at": "2020-03-09T22:30:25Z", "sentiment": 0.4019, "entities": []}, {"author": "@dirtydangler", "comment": "Keep on sellin boomers!", "likes": 4, "published_at": "2020-03-09T22:30:05Z", "sentiment": 0.0, "entities": []}, {"author": "@koolaidpuc", "comment": "The Dog is like \u2018\u2019wtf  are you talking about??!?!? \ud83d\ude02\ud83d\ude02\ud83d\ude02 Master lets goooo for a walk outside!! In the mean time, imma chill with myself and rub myself in front of the cam! Ohhh I know imma go find the little elves aka his brother and friend and snap some shit up instead of eating my own foot\u2019\u2019", "likes": 13, "published_at": "2020-03-09T22:29:34Z", "sentiment": 0.6402, "entities": []}, {"author": "@ryanwallfanclub", "comment": "watching ovv still", "likes": 3, "published_at": "2020-03-09T22:27:11Z", "sentiment": 0.0, "entities": []}, {"author": "@perkyb1213", "comment": "Thanks Brandon. You\u2019re an inspiration.", "likes": 8, "published_at": "2020-03-09T22:27:01Z", "sentiment": 0.743, "entities": []}, {"author": "@drewmurray8231", "comment": "While this downturn is gonna suck, I'm not worried.\n\nI'm planning on peeling off some shares from my bond ETF to increase my position in equity.", "likes": 9, "published_at": "2020-03-09T22:26:33Z", "sentiment": 0.3586, "entities": []}, {"author": "@justintaylor-moneymindset4073", "comment": "Trying to learn about the crash.. but can\u2019t stop watching the dog \ud83d\ude0a\ud83d\ude0a\ud83d\ude0a", "likes": 56, "published_at": "2020-03-09T22:26:15Z", "sentiment": -0.4215, "entities": []}, {"author": "@quocvuhuynh808", "comment": "Hey Brandon! It is the best time to continue to buy OVV shares? I really want to buy more? Can u give me your opinion?Thanks", "likes": 2, "published_at": "2020-03-09T22:25:58Z", "sentiment": 0.8327, "entities": ["OVV"]}, {"author": "@TheMonkWay", "comment": "Feels good to be mostly in cash, my plan is to dollar average down, the more it drops, the more i put in, hopefully it drops 50%. Also I too drink soy sauce with my soda", "likes": 24, "published_at": "2020-03-09T22:25:05Z", "sentiment": 0.7063, "entities": []}, {"author": "@hobbies222", "comment": "the market will get a lot worst I am 95 percent in cash", "likes": 6, "published_at": "2020-03-09T22:23:44Z", "sentiment": -0.6249, "entities": []}, {"author": "@jeffallenwang", "comment": "Gotta know your goals for sure. Align strategy and execution and you'll win regardless of if you want to invest long term or take advantage of trading opportunities", "likes": 5, "published_at": "2020-03-09T22:22:49Z", "sentiment": 0.875, "entities": []}, {"author": "@beaviswealth", "comment": "Was just about to upload a video on ETFs but decided to throw up some quick thoughts on the market drop today. Enjoy the rambles... Thanks for watching! :D \n\n\ud83d\udcc8\ud83d\udcda As always, if you're a beginner to the Stock Market and you're looking for a step-by-step blueprint on how to get started... Find out more about our Investing Academy here - http://bit.ly/InvestingAcademy.", "likes": 16, "published_at": "2020-03-09T22:22:23Z", "sentiment": 0.9238, "entities": ["the Stock Market", "Investing Academy"]}]