[{"author": "@beaviswealth", "comment": "\ud83d\udcc8\ud83d\udcda As always, if you're a beginner to the Stock Market in Canada and you're looking for a step-by-step blueprint on how to get started... Find out more about our Investing Academy here - https://bit.ly/theinvestingacademy\n\nHappy New Year Everyone! Let me know what you think of the new intro music... Better? Worse?? Cheers to a prosperous year ahead! :D", "likes": 6, "published_at": "2022-01-01T18:33:49Z", "sentiment": 0.9419, "entities": ["the Stock Market", "Investing Academy"]}, {"author": "@youtubedeletedmyaccountlma2263", "comment": "Well regarding couche tard. We just only need one entrepreneurs to bring family mart to Canada and US. Couche tard is pretty much gone. That's what happened to 7 eleven in indonesia and many other convinience stores in Malaysia", "likes": 0, "published_at": "2022-09-07T18:14:59Z", "sentiment": -0.4019, "entities": ["Couche"]}, {"author": "@JungleEddie", "comment": "The last time I had money to put into the stock market was 14 years ago. I wanted to be hands off so I wanted a rock solid company. In order to buy enough to DRIP my dividends everything went into Royal Bank. This year I had $6000 to invest and wanted to take a more active role. I put 25% into TD, CN RAIL, and Fortis. Lesser amounts went into Brookfield Asset Management and Emera.", "likes": 2, "published_at": "2022-05-16T15:14:50Z", "sentiment": 0.7474, "entities": ["Royal Bank", "Brookfield Asset Management"]}, {"author": "@rianosherry860", "comment": "If your investing experience is less than 10 years start with 5-6 portfolio. Don't bet big on any single company, learn the process first. Initial diversification is not bad, it really worked for me during my early years. Remember that protection of capital is a must. Good luck!", "likes": 8, "published_at": "2022-03-25T18:01:11Z", "sentiment": 0.8419, "entities": []}, {"author": "@rotche6823", "comment": "Is tencent listed on wealthsimple? \ud83d\ude44", "likes": 0, "published_at": "2022-03-20T22:59:31Z", "sentiment": 0.0, "entities": []}, {"author": "@jenniferjordan9070", "comment": "Would love to hear Marks thoughts on UL. I purchased it after watching this series. Since then the lawsuit has really brought the price down. I still believe in there products should I buy the dip or just wait an see what happens?", "likes": 0, "published_at": "2022-03-13T11:21:00Z", "sentiment": 0.5106, "entities": ["Marks", "UL"]}, {"author": "@luxciousupholstery", "comment": "I think Sleep Country is a great buy today at $32. They have a strong moat in the mattress industry which is still growing (online and in store). Let's see how they do in a few years and beyond.", "likes": 0, "published_at": "2022-02-17T20:57:46Z", "sentiment": 0.8442, "entities": []}, {"author": "@dynatroniX86", "comment": "Let\u2019s Invest, Brandon!", "likes": 0, "published_at": "2022-02-15T03:42:16Z", "sentiment": 0.0, "entities": []}, {"author": "@kasharudner4971", "comment": "Hi Brandon\nI am interested in plant based food companies to invest\nOne of them is Beyond Meat \nWhat do you think? Thank you", "likes": 0, "published_at": "2022-02-07T05:42:20Z", "sentiment": 0.6369, "entities": []}, {"author": "@aliciaargueta1564", "comment": "love the intro music! Also great videos :) appreciate them!", "likes": 0, "published_at": "2022-02-06T02:43:51Z", "sentiment": 0.9391, "entities": []}, {"author": "@florendogomezcasuga7043", "comment": "2022 year of Inflation . Apple -tech & consumer disc. TD & NA - Financial to beat inflation, Costco & Procter Gamble, Coca-Cola, Fortis (tsx),", "likes": 0, "published_at": "2022-02-04T22:40:16Z", "sentiment": 0.0, "entities": ["Inflation", "Apple -tech &", "TD & NA - Financial", "Costco & Procter Gamble", "Coca-Cola"]}, {"author": "@juneperez6284", "comment": "Think they exchange the ATD.B to ATD.A in December.", "likes": 0, "published_at": "2022-01-18T16:25:17Z", "sentiment": 0.0, "entities": []}, {"author": "@Cannabails", "comment": "Im curious to how and where you find your \"business news\" I'm new to stocks and I was wondering is there a site that shows the latest business news that will affect the stock market or do you just check each company individually", "likes": 1, "published_at": "2022-01-16T16:26:56Z", "sentiment": 0.3182, "entities": []}, {"author": "@millereats5836", "comment": "\ud83d\udc4d\ud83c\udffe\ud83d\udc4d\ud83c\udffe\ud83d\udc4d\ud83c\udffe", "likes": 0, "published_at": "2022-01-14T21:25:16Z", "sentiment": 0.0, "entities": ["\ud83d\udc4d\ud83c\udffe\ud83d\udc4d"]}, {"author": "@hawleywood420", "comment": "CGC (Canopy Growth Corp) - Set to explode this year :)", "likes": 0, "published_at": "2022-01-13T16:09:29Z", "sentiment": 0.6808, "entities": ["Canopy Growth Corp"]}, {"author": "@bhargava11", "comment": "VOO, ENB, AC, MSFT, BANKS", "likes": 0, "published_at": "2022-01-13T12:23:13Z", "sentiment": 0.0, "entities": ["VOO", "ENB", "AC", "MSFT", "BANKS"]}, {"author": "@samuelhernandez2542", "comment": "Great intro music and very good video! Thank you :)", "likes": 0, "published_at": "2022-01-13T00:58:03Z", "sentiment": 0.9239, "entities": []}, {"author": "@Ms.melaninn", "comment": "I\u2019m new to trading stocks but I heard I shouldn\u2019t trade USD because of the conversion fee. Any tips??", "likes": 0, "published_at": "2022-01-11T23:29:09Z", "sentiment": 0.0, "entities": []}, {"author": "@davidgoldsworthy1640", "comment": "ja rule vibes my guy", "likes": 0, "published_at": "2022-01-09T18:42:08Z", "sentiment": 0.0, "entities": []}, {"author": "@ericjessop672", "comment": "I am really looking at AQN it really looks like a great time do buy with it being so low valued right now.  I am really interested in their 2022 numbers as they had a few decent aquisition/mergers over the last few years", "likes": 1, "published_at": "2022-01-09T18:02:59Z", "sentiment": 0.8903, "entities": ["AQN"]}, {"author": "@ihababuafia7502", "comment": "Enbridge will give you 6.51% and it's 51.0+ CAD", "likes": 0, "published_at": "2022-01-09T06:08:13Z", "sentiment": 0.0, "entities": ["Enbridge"]}, {"author": "@MmmMmm-cj9bj", "comment": "BAE Systems, Boeing, Lockheed Martin and Raytheon, among others, have been integral to the coalition effort, arming a fleet of combat aircraft that has repeatedly struck civilian objects, including homes, schools, hospitals and marketplaces.", "likes": 1, "published_at": "2022-01-08T17:08:35Z", "sentiment": -0.5267, "entities": ["BAE Systems", "Boeing", "Raytheon"]}, {"author": "@NolanGouveia", "comment": "Glad I\u2019m not in these overhyped trendy stocks. Long term holds in good ETFS with low fees. $60,000 of passive income last year with no stress or work", "likes": 0, "published_at": "2022-01-07T23:18:50Z", "sentiment": 0.1531, "entities": []}, {"author": "@bizteacher", "comment": "ROKU", "likes": 1, "published_at": "2022-01-07T20:22:09Z", "sentiment": 0.0, "entities": ["ROKU"]}, {"author": "@ValerioBettini", "comment": "The Everest Formula is by far the best tool for value stocks evaluation, they smashed 2021!", "likes": 0, "published_at": "2022-01-07T05:05:26Z", "sentiment": 0.784, "entities": []}, {"author": "@millereats5836", "comment": "\ud83d\udc4d\ud83c\udffe\ud83d\udc4d\ud83c\udffe\ud83d\udc4d\ud83c\udffe\ud83d\udc4d\ud83c\udffe love the intro music \ud83c\udfb6 a little razzle dazzle if you will\ud83e\udd23 love the channel and the content\ud83d\udc4c\ud83c\udffe", "likes": 0, "published_at": "2022-01-06T12:40:57Z", "sentiment": 0.8555, "entities": ["\ud83d\udc4d\ud83c\udffe\ud83d\udc4d", "\ud83c\udfb6"]}, {"author": "@mattyboofs", "comment": "Unreal intro music", "likes": 0, "published_at": "2022-01-06T03:54:36Z", "sentiment": 0.0, "entities": []}, {"author": "@ericchan7988", "comment": "Any banking stocks you recommend?", "likes": 0, "published_at": "2022-01-05T19:40:10Z", "sentiment": 0.3612, "entities": []}, {"author": "@smgg7191", "comment": "these are some pretty shaky picks dude", "likes": 0, "published_at": "2022-01-05T16:30:12Z", "sentiment": 0.3182, "entities": []}, {"author": "@jessbarber9333", "comment": "I\u2019m with you on baba was going on about it today again set a buy for tomorrow morning. Another that has fallen from grace right now but with 2 year goggles I see going way back up is Snapchat. Thanks for the great channel !", "likes": 0, "published_at": "2022-01-05T03:24:25Z", "sentiment": 0.8988, "entities": []}, {"author": "@jaspreetpannu9894", "comment": "Can we do a deep dive into CP? Its merger with KCS may pay dividends for the next 5-10 years.", "likes": 0, "published_at": "2022-01-05T01:35:20Z", "sentiment": -0.1027, "entities": ["KCS"]}, {"author": "@WheresMyPolenta", "comment": "Fundamentally what has changed from BABA ? Nothing just noise. \n\nAlibaba is extremely undervalued.", "likes": 0, "published_at": "2022-01-04T20:48:40Z", "sentiment": 0.0, "entities": ["BABA"]}, {"author": "@jftrottier7376", "comment": "My father in law owned a convenient store in the 80's and Mr Bouchard would visit him as the regional rep and would become the founder/owner of ATD.  Isn't that amazing how a person can become successful?", "likes": 1, "published_at": "2022-01-04T19:50:01Z", "sentiment": 0.1847, "entities": ["ATD"]}, {"author": "@benjaminwoods2151", "comment": "When a company pays out a dividend where in my account do I find this money?", "likes": 0, "published_at": "2022-01-04T19:18:14Z", "sentiment": 0.0, "entities": []}, {"author": "@mariettalevinson", "comment": "I like your Alibaba and Tencent calls.I will follow them for a bit.\nI own Couche tard. I will add to this position because of some of your information  re electric cars. It seems a good play.", "likes": 0, "published_at": "2022-01-04T18:58:56Z", "sentiment": 0.5106, "entities": ["Alibaba and Tencent", "Couche"]}, {"author": "@carolynparr2727", "comment": "Thanks for looking at the Canadian market as well! Would love to get more biotech videos. A lot of promising stocks like $PSTI and $REGN.", "likes": 0, "published_at": "2022-01-04T16:28:32Z", "sentiment": 0.9286, "entities": []}, {"author": "@etboily", "comment": "I'm really considering the Lion Electric company (TSX:LEV). They make electric school buses in St-Jerome, QC and have a lot of support from both provincial and federal government's. They recently built a factory in Michigan for the us market and I think they really have a huge growth potential considering the shift to electric vehicles. They won't be the new Tesla, but at around 13$ a share, I think a patient investor can do well in 3-4 years.", "likes": 1, "published_at": "2022-01-04T14:47:48Z", "sentiment": 0.841, "entities": ["Lion Electric", "TSX", "LEV", "Tesla"]}, {"author": "@j.milleraabamsc9400", "comment": "Excuse me, ENB.TO and BNS.TO need to be on this list", "likes": 0, "published_at": "2022-01-04T13:39:29Z", "sentiment": 0.0772, "entities": []}, {"author": "@joeypeteza3554", "comment": "i like the new intro haha", "likes": 0, "published_at": "2022-01-04T05:24:22Z", "sentiment": 0.6705, "entities": []}, {"author": "@cheynebest7028", "comment": "You have an advantage as a retail investor to get into companies before they get priced in for years of growth like tesla clearly is but continues to just smash expectations. Truly a wonderful story that was being snuffed out for years from big oil and legacy auto and is still the case but continues to blow passed all the miss information. I see the same for Palantir and taking advantage of the dip in Crisper Therapeutics. Two companies that are very disruptive and haven't taken off yet. Both of these are easy ways to beat the market and a possible exponential growth of 10x plus over the next 10 years.", "likes": 1, "published_at": "2022-01-04T01:16:43Z", "sentiment": 0.9599, "entities": ["Crisper Therapeutics"]}, {"author": "@lekang8179", "comment": "dis, pypl, and fb are my top picks", "likes": 0, "published_at": "2022-01-04T01:05:52Z", "sentiment": 0.2023, "entities": ["dis"]}, {"author": "@lekang8179", "comment": "dis, pypl, and fb are my top picks", "likes": 0, "published_at": "2022-01-04T01:04:45Z", "sentiment": 0.2023, "entities": ["dis"]}, {"author": "@roberttaylor3594", "comment": "I\u2019m thinking travel stocks; omicron is receding in South Africa,  so hopefully it burns through quickly with no more damage than delta would have.  AC? NCLH?  NCLH gives discounts to people that have 100 shares, apparently!   I\u2019m watching PYR; good financials and news doesn\u2019t match the price drop\u2026 the company is even buying shares back.  Need more fixed income but at at least 5% return, otherwise what\u2019s the point?", "likes": 0, "published_at": "2022-01-03T22:58:32Z", "sentiment": 0.5237, "entities": ["AC", "NCLH"]}, {"author": "@jeyaprakashjoseph9314", "comment": "Good stock picks. Stocks in my radar APPLE, BYD, TD Bank, brooks field management, Alimentation, INMODE and ticker LIT \ud83d\ude0a", "likes": 0, "published_at": "2022-01-03T17:34:16Z", "sentiment": 0.4404, "entities": ["APPLE", "BYD", "TD Bank", "brooks field management", "Alimentation", "INMODE"]}, {"author": "@r.chambers2736", "comment": "Love your picks.  Own them all except zzz .   Brandon have you ever checked with questrade about what their policy is if the tencent and baba are delisted in the US.  I know we will still own the shares but can\u2019t seem to find specific info on how to redeem if they are delisted in North America", "likes": 0, "published_at": "2022-01-03T15:30:05Z", "sentiment": 0.3818, "entities": []}, {"author": "@AgnesPelletier", "comment": "I bought ATD in December. I wanted a consumer staples stock that had lots of growth potential. Easy pick. I really like Fortis, Telus and Manulife. I also own Transalta and Brookfield Renewables, but the jury is still out on how much I actually like them. I look at these as my main \"looking towards the future stocks\" so time will tell.", "likes": 6, "published_at": "2022-01-03T02:46:47Z", "sentiment": 0.8093, "entities": ["ATD", "Transalta", "Brookfield Renewables"]}, {"author": "@stuartbuxton8223", "comment": "I just bought some Disney but some of the stuff I'm looking at for this year is is lucid motors LCID I'm well aware it's over valued but I'm hoping it's going to be a good stock for the long haul. Also holding TWM and it's other company LCFS , tidewater is a small cap pipe line company that has gone Into the renewable bio diesel refinery if you ever had time to look into them I'd love to hear your thoughts", "likes": 0, "published_at": "2022-01-03T00:48:46Z", "sentiment": 0.9676, "entities": ["Disney", "TWM"]}, {"author": "@guggysandhu4393", "comment": "momo, efoi, solo, nndm", "likes": 0, "published_at": "2022-01-02T22:35:03Z", "sentiment": 0.0, "entities": []}, {"author": "@Superdave005", "comment": "goog, csu, cve are some of the stocks I'm adding in 2022", "likes": 2, "published_at": "2022-01-02T20:06:18Z", "sentiment": 0.0, "entities": []}, {"author": "@onlygrowthincome3365", "comment": "Great Selection, ATD is on my target to buy very soon! Do you still have all you stocks sold? Any of end of the year update Portfolio? I pretty much done mine, but always loved your videos! Have a good year man!", "likes": 0, "published_at": "2022-01-02T19:55:04Z", "sentiment": 0.944, "entities": ["ATD"]}, {"author": "@kelleyhaldorson209", "comment": "Wow! I am excited this year.  Thanks you for your help in becoming a better more confident investor.  I have learned a lot from you and your father.  A while ago you had a video that discussed the 5 stocks you would buy if you were going away for 40 years and I realized that I didn't own most of the ones that hit my list so I am going to try and start positions in as many of them as I can.  I will use the CDR product that is now available to help with that.  BRK, 3M, Google, Visa are my current targets, not sure about JNJ as they are going to split.  But I did pick up some Suncor SU for the great dividends and I feel they will continue to grow.  Also targeting the Canadian Banks this year.  I might not get to all of them this year but as the opportunities come up I hope to be ready.", "likes": 3, "published_at": "2022-01-02T19:02:17Z", "sentiment": 0.9797, "entities": ["CDR", "BRK", "Google", "Visa", "JNJ", "the Canadian Banks"]}, {"author": "@cashflowhunter1033", "comment": "Humm i don't know man.  China stock ....", "likes": 1, "published_at": "2022-01-02T18:20:09Z", "sentiment": 0.0, "entities": []}, {"author": "@willkeen5010", "comment": "I would invest in Nuvie and Well Health before any Chinese stocks, just my honest opinion.", "likes": 0, "published_at": "2022-01-02T18:10:43Z", "sentiment": 0.6597, "entities": ["Nuvie and Well Health"]}, {"author": "@elenamalkova4782", "comment": "I've heard about LMT on this channel, then bought 4 shares. Then Russian investors recommended this stock as well, and I bought more LMT. Got really good dividends by the end of this year. More to come \ud83d\ude42\nBrandon I see the ring on your left hand, congratulations!", "likes": 1, "published_at": "2022-01-02T17:52:44Z", "sentiment": 0.9401, "entities": ["LMT", "LMT"]}, {"author": "@PaulNoad", "comment": "I like your choices of 1 and 3.", "likes": 0, "published_at": "2022-01-02T16:51:52Z", "sentiment": 0.3612, "entities": []}, {"author": "@Adrian-cn5rk", "comment": "Throw back music as an intro. YES SIIIIIRRRR \ud83d\ude4c\ud83c\udffe\ud83d\udc4f\ud83c\udffe", "likes": 1, "published_at": "2022-01-02T16:46:46Z", "sentiment": 0.5319, "entities": []}, {"author": "@SimonStormFrigon", "comment": "Great video Brandon, I most definitely agree on your Tencent and Alibaba picks, curious as to your thoughts on Baidu in this sector", "likes": 0, "published_at": "2022-01-02T16:30:19Z", "sentiment": 0.9036, "entities": ["Baidu"]}, {"author": "@kylestratton4943", "comment": "I'm watching Meta and Google closely", "likes": 0, "published_at": "2022-01-02T16:27:12Z", "sentiment": 0.0, "entities": ["Meta", "Google"]}, {"author": "@CatenRouwth", "comment": "RBLX waiting for it to drop", "likes": 0, "published_at": "2022-01-02T15:16:49Z", "sentiment": -0.2732, "entities": []}, {"author": "@alexandreblais6853", "comment": "RNW & NPI", "likes": 0, "published_at": "2022-01-02T14:58:12Z", "sentiment": 0.0, "entities": ["RNW & NPI"]}, {"author": "@nimitaw1167", "comment": "Isn\u2019t Couch Tard called Mac in Ontario?", "likes": 2, "published_at": "2022-01-02T14:55:18Z", "sentiment": -0.5423, "entities": ["n\u2019t Couch Tard"]}, {"author": "@tapasya911", "comment": "Three stocks im looking at - Affirm, Lucid/Rivian at my estimate of accurate levels, Etsy", "likes": 0, "published_at": "2022-01-02T14:23:21Z", "sentiment": 0.0, "entities": []}, {"author": "@nicolenorton4132", "comment": "Like the new intro Brandon \ud83d\udc4d\ud83c\udffd", "likes": 0, "published_at": "2022-01-02T14:00:39Z", "sentiment": 0.3612, "entities": []}, {"author": "@Astral106", "comment": "I love the old song.  What is it call? And who is it by?", "likes": 0, "published_at": "2022-01-02T13:24:53Z", "sentiment": 0.6767, "entities": []}, {"author": "@Slickpete83", "comment": "*buying more of the big five Canadian banks as they increase their dividends, for my long term portfolio* \ud83c\udde8\ud83c\udde6\ud83d\udc4d\ud83d\udc4d", "likes": 3, "published_at": "2022-01-02T10:32:16Z", "sentiment": 0.3182, "entities": []}, {"author": "@guillaumewsr9372", "comment": "Can you truly trust the Chinese stock market? Alibaba hurt me so bad in 2020. Numbers don\u2019t make sense in such political environment. Not talking about the inevitable growing tension with the US and the world over the next few years. Sad reality.", "likes": 1, "published_at": "2022-01-02T09:04:04Z", "sentiment": -0.6901, "entities": []}, {"author": "@brunoferreira006", "comment": "Love the fact you still have Alibaba and tencent! I got them around 2017, still confident that it will go up again.  Now I'm starting with 2 other  risky  Canadian stocks. I'm from Montr\u00e9al in Qu\u00e9bec and there is 2 huge companies that I have my eyes on.... Nuvei Corp and lightspeed...  I know it's risky because of the allegations but watching the numbers and the growth  it seems like a good bet! Do you have a point of view on these 2 stocks? Keep up the good work and I love your discussions with your father! Those are for me the best videos!", "likes": 2, "published_at": "2022-01-02T08:53:43Z", "sentiment": 0.9869, "entities": ["Nuvei Corp"]}, {"author": "@qqqspx", "comment": "Me personally, I\u2019m buying NIO, COIN, SE, SQ. All are trading at pre pandemic multiples and growing rev at a parabolic pace. Especially COIN, with a P/E of 19, It\u2019s a value stock right now.", "likes": 0, "published_at": "2022-01-02T05:33:18Z", "sentiment": 0.4767, "entities": ["COIN"]}, {"author": "@qqqspx", "comment": "Love the new intro music, Ja Rule ft Ashanti - Mezmorize? One of my fav tunes from 2001.", "likes": 1, "published_at": "2022-01-02T05:25:30Z", "sentiment": 0.802, "entities": []}, {"author": "@vigneshwarthulasirangan2323", "comment": "I have your top two pick ATD and Lockheed Martin in my portfolio but I am also pretty excited about boeing, activision and CN.", "likes": 0, "published_at": "2022-01-02T04:51:09Z", "sentiment": 0.8316, "entities": ["ATD"]}, {"author": "@dividean", "comment": "Ja rule haha yea", "likes": 0, "published_at": "2022-01-02T04:44:34Z", "sentiment": 0.4588, "entities": []}, {"author": "@chuckandary7115", "comment": "I like BABA long term has awesome potential like China has a fast growing economy and many new citizens entering the middle class so that should help with sales...my average price on BABA is $186 and I\u2019m just going to hold, it represent about 10% of my portfolio and I\u2019m only 30 so I have a long time to hold", "likes": 0, "published_at": "2022-01-02T04:14:28Z", "sentiment": 0.9147, "entities": ["BABA", "BABA"]}, {"author": "@j_jin8", "comment": "Thoughts about buying Toyota?", "likes": 0, "published_at": "2022-01-02T04:05:55Z", "sentiment": 0.0, "entities": ["Toyota"]}, {"author": "@TheMetamucil", "comment": "If you're thinking of buying Tencent (TCEHY), I thinks Prosus (PROSY) is a better buy. Prosus is an holding compagny that most of his asset are Tencent stock. Super investor like Mohnish Pabrai and Guy Spier are buying Prosus instead of Tencent as an asset play. Accord to them, the value of the Tencent in Prosus is worthing more than the current value of the stock of Prosus.", "likes": 0, "published_at": "2022-01-02T03:46:04Z", "sentiment": 0.9639, "entities": ["Tencent", "TCEHY", "Tencent", "Prosus"]}, {"author": "@jonathanontheweb", "comment": "HIVE blockchain, Spin Master and Shopify", "likes": 1, "published_at": "2022-01-02T02:43:55Z", "sentiment": 0.0, "entities": ["HIVE", "Spin Master"]}, {"author": "@MayuraWijeyaratne", "comment": "Great content as always. I bought BABA when it went down to $150 and now it's at $118. So will be adding to this position in 2022. Thank you for the sleep country stock pick. I need to keep that on my watch list. I've been hesitant to pull the trigger on ATD might do it in 2022. \nI'm looking in to adding my position on DCM.TO this year. They are a printing company but transitioning in to digital first company. Still I'm having only  like 2% of my portfolio a size that I'm willing to risk.", "likes": 0, "published_at": "2022-01-02T02:27:54Z", "sentiment": 0.5267, "entities": ["BABA", "ATD"]}, {"author": "@snapkutter", "comment": "I\u2019m looking to add more AQN.", "likes": 0, "published_at": "2022-01-02T01:59:58Z", "sentiment": 0.0, "entities": ["AQN"]}, {"author": "@lchan207", "comment": "I like your picks for 2022.  As for Alibaba and Tencent, the short term price are quite unpredictable due to Chinese government interference. I probably watch the price movement and hope it will stabilize. Even though Chinese government will not crush the company, the unpredictable Chinese government interference did add quite a bit of uncertainty on their business. \n\ntheir price movement until the seems stabilize. Of it", "likes": 0, "published_at": "2022-01-02T01:33:25Z", "sentiment": 0.4906, "entities": ["Alibaba and Tencent"]}, {"author": "@roberttaylor3594", "comment": "I agree with your hopes for Omicron!  I bought couche tard last year and am surprisingly happy considering the dividend; I don\u2019t mind them buying me other companies with my money!  LMT will be around forever and may be dependent on the US govt but when does US defender spending ever go down?   I am going to look at sleep country.  I feel like alibaba and tencent are risky considering what\u2019s going on with Didi.", "likes": 0, "published_at": "2022-01-02T01:30:45Z", "sentiment": 0.7639, "entities": ["Omicron", "LMT"]}, {"author": "@SRROYALCITY1", "comment": "Can you talk about the lithium market and other EV related stocks in a future video? \nBtw, intro song was good.", "likes": 3, "published_at": "2022-01-02T00:59:37Z", "sentiment": 0.4404, "entities": ["EV"]}, {"author": "@journeytrader2445", "comment": "Been holding atd for a year now and not disappointed.", "likes": 0, "published_at": "2022-01-02T00:53:14Z", "sentiment": 0.3724, "entities": []}, {"author": "@journeytrader2445", "comment": "Omicron is the covid killer!", "likes": 0, "published_at": "2022-01-02T00:51:51Z", "sentiment": -0.68, "entities": ["Omicron"]}, {"author": "@journeytrader2445", "comment": "Sorry dude don\u2019t like the intro music.", "likes": 0, "published_at": "2022-01-02T00:51:36Z", "sentiment": 0.296, "entities": []}, {"author": "@samsuna8494", "comment": "Hello. How about the BNS stock. Good dividend too!", "likes": 0, "published_at": "2022-01-02T00:32:10Z", "sentiment": 0.4926, "entities": ["BNS"]}, {"author": "@financialmarketswithtom4890", "comment": "Love the Alibaba and Tencant calls. China is a strategic investment for the future and completely agree that these are undervalued names. Keen to see how they play out. Just have to be able to stomach a bit of Goverment interaction now and then \ud83d\ude1d", "likes": 19, "published_at": "2022-01-02T00:31:18Z", "sentiment": 0.8977, "entities": []}, {"author": "@topev7864", "comment": "Hi Branden, where Alibaba and Tencent is concerned do not try to catch a falling knife\ud83e\udd23", "likes": 2, "published_at": "2022-01-02T00:29:52Z", "sentiment": -0.1531, "entities": ["Alibaba and Tencent"]}, {"author": "@valuespeaks6766", "comment": "Great video Brandon! Big follower of your channel. I'm a relatively new personal finance/stock investing youtube channel - I made a video on Curaleaf, thoughts?", "likes": 0, "published_at": "2022-01-02T00:20:54Z", "sentiment": 0.6588, "entities": []}, {"author": "@CanadianDividendInvesting", "comment": "Awesome picks brother!", "likes": 0, "published_at": "2022-01-02T00:20:26Z", "sentiment": 0.6588, "entities": ["Awesome"]}, {"author": "@topev7864", "comment": "Hi Brandon, does  coutard have any plan to add Ev charging stall to their location?", "likes": 0, "published_at": "2022-01-02T00:14:28Z", "sentiment": -0.2023, "entities": []}, {"author": "@Talkersofshit", "comment": "I bought about 12K of ATD in March and am very happy to hold on and buying more this year.", "likes": 0, "published_at": "2022-01-02T00:04:07Z", "sentiment": 0.6115, "entities": ["ATD"]}, {"author": "@bestknightmare", "comment": "New to investing, was with reddit but now trying to stabilize my portfolio with more value and quality. Building on the top mega Cap as my foundation before considering others", "likes": 0, "published_at": "2022-01-01T23:59:24Z", "sentiment": 0.6946, "entities": []}, {"author": "@yen_mytran5435", "comment": "Thanks you", "likes": 0, "published_at": "2022-01-01T23:55:08Z", "sentiment": 0.4404, "entities": []}, {"author": "@hemanthkirandharmagaddaswa3204", "comment": "Hi Brandon, Happy New Year. Great Video. Happy to see ATD in your list. Is it possible to do a video on Canadian Tech Stocks? (Nuvei, EngHouse, Lightspeed, Goodfood, Opentext etc.)", "likes": 3, "published_at": "2022-01-01T23:38:13Z", "sentiment": 0.91, "entities": ["Great Video", "ATD", "Canadian Tech Stocks", "EngHouse", "Lightspeed,", "Goodfood", "Opentext"]}, {"author": "@andrewsharpe7630", "comment": "I'm mostly investing in Canadian stocks right now, adding to: FTS, CNR/CP, NTR, PLC, CNQ.\nStocks I'm thinking of buying: BAM, ENB, NA, T. Maybe GWO and NWC.\nI'll add ATD to the watchlist. Might buy either that or L or EMP.\nLOL so Sleep Country is the Canadian version of PRPL? (Only ZZZ is actually profitable).", "likes": 3, "published_at": "2022-01-01T22:57:19Z", "sentiment": 0.1531, "entities": ["FTS", "CNR", "NTR", "PLC", "CNQ", "BAM", "ENB", "NA", "T. Maybe", "GWO", "NWC", "ATD", "EMP", "LOL", "PRPL", "ZZZ"]}, {"author": "@CrazyRedneck007", "comment": "I'm holding WFG (for more upside) Stocks ill be adding to this year are ENB, Top 6 CDN banks (whatever is highest yield at the time) CP, T, CVS (for RRSP)", "likes": 0, "published_at": "2022-01-01T22:47:13Z", "sentiment": -0.3102, "entities": ["ENB", "CVS", "RRSP"]}, {"author": "@deniskochnev4189", "comment": "I put dislike of this video because of the Alibaba (BABA) and Tencent companies. Those are Chinese companies under heavy pressure from USA (might be delisted in the next 2 years) from USA exchanges and under pressure from China government. In addition to that BABA is registered at Cayman Islands. It means that you do not really own China company. It is a huge risk to invest into China companies (it is like a gambling). If you really want to invest into it, then buy it at Hong Kong stock exchange or as part of the KWEB ETF. In anyway, communists might say thank you for your money, but you will get 0. Check what happened with TAL education etc...", "likes": 3, "published_at": "2022-01-01T22:45:53Z", "sentiment": -0.0267, "entities": ["BABA", "Cayman", "Hong Kong", "KWEB", "TAL"]}, {"author": "@sajuchacko3248", "comment": "Baba", "likes": 0, "published_at": "2022-01-01T22:39:49Z", "sentiment": 0.0, "entities": []}, {"author": "@Andy-xq3ut", "comment": "I truly believe we see a cycle out of tech and blue chip into the Innovation EV ESG sectors.  As well as small caps.  They've been shorted for an entire year straight and I think it's only a matter of time before they become relevant once again", "likes": 0, "published_at": "2022-01-01T22:25:34Z", "sentiment": 0.8225, "entities": []}, {"author": "@GregKealey", "comment": "Telus and truliev", "likes": 0, "published_at": "2022-01-01T22:16:09Z", "sentiment": 0.0, "entities": []}, {"author": "@Jman3teen", "comment": "Good picks. Personally Im a little hesitant to buy at the moment with cases skyrocketing that we might see another lockdown/sell off. I think in a month or 2 we'll have a better idea of where we sit.", "likes": 2, "published_at": "2022-01-01T22:15:54Z", "sentiment": 0.624, "entities": []}, {"author": "@keighleymchugh4637", "comment": "Hi Brandon, great video as always, i was personally expecting a bigger list but love the picks specially LHM & SleepCountry. \nIm personally looking at Boeing, Paypal, Twitter and Disney.", "likes": 1, "published_at": "2022-01-01T22:12:45Z", "sentiment": 0.8537, "entities": ["LHM & SleepCountry", "Boeing", "Disney"]}, {"author": "@TemujinBC", "comment": "I grabbed some ATD at a rock bottom price back in February.  I wish I had bought more!  Definitely a long term hold, and that growing dividend is exciting for sure", "likes": 1, "published_at": "2022-01-01T22:08:13Z", "sentiment": 0.9039, "entities": []}, {"author": "@JasonMGrainger", "comment": "I would buy LMT if wealthsimple allowed it for fractional trading. I did a college co-op with them in early 2000s. Very interesting company and amazing all the different sectors they play in", "likes": 7, "published_at": "2022-01-01T22:02:10Z", "sentiment": 0.8479, "entities": ["LMT"]}, {"author": "@mena376", "comment": "I like that new music.", "likes": 1, "published_at": "2022-01-01T21:56:52Z", "sentiment": 0.3612, "entities": []}, {"author": "@stephaniebeaton3939", "comment": "Trying to understand  Thomson Reuters.  Seems like a good investment.", "likes": 0, "published_at": "2022-01-01T21:54:51Z", "sentiment": 0.6597, "entities": ["Thomson Reuters"]}, {"author": "@brianoconner3090", "comment": "That intro was from a famous song by Ja Rule in the early 2000s. \ud83d\ude01", "likes": 1, "published_at": "2022-01-01T21:47:42Z", "sentiment": 0.0, "entities": []}, {"author": "@osmanabdullrazzaq9764", "comment": "I have the same hesitation toward Alibaba.", "likes": 0, "published_at": "2022-01-01T21:43:46Z", "sentiment": -0.2732, "entities": []}, {"author": "@Future-Gazillionaire", "comment": "Hi Brandon, what do you think about the big tech stocks such as Apple/Google/Amazon/Microsoft? Happy New Year everyone!", "likes": 2, "published_at": "2022-01-01T21:40:21Z", "sentiment": 0.6114, "entities": ["Apple/Google/Amazon/Microsoft"]}, {"author": "@TheFuzzyEwok", "comment": "Agree on Chinese stocks being vert undervalued, already own BABA and looking to add an emerging markets ETF in 2022", "likes": 2, "published_at": "2022-01-01T21:30:06Z", "sentiment": 0.3612, "entities": ["BABA"]}, {"author": "@filb", "comment": "I love Baba and I know it will someday go higher than what it's trading for, my only regret is that I bought it in the TFSA and not in a taxable account. If they get delisted, WS told me that I would be forced to sell it if it's in a TFSA since they don't accept OTC listings, once they do get delisted, you can't even sell the stock no more (WS doesn't allow it, but they will warn you for any incoming delisting by email so that you prepare to sell it)...also it will not be transfered to the HK one. \n\nI personally don't think that they will get delisted, but the possibility is always there. Had I put it in a taxable account and they would get delisted, at least I would use it for tax purposes on the losses.", "likes": 0, "published_at": "2022-01-01T21:26:14Z", "sentiment": -0.7968, "entities": []}, {"author": "@MicahHuang", "comment": "Loved the intro!", "likes": 1, "published_at": "2022-01-01T21:22:15Z", "sentiment": 0.636, "entities": []}, {"author": "@slidedeckfinance", "comment": "I find couche tard to be a very polarizing company. I think the business model is robust in the sense that people will always rely on gas to commute and convenience stores offer goods with high margins that customers don't mind paying. I just feel like there is never a big moat built up as customers are relatively indifferent on where they buy gas. I feel like the success of the company is just based off how much market share they can take up in global gas station market, making organic growth difficult and encouraging acquisitions. Curious to hear your thoughts.", "likes": 0, "published_at": "2022-01-01T21:20:51Z", "sentiment": 0.9153, "entities": []}, {"author": "@MurrMan23", "comment": "I\u2019m keeping my eye on Apple. They may seem over valued but I don\u2019t think so, I see that stock going nowhere but up for some time. Especially some of the new technology they will be releasing soon. P/E is 31 not great but not bad, and 12 month forward peg ratio is around 3. It\u2019s high on my watch list for 2022.", "likes": 0, "published_at": "2022-01-01T21:10:30Z", "sentiment": 0.0731, "entities": ["Apple"]}, {"author": "@Chris-wb3nr", "comment": "no offense, but all these picks seem terrible to me. good luck though!", "likes": 5, "published_at": "2022-01-01T21:04:24Z", "sentiment": 0.4389, "entities": []}, {"author": "@jfrunnerCanada", "comment": "Great job! \ud83d\ude03 \nMy top picks :\nTD or BMO or any of the 6 big banks\nAlgonquin Power\nTelus\nManulife", "likes": 4, "published_at": "2022-01-01T21:03:21Z", "sentiment": 0.7345, "entities": ["TD", "BMO"]}, {"author": "@anne-mariel3256", "comment": "Yes no more country music \ud83c\udfb6", "likes": 0, "published_at": "2022-01-01T20:50:16Z", "sentiment": 0.128, "entities": ["\ud83c\udfb6"]}, {"author": "@InstalockLoL", "comment": "I saw \"(Canada +US)\" and I thought there is no way Brandon puts Alibaba & Tencent in here. Then you still did it, you mad lad.", "likes": 2, "published_at": "2022-01-01T20:37:08Z", "sentiment": -0.6597, "entities": ["Alibaba & Tencent"]}, {"author": "@davidjr1365", "comment": "Happy new year! \ud83c\udf84\u270c\ufe0f\ud83d\ude4f\ud83c\udf85\ud83e\udd42", "likes": 0, "published_at": "2022-01-01T20:28:34Z", "sentiment": 0.6114, "entities": ["\ud83d\ude4f"]}, {"author": "@web3tel", "comment": "I am slowly building KWEB position for exposure to Tencent , BABA and more Chinese companies", "likes": 2, "published_at": "2022-01-01T20:26:33Z", "sentiment": 0.0, "entities": ["KWEB", "Tencent", "BABA"]}, {"author": "@emilioaz835", "comment": "AYR Wellness and a couple cannabis MSOs have been an interesting opportunity I dont see a lot of content creators speaking on. Tons of growth potential and The sector seems to be quite suppressed in value (minus a few main players in the industry) and trading at unreasonable multiple in this climate.", "likes": 0, "published_at": "2022-01-01T20:24:36Z", "sentiment": 0.9129, "entities": ["AYR Wellness"]}, {"author": "@abhishekcastelino", "comment": "Great no hype picks!", "likes": 0, "published_at": "2022-01-01T20:19:45Z", "sentiment": 0.4926, "entities": []}, {"author": "@db-ce2bt", "comment": "Surprised not to see TD or any Canadian banks on here", "likes": 4, "published_at": "2022-01-01T20:11:00Z", "sentiment": 0.2263, "entities": ["TD"]}, {"author": "@manofsesame3024", "comment": "Will just stick with AAPL MSFT & NVDA as well as TD and telus as Canadian stocks", "likes": 21, "published_at": "2022-01-01T20:01:47Z", "sentiment": 0.2732, "entities": ["AAPL MSFT & NVDA", "TD"]}, {"author": "@davidgagnecote5039", "comment": "CSU!!! Incredible returns in the past 5 years! $$", "likes": 0, "published_at": "2022-01-01T20:01:44Z", "sentiment": 0.0, "entities": ["CSU"]}, {"author": "@tc4271", "comment": "Hey Brandon, I own alibaba as well and my only concern is a delisting. How are you feeling about it?", "likes": 3, "published_at": "2022-01-01T19:57:53Z", "sentiment": 0.3818, "entities": []}, {"author": "@manofsesame3024", "comment": "Is Couche-Tard and Marci the same brand? I thought that logo is of Marci's?\ud83e\udd14", "likes": 0, "published_at": "2022-01-01T19:56:22Z", "sentiment": 0.0, "entities": ["Couche-Tard"]}, {"author": "@rashon3486", "comment": "Aritzia will double within the next two years", "likes": 0, "published_at": "2022-01-01T19:56:07Z", "sentiment": 0.0, "entities": []}, {"author": "@ab.4425", "comment": "Great video bud!! I like Baba and Tencent!!", "likes": 4, "published_at": "2022-01-01T19:48:00Z", "sentiment": 0.8302, "entities": ["Baba and Tencent"]}, {"author": "@gineisab9240", "comment": "Merci et Bonne ann\u00e9e! \ud83d\udc4d", "likes": 1, "published_at": "2022-01-01T19:46:37Z", "sentiment": 0.0, "entities": []}, {"author": "@Ilikeavocados123", "comment": "Hell nah for chinese companies", "likes": 4, "published_at": "2022-01-01T19:39:36Z", "sentiment": -0.7184, "entities": []}, {"author": "@upsetter0596", "comment": "Nice intro music \ud83c\udfb6", "likes": 0, "published_at": "2022-01-01T19:35:03Z", "sentiment": 0.4215, "entities": ["\ud83c\udfb6"]}, {"author": "@raj1a2b3c", "comment": "I am buying HIVE blockchain. It has lots of potential in future.", "likes": 6, "published_at": "2022-01-01T19:32:20Z", "sentiment": 0.0, "entities": ["HIVE"]}, {"author": "@mariomoubarak", "comment": "$C & $GS have P/E under 8", "likes": 0, "published_at": "2022-01-01T19:30:52Z", "sentiment": 0.0, "entities": []}, {"author": "@stuartrutman4885", "comment": "Hey there.  I like your picks of ATD and Lockheed Martin.  Both very intriguing. \nThe stock I'm looking at, call me boring, is PPL aka Pembina Pipeline.  It's HUGELY undervalued, has a great dividend, and has a great balance sheet.  Seems like people are in love with the oil stocks these days and in love with green energy stocks but no one seems to appreciate that gas powered cars, trucks and airplanes are going to be around for a long while.  And the only way to safely transport oil and gas is through pipelines.  Furthermore, it's pretty impossible to build a new pipeline so the ones that already exist are going to get busier than ever.  \nMy 2 cents.  \nLove your channel. \nKeep the videos coming.  \nThumbs up forever !", "likes": 7, "published_at": "2022-01-01T19:29:34Z", "sentiment": 0.9835, "entities": ["ATD", "PPL", "HUGELY"]}, {"author": "@shaneh3175", "comment": "I like the intro music, did Marc pick it?? \ud83e\udd23\ud83e\udd23", "likes": 1, "published_at": "2022-01-01T19:29:20Z", "sentiment": 0.4329, "entities": []}, {"author": "@Neverflinched", "comment": "Nice Rhude Tee!!", "likes": 0, "published_at": "2022-01-01T19:24:22Z", "sentiment": 0.5242, "entities": []}, {"author": "@MechHeli", "comment": "Happy New Year!!!!........Hey Brandon at some point I'd like to know what your thoughts are of the Roundhill Ball Metaverse ETF and do you think there's great potential?", "likes": 0, "published_at": "2022-01-01T19:22:24Z", "sentiment": 0.9094, "entities": []}, {"author": "@annehenderson7911", "comment": "Happy New Year. Thanks for another thought provoking video.", "likes": 0, "published_at": "2022-01-01T19:16:58Z", "sentiment": 0.7003, "entities": []}, {"author": "@dyingpentas", "comment": "To my surprise my Canadian stocks did much better than my US ones this year. There are still a lot of value stocks right now in the TSX, can't say the same for sp500 or nasdaq", "likes": 6, "published_at": "2022-01-01T19:06:01Z", "sentiment": 0.7506, "entities": ["TSX"]}, {"author": "@MechHeli", "comment": "great intro song Brandon.....classic for sure!!", "likes": 1, "published_at": "2022-01-01T19:05:58Z", "sentiment": 0.7896, "entities": []}, {"author": "@winnjc9154", "comment": "Yes indeed long term stocks.. looks like you were thinking about sleeping  while you thought about these stock picks..", "likes": 0, "published_at": "2022-01-01T19:05:09Z", "sentiment": 0.6369, "entities": []}, {"author": "@momo35444", "comment": "thanks brandon, great advise. i love all your videos and i alaways make sure i comment on everyone.", "likes": 0, "published_at": "2022-01-01T19:04:35Z", "sentiment": 0.926, "entities": []}, {"author": "@f3wbs", "comment": "People have actually slept on ZZZ. I wanted to put it in my TFSA since it was $20 but because it was a small cap I decided to wait and see what they would do in the future. They have a surprising history of dividend increases and although they (understandably) halted their dividend at the start of the pandemic, they've reinstated it which is shocking to me. They seem to be really well ran and mattresses seem to be in good demand since there aren't a lot of alternatives.", "likes": 0, "published_at": "2022-01-01T19:03:20Z", "sentiment": 0.5144, "entities": ["ZZZ"]}, {"author": "@turbofanlover", "comment": "I'll give you credit, dude.  You're not giving up on BABA or TCEHY.  To be honest, I'm watching them...but I won't be touching them (or any other Chinese stocks) until I see a clear bottom.  Stay tuned...lol.  I do like your ATD and ZZZ picks, though.  I may take a small nibble on those two after a pullback.  Oh...and Happy New Year.  :)", "likes": 7, "published_at": "2022-01-01T19:00:16Z", "sentiment": 0.9141, "entities": ["BABA", "TCEHY", "ATD", "ZZZ"]}, {"author": "@brybry111", "comment": "THOSE HIPS THOSE THIGHS IIIIIII", "likes": 4, "published_at": "2022-01-01T18:57:52Z", "sentiment": 0.0, "entities": []}, {"author": "@snapkutter", "comment": "Thank gawd! No more country music \ud83d\ude02", "likes": 17, "published_at": "2022-01-01T18:51:34Z", "sentiment": 0.1511, "entities": []}, {"author": "@arshaeskandari7462", "comment": "I agree with the majority of your picks \ud83d\udc4d \nIt\u2019s hard to keep investing given the high PEs across equity markets. Stay invested and have a long term vision, keep more cash to take advantage of a correction should we go through one in 2022. Good luck investing \u270c\ufe0f", "likes": 8, "published_at": "2022-01-01T18:51:25Z", "sentiment": 0.875, "entities": []}, {"author": "@Irene-th1hp", "comment": "Happy New Year Brandon.  The new tone caught me by surprise but sounds great \ud83d\udc4d", "likes": 0, "published_at": "2022-01-01T18:50:45Z", "sentiment": 0.8608, "entities": []}, {"author": "@TraderPulse", "comment": "It's already 2022, but I'm still living in 2020", "likes": 2, "published_at": "2022-01-01T18:41:02Z", "sentiment": 0.0, "entities": []}, {"author": "@smallmj2886", "comment": "I like the new intro music more than the last tune, but then again I particularly dislike country, or as my grandmother called it, \"cow music.\"", "likes": 1, "published_at": "2022-01-01T18:37:48Z", "sentiment": -0.4748, "entities": []}, {"author": "@plda123", "comment": "I like the new intro!", "likes": 2, "published_at": "2022-01-01T18:36:57Z", "sentiment": 0.4199, "entities": []}, {"author": "@amc7615", "comment": "second..filipino here", "likes": 1, "published_at": "2022-01-01T18:36:44Z", "sentiment": 0.0, "entities": []}, {"author": "@user-vq3mz9ob9d", "comment": "Hey Brandon, are there any plans to make videos on this channel talking about credit cards in Canada?", "likes": 1, "published_at": "2022-01-01T18:36:13Z", "sentiment": 0.3818, "entities": []}, {"author": "@b1tsd", "comment": "\u270c", "likes": 1, "published_at": "2022-01-01T18:35:33Z", "sentiment": 0.0, "entities": []}, {"author": "@beaviswealth", "comment": "\ud83d\udcc8\ud83d\udcda As always, if you're a beginner to the Stock Market in Canada and you're looking for a step-by-step blueprint on how to get started... Find out more about our Investing Academy here - https://bit.ly/theinvestingacademy\n\nHappy New Year Everyone! Let me know what you think of the new intro music... Better? Worse?? Cheers to a prosperous year ahead! :D", "likes": 6, "published_at": "2022-01-01T18:33:49Z", "sentiment": 0.9419, "entities": ["the Stock Market", "Investing Academy"]}]