[{"author": "@beaviswealth", "comment": "\ud83d\udcc8\ud83d\udcda As always, if you're a beginner to the Stock Market in Canada and you're looking for a step-by-step blueprint on how to get started... Find out more about our Investing Academy here - https://bit.ly/theinvestingacademy", "likes": 1, "published_at": "2021-05-04T21:01:05Z", "sentiment": 0.0, "entities": ["the Stock Market", "Investing Academy"]}, {"author": "@frixx22", "comment": "In addition to ''the four'' that Brandon is talking about. There is a powerful explanation around these leaders from Simon Sinek with the ''WHY'' concept and it teaches a LOT of things about successful companies. That changed my view on businesses in general! Cheers", "likes": 0, "published_at": "2021-07-13T15:00:53Z", "sentiment": 0.8748, "entities": ["Simon Sinek", "LOT"]}, {"author": "@scottscriticalmass", "comment": "The majority of EV companies aren't only trading like they're profitable entities when they're not, they're also trading at valuations that look like they're already one of the very few big winners.  The majority of folks didn't pay much attention to Buffett talking about the auto industry, it's great that you brought the lesson to your viewers Brandon.  Good to see you mentioning Scott Galloway's book as well.  Everything that comes out of that guy's mouth is worth listening to.  Thanks Brandon!", "likes": 0, "published_at": "2021-05-19T02:15:07Z", "sentiment": 0.948, "entities": ["EV"]}, {"author": "@alissandrasweeney289", "comment": "The arrows in the back image is very apt for the business world, since those arrows had to come from the men behind you, not the enemy you faced. It's a dog eat dog world.", "likes": 0, "published_at": "2021-05-13T12:12:47Z", "sentiment": 0.431, "entities": []}, {"author": "@davidhart2763", "comment": "Thanks Brandon for the  video, seems like common sense but as a new investor great advice.", "likes": 0, "published_at": "2021-05-07T02:17:06Z", "sentiment": 0.8537, "entities": []}, {"author": "@user-yy7sw5vg6r", "comment": "Great video,  simple suggestion your microphone placement is awkward ,  distraction \ud83e\udd2a\ud83c\udfa4", "likes": 0, "published_at": "2021-05-06T05:50:55Z", "sentiment": 0.2263, "entities": []}, {"author": "@vinny6049", "comment": "When I was starting to invest in stocks I buy 3 IPO that cost 1.15, 1.73, 1.85 and now all 3 of them are below .75cents for couple of years, after that I only invest in strong company like TD, Telus and recently enbridge and 3 BMO ETF like ZSP, ZWB, ZWC my P&L are really doing great ever since.", "likes": 1, "published_at": "2021-05-05T21:53:22Z", "sentiment": 0.9132, "entities": ["IPO", "TD", "Telus", "BMO", "ZSP", "ZWC", "P&L"]}, {"author": "@emileantoun5415", "comment": "Hey Brandon, random question. What are you doing with your FANS.CN holdings. I noticed you had some shares on your questrade video and I'm curious to know how you would handle this situation if the stock keeps going down. Thank you and keep up the great videos!", "likes": 2, "published_at": "2021-05-05T19:58:06Z", "sentiment": 0.8858, "entities": []}, {"author": "@richarddean7403", "comment": "Coincidently, exactly what I was telling my friend yesterday. He was looking to invest in the Cannabis sector. I even used the car industry as an example, lol.", "likes": 0, "published_at": "2021-05-05T18:37:53Z", "sentiment": 0.7184, "entities": ["Cannabis"]}, {"author": "@atio5491", "comment": "Buffet said all this but he\u2019s been holding some shares for decades and he doesn't own any index or ETF. Berkshire\u2019s portfolio includes individual companies Apple, Coca-cola, Chevron, AMEX etc. Isn't this a do what I say not what I do teaching? ...it's not easy to be me so don't try? \nNow my question, since companies do fall, for example, we went from Nokia, to Blackberry, now Samsung/Apple. Is buying ETFs the safest? Assuming the fund managers would have known to switch Nokia for Blackberry and get out of Blackberry for Apple at the right time.", "likes": 0, "published_at": "2021-05-05T18:07:15Z", "sentiment": 0.5833, "entities": ["Buffet", "Apple", "Chevron", "AMEX", "Nokia", "Blackberry", "Samsung/Apple", "Nokia", "Blackberry", "Blackberry for Apple"]}, {"author": "@alz3ro", "comment": "I see the rhude shirt \ud83d\udc40 Great video w good tips!", "likes": 0, "published_at": "2021-05-05T17:39:03Z", "sentiment": 0.807, "entities": []}, {"author": "@thomascarter-thompson7926", "comment": "@7:10 when you're talking about your girlfriends reaction to buffett I lost it, haha. My girlfriend is the exact same way, I have to wait till she's not around to watch him because she finds his voice so old. The ladies gotta cut the man some slack for sure.", "likes": 1, "published_at": "2021-05-05T15:27:33Z", "sentiment": 0.2263, "entities": []}, {"author": "@CanadianDividendInvesting", "comment": "Warren Buffet is the goat!", "likes": 1, "published_at": "2021-05-05T15:20:08Z", "sentiment": 0.0, "entities": []}, {"author": "@Lopersen", "comment": "Thank you.", "likes": 0, "published_at": "2021-05-05T13:13:40Z", "sentiment": 0.3612, "entities": []}, {"author": "@jfrunnerCanada", "comment": "Some people invent\nSome people improve\nIt goes together", "likes": 0, "published_at": "2021-05-05T11:59:51Z", "sentiment": 0.4404, "entities": []}, {"author": "@kilexa3599", "comment": "Hi Brandon! Not sure if you read comments but I'm trying to sign up to Wealthsimple Invest Robo-Advisor with your bonus link but the link doesn't work. Also, I think someone is trying to impersonate you (under \"Bradon Beavis investing\r\"). Great video as always :)", "likes": 0, "published_at": "2021-05-05T10:21:36Z", "sentiment": 0.9452, "entities": []}, {"author": "@rajcherian578", "comment": "Thanks. good word of wisdom.", "likes": 0, "published_at": "2021-05-05T08:41:07Z", "sentiment": 0.8481, "entities": []}, {"author": "@ClawDaddyUwU", "comment": "Yeah and with evs I can see big automotive companies going bankrupt. Now that doesn't mean a company like nio is gonna take over but we'll see ALOT of ev companies and some big ones crashing hard.", "likes": 0, "published_at": "2021-05-05T06:41:07Z", "sentiment": -0.432, "entities": []}, {"author": "@tennysonforster8412", "comment": "I think buffet was tryna warn Kathy woods that she isn\u2019t him", "likes": 1, "published_at": "2021-05-05T04:46:37Z", "sentiment": -0.1027, "entities": []}, {"author": "@lucafigueiredo6005", "comment": "Its definitely a disadvantage from being a first mover... bc you can learn from other companies mistakes, products etc...", "likes": 0, "published_at": "2021-05-05T04:36:34Z", "sentiment": -0.3818, "entities": []}, {"author": "@lucafigueiredo6005", "comment": "Lol shout out all CCIV and NIO investors \ud83d\ude05", "likes": 0, "published_at": "2021-05-05T04:32:08Z", "sentiment": 0.4215, "entities": []}, {"author": "@Henryincanada", "comment": "Warren Buffet is noticeably aged, really hope he can stay healthy for a couple more years.", "likes": 0, "published_at": "2021-05-05T04:27:53Z", "sentiment": 0.7089, "entities": []}, {"author": "@j.p.6228", "comment": "Awesome stuff as always buddy!", "likes": 2, "published_at": "2021-05-05T04:08:34Z", "sentiment": 0.6588, "entities": []}, {"author": "@jkwacker8225", "comment": "I remember never using Google. I always used Yahoo, Alta vista, excite etc. Google was just this this plain search bar. Well that\u2019s stupid. If you told me what google would become all those years ago I probably wouldn\u2019t believe you.", "likes": 0, "published_at": "2021-05-05T01:01:12Z", "sentiment": 0.2023, "entities": ["Google", "Yahoo", "Google"]}, {"author": "@pwong0227", "comment": "I agree with WB to go with S&P index fund like VOO, VFV, ZSP for novice investors.", "likes": 0, "published_at": "2021-05-05T00:40:16Z", "sentiment": 0.6124, "entities": ["WB", "S&P", "VOO", "VFV", "ZSP"]}, {"author": "@momo35444", "comment": "great video! what a good idea. thank you for that Brandon!!!", "likes": 0, "published_at": "2021-05-05T00:24:50Z", "sentiment": 0.8926, "entities": []}, {"author": "@roberttaylor3594", "comment": "Blackberry android, iPhone.", "likes": 0, "published_at": "2021-05-05T00:08:13Z", "sentiment": 0.0, "entities": []}, {"author": "@Skyline31089", "comment": "Warren Buffet needs captions. He sounds like a robot!", "likes": 0, "published_at": "2021-05-05T00:00:52Z", "sentiment": 0.4199, "entities": []}, {"author": "@chicken2nite351", "comment": "I'm pretty sure Apple beat IBM to the market by a few years in terms of the home pc with the Apple ][, although being first to market with the GUI definitely didn't help overall with Microsoft developing Windows while developing software for the Mac. The high price point and \"control the whole widget\" certainly hurt them in some ways through the 80s and 90s as being a niche, but they were able to stay alive because of that niche.\n\nThe iPod wasn't the first portable MP3 player, though, and Apple certainly benefitted from developing the link between the hardware and the software in iTunes which only sort of existed with Real Player. The scroll wheel was quite the sea change in terms of controlling the iPod through hundreds of songs as well. I'm pretty sure the iPhone would've been near the first slate interface smart phone, although maybe Palm had something along those lines and others also having smart phones with different designs which would've informed their design choices.", "likes": 0, "published_at": "2021-05-04T23:35:41Z", "sentiment": 0.9827, "entities": ["Apple", "IBM", "Apple", "GUI", "Microsoft", "Windows", "iPod", "Apple", "iTunes", "iPod", "iPhone"]}, {"author": "@leemiller2243", "comment": "warren and charlie sound like their age... old", "likes": 0, "published_at": "2021-05-04T23:16:12Z", "sentiment": 0.3612, "entities": []}, {"author": "@vuvuca10", "comment": "Criticism, like you saided is fundamental.", "likes": 0, "published_at": "2021-05-04T23:04:38Z", "sentiment": -0.1027, "entities": []}, {"author": "@brownboy1994", "comment": "Can you do a video on the topic of covered calls etf's like QYLD?", "likes": 3, "published_at": "2021-05-04T22:54:05Z", "sentiment": 0.3612, "entities": ["QYLD"]}, {"author": "@StasTalksStocks", "comment": "Got to trust the goat!", "likes": 0, "published_at": "2021-05-04T22:41:40Z", "sentiment": 0.5562, "entities": []}, {"author": "@vtheb1299", "comment": "Brandon you're wise way beyond your age.  Respect man.", "likes": 0, "published_at": "2021-05-04T22:20:44Z", "sentiment": 0.7351, "entities": []}, {"author": "@carlossuzara6161", "comment": "This is exactly why some people are more bullish on ADA than ETH", "likes": 0, "published_at": "2021-05-04T21:59:21Z", "sentiment": 0.0, "entities": ["ADA", "ETH"]}, {"author": "@KelechIwuaba", "comment": "Love Scott Galloway Learned so much from his podcasts", "likes": 0, "published_at": "2021-05-04T21:49:48Z", "sentiment": 0.6369, "entities": []}, {"author": "@bereket196", "comment": "Could you please tell me which application is good in Canada \ud83c\udde8\ud83c\udde6 please and thank you", "likes": 0, "published_at": "2021-05-04T21:45:39Z", "sentiment": 0.8402, "entities": []}, {"author": "@ab.4425", "comment": "Excellent Video bud!! Thank you so much!!", "likes": 0, "published_at": "2021-05-04T21:38:39Z", "sentiment": 0.811, "entities": []}, {"author": "@anne-mariel3256", "comment": "This is a big mike!!!!", "likes": 2, "published_at": "2021-05-04T21:34:49Z", "sentiment": 0.0, "entities": []}, {"author": "@tenbagger", "comment": "It's hard to deploy the kinds of capital that Buffett throws around without moving the market. I've been able to beat ARKK 3 years in a row but no way in hell if I had to manage his sums of capital. Even ARKK is pushing up the value of its portfolio considerably with its buying.", "likes": 1, "published_at": "2021-05-04T21:30:27Z", "sentiment": -0.8074, "entities": []}, {"author": "@guerillatactix3834", "comment": "This is why I go with the boring and established companies. Yeah they're not exciting, but it likely doesn't matter if a big name leaves a Coke, Disney, Apple, Microsoft, TD bank, Enbridge, etc.  It costs more to invest in the established companies, but in my opinion they're a safer bet in the long term than these smaller upstart companies.", "likes": 2, "published_at": "2021-05-04T21:24:59Z", "sentiment": 0.4069, "entities": ["Coke", "Disney", "Apple", "Microsoft", "TD", "Enbridge"]}, {"author": "@BirdsR", "comment": "Very interesting. I'm in a Company in the Blockchain sector that I feel has first mover advantage. Thanks for your view on the topic.", "likes": 2, "published_at": "2021-05-04T21:22:49Z", "sentiment": 0.7841, "entities": []}, {"author": "@CaseyBurnsInvesting", "comment": "Webvan was a company my mom worked for, they were founded in 1996 and used to deliver groceries. They went bust in 2001. People will never know their name. They\u2019ll know Uber and Amazon.", "likes": 13, "published_at": "2021-05-04T21:06:59Z", "sentiment": 0.2449, "entities": ["Amazon"]}, {"author": "@CaseyBurnsInvesting", "comment": "Buffett throwing low key shots at Tesla.", "likes": 8, "published_at": "2021-05-04T21:04:01Z", "sentiment": -0.2732, "entities": ["Tesla"]}, {"author": "@CaseyBurnsInvesting", "comment": "DCA  into profitable companies was the lesson I took away.", "likes": 7, "published_at": "2021-05-04T21:02:28Z", "sentiment": 0.4404, "entities": []}, {"author": "@tonyloco4755", "comment": "Appreciate the channel. Learning a lot", "likes": 1, "published_at": "2021-05-04T21:01:37Z", "sentiment": 0.4019, "entities": []}]