[{"author": "@beaviswealth", "comment": "\ud83d\udcc8\ud83d\udcda As always, if you're a beginner to the Stock Market in Canada and you're looking for a step-by-step blueprint on how to get started... Find out more about our Investing Academy here - https://bit.ly/theinvestingacademy\n\nWealthsimple Trade: Get $50 sign up bonus - wealthsimple.sjv.io/zQ1d6\nWealthsimple Trade: Get 2 FREE stocks - https://wealthsimple.sjv.io/BX29X1\nQuestrade: Get $50 in commission-free trades with Questrade - https://www.questrade.com/campaigns/qbaffl50t102?refid=ayiice9l\n\nWhich broker do you see yourself going with in 2022?  Leave a comment below. Thank you guys for a great year on YouTube so far! If you enjoy the video don't forget to leave a BIG THUMBS UP! :)", "likes": 6, "published_at": "2021-12-15T17:51:33Z", "sentiment": 0.9716, "entities": ["the Stock Market", "Investing Academy", "FREE", "YouTube"]}, {"author": "@cornflowertoile3026", "comment": "So if Questrade charges 1 cent per share with a minimum of $4.95, does that mean you have to buy a minimum of 495 shares of each stock you buy?!", "likes": 0, "published_at": "2024-02-27T18:36:03Z", "sentiment": 0.3244, "entities": []}, {"author": "@guillaumefortina1209", "comment": "QUESTRADE SUCKS. I\u2019ve invested in the stock market with them for 4 years and after losing thousands of $ because of their platform\u2019s inefficiencies, I finally decided to transfer partly to Wealthsimple and partly to IBKR.", "likes": 0, "published_at": "2024-01-19T15:33:02Z", "sentiment": -0.7034, "entities": ["IBKR"]}, {"author": "@HatemSaadaoui", "comment": "That\u2019s good information I\u2019m beginner Wealthesimple  or TD. Easy trade ?", "likes": 0, "published_at": "2024-01-13T23:26:30Z", "sentiment": 0.7003, "entities": ["TD"]}, {"author": "@atiyauthmani8516", "comment": "you very conveniently forgot to mention that IBKR provides the best FRX coversion rates: a flat fees of $2 as opposed to 1.5% conversion fees on WealthSimple and 2% exchange fees on Questrade....not to mention it gives you access to investing on more diverse exchanges (like the London stock exchanges).", "likes": 0, "published_at": "2024-01-11T12:47:26Z", "sentiment": 0.6369, "entities": ["IBKR", "FRX", "WealthSimple"]}, {"author": "@shivamshah806", "comment": "How does tax apply on losses in a TFSA.Can you explain it with an example.", "likes": 0, "published_at": "2023-08-29T18:05:41Z", "sentiment": -0.4019, "entities": []}, {"author": "@robertt9342", "comment": "So how does wealthsimple monetize their services to be profitable.", "likes": 0, "published_at": "2023-08-15T02:18:03Z", "sentiment": 0.4404, "entities": []}, {"author": "@skyace007", "comment": "Why the annoying music?", "likes": 0, "published_at": "2023-08-11T01:44:22Z", "sentiment": -0.4019, "entities": []}, {"author": "@enntee1803", "comment": "I have a questions regarding fees and commission. I am currently with Wealth simple, and trading options. I find that they dont fill the order quick enough so i end up losing money or miss the opportunity completely. Ive decided to go with national bank becuase of the $0 commission fee. However, in your video and online ive seen they charge $6.25 to $19.95... what is that for?\n\n if im trading options or stocks would i pay the $6.25 plus $1.25 a contract. so $8 a contract bought or sold. if you could clarify it would be great. Currently TD is charging $9.99+ $1.25 per contract. $11.25 per contract (td) vs $8 with national bank?  do i have that correct? \n\nThank you", "likes": 0, "published_at": "2023-05-31T17:20:01Z", "sentiment": 0.851, "entities": ["TD"]}, {"author": "@miacapriati7754", "comment": "I just opened an Interactive Brokers account. For a frequent/active trader only trading US stocks, do you think the fixed or tiered commission structure will be cheaper?\n\nThank you so much in advance for your input/ explanation.\n\ud83d\ude4f", "likes": 0, "published_at": "2023-05-25T15:56:04Z", "sentiment": 0.3612, "entities": ["Interactive Brokers", "\ud83d\ude4f"]}, {"author": "@santupatel21", "comment": "In 2023 National Bank NBDB launched its app for trading", "likes": 0, "published_at": "2023-04-29T11:51:50Z", "sentiment": 0.128, "entities": ["National Bank NBDB"]}, {"author": "@kanushbhalla83", "comment": "One thing that I don't like on Wealthsimple is that they don't have much stocks available.", "likes": 0, "published_at": "2023-04-18T20:41:52Z", "sentiment": -0.2755, "entities": []}, {"author": "@honnorjustice", "comment": "Your investment Academy program are the instructors  CFP certified?", "likes": 0, "published_at": "2023-01-28T15:46:27Z", "sentiment": 0.0, "entities": ["CFP"]}, {"author": "@96Duelfuel", "comment": "One of the things that Questrade allows is for DRIP reinvestment.  Do you know if NBC allows for this?  Rebuying a share (once you have enough) via dividends is important to me right now.  Thank you", "likes": 0, "published_at": "2023-01-26T16:42:21Z", "sentiment": 0.6705, "entities": ["DRIP", "NBC"]}, {"author": "@thitran86", "comment": "TD have a new trading app, call tD easy trade 50 free trade a year . I\u2019m using it right now cause my regular one I pay too much for fee.", "likes": 0, "published_at": "2023-01-21T12:33:47Z", "sentiment": 0.7003, "entities": ["TD"]}, {"author": "@davec.6293", "comment": "I.B. unclear minimum 0$ , $2k or $10k? in usd or cad?", "likes": 0, "published_at": "2023-01-10T15:04:44Z", "sentiment": -0.3313, "entities": ["I.B."]}, {"author": "@styledoggie", "comment": "if you have a chance, review bmo investorline, 2.0, i find it a poor and clumsey platform", "likes": 0, "published_at": "2022-12-10T04:48:56Z", "sentiment": -0.2732, "entities": []}, {"author": "@styledoggie", "comment": "very good video thanks", "likes": 0, "published_at": "2022-12-10T04:48:30Z", "sentiment": 0.7474, "entities": []}, {"author": "@richarddsouza7761", "comment": "I'd love to see the different uses that you've found for the various accounts you have with Wealthsimple, IB, and the National Bank (as well as any others). I'm thinking of keeping various accounts with them for different reasons as well.", "likes": 0, "published_at": "2022-10-29T23:31:35Z", "sentiment": 0.8126, "entities": ["Wealthsimple, IB", "the National Bank"]}, {"author": "@waywaybeyond", "comment": "National Bank is totally commission free for any etf or stock listed on the exchanges.  NBDB is voted #1 by JD Powers rating agency.  No, I do not work for NBDB, but I got suckered into starting with Qtrade and learned about commissions and fees for just holding U.S. cash accounts.  The list goes on.  I've open a National Bank account and plan on transferring everything to it.  I understand that these brokerages don't like losing business and will drag feet in the transfer process.  National Bank will cover the transfer fees.  I was just advised that I have to watch for a notification for account upgrading when my time comes up.", "likes": 2, "published_at": "2022-10-21T20:57:30Z", "sentiment": -0.6757, "entities": ["National Bank", "NBDB", "NBDB", "National Bank", "National Bank"]}, {"author": "@marcusskibicki7570", "comment": "Hey Brandon! I have both Questrade and Wealthsimple, but find Questrade slightly more complex and unnecessary for my investing needs. Originally, I was going to keep my US stocks with Questrade in USD and CAN stocks/EFT's with Wealthsimple, but with the Wealthsimple update I'm thinking of having all my accounts (TFSA, RRSP, Personal) in Wealthsimple for simplicity. What are your thoughts? Thanks.", "likes": 1, "published_at": "2022-10-11T00:43:12Z", "sentiment": 0.63, "entities": ["Questrade", "EFT", "RRSP"]}, {"author": "@roberttaylor3594", "comment": "Just forwarded this two two people I know; good advice!", "likes": 0, "published_at": "2022-10-03T02:08:39Z", "sentiment": 0.4926, "entities": []}, {"author": "@MirianPerez84", "comment": "Excellent! Thanks for your work!", "likes": 0, "published_at": "2022-09-23T15:23:52Z", "sentiment": 0.8011, "entities": []}, {"author": "@MrSiddiq100", "comment": "Brandon Beavis Investing cool video.  What investing sites would be your recommendation for someone in Canada wanting to trade in global  Dividend paying stocks and ETFs?  Please let me know, thanks...", "likes": 0, "published_at": "2022-09-19T23:45:34Z", "sentiment": 0.5574, "entities": ["Dividend"]}, {"author": "@nickewasiuk8597", "comment": "Is wealthsimple invest the same as wealthsimple trade?", "likes": 0, "published_at": "2022-08-24T08:55:27Z", "sentiment": 0.0, "entities": []}, {"author": "@rumboltsnipes514", "comment": "What\u2019s your thoughts on CIBC investing?", "likes": 0, "published_at": "2022-08-03T09:34:21Z", "sentiment": 0.0, "entities": ["CIBC"]}, {"author": "@jerryjoe3504", "comment": "Im 38 years of age and want to begin investing in the stock market with a portfolio aimed towards monthly dividend stocks. Ive watched many videos, wrote down so many divi stocks which are or may be U.S. stocks. With that being said, when and if i start investing. I may being buying stocks and hold them for long term. I am from Port Alberni BC Canada looking to use a Canadian platfrom.This video was very helpfull, open to and requesting feedback and suggestions. Please and thanks!", "likes": 1, "published_at": "2022-07-15T19:29:40Z", "sentiment": 0.6996, "entities": ["Port Alberni BC Canada"]}, {"author": "@harbanskhalsa1396", "comment": "in questrade it's 1cent per share buy its good for begginer with small account?", "likes": 1, "published_at": "2022-07-08T20:42:16Z", "sentiment": 0.6249, "entities": []}, {"author": "@JoshWileyPaintings", "comment": "Hey Brandon, I\u2019m with TD now but thinking of switching. I\u2019m still a little confused by why you keep an account with TD Direct Investing. Do you just feel the convenience is worth the fees? If so, is that the main brokerage you use personally? Or do you use that for a specific portion of your investing? How do you decide what to put in your TD investment side and what to put in Questrade etc?", "likes": 10, "published_at": "2022-05-21T02:05:00Z", "sentiment": -0.2779, "entities": ["TD", "TD Direct Investing"]}, {"author": "@enamulhoque7212", "comment": "Hey Brandon, To use Tsfa & Worldsimple Trade Do I need to do  Tsfa account & fund there to use trade or invest or how to use tsfa fund  need to know in detail please", "likes": 1, "published_at": "2022-05-20T14:56:40Z", "sentiment": 0.3182, "entities": ["Tsfa & Worldsimple Trade Do", "Tsfa account & fund"]}, {"author": "@matthewmcanadabc8355", "comment": "rbc sucks", "likes": 0, "published_at": "2022-05-20T06:44:22Z", "sentiment": -0.3612, "entities": ["rbc"]}, {"author": "@joegsxr2933", "comment": "Does any have a pre market trade 4am", "likes": 0, "published_at": "2022-04-16T01:55:03Z", "sentiment": 0.0, "entities": []}, {"author": "@darylsage1618", "comment": "do you think Wealthsimple will ever grow to offer options trading?", "likes": 0, "published_at": "2022-04-15T20:23:40Z", "sentiment": 0.0, "entities": []}, {"author": "@deadly134", "comment": "i was gunna say good video but its not, its a great video! exactly what i was looking for. my problem is i dont feel comfortable putting money in a 3rd party but have been looking into it all i would like to use my bank but cant get past the 10$ per trade when others dont charge that much but i also like the fact that it would all be in one app! so its a matter of deciding if thats worth the 10$ per trade thanks so much for your help.", "likes": 1, "published_at": "2022-04-10T00:19:13Z", "sentiment": 0.8849, "entities": []}, {"author": "@BURGATRON", "comment": "Oh okay I mistook TD direct investing for TDAmeritrade. The latter doesn't really charge anything unless it's foreign stocks.", "likes": 0, "published_at": "2022-04-05T08:49:21Z", "sentiment": 0.2263, "entities": ["TD", "TDAmeritrade"]}, {"author": "@briannguyen1134", "comment": "Does national bank have a trailing stop loss option", "likes": 0, "published_at": "2022-03-10T14:02:54Z", "sentiment": -0.5423, "entities": []}, {"author": "@robwells230", "comment": "Have you considered doing a program  comparing DRIPS to just receiving cash dividends and then reinvesting back when the stock price dips????\n    I'm unsure which is the best strategy.", "likes": 1, "published_at": "2022-03-05T08:08:08Z", "sentiment": 0.6322, "entities": []}, {"author": "@jrioux4767", "comment": "Is there a Broker in Canada to trade pre and post market? Thanks for your help.", "likes": 2, "published_at": "2022-03-04T23:16:05Z", "sentiment": 0.6808, "entities": []}, {"author": "@axelrodgunnarson2895", "comment": "After hearing that Wealthsimple Trade offers commission-free trading, I found myself quoting a line from \"The Simpsons\": \"I would say that there must be some sort of horrible catch.\" (Season 11, Episode 7).", "likes": 1, "published_at": "2022-03-01T18:15:44Z", "sentiment": -0.5849, "entities": ["Wealthsimple Trade offers commission"]}, {"author": "@robwells230", "comment": "I wish you could compare margin rates between brokerages and option commissions.   I am leaving Scotia iTRADE  going to National bank because it will  save me over 100,000 over the next ten years.\n  Scotia iTRADE charges 1.25 per option plus 9.99 per trade.  That's 135 to sell 100 covered calls, and again another 135 to buy to close which can be 275 in fees on a .05 option generating 500 in premium,  or over half lost to fees.  NATIONAL BANK only charges 39.98 instead of the 270 at iTRADE...\nAlso, National bank and TD Direct both  charge .95 percent less on margin interest than SCOTIABANK,  and some brokerages are even higher than Scotia iTRADE. \n It seems prudent to use margin to buy quality stocks that pay 5 percent dividend  if  margin interest is only 2.75 per cent  especially when bullish. \n.Love your videos and have learned a lot and made more money than I ever expected.", "likes": 0, "published_at": "2022-02-27T12:20:23Z", "sentiment": 0.8731, "entities": ["Scotia", "NATIONAL BANK", "TD Direct", "Scotia"]}, {"author": "@kevinrawle3383", "comment": "CIBC investors edge sucks - if you have an issue and need to talk to someone about it, there is no one to help you out side trading times mon -Fri - I have been trying to fund my investors edge account for 3 weeks now and no one there will help me - so I funded my Questrade account instead.", "likes": 1, "published_at": "2022-02-19T23:11:25Z", "sentiment": -0.128, "entities": []}, {"author": "@kevinrawle3383", "comment": "What about trailing stop losses - Questrade is having big problems with this and it is costing me a ton of money every year - they even notify you, that they won't guarantee their stop loss feature when placing a trade - it has become a big issue for me - how do the other sites fair?", "likes": 0, "published_at": "2022-02-19T22:55:34Z", "sentiment": -0.8604, "entities": []}, {"author": "@erwinbourne7391", "comment": "Very nice \ud83d\udc4c Brandon!", "likes": 0, "published_at": "2022-02-18T09:36:08Z", "sentiment": 0.5244, "entities": []}, {"author": "@robwells230", "comment": "Great  info. However  it would be helpful to tell us what the margin interest rates are with the different platforms.     Rates vary a lot between them  and I am changing banks to save $60,000 over the next 10 years in margin interest.....maybe more as the rates are compounded monthly.    It makes sense to use margin to buy a reliable stock that pays a dividend rate double what the banks charge for margin.   Of course could result in a hefty capital gain  or hopefully not a long term loss", "likes": 0, "published_at": "2022-02-11T02:00:33Z", "sentiment": 0.9646, "entities": []}, {"author": "@jerrywilliams2626", "comment": "What brokerage is the best to use for Canadians who live abroad and are considered non-resident?\n I would like to hear your opinion on this matter.", "likes": 4, "published_at": "2022-02-10T00:46:58Z", "sentiment": 0.7798, "entities": []}, {"author": "@robbyvanz", "comment": "NBDB already adjusted their annual maintenance fee waiver terms.  Fee is no longer waiver for 5 trades or more. :(", "likes": 1, "published_at": "2022-01-29T04:08:42Z", "sentiment": -0.659, "entities": ["NBDB"]}, {"author": "@dannysadana5775", "comment": "Hi Brandon, Since you have great deal of knowledge in brokerage, I have a question regarding National Bank Brokerage, Lets see you have heard or know about it. What is option assignment fees in their fees chars. It's pretty hefty. I was with Interactive  and never heard this fees. Can you put some light on this option assignment fees. \nThanks\nDanny", "likes": 0, "published_at": "2022-01-26T14:12:39Z", "sentiment": 0.8807, "entities": ["National Bank Brokerage"]}, {"author": "@cuybueno", "comment": "Very well explained.", "likes": 0, "published_at": "2022-01-25T21:10:34Z", "sentiment": 0.3384, "entities": []}, {"author": "@nevillejames2200", "comment": "Awesome! Great info.  Quick question: I want to own a stock like Amazon or Google but I don't think I will have enough money to buy a full share any time soon . I notice Wealthsimple allows you to buy fractions of a share. Would you recommend me saving until I have enought to buy a share of Amazon or Google or should I buy a fraction of the share on Wealthsimple?", "likes": 0, "published_at": "2022-01-24T06:55:31Z", "sentiment": 0.9688, "entities": ["Amazon", "Google", "Amazon", "Google"]}, {"author": "@AK-je6td", "comment": "I am clearly out of sync with this as I invested most of my savings with HSBC and am getting charged a hefty 1.7% on my Balanced MF portfolio. Diverted some amount to Questrade but clearly I need to shift a lot more it appears. Begs the question - why would investors invest through the big banks? Is there more to commission charged, a great platform? I am obviously quite late to this video but this is my query essentially..cheers and thanks again for the wonderful content", "likes": 0, "published_at": "2022-01-22T15:52:21Z", "sentiment": 0.9623, "entities": ["HSBC", "Balanced MF"]}, {"author": "@usstockandy2904", "comment": "TD GoalAssist \n$0 commission on the first 50 stock trades each year per client\r\n\r\n$0 commission on all TD ETFs, all the time\r\n\r\n$0 account maintenance fees", "likes": 0, "published_at": "2022-01-19T06:43:14Z", "sentiment": 0.0, "entities": ["TD GoalAssist", "TD"]}, {"author": "@marquiscloutier9137", "comment": "As usual, you nailed it Mr!!", "likes": 0, "published_at": "2022-01-16T03:48:15Z", "sentiment": 0.0, "entities": []}, {"author": "@kellenjalbert", "comment": "Mogo trade free commission trading app will be going live soon. Not sure how it will be in comparison. It has pretty Interesting graphics. Matrix style ha", "likes": 0, "published_at": "2022-01-15T18:12:42Z", "sentiment": 0.8637, "entities": []}, {"author": "@MarkAOpalinski", "comment": "Good video. Thanks! Can you talk about setting up trust account for my preteen with QT?  Cheers.", "likes": 0, "published_at": "2022-01-14T17:58:15Z", "sentiment": 0.9435, "entities": []}, {"author": "@osazuwagabrielagbonlahor9686", "comment": "Great video. The Questrade trading link continously loads without displaying anything. Can anyone help with this?", "likes": 0, "published_at": "2022-01-10T22:45:48Z", "sentiment": 0.7783, "entities": []}, {"author": "@Mediterrannee02", "comment": "Does Questrade has the DRIP option for dividend stocks?", "likes": 0, "published_at": "2022-01-10T02:00:05Z", "sentiment": 0.0, "entities": ["DRIP"]}, {"author": "@Doom1461", "comment": "Phew found this just before I started the 2021 review thank you for doing this!", "likes": 0, "published_at": "2022-01-08T20:33:51Z", "sentiment": 0.4199, "entities": []}, {"author": "@nidhikasingh4844", "comment": "Please do a corporate account video", "likes": 0, "published_at": "2022-01-06T20:01:08Z", "sentiment": 0.3182, "entities": []}, {"author": "@minoo49", "comment": "Also I noticed most of TD ETFs inception dates go as far back as 4-5 years max, while on RBC and Scotia iTrade you can find ETFs incepted as early as 1995! Is TD Investment a new corporation?", "likes": 0, "published_at": "2021-12-28T17:59:54Z", "sentiment": 0.0, "entities": ["TD", "RBC", "Scotia", "TD Investment"]}, {"author": "@s.n.7990", "comment": "Wealth simple plus charges 10 dollar per month for holding USD account and u still need to pay 1.5% conversion fee. So it\u2019s not that much attractive for me.", "likes": 0, "published_at": "2021-12-25T16:48:09Z", "sentiment": -0.1793, "entities": []}, {"author": "@s.n.7990", "comment": "Wealthsimple trade charges 1.5% when u buy or sell US stock and 1.75% for crypto", "likes": 1, "published_at": "2021-12-25T16:44:13Z", "sentiment": -0.2732, "entities": []}, {"author": "@travisholte3241", "comment": "Very interested in the corp account video", "likes": 0, "published_at": "2021-12-24T03:51:40Z", "sentiment": 0.4576, "entities": []}, {"author": "@travisholte3241", "comment": "What about q trade", "likes": 0, "published_at": "2021-12-24T03:44:44Z", "sentiment": 0.0, "entities": []}, {"author": "@nic_1813", "comment": "So helpful thank you", "likes": 0, "published_at": "2021-12-23T01:57:13Z", "sentiment": 0.707, "entities": []}, {"author": "@uplivedlivingsolutions9360", "comment": "I'm hoping to get the kids started with investing with $20 each for Christmas. It seems the best way to go about this is through wealthsimple trade and let one use my rrsp and the other use my tfsa. Since they are very young and are only starting with $20 this seems like the best option. I'm going to be using the method Brandon's father used when he was a kid giving them a list of stocks to pick from (I will make a list of fractional shares for this) What are your thoughts on this?", "likes": 1, "published_at": "2021-12-20T02:58:08Z", "sentiment": 0.9538, "entities": []}, {"author": "@myplaylists", "comment": "Hi Brandon. Nice video. One question. In Wealthsimple TFSA account if we make couples trades( buy and sell) in one day, and grow the capital, will that be considered as a contribution everytime buy and sell ? E.g. i had 6000 $ contribution room and I have invested 6000 and made 6700 in few weeks later after making couple trades per day. I just sold all my stocks and made my available balance 6700$ in TFSA. Didn't withdraw anything from it. Will that means I am over 700$ my yealry contribution room ? Do CRA have any issues with couple trades in TFSA ? Please guide. Thank you.", "likes": 0, "published_at": "2021-12-20T02:14:18Z", "sentiment": 0.7987, "entities": ["E.g.", "CRA"]}, {"author": "@CosmicRevolution459", "comment": "Good video Brandon! I went with the \"everything under the same roof\" mindset and I'm using my Canadian bank platform.\n\nI'm quite happy with all the feature they offer and the easy solution to transfer money between accounts!", "likes": 2, "published_at": "2021-12-20T01:40:38Z", "sentiment": 0.9132, "entities": []}, {"author": "@geoguitar", "comment": "If you do the corporate investing account video could you also touch on active trading within a corporate account and tax implications?\nCheers", "likes": 0, "published_at": "2021-12-20T01:08:34Z", "sentiment": 0.7003, "entities": []}, {"author": "@nuceloside7", "comment": "Good overview of the main brokers! Didn\u2019t know about NB. Any comments on tax reporting for these brokers? Gains, losses, etc.? Is there one broker that makes this process easy during tax season? Thanks.", "likes": 2, "published_at": "2021-12-19T02:58:38Z", "sentiment": 0.8493, "entities": ["NB"]}, {"author": "@theapocilip", "comment": "say I want to automatically dollar cost average $100 a week into the market with my TFSA without having to do it myself every week. what is the best DIY broker for this?", "likes": 0, "published_at": "2021-12-19T00:19:02Z", "sentiment": 0.6705, "entities": ["DIY"]}, {"author": "@jamesbainton", "comment": "You missed one of the key selling features of IBKR - the currency exchange rates are the cheapest anywhere.  Without a doubt, if anyone is transferring significant amounts between CAD & USD, then IBKR is the clear choice.  I believe it is $2.00USD at the current spot rate.", "likes": 7, "published_at": "2021-12-18T18:31:03Z", "sentiment": 0.5122, "entities": ["IBKR", "CAD & USD", "IBKR"]}, {"author": "@MrMonozzz", "comment": "can you rate disnat plz?", "likes": 0, "published_at": "2021-12-18T00:06:25Z", "sentiment": 0.0772, "entities": []}, {"author": "@shinobi7742", "comment": "Studying your videos before I dip my feet in. You and your pops are awesome. Thank you for your videos.", "likes": 0, "published_at": "2021-12-17T18:57:05Z", "sentiment": 0.765, "entities": []}, {"author": "@ops440", "comment": "TD needs to go commission free trading!", "likes": 7, "published_at": "2021-12-17T18:29:32Z", "sentiment": 0.5562, "entities": ["TD"]}, {"author": "@nepalstockmarket4049", "comment": "I want to open Broker account in Canada.I am from NEPAL.South ASIA ,suggest me please.", "likes": 0, "published_at": "2021-12-17T06:11:40Z", "sentiment": 0.3818, "entities": []}, {"author": "@mohitchopra6409", "comment": "You are not right when you say that IBKR allows fractional trading only in non registered accounts. It does allow in RSP accounts too but only for US trades. You may want to verify and update your content for the benefit of all. Thanks!", "likes": 0, "published_at": "2021-12-17T01:53:30Z", "sentiment": 0.8762, "entities": ["IBKR", "RSP"]}, {"author": "@eliediab3248", "comment": "Hey Brandon, Great content as always, can we get a video similar to the one last year, for top stocks to buy for 2022, and maybe an update on last year's picks?", "likes": 2, "published_at": "2021-12-16T21:43:34Z", "sentiment": 0.7096, "entities": []}, {"author": "@francoisbedard6021", "comment": "I'm using TD it was killing me with the commissions when I was making small trades, I think I will open a wealthsimple account for my TFSA as it's going be a smaller account", "likes": 10, "published_at": "2021-12-16T19:00:07Z", "sentiment": -0.6597, "entities": []}, {"author": "@nicolasbrisson8837", "comment": "Love the videos. But i have question about wealth simple plus ? Are they offering US RRSP and US TFSA accounts?", "likes": 1, "published_at": "2021-12-16T17:24:56Z", "sentiment": 0.8053, "entities": ["RRSP"]}, {"author": "@CanadianDividendInvesting", "comment": "Awesome new updated video! Loving the content as always!", "likes": 1, "published_at": "2021-12-16T15:28:27Z", "sentiment": 0.8619, "entities": []}, {"author": "@web3tel", "comment": "Very interested in corp account, mainly what a difference at investment strategy and tax optimization! Thanks!", "likes": 0, "published_at": "2021-12-16T14:32:41Z", "sentiment": 0.8433, "entities": []}, {"author": "@TheGoldfox9111", "comment": "You should open a wealth simple and a wealth simple trade account and see who makes money after a year.", "likes": 0, "published_at": "2021-12-16T07:55:28Z", "sentiment": 0.7506, "entities": []}, {"author": "@hugoandtash", "comment": "Great video man! Huge fan! I have been learning a lot about investing from your videos. Thank you for taking the time all these years to make these kinds of videos\ud83d\ude4f\ud83d\ude4f\ud83d\ude4f\n\nWhat brokerage is the best to use for Canadians who live abroad and are considered non-resident?\n I would like to hear your opinion on this matter. \n\nThanks again Brandon \ud83d\udc4d", "likes": 10, "published_at": "2021-12-16T07:20:50Z", "sentiment": 0.9662, "entities": ["\ud83d\ude4f\ud83d\ude4f\ud83d\ude4f\n\n"]}, {"author": "@turbofanlover", "comment": "Good vid, dude.  Just opened a NBDB cash account a couple of days ago...for the swing trader in me.  ;)", "likes": 0, "published_at": "2021-12-16T06:45:22Z", "sentiment": 0.5859, "entities": ["NBDB"]}, {"author": "@karmsandhu351", "comment": "Interested in that corporate account video with Questrade", "likes": 0, "published_at": "2021-12-16T06:00:18Z", "sentiment": 0.4019, "entities": []}, {"author": "@biomolecologo", "comment": "Is there a reason you never mention Scotia?", "likes": 2, "published_at": "2021-12-16T03:34:25Z", "sentiment": 0.0, "entities": ["Scotia"]}, {"author": "@ruanpingshan", "comment": "I went with National Bank because they're the only ones to offer both zero commission trades and holding USD. So far, it's been perfect for me as a beginner. The phone support has also been good.", "likes": 13, "published_at": "2021-12-16T03:25:58Z", "sentiment": 0.8519, "entities": ["National Bank"]}, {"author": "@user-nf8cl8ui6y", "comment": "I get this is more directed towards investing, but when it comes to trading I think Wealthsimple is way behind the others. Does it at least have a fast execution time for trading?", "likes": 0, "published_at": "2021-12-16T03:16:19Z", "sentiment": 0.0, "entities": []}, {"author": "@yen_mytran5435", "comment": "Thanks", "likes": 1, "published_at": "2021-12-16T02:06:07Z", "sentiment": 0.4404, "entities": []}, {"author": "@canadiandividendgrowthinve3213", "comment": "I love NBDB \ud83d\udc4d\ud83d\udc4c", "likes": 3, "published_at": "2021-12-16T01:52:35Z", "sentiment": 0.6369, "entities": ["NBDB"]}, {"author": "@minisangha916", "comment": "Hi, is there an investment account for children (not limited to education) that parents can open? Thanks", "likes": 0, "published_at": "2021-12-16T01:40:33Z", "sentiment": 0.25, "entities": []}, {"author": "@anomanderrake8693", "comment": "Yes please make a video about setting up a corporate Questrade account and all the basic regulations around it.  :)", "likes": 0, "published_at": "2021-12-16T01:01:39Z", "sentiment": 0.7906, "entities": []}, {"author": "@jessyparent8619", "comment": "Hey Brandon, Do you know if NBDB offers a dual currency account and is it possible to proceed with a Norbert Gambit?", "likes": 1, "published_at": "2021-12-16T00:36:34Z", "sentiment": 0.0, "entities": ["NBDB"]}, {"author": "@willkeen5010", "comment": "I\u2019m a long term buy and hold and don\u2019t trade often . I use RBC direct Investing and am very happy with it. I pay my commissions with my Visa points.", "likes": 1, "published_at": "2021-12-16T00:09:09Z", "sentiment": 0.5563, "entities": ["RBC", "Visa"]}, {"author": "@DeniseMaiRealEstate", "comment": "Enjoy the very indepth review and updates on these key platforms, thanks for sharing Brandon!", "likes": 0, "published_at": "2021-12-16T00:04:14Z", "sentiment": 0.8478, "entities": []}, {"author": "@ab.4425", "comment": "Great video Brandon!! Thank you for all the info!!", "likes": 0, "published_at": "2021-12-16T00:00:51Z", "sentiment": 0.8302, "entities": []}, {"author": "@marvincarle1313", "comment": "Corp account setup for sure would be a great information session", "likes": 2, "published_at": "2021-12-15T23:46:11Z", "sentiment": 0.7506, "entities": []}, {"author": "@jhkoreacanada", "comment": "Brandon. Thank you for a great content!", "likes": 0, "published_at": "2021-12-15T23:29:19Z", "sentiment": 0.784, "entities": []}, {"author": "@S.A.F276", "comment": "Great content \ud83d\udc4d", "likes": 0, "published_at": "2021-12-15T22:51:14Z", "sentiment": 0.6249, "entities": []}, {"author": "@premniroula6940", "comment": "I am opening an tfsa account in NBDB tomorrow.", "likes": 1, "published_at": "2021-12-15T22:45:27Z", "sentiment": 0.0, "entities": ["NBDB"]}, {"author": "@Diego-pc4rc", "comment": "IBKR also lets you trade in 24+ global markets", "likes": 2, "published_at": "2021-12-15T22:22:15Z", "sentiment": 0.0, "entities": ["IBKR"]}, {"author": "@Diego-pc4rc", "comment": "Desjardins have also just lowered there fees to 0 and you can trade in canada and the US for free", "likes": 4, "published_at": "2021-12-15T22:02:31Z", "sentiment": 0.4215, "entities": []}, {"author": "@kenzhang5470", "comment": "I tried to \"threaten\" TD about leaving, all they said was \"thank you for your feedback\". I bank and have a credit card with TD, so having all my money in one place is very nice, so they know I would never leave haha.", "likes": 22, "published_at": "2021-12-15T21:37:55Z", "sentiment": 0.706, "entities": ["TD"]}, {"author": "@Money_Man_Meech", "comment": "You also have Desjardins Disnat free commission in Quebec", "likes": 6, "published_at": "2021-12-15T21:34:06Z", "sentiment": 0.5106, "entities": ["Desjardins Disnat"]}, {"author": "@momo35444", "comment": "thanks brandon, love these videos and cant wait to see you again", "likes": 0, "published_at": "2021-12-15T21:13:04Z", "sentiment": 0.7964, "entities": []}, {"author": "@jasonstupak4535", "comment": "Watched and liked, thanks Brandon!  Yes, interested in setting up corporate investing account with RBC Direct Investing.  Seems so complicated though.", "likes": 0, "published_at": "2021-12-15T21:12:32Z", "sentiment": 0.8858, "entities": ["RBC Direct Investing"]}, {"author": "@GubeTube19", "comment": "It seems for knowledgeable investors that Interactive Brokers is an attractive option. Fancy stuff like forex and options aside, the commissions are cheap and the cool features are there.\n\nHuge Question for anyone that knows about interactive brokers:  can I buy stocks on international exchanges in a TFSA? This is a game-changer if yes.", "likes": 2, "published_at": "2021-12-15T20:41:31Z", "sentiment": 0.8934, "entities": ["Interactive Brokers"]}, {"author": "@FCPEVER", "comment": "hmm... i posted a comment and it disappeared? Not feeling the love :(", "likes": 0, "published_at": "2021-12-15T20:28:14Z", "sentiment": -0.8195, "entities": []}, {"author": "@Bondanalloy", "comment": "questrade for tfsa because of margin power. \r\n\r\nibkr for other taxable for low fees.", "likes": 1, "published_at": "2021-12-15T20:23:32Z", "sentiment": -0.2732, "entities": []}, {"author": "@jean-lucbouchard5967", "comment": "disnat is free to", "likes": 2, "published_at": "2021-12-15T20:09:04Z", "sentiment": 0.5106, "entities": []}, {"author": "@loreliesaligue8261", "comment": "I really like your video content as always, hope I could start investing soon.", "likes": 0, "published_at": "2021-12-15T19:11:44Z", "sentiment": 0.6901, "entities": []}, {"author": "@smcdonald1229", "comment": "Hey Brandon, great video.  As a long time user of TD Webroker, I feel one of the best features of the platform is the research reports, analyst info, news, Globe and Mail feature stories, insider trading reports, Morningstar, etc., etc.  New and even seasoned investors would find these features helpful.  Perhaps a video going over some of these features would be of interest to your viewers.  I don't know how the other brokerages compare in this regard only to say that RBC Action Direct pales in comparison.  One additional note, transferring funds from your bank  account into your brokerage account and vice versa may not post until the next day so FYI.", "likes": 5, "published_at": "2021-12-15T18:53:26Z", "sentiment": 0.9544, "entities": ["TD Webroker", "Globe and Mail", "FYI"]}, {"author": "@theonewhopwns1", "comment": "Hey Brandon, are you scared that BABA is going to be delisted? Saw some articles about this concern. Do you have an exit plan for BABA?", "likes": 1, "published_at": "2021-12-15T18:51:02Z", "sentiment": -0.504, "entities": ["BABA", "BABA"]}, {"author": "@AnujVohra", "comment": "I would like to invite you on my podcast. Are you interested?", "likes": 0, "published_at": "2021-12-15T18:45:27Z", "sentiment": 0.7003, "entities": []}, {"author": "@Future-Gazillionaire", "comment": "Hi Brandon, is it better to buy US stocks in the form of CDR or to use the new WealthSimple Plus feature and pay the currency conversion fee of %1.5? I believe CDRs charge a %0.6 percent fee per year which would add up to more than the one time conversion fee of %1.5?", "likes": 2, "published_at": "2021-12-15T18:38:07Z", "sentiment": 0.4329, "entities": ["CDR", "WealthSimple"]}, {"author": "@g59490155", "comment": "I wonder when TD will start the lower commission, 9.99 is the highest among all these brokers.", "likes": 3, "published_at": "2021-12-15T18:29:33Z", "sentiment": -0.296, "entities": ["TD"]}, {"author": "@rajforlotus", "comment": "DISNAT is also no commission trade", "likes": 5, "published_at": "2021-12-15T18:26:12Z", "sentiment": -0.296, "entities": ["DISNAT"]}, {"author": "@SaraanInvesting", "comment": "Looking forward to that corporate investing video!", "likes": 3, "published_at": "2021-12-15T18:24:10Z", "sentiment": 0.0, "entities": []}, {"author": "@pragneshprajapati273", "comment": "What about itrade from Scotia and thank you for your videos.", "likes": 3, "published_at": "2021-12-15T18:11:50Z", "sentiment": 0.3612, "entities": ["Scotia"]}, {"author": "@agile1483", "comment": "This is great, Thank you so much Brandon :) Love your content...", "likes": 1, "published_at": "2021-12-15T17:55:48Z", "sentiment": 0.9333, "entities": []}, {"author": "@neilfunnyvideos8471", "comment": "Great", "likes": 1, "published_at": "2021-12-15T17:51:57Z", "sentiment": 0.6249, "entities": []}, {"author": "@beaviswealth", "comment": "\ud83d\udcc8\ud83d\udcda As always, if you're a beginner to the Stock Market in Canada and you're looking for a step-by-step blueprint on how to get started... Find out more about our Investing Academy here - https://bit.ly/theinvestingacademy\n\nWealthsimple Trade: Get $50 sign up bonus - wealthsimple.sjv.io/zQ1d6\nWealthsimple Trade: Get 2 FREE stocks - https://wealthsimple.sjv.io/BX29X1\nQuestrade: Get $50 in commission-free trades with Questrade - https://www.questrade.com/campaigns/qbaffl50t102?refid=ayiice9l\n\nWhich broker do you see yourself going with in 2022?  Leave a comment below. Thank you guys for a great year on YouTube so far! If you enjoy the video don't forget to leave a BIG THUMBS UP! :)", "likes": 6, "published_at": "2021-12-15T17:51:33Z", "sentiment": 0.9716, "entities": ["the Stock Market", "Investing Academy", "FREE", "YouTube"]}, {"author": "@graceucat7418", "comment": "Thank you Brandon", "likes": 1, "published_at": "2021-12-15T17:50:42Z", "sentiment": 0.3612, "entities": []}, {"author": "@dezoar1047", "comment": "first", "likes": 2, "published_at": "2021-12-15T17:21:21Z", "sentiment": 0.0, "entities": []}]