[{"author": "@beaviswealth", "comment": "Thank you to Passiv for sponsoring today's video - https://passiv.com?ref=RGAMTXSUAM!\n\n\ud83d\udcc8\ud83d\udcda As always, if you're a beginner to the Stock Market in Canada and you're looking for a step-by-step blueprint on how to get started... Find out more about our Investing Academy here - https://bit.ly/theinvestingacademy", "likes": 6, "published_at": "2020-12-15T17:59:22Z", "sentiment": 0.4199, "entities": ["the Stock Market", "Investing Academy"]}, {"author": "@mercadolibre7787", "comment": "Heyy!!would you buy bti right now ?", "likes": 0, "published_at": "2021-02-14T23:53:51Z", "sentiment": 0.0, "entities": []}, {"author": "@perrinayebarra", "comment": "Ah the northern store.  Lots of overpriced fruit and veggies lol.", "likes": 0, "published_at": "2021-01-20T13:44:22Z", "sentiment": 0.4215, "entities": []}, {"author": "@momo35444", "comment": "great video, thank you!!!", "likes": 0, "published_at": "2021-01-20T01:05:14Z", "sentiment": 0.8164, "entities": []}, {"author": "@yawnyjawny", "comment": "Love your content man! Its been so helpful. I am seriously considering joining your academy. \ud83e\udd14", "likes": 1, "published_at": "2021-01-18T19:57:22Z", "sentiment": 0.7989, "entities": []}, {"author": "@lance1blade", "comment": "You mentioned a dividend aristocrat is a company that increases its dividend annually for 5 years consecutively. Isn't it 25 years? And a dividend king is 50?", "likes": 0, "published_at": "2021-01-14T17:36:46Z", "sentiment": 0.0, "entities": []}, {"author": "@arnaudverdier1554", "comment": "the irs holds 15% of the dividend yield if its in a TFSA........ so the 4.5% is actually more like 3.9%. Also with the conversion fee of (1.5% minimum with wealthsimple) when buying from Canadian $ to US $ makes it so the dividend yield (of the first year) is less than 2.6%. Im not commenting to roast, its a great pick and it has some good potential. But if you actually depend on the monthly dividend income, there are other Canadian REITs out there that pay a 4.5% monthly distribution with more stable properties than in retail. If you're good with budgeting and you want something even more consistent, then just buy some BMO stocks and you'll get that 4.5% but you'll have less capital appreciation.", "likes": 0, "published_at": "2021-01-06T06:00:20Z", "sentiment": 0.9466, "entities": ["irs", "BMO"]}, {"author": "@nevillejames2200", "comment": "Thanks for the Canadian stock", "likes": 0, "published_at": "2020-12-25T00:31:09Z", "sentiment": 0.4404, "entities": []}, {"author": "@Konstantin19877", "comment": "Did I get it correct Rio Can cut dividents by 33%? Wondering how soon they will increase it by 33%", "likes": 1, "published_at": "2020-12-23T14:08:23Z", "sentiment": 0.0516, "entities": []}, {"author": "@gentlechinosman", "comment": "Thanks Mr. B...Seasons greetings Merry X mas", "likes": 0, "published_at": "2020-12-22T23:00:12Z", "sentiment": 0.8481, "entities": []}, {"author": "@stefaniesiska2345", "comment": "Thanks for info on NWC. \ud83d\udc4d\ud83c\udffc", "likes": 0, "published_at": "2020-12-20T14:35:56Z", "sentiment": 0.4404, "entities": ["NWC"]}, {"author": "@hawaiidogs9277", "comment": "Ty", "likes": 0, "published_at": "2020-12-19T20:32:28Z", "sentiment": 0.3818, "entities": []}, {"author": "@RAF0769", "comment": "I was wondering what tool. You use to view the financials of the company over 10 years?", "likes": 6, "published_at": "2020-12-17T23:06:21Z", "sentiment": 0.0, "entities": []}, {"author": "@cesarwpg867", "comment": "Any ETFs with O in them?", "likes": 0, "published_at": "2020-12-17T14:30:20Z", "sentiment": 0.0, "entities": []}, {"author": "@WaysToWealth", "comment": "Never knew about North West!!", "likes": 1, "published_at": "2020-12-17T13:16:05Z", "sentiment": 0.0, "entities": []}, {"author": "@JD-ir8cb", "comment": "I hate NWC, I lived up in the arctic for nearly 10 years. Knowing that they are the only gig in town for groceries, they would rape the residents of small remote communities by price gouging", "likes": 1, "published_at": "2020-12-16T23:00:09Z", "sentiment": -0.8555, "entities": ["NWC"]}, {"author": "@abidforchange", "comment": "Any thoughts on Copper Miners?", "likes": 0, "published_at": "2020-12-16T15:16:59Z", "sentiment": 0.0, "entities": ["Copper Miners"]}, {"author": "@twodimensionsjhr", "comment": "Doesn't the us dividend subjected to 15% withholding tax too?", "likes": 0, "published_at": "2020-12-16T11:28:38Z", "sentiment": 0.0, "entities": []}, {"author": "@cy080808", "comment": "Hey Brandon .. been meeting to mention in the past that the plural for index is indices, fyi.. \ud83d\ude02 I guess this is why you're not a grammar guru! \ud83d\udc4d So proud of the impressive focus you put in your work; you're amazing \ud83d\ude3b", "likes": 0, "published_at": "2020-12-16T10:02:02Z", "sentiment": 0.8953, "entities": []}, {"author": "@julitoperoramas6792", "comment": "Your O Reit is comparable with RIT ETF where i have a position right now.", "likes": 2, "published_at": "2020-12-16T05:26:00Z", "sentiment": 0.0, "entities": ["RIT"]}, {"author": "@grandwizard9088", "comment": "Best financial advice Canadians can get", "likes": 0, "published_at": "2020-12-16T05:06:12Z", "sentiment": 0.6369, "entities": []}, {"author": "@6Dicesare", "comment": "giant tiger the only chain i\u2019ve heard of within the Canadian stock\ud83d\ude02", "likes": 5, "published_at": "2020-12-16T03:39:29Z", "sentiment": 0.0, "entities": []}, {"author": "@kokokoko5441", "comment": "If we want to  invest in Vanguard S&P500 through a TFSA account in the long term. Do we get a penalty of 15% because of US dividends ? Is there a better solution if I want to  invest in this index monthly & until retirement.", "likes": 0, "published_at": "2020-12-16T03:01:11Z", "sentiment": 0.4215, "entities": []}, {"author": "@13chrisaddy", "comment": "Great video as always! As a holder of Realty Income I\u2019m glad to see it being featured here. Just wanted to point out, I believe dividend aristocrats are 25 years plus of dividend growth?\n\nCheers from Vancouver Island!", "likes": 4, "published_at": "2020-12-16T02:16:23Z", "sentiment": 0.9244, "entities": []}, {"author": "@KP-yi4nu", "comment": "Yoooo!! That quickstop is literally a trailer!!!", "likes": 6, "published_at": "2020-12-16T00:33:04Z", "sentiment": 0.0, "entities": []}, {"author": "@jasperjones3950", "comment": "Brandon quick question is it a long hold for North West Company? Or short term. Newbie here", "likes": 6, "published_at": "2020-12-16T00:16:47Z", "sentiment": 0.0, "entities": ["Newbie"]}, {"author": "@CrankingAllDay", "comment": "Best REIT in Canada is SOT. Dividend is like 9.5% with AFFO payout ratio of 62%. That means SOT cashflows 15.3% of its current share price per year. Realty pays out 4.6% dividend with AFFO payout of 86%. This means that Realty cashflows 5.3% of its current share price. SOT is a cash making machine (all office building in big cities).  Yes, I own it, but the numbers don't lie. Do your own research!!!", "likes": 1, "published_at": "2020-12-15T22:51:11Z", "sentiment": 0.8061, "entities": ["SOT", "AFFO", "SOT", "AFFO", "SOT"]}, {"author": "@ab.4425", "comment": "Great video buddy!!  What happened to your cat?  lol what name did you give it?", "likes": 0, "published_at": "2020-12-15T22:20:46Z", "sentiment": 0.8336, "entities": []}, {"author": "@scottscriticalmass", "comment": "Gotta say I really like the North West Company... I'd never heard of it, but I love companies that serve underserved niche markets and this one definitely seems to fit the bill.  Balance sheets looks fine, which would be my biggest concern for a company like this.  I'd have to buy on the PinkSheets down here in the U.S., so I'll likely need a no-brainer great deal before considering, but definitely going on one of my watch lists.  Thanks man!", "likes": 1, "published_at": "2020-12-15T22:10:11Z", "sentiment": 0.988, "entities": ["the North West Company", "PinkSheets"]}, {"author": "@jo-annmacdonald", "comment": "Can you do a video on your top 5 stocks in your portfolio and why?", "likes": 1, "published_at": "2020-12-15T21:57:21Z", "sentiment": 0.2023, "entities": []}, {"author": "@sweardesigns", "comment": "Already have this stock \"O\"", "likes": 0, "published_at": "2020-12-15T21:50:27Z", "sentiment": 0.0, "entities": []}, {"author": "@iceman5413", "comment": "I am from Winnipeg and I'm embarrassed that I haven't even considered NWC! \nThis is why I love your channel- you don't just focus on the big ticket players that are all over youtube \ud83d\udc4d", "likes": 2, "published_at": "2020-12-15T21:28:23Z", "sentiment": 0.4574, "entities": ["NWC"]}, {"author": "@benpolley4282", "comment": "Hey Brandon love the information and the way you present your videos . Could you take a look at acuityads company ?", "likes": 0, "published_at": "2020-12-15T21:08:33Z", "sentiment": 0.6369, "entities": []}, {"author": "@VanGrando", "comment": "Because of this pandemic, maybe a lot of people are afraid of investing on anything related to commercial real estate, so maybe it would be nice if you do a video showing REIT options that are mainly invested in residential. What you think? Does that even exist? haha Thanks!", "likes": 1, "published_at": "2020-12-15T20:28:40Z", "sentiment": 0.8538, "entities": []}, {"author": "@intrumpwetrust1448", "comment": "bpy", "likes": 4, "published_at": "2020-12-15T20:21:26Z", "sentiment": 0.0, "entities": []}, {"author": "@f3wbs", "comment": "Would you believe that I was looking at NWC yesterday? What a coincidence.", "likes": 1, "published_at": "2020-12-15T19:41:46Z", "sentiment": 0.0, "entities": ["NWC"]}, {"author": "@MrFlawlessEmpire", "comment": "I work at a company that flies primarily NWC cargo, and I can say this year is one of the busiest years yet. There's talk of buying more planes in the new year as well. I can't see the stock going down any time soon.", "likes": 0, "published_at": "2020-12-15T19:37:04Z", "sentiment": 0.2732, "entities": ["NWC"]}, {"author": "@whileimhere", "comment": "Congrats on the milestone and can\u2019t wait to hear the surprise. Great channel!", "likes": 0, "published_at": "2020-12-15T19:13:13Z", "sentiment": 0.8718, "entities": []}, {"author": "@ceonz", "comment": "What do you think of WBA as a turn around play dividend stock since it\u2019s undervalued and the now that the vaccine is approved it will be administered by Walgreens causing traffic inside the store possibly good for earnings", "likes": 0, "published_at": "2020-12-15T18:53:58Z", "sentiment": 0.7964, "entities": ["WBA"]}, {"author": "@rinse3x", "comment": "possibly dumb question: where do dividends pay out to? like does it just go in ur questrade account as buying power?", "likes": 1, "published_at": "2020-12-15T18:49:35Z", "sentiment": -0.3736, "entities": []}, {"author": "@cnorth3036", "comment": "You are simply the best! Thank you! And congrats! .... You are doing great things honestly! Much love!", "likes": 4, "published_at": "2020-12-15T18:26:03Z", "sentiment": 0.9737, "entities": []}, {"author": "@laylaabdi7231", "comment": "What's your take on RVV? I know, penny stocks, but the industry is interesting, especially with mental health awareness increasing", "likes": 0, "published_at": "2020-12-15T18:21:51Z", "sentiment": 0.5499, "entities": ["RVV"]}, {"author": "@CaseyBurnsInvesting", "comment": "O is definitely a crowd favorite. Love seeing a check every month.", "likes": 6, "published_at": "2020-12-15T18:13:11Z", "sentiment": 0.872, "entities": []}, {"author": "@lizcayetano641", "comment": "Love your channel.great info!", "likes": 1, "published_at": "2020-12-15T18:05:53Z", "sentiment": 0.6696, "entities": []}, {"author": "@j.p.6228", "comment": "Went an signed up for Passiv to support u bro! Keep doing what u do", "likes": 6, "published_at": "2020-12-15T18:01:51Z", "sentiment": 0.4574, "entities": []}, {"author": "@FinanceAP", "comment": "Thanks for the info!", "likes": 1, "published_at": "2020-12-15T18:00:13Z", "sentiment": 0.4926, "entities": []}, {"author": "@michaeltanquiza8960", "comment": "Always the best! Thanks Brandon:-)", "likes": 1, "published_at": "2020-12-15T17:59:22Z", "sentiment": 0.8122, "entities": []}]