[{"author": "@beaviswealth", "comment": "\ud83d\udcc8\ud83d\udcda As always, if you're a beginner to the Stock Market in Canada and you're looking for a step-by-step blueprint on how to get started... Find out more about our Investing Academy here - https://bit.ly/theinvestingacademy", "likes": 5, "published_at": "2021-11-24T16:00:32Z", "sentiment": 0.0, "entities": ["the Stock Market", "Investing Academy"]}, {"author": "@minoo49", "comment": "What do you think about pulling out any growth on my invest annually, to pay off my mortgage faster? Like if my 50k grows to 52k at the end of the year I withdraw 2k and make one more payment? This won\u2019t allow me to use compound growth but I want to know which one is a better move? Waiting for my investment to grow for 5 years and pay all towards my mortgage at the end? Or just use the growth to make annual payments?", "likes": 1, "published_at": "2021-12-11T23:46:06Z", "sentiment": 0.9129, "entities": []}, {"author": "@anthonygreen1134", "comment": "Are you planning to do anything like the smith maneuver on your home?", "likes": 1, "published_at": "2021-12-02T23:57:25Z", "sentiment": 0.3612, "entities": []}, {"author": "@travism4477", "comment": "Fobi.... what is your stance on this stock!! Let me know", "likes": 0, "published_at": "2021-12-02T20:53:22Z", "sentiment": 0.0, "entities": []}, {"author": "@blaquiere141", "comment": "Nice advice to invest in China ! Don't talk about things you don't know to clueless people that are looking for advice ! Everybody who gave you credibility and invested in China are losing thousands ! Good job you wanna be investor.", "likes": 0, "published_at": "2021-12-02T19:01:39Z", "sentiment": 0.7258, "entities": []}, {"author": "@Jackie-ip9tg", "comment": "Can you do a video on Canadian small cap stock recommendations?", "likes": 0, "published_at": "2021-12-01T01:06:19Z", "sentiment": 0.0, "entities": []}, {"author": "@rickvug", "comment": "Totally agree with the sentiment here. A good question to ask yourself when spending is \u201cwill I regret spending this $1000 when it means potentially means sacrificing having $2000 in 10 years time?\u201d. The years with young children can\u2019t be replaced. I\u2019ve never met a single person who regretted providing their family with a comfortable family life. I\u2019ve met multiple who regretted being too cheap to enjoy anything. It is only the frivolous extras that are regretted.", "likes": 0, "published_at": "2021-11-30T07:39:38Z", "sentiment": 0.3804, "entities": []}, {"author": "@imru22", "comment": "Congrats on the upcoming birth of your little girl. Don't listen to the negative Nelly's who just want to troll your page and personal decisions. The best investment you can make is to ensure your family is taken care of first. \nGreat job on landing the new place. Great memories will be made there and that alone is worth tapping out of most of your TFSA.", "likes": 0, "published_at": "2021-11-29T21:35:41Z", "sentiment": 0.959, "entities": ["Nelly"]}, {"author": "@josephculmone2402", "comment": "I agree.  Why give our hard earned money to the Government when it should be used for our needs.", "likes": 0, "published_at": "2021-11-27T15:53:57Z", "sentiment": 0.2732, "entities": []}, {"author": "@L3G0FaN", "comment": "After the stock market crash yesterday, I\u2019m convinced this man can predict the future", "likes": 0, "published_at": "2021-11-27T15:53:56Z", "sentiment": 0.0, "entities": []}, {"author": "@smallmj2886", "comment": "What it comes down to is your money a tool or are you a slave to it?", "likes": 0, "published_at": "2021-11-27T12:15:24Z", "sentiment": 0.0, "entities": []}, {"author": "@glowblossoms", "comment": "Congratulations on your new home and baby on the way! That's part of why we do investing so we can have the options of choosing what makes life works that caters to our needs. The great thing about investing is that we can always start again and conquer new money goals...Best wishes on the new chapter of your life having your own family. You'll be a great daddy\ud83d\udc4c\ud83c\udf88\ud83c\udf89\ud83c\udf89\ud83c\udf89", "likes": 0, "published_at": "2021-11-27T06:32:12Z", "sentiment": 0.9324, "entities": []}, {"author": "@acdatz6222", "comment": "Well after today it sure looks like you made a good decision to sell when you did.", "likes": 1, "published_at": "2021-11-26T22:38:18Z", "sentiment": 0.8316, "entities": []}, {"author": "@dariroch", "comment": "Why pay someone else to live when you can pay yourself?  You need to live somewhere, owning your own space, not having to answer to someone else, have the risk of your landlord sell their property and having to find another place in a pinch. \n\nAlso interest rates will probably inch up over the next few years. Locking in at a low rate now  may save you some serious money later.", "likes": 0, "published_at": "2021-11-26T20:08:11Z", "sentiment": 0.2263, "entities": []}, {"author": "@leanne4670", "comment": "Interesting. Nice to hear this line of thinking from someone who is knowledgeable in investing and personal finance. I'm pretty green on the subject but in a similar situation where we are making some big decisions that would feel wrong if we were only focussed on the numbers. The description of your thought process is helpful to affirm our own thought process in our situation.", "likes": 0, "published_at": "2021-11-26T19:48:59Z", "sentiment": 0.5267, "entities": []}, {"author": "@stevenarthurjoubert7191", "comment": "Hey Brandon!\n\nFirst of all thank you for your content. Secondly, I got into investing to be able to afford a down payment for a house myself. I'm using a TFSA in order to achieve my goal because a savings account is not the way for me. I listen to your advice which I am grateful for and am doing fine.  All that you did by selling you portefolio is show me that it is possible. Thank you.", "likes": 0, "published_at": "2021-11-26T14:25:06Z", "sentiment": 0.8439, "entities": []}, {"author": "@og7952", "comment": "Well it's not as if you paid your house cash, right ? it's for a down payment... nothing wrong with that.", "likes": 0, "published_at": "2021-11-26T13:31:18Z", "sentiment": 0.5653, "entities": []}, {"author": "@angieshi5167", "comment": "We invest to help us have good life ~  that\u2019s awesome to stress!", "likes": 0, "published_at": "2021-11-26T04:08:01Z", "sentiment": 0.8016, "entities": []}, {"author": "@rp5339", "comment": "Housing bubble is about to go bust with inflation running rampant. They can't keep those interest rates low for too long and it is Armageddon when rates go up.", "likes": 0, "published_at": "2021-11-26T01:19:02Z", "sentiment": -0.5544, "entities": []}, {"author": "@BURGATRON", "comment": "Super excited for the Alibaba and Tencent video. Congrats on the baby, sir Brandon!", "likes": 0, "published_at": "2021-11-26T01:13:19Z", "sentiment": 0.8748, "entities": []}, {"author": "@tomisking18", "comment": "cool hair man", "likes": 0, "published_at": "2021-11-25T23:05:54Z", "sentiment": 0.3182, "entities": []}, {"author": "@Sharp02895", "comment": "Money is not everything.  What good is having a huge portfolio yet living uncomfortable.  Buying a house is just as an important of an investment as a TFFA or RRSP.  Good for you in becoming a property owner and contributing to your mortgage rather then someone else's investment property. It was the right move.  If it was for the latest and greatest EV car or something like that then I would say 100% no its not a wise move to use your TFFS.  Hope your journey into home ownership works out well for you.", "likes": 0, "published_at": "2021-11-25T21:35:46Z", "sentiment": 0.8377, "entities": ["TFFA", "RRSP", "EV", "TFFS"]}, {"author": "@sebastienbouffard4105", "comment": "Just wondering... was using the RRSP Home Buyer plan an option for you? And if so, why did you choose to use your TSFA instead of your RRSP?", "likes": 0, "published_at": "2021-11-25T20:51:49Z", "sentiment": 0.0, "entities": ["RRSP Home Buyer", "RRSP"]}, {"author": "@iamhenry8", "comment": "If I had the choice to have a family with a new coming baby soon to put in a home or a TFSA... I take the family! BUT... of course I don't have a family so I keep my TFSA and I ask my cat to help me pick stocks time to time :P", "likes": 0, "published_at": "2021-11-25T17:37:49Z", "sentiment": 0.729, "entities": [":P"]}, {"author": "@jonisousa-guthrie3121", "comment": "Brandon:  You and Marc have so much experience and knowledge on investing, I\u2019m sure you made the right decision.  Furthermore, you will also be making money from your rental property.   Can you or Marc make a video on what stocks to purchase for the upcoming $6000 tfsa contribution  for retirees ?  Thank you.  Congrats", "likes": 0, "published_at": "2021-11-25T13:41:01Z", "sentiment": 0.802, "entities": []}, {"author": "@annehenderson7911", "comment": "Viewers know by following your channel that you deeply research and reflect upon, and gather advice before you make a decision. Only you can know what decision is right for your life.", "likes": 0, "published_at": "2021-11-25T13:38:53Z", "sentiment": 0.0, "entities": []}, {"author": "@yen_mytran5435", "comment": "Thanks you", "likes": 1, "published_at": "2021-11-25T12:17:56Z", "sentiment": 0.4404, "entities": []}, {"author": "@annemorris8397", "comment": "Well done Brandon, you didn\u2019t have to justify your actions. You did the right thing for your family. Congratulations!", "likes": 0, "published_at": "2021-11-25T11:40:08Z", "sentiment": 0.7424, "entities": []}, {"author": "@xoxochann9340", "comment": "congrats <3", "likes": 0, "published_at": "2021-11-25T07:37:38Z", "sentiment": 0.743, "entities": []}, {"author": "@snoopysnoopy2556", "comment": "Looking back this will be the best decision you\u2019ve made.  I make more money in real estate than stock market", "likes": 1, "published_at": "2021-11-25T05:22:07Z", "sentiment": 0.6369, "entities": []}, {"author": "@GG-dp4jo", "comment": "People will always ha e something negative to say no matter what you do. You know what's right for you and nobody can step in your shoes. So keep doinf great stuff and congratulations once again for the House and the baby. Love your channel Brandon.\n\nPlease make a series of videos for creating a long term portfolio from scratch. Thanks", "likes": 0, "published_at": "2021-11-25T05:00:03Z", "sentiment": 0.9474, "entities": ["House"]}, {"author": "@AgnesPelletier", "comment": "it made a lot of sense in the first video. Investing in your family's happiness sounds like a very worthwhile investment to me. Also...did you finally get married, Brandon? That ring seems new and is jumping out of the screen, lol.", "likes": 0, "published_at": "2021-11-25T04:24:43Z", "sentiment": 0.8908, "entities": []}, {"author": "@RockNcountrySTAR", "comment": "We all second guess some investments but I\u2019ve never regretted buying a house, I should buy another now but you did the right thing bud, especially having a baby on the way, now she will have a home to be raised in,  you made the right decision, good luck to the 3 of you !", "likes": 1, "published_at": "2021-11-25T03:58:39Z", "sentiment": 0.8983, "entities": []}, {"author": "@pwong0227", "comment": "How come Brandon is wearing t-shirt with Toronto? Shouldn't be Vancouver or Richmond? \ud83d\ude04\ud83d\ude04\ud83d\ude04 We invest to make the money work for us while we sleep. TFSA was the right choice for down-payment as I did the same in 2016 buying my second home.", "likes": 0, "published_at": "2021-11-25T02:09:09Z", "sentiment": 0.0, "entities": []}, {"author": "@CanadianDividendInvesting", "comment": "I think the house appreciation will make up for your old TFSA portfolio", "likes": 1, "published_at": "2021-11-25T01:36:27Z", "sentiment": 0.5106, "entities": []}, {"author": "@gr4297", "comment": "Great choice,  you did right thing \nRealestate will never get down on the long term and you'll make more money on it ( even if that's not the priority)\nFrom 20k total spending my own money starting in 1995 now it's around 2 and a half million dollars \nCongrats", "likes": 0, "published_at": "2021-11-25T01:33:37Z", "sentiment": 0.8176, "entities": ["Realestate"]}, {"author": "@feaseable", "comment": "Awww Man Brandon, you guys should have moved to Prince George :) its still affordable to live here.", "likes": 0, "published_at": "2021-11-25T01:33:16Z", "sentiment": 0.4588, "entities": []}, {"author": "@78jt", "comment": "Your money, you do whatever you want to do with it. It's nobody's business but your own \u270c", "likes": 0, "published_at": "2021-11-25T01:22:56Z", "sentiment": 0.0387, "entities": []}, {"author": "@tommoore2572", "comment": "You made the right decision for yourselves Brand.  We got married in 1988 and moved from London ON to Burlington weeks later.  We wanted to buy a home, but the prices kept outpacing our ability to save enough for a down payment.  Then I lost my job in 1992 or 93 and was given a severance that we decided to cash out and we finally had our down payment.  We bought a house for $177k and promptly watched it loose its value as the market turned.  We sold it in 1999 for $181k to buy a bigger home.   It sucked to just cover the real estate fees on the gain, but we had our two kids at that house and it was time to unload our savings again to find a home that better fit the four of us.   We have no regrets and fortunately our new home went from $267k to $1,050k when we sold it in 2017.  Thinks work out if you have a long view.   Don't look back and build for your new future.   Congrats and Cheers!!!", "likes": 0, "published_at": "2021-11-25T01:11:01Z", "sentiment": 0.9567, "entities": ["Burlington"]}, {"author": "@markj4306", "comment": "Best $ and \u00a2 decision: live in a tree house, never take a vacation, don't have kids, and only eat beans and rice... \u2013\u00a0sorry I couldn't resist a satirical comment here. It's always helpful to know what you want in life and to be happy if possible!", "likes": 0, "published_at": "2021-11-25T01:02:40Z", "sentiment": 0.8999, "entities": []}, {"author": "@asianxbb", "comment": "Congrats on your new journey as a father and real estate investor! I find it sad that you had to explain yourself from the few doubters/nah sayers about what you are doing with YOUR money for YOUR family. It\u2019s not you\u2019re taking money out to spend on a yacht or something like that, you\u2019re using invested money to still invest into something else. Life just happens, no matter how you try to plan and invest for. I think it\u2019s a great move considering how expensive a home is in the greater Vancouver area. You and your family will be so so happy there!", "likes": 0, "published_at": "2021-11-24T23:51:35Z", "sentiment": 0.9322, "entities": []}, {"author": "@keighleymchugh4637", "comment": "Totally agree with your move and i can relate to your situation, there always should be a plan for investing or a goal not just % gain and math. Congratulations again !", "likes": 0, "published_at": "2021-11-24T23:47:44Z", "sentiment": 0.638, "entities": []}, {"author": "@cheynebest7028", "comment": "How do you make up any meaningful down payment without dipping in your investments? If you hold anything over a couple grand in a savings account you're making a big mistake. I would suggest the first time home buyer program involving your rrsp. Getting into a home to start building equity far outweighs not touching your investments for a down payment.", "likes": 0, "published_at": "2021-11-24T23:44:23Z", "sentiment": 0.4404, "entities": []}, {"author": "@web3tel", "comment": "I support you in your decision 100%", "likes": 0, "published_at": "2021-11-24T23:37:12Z", "sentiment": 0.4019, "entities": []}, {"author": "@derekcox6531", "comment": "I would point out one thing to folks who are looking to buy their first home. (Not sure what Darcy did exactly).   First of all,DONT liquidate your RRSP!! You won\u2019t get that contribution room back AND you will be taxed on it. Instead, as a first time home buyer,you have the option to use a portion of your RRSP as a loan to yourself to help buy your first home. I used it as a younger person when TFSA s were not a thing,and you have a very generous time frame to repay to your RRSP.     Aside from that,Brandon has used his TFSA exactly the way it was intended when it was thought up. Tax free SAVINGS account. As in saving for something.", "likes": 0, "published_at": "2021-11-24T23:19:10Z", "sentiment": 0.9096, "entities": ["RRSP", "RRSP", "RRSP"]}, {"author": "@turbofanlover", "comment": "Ah...so you're not going down with the BABA and the TCEHY ships after all.  I was wondering how long you'd hang on, dude.  ;)  Good move, IMO.  Oh, and good vid.", "likes": 0, "published_at": "2021-11-24T23:12:34Z", "sentiment": 0.7717, "entities": ["BABA", "TCEHY", "IMO"]}, {"author": "@reptilianskin", "comment": "You made the right decision for you and your family. I am not raising a family, but if I was, living in Toronto, I too would likely liquidate my portfolio to get into home ownership.", "likes": 0, "published_at": "2021-11-24T22:54:07Z", "sentiment": 0.0, "entities": []}, {"author": "@brianoconner3090", "comment": "Me and wife each withdrew around 8.6k cad from each of our TFSA account also for the down payment of our house here in Alberta. We never regret it as having a house was one of our goals.", "likes": 1, "published_at": "2021-11-24T22:46:53Z", "sentiment": 0.3252, "entities": []}, {"author": "@mikeb5030", "comment": "Piece of advice for anyone planning to buy a home. Make sure it be a fixed mortgage. Because if you decide on a variable, youre doomed once interests rates sky rocket.", "likes": 0, "published_at": "2021-11-24T22:26:35Z", "sentiment": -0.2263, "entities": []}, {"author": "@LivingTheLifeRetired", "comment": "Thanks for the idea. I feel like you felt the need to defend your personal decision and you shouldn\u2019t have to feel that way.", "likes": 2, "published_at": "2021-11-24T22:14:13Z", "sentiment": 0.6597, "entities": []}, {"author": "@Andy-xq3ut", "comment": "Great question to finish with!  I personally invest to best inflation.  But I fall victim sometimes to the mentality of hitting non stop home runs.  I also invest simply to give myself the best chance now, at a better future!  The latency effect is a real thing.  Whether that is a job, working out, investing.  You aren't going to see the results you want next week, month, year, decade unless you START TODAY!", "likes": 0, "published_at": "2021-11-24T22:10:19Z", "sentiment": 0.9346, "entities": []}, {"author": "@Andy-xq3ut", "comment": "Don't even need to watch the rest of this video to say no, no it was not a mistake selling your TFSA in leu of arguably one of the best hedges in modern times.  House prices aren't going down.  Might see a drop with regards to interest rate hikes and thus capital value will drop a tad.  But ultimately, we can't produce more sq ft of land.  There comes a point where new houses won't exist and everything is built upward", "likes": 0, "published_at": "2021-11-24T21:57:55Z", "sentiment": 0.2542, "entities": ["House"]}, {"author": "@markds6639", "comment": "Being able to prioritize and take action on the basic needs of your family is one of the important characteristics a father should have. A few months ago after my daughter and our dog finished playing around the house, they both lay down on the floor and she said, \"I love our house dad\". I don't know about you but that is worth more to me than Tesla ATH! Congrats Brandon!", "likes": 14, "published_at": "2021-11-24T20:26:42Z", "sentiment": 0.8986, "entities": []}, {"author": "@elcafejapones", "comment": "Great message. Money is one tool for us to pursue happiness. If money is happiness for some people, that's totally fine, but it is also ok to pursue something else that makes us happy by spending some money.", "likes": 0, "published_at": "2021-11-24T20:09:10Z", "sentiment": 0.9387, "entities": []}, {"author": "@didtoknan8128", "comment": "There are too many Mark on Internet.", "likes": 0, "published_at": "2021-11-24T19:30:25Z", "sentiment": 0.0, "entities": []}, {"author": "@DC-nj8kv", "comment": "Can't eat money. Can't drive money to work. Money is a means to an end, not the end.", "likes": 0, "published_at": "2021-11-24T19:06:20Z", "sentiment": 0.0, "entities": []}, {"author": "@pixelino", "comment": "Silly question... can you own real estate through a TFSA? If so, how would that work?", "likes": 0, "published_at": "2021-11-24T18:59:34Z", "sentiment": 0.1179, "entities": []}, {"author": "@famoutax", "comment": "Congratulations \ud83e\udd73 on the new house and the baby. This is the life goal for most of us. Thank you for sharing your journey \ud83d\ude4f", "likes": 1, "published_at": "2021-11-24T18:59:15Z", "sentiment": 0.8578, "entities": []}, {"author": "@taylorl2673", "comment": "So well said Brandon. I think sometimes we can all get too focused on the $$ numbers but forget about the value of experiences/other things in life. As there is a finite amount of time, there is also a finite amount of opportunities where the $$ we accumulate will generate us the most valuable experience. In your example, a baby coming makes total sense to do the move you have done, it actually inspired me to have another look at my TFSA and how i could leverage it differently. Congratulations on becoming a proud home owner at probably the hottest housing market in NA.", "likes": 0, "published_at": "2021-11-24T18:49:45Z", "sentiment": 0.9799, "entities": ["NA"]}, {"author": "@cqfd1688", "comment": "Are you planning on making videos about the financial aspects of buying a property? E.g. fixed vs variable morgage rate, how you incorporated/planned the new expenses in your budget, etc.", "likes": 0, "published_at": "2021-11-24T18:38:15Z", "sentiment": 0.0, "entities": []}, {"author": "@markm5002", "comment": "Your videos are really great and a must watch for young and older alike.  Just curious about your feelings on using the RRSP Home Buyers Plan.", "likes": 1, "published_at": "2021-11-24T18:17:40Z", "sentiment": 0.7713, "entities": ["the RRSP Home Buyers Plan"]}, {"author": "@kylechallis6861", "comment": "I am doing the same thing Brandon, I\u2019m just a few years behind you as I\u2019m only 22 and a 4th year university student. Have my house down payment in my TFSA in some highly rewarding oil/energy stocks and will pull out all the funds to purchase my first home in the Ottawa area once I am done school. Investing is a stepping stone that should be used by young Canadians to build wealth for their first real estate purchase but instead they buy useless things and beg their parents for money for their down payments. Or even worse, most wait until there is a death in the family to be able to finally afford the down payment. It\u2019s going to feel that much better to know I did it all myself.", "likes": 6, "published_at": "2021-11-24T18:01:52Z", "sentiment": -0.7847, "entities": []}, {"author": "@DetlefEick", "comment": "Thanks for the reality check. We have a saying, \"Work to live, don't live to work\". The same can be applied to investing. We save and invest to reach life goals. I recently made a big move as well, and watching this video helps reassure me that I did the right thing. Also, let's not forget that real estate is an investment too, and your primary residence is an extremely smart play in the long run. Tax free growth just like TFSA, plus you get to live in it. Speaking of life goals, big congrats to the growing family!!", "likes": 1, "published_at": "2021-11-24T18:00:37Z", "sentiment": 0.9845, "entities": []}, {"author": "@diegohernandez3791", "comment": "If money was everything you would have bought a house in St. John's, NL \ud83d\ude06 houses are cheap and rent out for a lot!", "likes": 0, "published_at": "2021-11-24T17:51:58Z", "sentiment": 0.0, "entities": ["NL"]}, {"author": "@evanjones1847", "comment": "We invest to create a better lives for ourselves and our families.  Being scruge mcduck and grasping every last dollar till the day you die isn\u2019t the way to do it.", "likes": 0, "published_at": "2021-11-24T17:47:34Z", "sentiment": 0.0258, "entities": []}, {"author": "@darc3098", "comment": "He will have a contribution room next year and it is already November anyway. It can be a mistake if the stock market goes up like 10 times until end of 2021 but everyone knows it will not happen. Unless the stock goes up more than 30% he can save way more from tax.", "likes": 0, "published_at": "2021-11-24T17:40:40Z", "sentiment": 0.6542, "entities": []}, {"author": "@LifeofRichh", "comment": "You really opened my eyes to a different perspective of why we truly invest and that it\u2019s okay to take that money because it is YOUR money and as long as your making a sound decision that makes sense in your life, go ahead and enjoy the fruits of your labour and prepare to re-plant the seeds", "likes": 1, "published_at": "2021-11-24T17:39:38Z", "sentiment": 0.7906, "entities": []}, {"author": "@LifeofRichh", "comment": "I loved this video. Life isn\u2019t always about dollar cost averaging, about the \u201cDollars and cents.\u201d Congratulation on your new home and good luck on this new chapter of life Brandon!", "likes": 0, "published_at": "2021-11-24T17:37:09Z", "sentiment": 0.9324, "entities": []}, {"author": "@Bigbarry889", "comment": "I would say, living in parents' house and owning a house is so much different! Reparation, renovation, taking care of the house. We rented a house and figured out it is not for us, so now we're rtying to find a way to buy a 3 bedroom condo. Of course the price might be similar but the house life is not fitting us. May it fits your needs :-)", "likes": 0, "published_at": "2021-11-24T17:34:05Z", "sentiment": 0.6533, "entities": []}, {"author": "@jasonduster4721", "comment": "Congrats on another great video.  I don't understand the negative comments.  What is the point of saving / investing if you never get to spend the money on these life moments to what what you really want?  I read that it would have been better if you waited to purchase the home?  When is a good time to buy?  The real estate market is crazy no matter where you go.  Maybe you get lucky and in a few years the house is worth double lol  Just like the stock market, you have to take a calculated risk.  I think you made a good decision for yourself and your family.", "likes": 0, "published_at": "2021-11-24T17:29:14Z", "sentiment": 0.9742, "entities": []}, {"author": "@underling", "comment": "A home is an investment in your life (it can also be an investment in value, but to me this is secondary). Like any large purchase/investment it should be done wisely, but ultimately the decision is made for you and your circumstances.\n\nGlad that you've been able to move forward with one of your goals/dreams and wish you all the best as your family grows and makes memories in your new home.", "likes": 0, "published_at": "2021-11-24T17:15:11Z", "sentiment": 0.9719, "entities": []}, {"author": "@christiani.herreram867", "comment": "Well done,  I think with your situation we learned how powerfull is the TSFA and how can we use it.", "likes": 0, "published_at": "2021-11-24T17:06:35Z", "sentiment": 0.2732, "entities": []}, {"author": "@jamesbainton", "comment": "Another YouTuber (Outdoors with the Morgans) always says: \"When you buy, you won't believe how much you paid for the house/land.  As time goes on, you won't believe how little you paid\".  I look back at all of the places I have bought in the past (and sold); this rings true.  Will it go up forever?  Probably not, but Vancouver is one of the nicest places to live.  You can't go wrong.", "likes": 6, "published_at": "2021-11-24T16:59:54Z", "sentiment": 0.8601, "entities": []}, {"author": "@felixalielamarche2027", "comment": "Happy for you dude you helped me learn investing and now it's been over a year I've been making gains and reinvesting living life anyways many blessings to your family bro your the man!", "likes": 0, "published_at": "2021-11-24T16:59:26Z", "sentiment": 0.8718, "entities": []}, {"author": "@johnnycinelli7915", "comment": "You raided the treasure treasure chest lol.  If i where u I would of asked dad for help.  Hey congrats on the new baby coming.  More stress \ud83d\ude32", "likes": 0, "published_at": "2021-11-24T16:50:53Z", "sentiment": 0.8484, "entities": []}, {"author": "@ohbhoi", "comment": "No you didn't make any mistakes.  You gotta understand the Canadian housing market to fully grasp the situation.  In my opinion you made an excellent decision by going after it.\n\nI upgraded from a single car garage to a double car garage last year here in the GTA.  After 14 months the exact same house, same layout, same subdivision is sold for 415 000 more than what I paid for last year.\n\nAll I heard last year when I purchased was overpriced houses or the bubble is gonna burst.  Don't listen to those nonsense.  Good decision. Keep it up and congratulations to your new baby.", "likes": 0, "published_at": "2021-11-24T16:45:13Z", "sentiment": 0.8276, "entities": []}, {"author": "@Bosu0", "comment": "Congrats to you and your wife.  We are thinking of upgrading our living situation as well.", "likes": 0, "published_at": "2021-11-24T16:44:21Z", "sentiment": 0.6705, "entities": []}, {"author": "@radiohead322", "comment": "This makes total sense. It's the only way to potentially afford a home in metro Vancouver.", "likes": 13, "published_at": "2021-11-24T16:33:04Z", "sentiment": 0.0, "entities": []}, {"author": "@marcbabin", "comment": "Wise words and well said. Congrats on the new house and the new life.", "likes": 0, "published_at": "2021-11-24T16:31:00Z", "sentiment": 0.8225, "entities": []}, {"author": "@burnabyguy", "comment": "Why didn't you try renting instead?", "likes": 0, "published_at": "2021-11-24T16:29:14Z", "sentiment": 0.0, "entities": []}, {"author": "@dougk1533", "comment": "Hey Brandon - I agree with what you did with your TFSA.  You won't get any flack from me.... it is a personal decision.  However, I do wish that you would consider changing the title of this current Youtube video.  I believe that most Canadians think that a TFSA (or a RRSP for that matter) is a product that  you \"buy\".  I think that it would be better if you would have title the video...\n\n\"Did I Make A MISTAKE By Selling The Investments Inside My TFSA and then withdrew the cash from my TFSA...? (I Personally Don't Think So)\n\nI know that this is much much longer title, but I think that we always need to emphasize that a TFSA (and RRSP) is simply a \"basket\" that holds investments, cash, bonds, etc.  I have never spent any money buying a TFSA or RRSP.  It's free and from the government.  Figure that!\n\nBTW - congratulations on buying your home and on the upcoming arrival of your child.  You will be a great dad!", "likes": 0, "published_at": "2021-11-24T16:25:36Z", "sentiment": 0.9662, "entities": ["RRSP", "RRSP", "RRSP"]}, {"author": "@ab.4425", "comment": "Great video bud!! I think it was the best decision!! Wish you the best Brandon!!", "likes": 0, "published_at": "2021-11-24T16:21:03Z", "sentiment": 0.9543, "entities": []}, {"author": "@khuo0219", "comment": "Investing is about using money to fulfill life goals, accumulation for accumulation sake is having it backwards, think about all the memories you can have in a space you created for yourself and your family. The only risk you are taking with the real estate is that Richmond is situated on a flood plain and you better lobby the city government to do their best with flood prevention!  Of course, if you YOLOed everything on Shib you would get a lot more respect ;P", "likes": 6, "published_at": "2021-11-24T16:20:12Z", "sentiment": 0.9285, "entities": ["P"]}, {"author": "@toemata4234", "comment": "Congrats on the new home\ud83d\ude00", "likes": 0, "published_at": "2021-11-24T16:19:20Z", "sentiment": 0.5267, "entities": []}]