[{"author": "@beaviswealth", "comment": "\ud83d\udcc8\ud83d\udcda As always, if you're a beginner to the Stock Market in Canada and you're looking for a step-by-step blueprint on how to get started... Find out more about our Investing Academy here - https://bit.ly/theinvestingacademy\n\nEnjoy the Q&A this month everyone! Thanks for all the great questions. Stock Market Challenge Update coming soon!", "likes": 4, "published_at": "2020-11-03T17:03:50Z", "sentiment": 0.9018, "entities": ["the Stock Market", "Investing Academy", "Q&A"]}, {"author": "@lyndanickerson1373", "comment": "The Government does want us to be nothing more than drones they don't want us to get ahead. That's why they don't educate us in Investing.", "likes": 0, "published_at": "2022-07-05T21:28:41Z", "sentiment": 0.1531, "entities": []}, {"author": "@JfaJosephR9", "comment": "Hey Brandon, what app do you use to trade/own Crypto?", "likes": 0, "published_at": "2021-04-24T04:15:28Z", "sentiment": 0.0, "entities": []}, {"author": "@sanjaykapoor899", "comment": "Hi Brandon,  Thanks for your great channel for investing.  You really inspire me. \n\nWith the recent ETF on BTCC in the TSX, this is a great option for small time investors in BTC. Please can you make for us a video on the same. Can you please advice us on the difference between Canadian dollar-denominated ETF currency-hedged units (ticker symbol BTCC), Canadian dollar-denominated ETF non-currency hedged units (ticker symbol BTCC.B), and U.S. dollar-denominated ETF non-currency hedged units (ticker symbol BTCC.U)", "likes": 0, "published_at": "2021-02-14T13:46:19Z", "sentiment": 0.9623, "entities": ["BTCC", "TSX", "ETF"]}, {"author": "@tommynejo", "comment": "Wow, this aged so well today...", "likes": 0, "published_at": "2021-01-08T17:58:50Z", "sentiment": 0.7609, "entities": []}, {"author": "@javaghoul6302", "comment": "I like to think with diversity in investing,  you should just invest in good companies diversely Haha like tesla and amazon for example are 2 great companies but their also so very different I think your covering your butt the same way but also not wasting your money investing in just random places to play it safe. \ud83d\ude04", "likes": 0, "published_at": "2021-01-08T08:21:31Z", "sentiment": 0.953, "entities": []}, {"author": "@Leashaz", "comment": "You need to put that crypto on a ledger. You can track it via the Delta app! It can get stolen otherwise.", "likes": 0, "published_at": "2020-12-18T16:14:58Z", "sentiment": -0.5411, "entities": []}, {"author": "@mikeb5030", "comment": "Which crypto platform do you use pareng brandon?", "likes": 0, "published_at": "2020-12-12T00:38:17Z", "sentiment": 0.0, "entities": []}, {"author": "@cashflowinvestorspyd6767", "comment": "Bitcoin!!!!!", "likes": 0, "published_at": "2020-11-10T12:47:33Z", "sentiment": 0.0, "entities": []}, {"author": "@chris123chris82", "comment": "Soo happy I came by your channel. It\u2019s difficult to find good Canadian channels", "likes": 0, "published_at": "2020-11-09T17:59:08Z", "sentiment": 0.6249, "entities": []}, {"author": "@henjer2150", "comment": "Hey Brandon, My question is if my TFSA is maxed out and I don't want to use rrsp's to invest a large sum of $ to invest in stocks what do you recommend?", "likes": 0, "published_at": "2020-11-08T21:48:45Z", "sentiment": 0.3134, "entities": []}, {"author": "@DL-bl6qp", "comment": "When I was in grade 9, my teacher got me interested in investing (in construction class- totally off topic!) My students smirk at each other when I talk to them about stocks and dividends because I talk about investing so much. I showed them a dividend calculator this week, and finally peaked some interest!", "likes": 1, "published_at": "2020-11-07T02:27:50Z", "sentiment": 0.7418, "entities": []}, {"author": "@gush5465", "comment": "Hey Brandon, awesome video as usual, a question for you do you do any option or forex or cd trading ?", "likes": 0, "published_at": "2020-11-07T01:13:09Z", "sentiment": 0.6249, "entities": []}, {"author": "@colintardif8275", "comment": "I will teach you how to be rich is an awesome read!", "likes": 0, "published_at": "2020-11-06T23:26:22Z", "sentiment": 0.8398, "entities": []}, {"author": "@ryanwang2572", "comment": "I totally agree with you as for the education system in B.C. and all around the world as a matter of fact to implement teaching investing and taxes as a course, would actually be inclined to take those classes. Also, you go to high school in Van too?", "likes": 0, "published_at": "2020-11-05T11:18:52Z", "sentiment": 0.4391, "entities": []}, {"author": "@sadiefrankie2752", "comment": "In my opinion, the education system, though you have an option to choose as an elective, doesn't in its entirety includes investing and taxes as a general education because the education system focuses on the very fundamental and foundation which is to teach people discipline. Financial knowledge should be aligned with financial maturity and financial maturity requires time. If a kid already knows how to invest at a young age without enough maturity, that'll be a disaster. Further, everything must be in balance (eg. Law of Supply and Demand). If all of the people are investing, market value would certainly decline and another market will rise. It's really complicated and really difficult to put into words but this is just my opinion.", "likes": 0, "published_at": "2020-11-04T16:51:22Z", "sentiment": -0.2609, "entities": []}, {"author": "@Miguel-yu9zv", "comment": "Are you holding onto Raytheon if a bidden victory?", "likes": 1, "published_at": "2020-11-04T14:25:41Z", "sentiment": 0.0, "entities": ["Raytheon"]}, {"author": "@jaymesmean385", "comment": "I will teach you to be rich is a great book. Different from most investing tips so I enjoyed it a lot. The alchemist is another good one. Great vid as always.", "likes": 0, "published_at": "2020-11-04T12:21:03Z", "sentiment": 0.9635, "entities": []}, {"author": "@itschrisuphere", "comment": "I view holdings of physical gold as equivalent to holdings of crypto - alternate non-currency stores of wealth that have movements with different correlations to other asset classes.", "likes": 0, "published_at": "2020-11-04T09:48:05Z", "sentiment": 0.6908, "entities": []}, {"author": "@yknarfgnat", "comment": "Hey Brandon, how do you deal with the exchange rate when investing in US stocks? It just seems so much more expensive as a Canadian to transition into the US market. Appreciate your thoughts.\n\nEdit: you kind of briefly touched upon it in this video, but not quite LOL", "likes": 0, "published_at": "2020-11-04T06:50:29Z", "sentiment": -0.5084, "entities": ["LOL"]}, {"author": "@jasonduster4721", "comment": "In Ontario, they do now teach Financial Literacy now.  When I went through the Public School System in the 1990's, it was not taught.\nPlease see link below.\n\nhttp://www.edu.gov.on.ca/eng/surveyliteracy.html", "likes": 0, "published_at": "2020-11-04T05:30:14Z", "sentiment": -0.2411, "entities": ["Financial Literacy", "the Public School System"]}, {"author": "@jessm.2817", "comment": "215! Nice", "likes": 0, "published_at": "2020-11-04T01:10:02Z", "sentiment": 0.4753, "entities": []}, {"author": "@grease112", "comment": "VFV ETF is the way to go!  One up on Wall Street is a great book.  Did you catch the Orbcomm run-up today?", "likes": 0, "published_at": "2020-11-04T00:38:27Z", "sentiment": 0.6588, "entities": ["VFV"]}, {"author": "@sgtSYKE", "comment": "(10:50) Funny you should mention that.. \"being raised into a bunch of drones\" That slip of the tongue is closer to a very dark and actual truth than you might think. It does tie in to the current turmoil as well. The real question is being raise into a bunch of drones for who/what? Who/what benefits the most from lack of critical thinking? and to what end?", "likes": 1, "published_at": "2020-11-03T23:57:47Z", "sentiment": 0.4699, "entities": []}, {"author": "@jump312", "comment": "nice reps man now we need to see ya squat ;)", "likes": 0, "published_at": "2020-11-03T23:48:22Z", "sentiment": 0.5719, "entities": []}, {"author": "@MarcelloNesca", "comment": "Thanks Brandon, love that your focus is on Canada, please keep it up! I recommend your sub to others.\nJust to recap the book list:\n\n~ Rich Dad Poor Dad\nhttps://www.amazon.ca/Rich-Dad-Poor-Teach-Middle/dp/1612680194/ref=sr_1_1?crid=2HHC639H8PFVF&dchild=1&keywords=rich+dad+poor+dad&qid=1604446886&sprefix=rich+dad%2Caps%2C209&sr=8-1\n\n~ The Wealthy Barber (returns)\nhttps://www.amazon.ca/Wealthy-Barber-Returns-David-Chilton/dp/0968394744/ref=sr_1_1?crid=1YFWOZC77NLGW&dchild=1&keywords=the+wealthy+barber&qid=1604446931&sprefix=the+weal%2Caps%2C822&sr=8-1\n\n~ One up on Wall Street\nhttps://www.amazon.ca/One-Up-Wall-Street-Already/dp/0743200403/ref=sr_1_1?crid=1LA07U9H7IJZN&dchild=1&keywords=one+up+on+wall+street&qid=1604446968&sprefix=one+up+on+%2Caps%2C268&sr=8-1\n\n~ I will teach you how to be rich\nhttps://www.amazon.ca/Will-Teach-You-Rich-Second/dp/1523505745/ref=sr_1_1?crid=2XAYAIMUKBBL9&dchild=1&keywords=i+will+teach+you+to+be+rich&qid=1604446774&sprefix=i+will+tea%2Caps%2C207&sr=8-1\n\n~ Simple Wealth Inevitable Wealth\nhttps://www.amazon.ca/Simple-Wealth-Inevitable-Financial-Advisor/dp/0966976312/ref=sr_1_1?crid=3PB2V7LWI4HC0&dchild=1&keywords=simple+wealth+inevitable+wealth&qid=1604447015&sprefix=simple+wealth%2Caps%2C188&sr=8-1\n\nI read this one and also recommend it:\n\n~ Millionaire Teacher\nhttps://www.amazon.ca/Millionaire-Teacher-Wealth-Should-Learned/dp/1119356296/ref=sr_1_1?crid=3QI5CIE9WRU0K&dchild=1&keywords=millionaire+teacher&qid=1604447055&sprefix=million%2Caps%2C224&sr=8-1", "likes": 0, "published_at": "2020-11-03T23:45:29Z", "sentiment": 0.9811, "entities": ["The Wealthy Barber"]}, {"author": "@kylestratton4943", "comment": "You could do 2 plates easily! But I don't blame you for not wanting to test your 1rm without a spot.", "likes": 0, "published_at": "2020-11-03T21:15:58Z", "sentiment": 0.5493, "entities": []}, {"author": "@Spencer-ym5lx", "comment": "You're good shit man \ud83d\udc4d", "likes": 0, "published_at": "2020-11-03T21:06:27Z", "sentiment": -0.1779, "entities": []}, {"author": "@ecuasteelo", "comment": "Great video Brandon. Like always great content. You never disappoint. When's the next vid with your dad?", "likes": 0, "published_at": "2020-11-03T20:37:16Z", "sentiment": 0.9179, "entities": []}, {"author": "@notsteve1475", "comment": "You need to look into gold a little more. Physical gold. And Warren Buffett has an outdated style that is not working as well as people interested in tech TSLA to be one of them.", "likes": 0, "published_at": "2020-11-03T20:31:26Z", "sentiment": 0.223, "entities": []}, {"author": "@Subotai111", "comment": "Hi Brandon, thanks for the great content! Do you own CloudMD stock? Perhaps you can mention it in one of your videos if you're interested.", "likes": 3, "published_at": "2020-11-03T20:21:58Z", "sentiment": 0.8748, "entities": []}, {"author": "@ab.4425", "comment": "Great video buddy!!", "likes": 0, "published_at": "2020-11-03T20:01:14Z", "sentiment": 0.6892, "entities": []}, {"author": "@MisterBublify", "comment": "SAT Exams were designed to figure out who to send to the front lines of WWII and we're treating them now as the gold standard of how smart ppl are :/", "likes": 0, "published_at": "2020-11-03T19:50:15Z", "sentiment": 0.0772, "entities": ["SAT Exams"]}, {"author": "@canadianinvestor5682", "comment": "Great video, kinda scary benching alone with that grip at the end, bar could slip out any second !", "likes": 2, "published_at": "2020-11-03T19:18:32Z", "sentiment": 0.1898, "entities": []}, {"author": "@gregorykudish", "comment": "Great video, as always. Always cool listening to what you have to say, Brandon. Speaking of gold, I don't invest much in gold, but when I do, I prefer to invest in gold coins with a very low drawing, like this 1oz pure gold coin commemorating the 75th anniversary of the end of WWII. With time, rarity adds up: https://www.mint.ca/store/coins/1-oz.-pure-gold-coin---the-victory-nickel%C2%A0--mintage-400-2020-prod3700042?rcmiid=link|categorypage|1_oz_Pure_Gold_Coin_-_The_Victory_Nickel_-_Mintage_400_2020|Shop-Gold&", "likes": 0, "published_at": "2020-11-03T18:45:35Z", "sentiment": 0.5798, "entities": ["https://www.mint.ca/store/coins/1-oz.-pure-gold-coin---the-victory-nickel%C2%A0--mintage-400-2020-prod3700042?rcmiid=link|categorypage|1_oz_Pure_Gold_Coin_-_The_Victory_Nickel_-_Mintage_400_2020|Shop-Gold&"]}, {"author": "@CrispyAssasin_-td3rr", "comment": "should I invest crypto on wealth simple", "likes": 0, "published_at": "2020-11-03T18:25:16Z", "sentiment": 0.4939, "entities": []}, {"author": "@CrispyAssasin_-td3rr", "comment": "where do I ask questions", "likes": 0, "published_at": "2020-11-03T18:08:43Z", "sentiment": 0.0, "entities": []}, {"author": "@vvolfflovv", "comment": "I think you are right on the money with the education system", "likes": 0, "published_at": "2020-11-03T18:08:29Z", "sentiment": 0.0, "entities": []}, {"author": "@vvolfflovv", "comment": "I am WAY more than 20% in cash. lol.  What can I say, I love bargain bin sales and believe there will always be more somewhere.  Otherwise, I'll just have to buy a house at close to 0% interest ;)", "likes": 0, "published_at": "2020-11-03T18:04:10Z", "sentiment": 0.9136, "entities": []}, {"author": "@samsunpen15", "comment": "What is that Bitcoin buying  app you are using ?", "likes": 0, "published_at": "2020-11-03T17:57:35Z", "sentiment": 0.0, "entities": []}, {"author": "@jpmj1340", "comment": "The reason school doesnt teach about financial literacy, taxes, investing etc is because the school system is meant to teach us how to get a job and work for a corporation until we retire not how to be financially free. Also a place to keep kids occupied while their parents are at their job working for those corporations. Its a cycle(the rat race) With the internet, more people are realizing this finally.", "likes": 10, "published_at": "2020-11-03T17:36:21Z", "sentiment": 0.5106, "entities": []}, {"author": "@blazingcoder3196", "comment": "my  prediction for your bench: 200", "likes": 0, "published_at": "2020-11-03T17:31:12Z", "sentiment": 0.0, "entities": []}, {"author": "@carollshelby500", "comment": "I am canadian. And invest all my money in the usa. Canada is not very good investment in my opinion. Even kevin oleary agrees.", "likes": 6, "published_at": "2020-11-03T17:30:13Z", "sentiment": -0.2078, "entities": []}, {"author": "@robertyoung406", "comment": "Strong man. Also really cool that you met humbledtrader", "likes": 0, "published_at": "2020-11-03T17:26:11Z", "sentiment": 0.7089, "entities": []}, {"author": "@brybry111", "comment": "Growing up I NEVER heard a single person mention anything about investing in stocks. No one in my family, teachers, friends. If you told me 5 years ago I'd be into this I'd laugh. I'm 27 and I've finally had enough with treating saving up like its supposed to go towards buying something every time. I'm finally saving for a rainy day and saving for a brighter future. To have more money then I ever had and not spend it feels so weird but good. I tried to encourage some people around me to do it but the gambling stigma turned them off. I don't like to be preachy so I throw the idea out there and let them make up their mind. I think the stock market is for a specific type of person. Some people just have 0 patience when it comes to putting their money away. The second you tell someone in order to gain capital you can't touch your initial investment they get turned off. It's an extremely silly mindset.. it's money being put to work so you can have an amazing future.", "likes": 16, "published_at": "2020-11-03T17:21:49Z", "sentiment": 0.9821, "entities": ["NEVER"]}, {"author": "@VinTruckingJourney", "comment": "How do you buy crypto when you\u2019re in canada?", "likes": 2, "published_at": "2020-11-03T17:10:17Z", "sentiment": 0.0, "entities": []}, {"author": "@f3wbs", "comment": "I'll just take a guess and say you bench 180. I used to bench 150 in high school but I'm more of a leg press guy (I know, someone who likes leg day is a shocker.)", "likes": 0, "published_at": "2020-11-03T17:05:45Z", "sentiment": 0.5719, "entities": []}]