[{"author": "@beaviswealth", "comment": "What is your favourite \"recession-proof\" stock? Leave it down below! \ud83d\ude01\n\n\ud83d\udcc8\ud83d\udcda As always, if you're a beginner to the Stock Market and you're looking for a step-by-step blueprint on how to get started... Find out more about our Investing Academy here - http://bit.ly/InvestingAcademy.", "likes": 4, "published_at": "2020-02-06T20:26:41Z", "sentiment": -0.126, "entities": ["the Stock Market", "Investing Academy"]}, {"author": "@carlossantana997", "comment": "Wmt is too expensive imo. 2009 404 millions revenue= stock 50$ : 2019 514 millions revenue= stock 115$. ..", "likes": 0, "published_at": "2020-03-21T00:42:59Z", "sentiment": 0.0, "entities": []}, {"author": "@watchornot3139", "comment": "you: If we have any teenagers watching this video... me: *thinks* ya throw in a don't smoke kids... you: I'm sure you'll know Jewel... lol DONT SMOKE NICOTINE products kids ;) buy stocks instead cause people are dumb lol", "likes": 0, "published_at": "2020-03-14T00:04:08Z", "sentiment": 0.6705, "entities": []}, {"author": "@felixfrost1564", "comment": "Just went for GLD and FVN at end of may and got lucky with the timing in my own portfolio.", "likes": 0, "published_at": "2020-02-20T03:16:25Z", "sentiment": 0.4215, "entities": ["GLD", "FVN"]}, {"author": "@troyn7511", "comment": "you shouldnt assume future performance based on past performance, railroad stock.", "likes": 0, "published_at": "2020-02-10T00:23:39Z", "sentiment": 0.0, "entities": []}, {"author": "@maximumvalues", "comment": "Recession looming? We are already in one. The fake job numbers just got revised to job losses and that does not make the regular news. $BDI is in the tank and never recovered since 2008. This has been a funny money recovery.  Recession started 6 months ago.", "likes": 0, "published_at": "2020-02-09T22:37:22Z", "sentiment": -0.8402, "entities": []}, {"author": "@atiyauthmani8516", "comment": "Brandon, I look up to you so much....Y would you invest in a cancer-promoting stock? :-(", "likes": 0, "published_at": "2020-02-08T19:15:13Z", "sentiment": -0.3612, "entities": []}, {"author": "@garrattearle4738", "comment": "ENB", "likes": 0, "published_at": "2020-02-08T13:52:10Z", "sentiment": 0.0, "entities": ["ENB"]}, {"author": "@garrattearle4738", "comment": "mj would fall in line with mo", "likes": 0, "published_at": "2020-02-08T13:46:05Z", "sentiment": 0.0, "entities": []}, {"author": "@dividendincome9685", "comment": "3M, P&G, ABBV, NEE, JNJ, WMT and MCD would be some of my picks for a recession.... reason I picked MCD is because times are changing and the vast majority of younger generations prefer to buy prepped food instead of cook at home.", "likes": 0, "published_at": "2020-02-08T03:09:25Z", "sentiment": 0.0, "entities": ["P&G", "ABBV", "NEE", "JNJ", "WMT", "MCD"]}, {"author": "@dividendincome9685", "comment": "I\u2019ve been setting up in advance for a recession. All my favorite dividend stocks have been added to during dips in this bull market to increase my cash flow later. During a recession, cash is king.", "likes": 1, "published_at": "2020-02-08T03:04:00Z", "sentiment": -0.0772, "entities": []}, {"author": "@TenPercentCreditSpreads", "comment": "This is a great video! I am actually working on a video for my channel called My Plan To Profit During The Stock Market Crash of 2020! Anyways, you beat me to it and it was a great video!", "likes": 0, "published_at": "2020-02-08T02:31:16Z", "sentiment": 0.8827, "entities": []}, {"author": "@jordanmuller2735", "comment": "I really don\u2019t know why I don\u2019t have Altria in my portfolio.they also have a 40% stake in cronos and will probably buy them out over time.", "likes": 0, "published_at": "2020-02-07T22:52:41Z", "sentiment": 0.0, "entities": []}, {"author": "@SunnyUBC", "comment": "I'd also go with Abbvie, Canadian banks and MCD", "likes": 0, "published_at": "2020-02-07T20:19:26Z", "sentiment": 0.0, "entities": ["MCD"]}, {"author": "@MrSensitiveNipples", "comment": "Stella-Jones (SJ.TO)\nProducer of railway ties, and utility poles. great, consistent, and defensive recession resistant stock.", "likes": 1, "published_at": "2020-02-07T18:55:18Z", "sentiment": 0.34, "entities": ["Stella-Jones"]}, {"author": "@iam7204", "comment": "Hey brandon could you do a video oh how exacly on research process on how to pick a stock  (mainly dividend stocks)?", "likes": 1, "published_at": "2020-02-07T18:31:28Z", "sentiment": 0.0, "entities": []}, {"author": "@alfredthevarajah1344", "comment": "I will keep an eye on Tesco as well...", "likes": 0, "published_at": "2020-02-07T16:20:50Z", "sentiment": 0.0, "entities": ["Tesco"]}, {"author": "@ademolafapohunda4740", "comment": "I just started buying stocks, opened a wealth trade account. Hope am on the right track. My question is how do I know the stocks to buy", "likes": 0, "published_at": "2020-02-07T15:05:47Z", "sentiment": 0.7269, "entities": []}, {"author": "@LDLefebvre", "comment": "Amazon I aggree, CNR I aggree, had to take out my like though for altria, I don't agree with their culture and philosophy, don't blame me.", "likes": 2, "published_at": "2020-02-07T06:14:22Z", "sentiment": 0.4812, "entities": ["Amazon", "CNR"]}, {"author": "@candyfloss184", "comment": "Hi Brandon..hope you are doing good. If you are considering cigarette companies to be recession proof, I can argue that medicine manufacturing pharma companies are recession proof too.", "likes": 0, "published_at": "2020-02-07T04:14:23Z", "sentiment": -0.6249, "entities": []}, {"author": "@sheldonsnow803", "comment": "Great list. Surprised there is no utility stocks on your list.", "likes": 0, "published_at": "2020-02-07T04:09:18Z", "sentiment": 0.5859, "entities": []}, {"author": "@raymond2206", "comment": "I like Altria but placed in a CAD RRSP account is there like a 20% withholding tax on the yield? net total of 5.76%?", "likes": 0, "published_at": "2020-02-07T03:52:51Z", "sentiment": 0.6553, "entities": ["CAD"]}, {"author": "@Slimshady316", "comment": "What if I don't want dividends? Do I have to buy only growth stocks then?\n\nAlso, if I already have ETFs why do I still need individual stocks?", "likes": 0, "published_at": "2020-02-07T03:48:09Z", "sentiment": 0.4438, "entities": []}, {"author": "@thumperjr100", "comment": "I like ENB, JNJ, ABBV, MO, D, SO, UL and PEP", "likes": 0, "published_at": "2020-02-07T02:59:09Z", "sentiment": 0.3612, "entities": ["ENB", "JNJ", "ABBV", "UL"]}, {"author": "@denko44", "comment": "I bought MO this morning. \n \ud83d\udcaa\ud83c\udf89 spicy dividend yield, like you said.", "likes": 7, "published_at": "2020-02-07T02:31:58Z", "sentiment": 0.3612, "entities": []}, {"author": "@GenZInvestor", "comment": "Metro is a solid pick. We will always need to buy food", "likes": 0, "published_at": "2020-02-07T02:20:42Z", "sentiment": 0.1531, "entities": ["Metro"]}, {"author": "@Kuro_Tokki", "comment": "Honestly a fan of Enbridge (ENB.TO). Was initially hesitant about their payout ratio, but they seem to understand that it's a bit too high and have plans to reduce it below 65%. They're also not behind on the movement towards green energy, continually increasing their investments in renewable energy producing facilities. While their debt stood out to me, I think it can be justified due to their project investments. Enbridge is currently trying to get approval for contracts to their Mainline that would lock oil companies in for 10 years or more. If this goes through they'll have a dependable source of income for at least 10 years or so and the stock price will likely grow. They've also got a nice juicy dividend!", "likes": 3, "published_at": "2020-02-07T02:05:02Z", "sentiment": 0.9422, "entities": ["Enbridge", "Enbridge"]}, {"author": "@InvestingEducation", "comment": "I love buy and hold stocks.  My portfolio is made of such great companies", "likes": 1, "published_at": "2020-02-07T01:46:12Z", "sentiment": 0.8519, "entities": []}, {"author": "@zeropro0", "comment": "i agree i think most of the Canadain Banks did very well as well during 2008..", "likes": 0, "published_at": "2020-02-07T01:34:33Z", "sentiment": 0.742, "entities": ["the Canadain Banks"]}, {"author": "@smhca", "comment": "If you're Canadian be sure if you're investing in US stocks with dividends into a RRSP as you're taxed less.", "likes": 0, "published_at": "2020-02-07T01:10:05Z", "sentiment": 0.3182, "entities": ["RRSP"]}, {"author": "@jjbuckner", "comment": "Great video Brandon!", "likes": 0, "published_at": "2020-02-07T00:43:38Z", "sentiment": 0.6588, "entities": []}, {"author": "@brandons2661", "comment": "Hi Brandon! Love the video!!! What about JNJ? People are always gonna need their medication. People still need their Tylenol, Band-Aids, Aveeno, Listerine, Neutrogena no matter what the economy is like right????", "likes": 1, "published_at": "2020-02-07T00:25:21Z", "sentiment": 0.8284, "entities": ["Neutrogena"]}, {"author": "@scottscriticalmass", "comment": "Great message Brandon!  I never time the market, but I tend to finesse my purchases based on where I expect the market to go over the next 18-24 months.  Because of this, I've been focused on some recession-resistant type companies lately.  My favorite recession-resistant stocks are probably JNJ & RHHBY, both long term holdings for me.  I have large positions in both, so no longer buying but likely holding what I have regardless of the economy.  \n\nHere's a few ideas I've sunk real $$$ into recently.\n- I've been building a position in HBI (Hanesbrands) which I see as deep value currently and expect it to outperform the broader market during the next recession.   Dividend is well-covered, most folks will always need underwear and HBI's Champion brand is an affordable 'athleisure' product. \u00a0I like it!\n- I also built a position in CTVA (Corteva) late last year.  Corteva is a leader in Seeds & Crop Chemicals.  Kind of supports the staple type companies.  Wide moat with excellent prospects in the years to come. \u00a0\n- I started building a position in BUD (AB Inbev) in January and currently have about 50% of desired position.  The stock has struggled of late, but I expect the tides will turn soon and especially think BUD has a great chance of outperforming during the next recession.  Global play, including Africa which has a multi-decade runway for growth to look forward it.  Lots to like IMO.\n\nHere's my take on your ideas.  All make good sense!\n- I think WMT is a terrific recession-resistant stock.  Current customer will continue to shop there during recession and they'll likely get plenty of new ones as well.  \n- I don't necessarily consider Canadian National Railway recession-resistant, but I do have it on my 'Recession Watch List' meaning I'd like to buy it at the depth of recession.  UNP (Union Pacific) also on that list.\n- Altria is definitely recession-resistant, but not a stock I'm willing to buy.  I'm not anti-sin stocks, I just feel the liability risk with the tobacco stocks isn't worth it for me.  Too many other areas I'd rather invest.  \n- I've owned P&G in the past, but it's currently on my 'Recession Watch List'.  Kick myself for not buying last year under $100.  Would love to re-enter the stock a P/E in the mid-teens, regardless of economy.\n\nThanks for the great video as always!", "likes": 0, "published_at": "2020-02-06T23:44:45Z", "sentiment": 0.9952, "entities": ["HBI", "Dividend", "HBI", "Champion", "Seeds & Crop Chemicals", "BUD (AB Inbev", "BUD", "IMO", "WMT", "Canadian National Railway", "UNP (Union Pacific", "P&G"]}, {"author": "@Gr33zzy28", "comment": "\u201cRecession\u201d = On sale season", "likes": 10, "published_at": "2020-02-06T23:04:59Z", "sentiment": 0.0, "entities": []}, {"author": "@efs797", "comment": "interesting picks for recession-resistant stocks. I wouldn't have guessed Walmart, only based on watching grocery shoppers following the flyers for sales. I imagine this intensifying in a recession. \nI can't get behind the Altria recommendation at all. Nothing motivates smokers to buy less like not having enough money. I am surprised you as a millennial would recommend this. There are institutions actively trying to get legislation passed to kill this industry once and for all at least the Cdn market. \nBut on the positive, power and other utilities come to mind. Canadian utilities and Emera are companies I'd explore, particularly for how they performed in the last recessions. But I would have to do analyses to confirm these suspicions. I can't yet do analysis the way you can but it seems to me the things that are going to survive a recession are the things people have to keep buying and more importantly can't play companies off each other for discounts.", "likes": 0, "published_at": "2020-02-06T23:01:11Z", "sentiment": -0.0146, "entities": ["Walmart", "Emera"]}, {"author": "@bangbanggg1", "comment": "I like Enbridge for it's 6% dividend", "likes": 8, "published_at": "2020-02-06T22:28:11Z", "sentiment": 0.3612, "entities": ["Enbridge"]}, {"author": "@adsasr29", "comment": "It can be Amazon !! Also ?", "likes": 0, "published_at": "2020-02-06T22:27:55Z", "sentiment": 0.3147, "entities": ["Amazon"]}, {"author": "@GriffinMilks", "comment": "Great picks for a recession-proof portfolio Brandon! Adding some stocks in this nature myself over the past 6 months or so. Great work!", "likes": 13, "published_at": "2020-02-06T22:11:19Z", "sentiment": 0.8684, "entities": []}, {"author": "@ryanwang2572", "comment": "Love your videos, wonder if you have a wealthsimple referral code I could use?", "likes": 0, "published_at": "2020-02-06T21:49:12Z", "sentiment": 0.6369, "entities": []}, {"author": "@angelsancheese", "comment": "Thank you for the video! I'm thinking of buying berkshire hathaway as my recession proof stock", "likes": 3, "published_at": "2020-02-06T21:44:17Z", "sentiment": -0.1511, "entities": []}, {"author": "@yashen12345", "comment": "stock picking doesnt work. it has been proven time and time again by the academic research and yet we still get youtube finance gurus tellin you to pick stocks.  Just Invest in index funds and hold for as long as u can", "likes": 1, "published_at": "2020-02-06T21:37:40Z", "sentiment": 0.0, "entities": []}, {"author": "@johnd.rockefeller3304", "comment": "Forever is a strong word, but nothing is stronger than the faith I have in Standard Oil stocks. My friends, now, like ever, is the best time to buy!", "likes": 1, "published_at": "2020-02-06T21:32:58Z", "sentiment": 0.9556, "entities": ["Standard Oil"]}, {"author": "@psychologyfactstothinkabout", "comment": "Please make more of these with Canadian stocks not as popular as bank stocks", "likes": 2, "published_at": "2020-02-06T21:26:45Z", "sentiment": -0.0083, "entities": []}, {"author": "@abrahamkk2218", "comment": "People lose more money waiting for recession than in actual recession.", "likes": 28, "published_at": "2020-02-06T21:10:52Z", "sentiment": -0.8074, "entities": []}, {"author": "@GenExDividendInvestor", "comment": "I liked it more when doom and gloom was the sentiment.. regardless of market conditions, I've liked holding quality companies.  I agree -- recession resistant is a better name than recession proof ;)  I'm long PG.  MCD is another one I like.", "likes": 3, "published_at": "2020-02-06T21:01:43Z", "sentiment": 0.3008, "entities": []}, {"author": "@Bondanalloy", "comment": "another great video. hard to find value right now with markets screaming ahead, waiting to deploy some cash.", "likes": 0, "published_at": "2020-02-06T20:59:13Z", "sentiment": 0.5423, "entities": []}, {"author": "@sagig72", "comment": "Yo Brandon. Good video!  I do have a comment/question, and I'll appreciate it if you can address it:  Walmart is at 1.84% dividend yield. It's getting almost as low as short/mid-term bonds. The question then becomes, why invest in them where the stock can still drop during a recession and not simply buy some bonds if you're willing to accept that low yield?  I'll hope you can address.", "likes": 1, "published_at": "2020-02-06T20:57:21Z", "sentiment": 0.5925, "entities": ["Walmart"]}, {"author": "@BZFTech", "comment": "I like your picks, although with the low yielding dividends, not worth buying right now. Waiting for a nice pull back to bump the yield to +2-3% to jump in.", "likes": 0, "published_at": "2020-02-06T20:45:57Z", "sentiment": 0.3682, "entities": []}, {"author": "@wolfofdubai", "comment": "Tesla is a recession proof stock.\n\n\nJust kidding.", "likes": 8, "published_at": "2020-02-06T20:34:54Z", "sentiment": -0.34, "entities": ["Tesla"]}, {"author": "@PassiveIncomeTom", "comment": "*These are some really good picks Brandon!  I bought Kansas City Southern (railroad) a few months ago and this stock keeps going up and up and up.  So your railroad pick may be doing the same.* \ud83e\udd14", "likes": 1, "published_at": "2020-02-06T20:33:03Z", "sentiment": 0.54, "entities": ["Kansas City Southern"]}, {"author": "@mindfulinvestor", "comment": "There\u2019s a bulletproof investing strategy through a RECESSION, stats proven. Made a video on this too, hope someone will find it useful. \u2611\ufe0f", "likes": 2, "published_at": "2020-02-06T20:26:07Z", "sentiment": 0.3109, "entities": []}, {"author": "@bobbysingh3095", "comment": "First!", "likes": 2, "published_at": "2020-02-06T20:24:49Z", "sentiment": 0.0, "entities": []}]