[{"author": "@beaviswealth", "comment": "Here's a fun-hearted video that will hopefully brighten up your day! I gave them $1000 to purchase their FIRST stock... Enjoy! :D \n\n\ud83d\udcc8\ud83d\udcda As always, if you're a beginner to the Stock Market and you're looking for a step-by-step blueprint on how to get started... Find out more about our Investing Academy here - http://bit.ly/InvestingAcademy.", "likes": 7, "published_at": "2020-01-22T18:08:40Z", "sentiment": 0.9248, "entities": ["the Stock Market", "Investing Academy"]}, {"author": "@nicoleb6867", "comment": "I really liked this video, wish I could have better heard your comments though.", "likes": 0, "published_at": "2021-01-21T22:12:59Z", "sentiment": 0.8268, "entities": []}, {"author": "@Darkerthanblack247", "comment": "august 2020 checking in, bet you wish you went with that Tesla stock aha", "likes": 0, "published_at": "2020-08-27T22:12:05Z", "sentiment": 0.4019, "entities": ["Tesla"]}, {"author": "@ryanparent6486", "comment": "It's funny that would have actually been an ideal time to buy Tesla, it has gone up almost 400% in the 7 months since this video was posted. And this is during covid.", "likes": 1, "published_at": "2020-08-14T03:58:43Z", "sentiment": 0.743, "entities": ["Tesla"]}, {"author": "@superstar020", "comment": "lmao this was so funny!", "likes": 0, "published_at": "2020-06-16T17:04:25Z", "sentiment": 0.8374, "entities": []}, {"author": "@ThatCircusShow", "comment": "Who\u2019s your friend?", "likes": 0, "published_at": "2020-05-25T07:25:15Z", "sentiment": 0.4939, "entities": []}, {"author": "@alishathomas4681", "comment": "really great.!!!", "likes": 0, "published_at": "2020-05-17T18:59:09Z", "sentiment": 0.0, "entities": []}, {"author": "@MsSweetdreams14", "comment": "I think it would be nice if you could do a follow up video with the both of them :) like if they're investing more, and how they are feeling about it", "likes": 0, "published_at": "2020-05-13T21:59:49Z", "sentiment": 0.8316, "entities": []}, {"author": "@chrisb2675", "comment": "Comparing your financial situation to the twin towers going down is tasteless. Were you even alive when that happened? Do better.", "likes": 1, "published_at": "2020-05-01T21:15:07Z", "sentiment": 0.6705, "entities": []}, {"author": "@shotbyryanjames", "comment": "Love the video but damn these guys are bad at math.", "likes": 1, "published_at": "2020-04-20T12:55:03Z", "sentiment": -0.7717, "entities": []}, {"author": "@XavierCarpenterMTL", "comment": "Watch out Wall Street I\u2019m coming too!", "likes": 0, "published_at": "2020-04-19T21:25:33Z", "sentiment": 0.0, "entities": []}, {"author": "@rms4621", "comment": "I enjoyed this video so much! Much needed break from all my investing research. Made me laugh out loud. Thanks!", "likes": 0, "published_at": "2020-04-05T17:17:44Z", "sentiment": 0.8856, "entities": []}, {"author": "@LifeBlessins", "comment": "I see your active in your viewers I must ask why not Robinhood before QuestTrade", "likes": 0, "published_at": "2020-03-25T10:54:36Z", "sentiment": 0.4019, "entities": ["QuestTrade"]}, {"author": "@ambitiousnikki", "comment": "You should do this with your dad.", "likes": 0, "published_at": "2020-03-24T00:36:02Z", "sentiment": 0.0, "entities": []}, {"author": "@lifecoachkarissa1891", "comment": "I enjoyed your guest. Thanks Brandon for all you do to enlighten us.", "likes": 0, "published_at": "2020-03-20T14:13:37Z", "sentiment": 0.8591, "entities": []}, {"author": "@tejkumarGTK", "comment": "Really enjoyed this, these guys are hilarious. I\u2019m in same boat like them when it comes to stock market.", "likes": 0, "published_at": "2020-03-10T12:03:24Z", "sentiment": 0.8313, "entities": []}, {"author": "@MzKegz", "comment": "Why am i just seeing this! LoL this was so jokes and it really eases the nerves of starting to invest. Can you do a follow up video with them. Have they invested more?", "likes": 1, "published_at": "2020-02-06T19:46:52Z", "sentiment": 0.7957, "entities": []}, {"author": "@jslessard390", "comment": "Ahah To funny !", "likes": 0, "published_at": "2020-02-03T21:03:13Z", "sentiment": 0.4926, "entities": []}, {"author": "@Graysonallenisthegoat", "comment": "Hey Brandon do you recommend the wealthsimple trading app for beginners?", "likes": 0, "published_at": "2020-01-29T20:35:35Z", "sentiment": 0.3612, "entities": []}, {"author": "@TheChris96t", "comment": "Great Content! Do you think you can go over the 3M stock in a next video please?", "likes": 0, "published_at": "2020-01-29T17:35:38Z", "sentiment": 0.7712, "entities": []}, {"author": "@RafiedHashim", "comment": "Wealthsimple", "likes": 0, "published_at": "2020-01-27T22:38:22Z", "sentiment": 0.0, "entities": []}, {"author": "@nrozka", "comment": "I vote your brother does all the advert\\sponsor plugs from here on out.", "likes": 0, "published_at": "2020-01-27T19:08:23Z", "sentiment": 0.0, "entities": []}, {"author": "@perpetualdividends6719", "comment": "Premier educational channel!", "likes": 1, "published_at": "2020-01-25T06:50:45Z", "sentiment": 0.0, "entities": []}, {"author": "@jonm1066", "comment": "Great Videos! Can you and your dad give some opinions on Dropbox? I believe their update for their platform and acquisition of hellosign will have potential for increased demand for using Dropbox. Thanks", "likes": 0, "published_at": "2020-01-24T09:04:17Z", "sentiment": 0.8356, "entities": []}, {"author": "@anierajraj", "comment": "Mr. Beavis, this video was worth every virtual penny! Thanks again!", "likes": 0, "published_at": "2020-01-24T02:01:31Z", "sentiment": 0.658, "entities": []}, {"author": "@AndyNick211", "comment": "Are those $5 commissions I see?? Woof", "likes": 0, "published_at": "2020-01-24T00:56:04Z", "sentiment": 0.0, "entities": []}, {"author": "@Jimmy-ph8xn", "comment": "Investing is for people who want less money now in exchange for money in the future, a future that\u2019s not guaranteed. So, don\u2019t acquire debt, invest 15%, and blow the rest on fun.", "likes": 0, "published_at": "2020-01-23T23:49:03Z", "sentiment": 0.2111, "entities": []}, {"author": "@jrvalliere7562", "comment": "Great video. Looking forward to an update.", "likes": 0, "published_at": "2020-01-23T23:16:54Z", "sentiment": 0.6249, "entities": []}, {"author": "@vincel676", "comment": "You, your family, and friends are hilarious. Thanks for the awesome and informative content, Brandon!", "likes": 0, "published_at": "2020-01-23T16:24:41Z", "sentiment": 0.92, "entities": []}, {"author": "@candyfloss184", "comment": "Hey Brandon....you should once try me also.", "likes": 0, "published_at": "2020-01-23T15:35:42Z", "sentiment": 0.0, "entities": []}, {"author": "@Thingmaster82", "comment": "Love how you worked with the boys to bring in some good comedy while taking the whole investment academy route, keep these ones up! Love them!", "likes": 0, "published_at": "2020-01-23T07:15:40Z", "sentiment": 0.937, "entities": []}, {"author": "@GenExDividendInvestor", "comment": "Dude, these guys were so entertaining!  Haha, your bro cracked me up.  I think the one thing that would have been better was if you hadn't given them any direction at all :)", "likes": 2, "published_at": "2020-01-23T03:50:36Z", "sentiment": 0.9218, "entities": []}, {"author": "@mikeb5030", "comment": "You definitely have to incorporate these 2 on your videos. you'd be surprised how much they will impact your channel growth.", "likes": 12, "published_at": "2020-01-23T02:04:28Z", "sentiment": 0.7351, "entities": []}, {"author": "@daverobertson8399", "comment": "This video is fantastic! Please do more with these two! \nMaybe check in and cover something new every quarter. \nAnd, ya know we gotta see where the holdings stand in 6 & 12 months and how they feel about it.", "likes": 3, "published_at": "2020-01-23T02:01:55Z", "sentiment": 0.7568, "entities": []}, {"author": "@mathbles703", "comment": "Great video, this is absolute gold content", "likes": 1, "published_at": "2020-01-23T00:40:29Z", "sentiment": 0.6249, "entities": []}, {"author": "@brianlee5260", "comment": "Awesome, informative, and hilarious! No more caffeine for brother Jesse though hahah", "likes": 4, "published_at": "2020-01-22T23:01:35Z", "sentiment": 0.7088, "entities": ["Awesome"]}, {"author": "@GenZInvestor", "comment": "With how the market is performing now, they will be growing  fast!", "likes": 0, "published_at": "2020-01-22T22:42:47Z", "sentiment": 0.2481, "entities": []}, {"author": "@danzwku", "comment": "good video idea. I'm guessing he's a younger bbrother? xD\nwith TD, if u attempt to buy a stock without enough funds in the TFSA it just won't let you, but if you're just in a cash account it'll go into a negative", "likes": 0, "published_at": "2020-01-22T22:13:08Z", "sentiment": -0.4019, "entities": ["TD"]}, {"author": "@amnanasir427", "comment": "Do you have to pay taxes on US dividend paying stocks that are in a TFSA?", "likes": 2, "published_at": "2020-01-22T21:51:48Z", "sentiment": -0.1027, "entities": []}, {"author": "@steveantonioni", "comment": "I really like the new styles of videos you're trying out man. I think they're really going to pay off for you. Was really impressed with this one!", "likes": 5, "published_at": "2020-01-22T21:07:19Z", "sentiment": 0.7017, "entities": []}, {"author": "@jeffersonandrada1749", "comment": "This two guys really doing good and funny hehehe", "likes": 2, "published_at": "2020-01-22T20:43:27Z", "sentiment": 0.7251, "entities": []}, {"author": "@enricoesteban1008", "comment": "This is awesome, love this type of content!", "likes": 0, "published_at": "2020-01-22T20:23:09Z", "sentiment": 0.8622, "entities": []}, {"author": "@cckvideos507", "comment": "This was a great video. Funny and helpful", "likes": 2, "published_at": "2020-01-22T20:14:37Z", "sentiment": 0.8689, "entities": []}, {"author": "@scottscriticalmass", "comment": "Ok Ok Ok... I'm waiting for the Dad & Jesse Collaboration.  Fun change of pace.  BTW... Very generous of you!", "likes": 2, "published_at": "2020-01-22T20:06:31Z", "sentiment": 0.8906, "entities": []}, {"author": "@PSYCHOV3N0M", "comment": "7:03 KILLED ME!!! \ud83d\ude02\ud83d\ude02\ud83d\ude02\ud83d\ude02\ud83d\ude02\ud83e\udd23\ud83e\udd23\ud83e\udd23\ud83e\udd23\n\nHE'S STILL ALIVE!!!! \ud83d\ude02\ud83d\ude02\ud83d\ude02\ud83e\udd23\ud83e\udd23\ud83e\udd23", "likes": 4, "published_at": "2020-01-22T19:56:36Z", "sentiment": -0.8127, "entities": []}, {"author": "@CaseyBurnsInvesting", "comment": "Margarine Account: Guh \ud83e\uddc8", "likes": 1, "published_at": "2020-01-22T19:44:00Z", "sentiment": 0.0, "entities": []}, {"author": "@CaseyBurnsInvesting", "comment": "Might steal this idea \ud83e\udd2b \ud83d\ude09 \nLove the idea of giving.", "likes": 2, "published_at": "2020-01-22T19:41:03Z", "sentiment": 0.5267, "entities": []}, {"author": "@TwitchMostViewed", "comment": "you should have thrown them in daytrading seen how they did", "likes": 6, "published_at": "2020-01-22T19:11:36Z", "sentiment": 0.0, "entities": []}, {"author": "@apexscott6342", "comment": "Awesome video learned alot, now have the confidence to buy my first stock", "likes": 0, "published_at": "2020-01-22T19:07:41Z", "sentiment": 0.8126, "entities": []}, {"author": "@justintaylor-moneymindset4073", "comment": "This is hilarious \ud83d\ude02", "likes": 0, "published_at": "2020-01-22T18:37:59Z", "sentiment": 0.4019, "entities": []}, {"author": "@treedomfinance8452", "comment": "Really entertaining video !", "likes": 0, "published_at": "2020-01-22T18:37:04Z", "sentiment": 0.54, "entities": []}, {"author": "@Bondanalloy", "comment": "this is the best kind of content.", "likes": 21, "published_at": "2020-01-22T18:35:22Z", "sentiment": 0.6369, "entities": []}, {"author": "@f3wbs", "comment": "I wish someone would give me 1k to try out the stock market. *wink*", "likes": 13, "published_at": "2020-01-22T18:30:13Z", "sentiment": 0.4019, "entities": []}, {"author": "@younany6", "comment": "Do you still have to pay taxes if you\u2019re holding a US stock in your TFSA ? Like to the US government", "likes": 0, "published_at": "2020-01-22T18:27:49Z", "sentiment": 0.2732, "entities": []}, {"author": "@darkmanx2g", "comment": "These guys have money. Nice laptops haha", "likes": 1, "published_at": "2020-01-22T18:20:55Z", "sentiment": 0.7003, "entities": []}, {"author": "@younany6", "comment": "Do more videos like this \nLove your  videos", "likes": 6, "published_at": "2020-01-22T18:13:52Z", "sentiment": 0.8307, "entities": []}, {"author": "@mindfulinvestor", "comment": "Waiting for my cheque too Brandon! \ud83e\udd28", "likes": 0, "published_at": "2020-01-22T18:08:15Z", "sentiment": 0.0, "entities": []}, {"author": "@cloudyjohnny", "comment": "Haha this is awesome! \ud83d\udc68\ud83c\udffb\u200d\ud83d\udcbb\ud83d\udcc8\ud83d\udcb0", "likes": 3, "published_at": "2020-01-22T18:06:56Z", "sentiment": 0.8122, "entities": ["\ud83d\udcb0"]}]