[{"author": "@Cat-zc8nj", "comment": "You know it's late at night when you read the thumbnail wrong.", "likes": 0, "published_at": "2023-10-11T02:42:44Z", "sentiment": -0.4767, "entities": []}, {"author": "@donjobs", "comment": "I am loving these \"no-nonsense\" trending news updates! Thanks for doing these!", "likes": 4, "published_at": "2023-10-10T21:55:45Z", "sentiment": 0.8118, "entities": []}, {"author": "@MountainFinance", "comment": "Hi Marc! A Belated Happy Thanksgiving right back at you.", "likes": 0, "published_at": "2023-10-10T18:29:02Z", "sentiment": 0.6114, "entities": []}, {"author": "@spacebarwasd9782", "comment": "More war more immigrants...", "likes": 0, "published_at": "2023-10-10T14:56:52Z", "sentiment": -0.6361, "entities": []}, {"author": "@evadeanu1", "comment": "Thank you, Marc", "likes": 0, "published_at": "2023-10-10T14:26:29Z", "sentiment": 0.3612, "entities": []}, {"author": "@SanghPath", "comment": "Hi can anyone advise me...on is it still lucrative to move to canada especially from india amid present scenario. Keeping in mind about  housing crisis, recession etc.\n\nAnd what your thoughts on future prospect after 2025 and Pierre Poievre?", "likes": 1, "published_at": "2023-10-10T12:14:22Z", "sentiment": -0.6908, "entities": []}, {"author": "@Martin-kc1xj", "comment": "The average hourly rate is up, but most of the new jobs are part time lol. Doesn't matter if you make 2$ more and hour if you only work 20 hours a week. My guess is outside of the rise in jobs because of school year beginning, most new jobs are crappy temporary part time jobs because people are desperate. I wouldn't raise rates, the economy is clearly sinking IMO. Film industry is still completely dead and studios are telling me they don't expect productions to start before the Holidays. Gaming is struggling, construction is in a coma, restaurants are on minimum staff and reduced hours. The winter is going to push a LOT of people and businesses under.", "likes": 0, "published_at": "2023-10-10T11:59:38Z", "sentiment": -0.8556, "entities": ["LOT"]}, {"author": "@st.george007", "comment": "I have an Airbnb outside of Canada in a place where tourism is supported, so bring on the Canadian Airbnb restrictions as this was seen coming.", "likes": 0, "published_at": "2023-10-10T06:10:54Z", "sentiment": 0.3182, "entities": []}, {"author": "@MatthiasAI", "comment": "I wish the governments would increase taxation on multiple airbnb's by household so they couldnt just put it in their partners or kids name to bypass taxes. Theses rental issues are getting so out of hand.", "likes": 0, "published_at": "2023-10-10T03:11:00Z", "sentiment": 0.8158, "entities": []}, {"author": "@beatrizjumawan8884", "comment": "Happy Thanksgiving Marc, Brandon and team!\ud83e\udd42", "likes": 4, "published_at": "2023-10-10T01:40:37Z", "sentiment": 0.6114, "entities": []}, {"author": "@eac381", "comment": "Really appreciate these updates. I don't see this info anywhere else", "likes": 1, "published_at": "2023-10-10T01:31:33Z", "sentiment": 0.4576, "entities": []}, {"author": "@cakeismtrader4227", "comment": "That\u2019s because most people now work 2-3 full time jobs", "likes": 0, "published_at": "2023-10-10T01:23:04Z", "sentiment": 0.0, "entities": []}, {"author": "@RouRoro", "comment": "FIRST!", "likes": 0, "published_at": "2023-10-10T01:19:03Z", "sentiment": 0.0, "entities": []}]