[{"author": "@beaviswealth", "comment": "\ud83d\udcc8\ud83d\udcda\ud83c\udde8\ud83c\udde6 Join The Investing Academy Today - https://bit.ly/theinvestingacademy", "likes": 0, "published_at": "2022-05-02T22:01:04Z", "sentiment": 0.296, "entities": ["\ud83c\udde6 Join The Investing Academy"]}, {"author": "@catherinedesilets8960", "comment": "Questrade was great in helping me open my corporate account & yes it was like 3+ weeks to get the forms right as it was a bit complicated", "likes": 0, "published_at": "2023-08-16T00:18:52Z", "sentiment": 0.8885, "entities": []}, {"author": "@realman963", "comment": "Thanks brother...very helpful", "likes": 0, "published_at": "2022-11-01T00:54:23Z", "sentiment": 0.6908, "entities": []}, {"author": "@davidmarks7787", "comment": "Your focus appears to be stocks (equity) investing but there is a definite lack of information on navigating the bond market.  Yeah bonds are boring....but they are an important part of a diversified portfolio.  I would like to get your thoughts on buying bonds.", "likes": 1, "published_at": "2022-05-04T20:10:28Z", "sentiment": 0.7876, "entities": []}, {"author": "@wealthoclock", "comment": "Hey Brandon, amazing content man, appreciate all the good work you and your dad do. I have a question, what are your thoughts on leveraged ETFs (e.g. TQQQ or HQU) ? I understand these can fall quickly, but they can also climb at the same rate. Since most people invest in VOO or QQQ anyway (with the assumption that all will go up on the long term) why not triple or double those gains? Hope you can make a video on that topic, would be great! Thank you\n- G", "likes": 0, "published_at": "2022-05-04T12:08:57Z", "sentiment": 0.9709, "entities": ["VOO", "QQQ"]}, {"author": "@Blood1barge2", "comment": "Question as a newb investor. Is it better to diversify your investments into multiple dividend paying stocks or funnel funds into a more select few dividend paying stocks in order to reach DRIP faster? Ex: if i have 100$, do i buy more ENB and TD or should i diversify it a little ($20 into CNR, $20 into ENB\u2026 etc).\nCant seem to find this answered anywhere", "likes": 0, "published_at": "2022-05-03T17:40:07Z", "sentiment": 0.4767, "entities": ["DRIP", "ENB", "TD", "CNR", "ENB"]}, {"author": "@MikeyPaper", "comment": "Thanks Brandon! Emailing my accountant right now about this. I didnt know you could do that lol", "likes": 1, "published_at": "2022-05-03T15:07:48Z", "sentiment": 0.7177, "entities": []}, {"author": "@zelonelywolf6240", "comment": "Yeah finaly thank for this vids was waiting for this for a year", "likes": 0, "published_at": "2022-05-03T11:46:43Z", "sentiment": 0.5719, "entities": []}, {"author": "@jamegrabham9992", "comment": "I am curious to know what an accountant would charge to do a T2 for a corporate holding account?", "likes": 0, "published_at": "2022-05-03T00:24:51Z", "sentiment": 0.3182, "entities": []}, {"author": "@paulinanelega", "comment": "Super-timely, Brandon; I am right in the middle of setting up my corp investment account with QT. I ruled out TD (where I have my biz account, but they require that one go into branch - not convenient) and WealthSimple - they don't currently offer self-directed corp investment account, just advisor. \nNot investing with my corp excess cash has been a HUGE deficiency in my overall investing strategy. I felt intimidated and unsure if it was something that I could do myself, and the tax implications. It has been really quite difficult to access easy, user-friendly information, so your video is actually quite reassuring! Now need to figure out what to invest in for low-to-no-risk. Thanks!", "likes": 3, "published_at": "2022-05-03T00:18:36Z", "sentiment": 0.8455, "entities": ["QT", "WealthSimple", "HUGE"]}, {"author": "@roberttaylor3594", "comment": "I'm giving a thumbs up right from the start.  A corporation is a really good thing.Get an accountant's option, though.  It is not technically your money.  Corporations, although pretty much the same as a 'person' as far as the law goes, somehow manage to be taxed at a much lower rate.  You just need to get your ducks in order to make it all work.", "likes": 0, "published_at": "2022-05-02T23:57:40Z", "sentiment": 0.7645, "entities": []}, {"author": "@passivecultivator", "comment": "The biggest advantage of a corporate account is lower tax rate, especially if you've maxed out your TFSA & RSP.", "likes": 2, "published_at": "2022-05-02T22:46:19Z", "sentiment": -0.0516, "entities": []}, {"author": "@cutiecatboy", "comment": "Can\u2019t personally make much use out of this one but I\u2019m sure some will appreciate it !", "likes": 1, "published_at": "2022-05-02T22:10:56Z", "sentiment": 0.7777, "entities": []}, {"author": "@marcos1990ism", "comment": "first!", "likes": 2, "published_at": "2022-05-02T22:01:34Z", "sentiment": 0.0, "entities": []}]