[{"author": "@luigidesimone8554", "comment": "Hi there, I would like to know your thought on these  ETFs: VRE, XEQT and XIC. Thank you for all your videos!!!", "likes": 0, "published_at": "2023-07-10T18:06:23Z", "sentiment": 0.7074, "entities": ["VRE", "XEQT", "XIC"]}, {"author": "@torenatkinson1986", "comment": "How do American stocks work when using Wealthsimple? Do I pay extra fees and if so how much and when? Thanks!", "likes": 0, "published_at": "2023-07-05T16:19:44Z", "sentiment": 0.4857, "entities": []}, {"author": "@kylec7924", "comment": "I\u2019ve decided to liquidate a 3rd of my portfolio and solely reinvest in salamander farms.", "likes": 9, "published_at": "2023-07-05T00:26:24Z", "sentiment": 0.0, "entities": []}]