[{"author": "@beaviswealth", "comment": "\ud83d\udcc8Join The Investing Academy \u27a4 https://bit.ly/theinvestingacademy \n\ud83d\udcaeBlossom Social (See My Exact Portfolio & Trades) \u27a4  https://getblossom.page.link/brandon", "likes": 1, "published_at": "2023-03-06T23:00:49Z", "sentiment": 0.0, "entities": ["The Investing Academy", "Blossom Social (See My Exact Portfolio & Trades"]}, {"author": "@goalan", "comment": "A&W continues to sink even when the market sentiment is strong. It will test $30 today. Someone must know something I don\u2019t know.", "likes": 0, "published_at": "2024-03-21T12:00:11Z", "sentiment": 0.5106, "entities": ["A&W"]}, {"author": "@thegrindmcoc7966", "comment": "Maza or teen for sure", "likes": 0, "published_at": "2023-03-25T07:18:09Z", "sentiment": 0.3182, "entities": []}, {"author": "@JimHaze24", "comment": "A&W does have the best quality fast food ! A Crispy chicken BLT or sauage an egger in a bun ouuu, it is Abit exspenive tho !", "likes": 1, "published_at": "2023-03-14T20:36:01Z", "sentiment": 0.6988, "entities": ["A&W", "Crispy", "Abit"]}, {"author": "@Hobbissrty", "comment": "Just snagged my position of O this morning on a low ball lucky break buy order!  Been eyeing for months", "likes": 1, "published_at": "2023-03-14T01:11:00Z", "sentiment": 0.2481, "entities": []}, {"author": "@AR-el1km", "comment": "I like the PAPA burger!", "likes": 1, "published_at": "2023-03-12T05:29:37Z", "sentiment": 0.4199, "entities": []}, {"author": "@ppcian", "comment": "Fascinating video, Brandon! Thank you so much for sharing A&W. I had never heard of this stock/fund (of course, I've heard of the restaurants). Looks like there may be an ADR as well for US-based investors, AWRRF (although it's very thinly-traded). Definitely a company/investment I'd like to look into. It's now on my watchlist! I love Realty Income (O), as well, and own it! Wishing you a great one. (Disc: I'm long O)", "likes": 1, "published_at": "2023-03-12T04:31:45Z", "sentiment": 0.9839, "entities": ["ADR", "AWRRF"]}, {"author": "@mikeartymko", "comment": "Mozza burger for the win.\n\nAs a side note, Brandon I was wondering if you have any videos that cover in-trust investing accounts for your kids. Haven\u2019t seen much on this though I\u2019ve been searching", "likes": 3, "published_at": "2023-03-09T03:05:12Z", "sentiment": 0.5859, "entities": []}, {"author": "@caseyjones3839", "comment": "Brandon I see many people that like Realty Income. My problem is they are paying 209% to cover their dividend? I never invest in any stock that can't cover the dividend? Am I reading this wrong? Of all the people who pick this stock none ever mention the payout ratio. Would like to hear from you on this. Thanks and I enjoy your channel.", "likes": 0, "published_at": "2023-03-09T00:07:07Z", "sentiment": 0.6994, "entities": []}, {"author": "@jessehamlin3420", "comment": "love AW, quality is alot better than the other burger chains and they seem to have a conscience when it comes to the environment, own a few shares", "likes": 1, "published_at": "2023-03-08T22:04:57Z", "sentiment": 0.8519, "entities": []}, {"author": "@daryl.h9203", "comment": "PapaBurger with cheese! No Fries, Large Lemonade every day or every other day guaranteed.. lol", "likes": 1, "published_at": "2023-03-08T14:12:21Z", "sentiment": 0.2244, "entities": ["PapaBurger"]}, {"author": "@timothywatt", "comment": "I'd like to mention that A&W's royalty distributions are non-eligible dividends, and don't qualify for the dividend tax credit if held in your personal, taxable account.  It should definitely be held in your TFSA.", "likes": 2, "published_at": "2023-03-08T09:26:36Z", "sentiment": 0.7783, "entities": ["A&W"]}, {"author": "@exroyalcanadian", "comment": "Congrats on the 200k", "likes": 1, "published_at": "2023-03-08T01:06:11Z", "sentiment": 0.5267, "entities": []}, {"author": "@mikepan9322", "comment": "Brandon : What is your advise on buying US ETF or Stocks who pay dividends for Canadian investors ( New) ? I know in order to save 15% tax withholding one should link it to RRSP. But what platform you recommend to use to buy  or sell to avoid heavy conversion /exchange fees ?", "likes": 1, "published_at": "2023-03-07T22:12:46Z", "sentiment": 0.4039, "entities": ["RRSP"]}, {"author": "@teledras", "comment": "I love A&W the fast-food and obviously the stock! :)", "likes": 1, "published_at": "2023-03-07T21:15:50Z", "sentiment": 0.8172, "entities": ["A&W"]}, {"author": "@JaelenGames", "comment": "Mozza burger for sure. Teen burger close second and I always get a buddy burger on the side of my meals.", "likes": 1, "published_at": "2023-03-07T16:40:47Z", "sentiment": 0.3182, "entities": []}, {"author": "@JaelenGames", "comment": "A&W let\u2019s gooo!!", "likes": 1, "published_at": "2023-03-07T16:39:00Z", "sentiment": 0.0, "entities": ["A&W"]}, {"author": "@kenvilla7248", "comment": "Recently Realty Income Has Announced they are investing 1 BILLION dollars into Plenty's Vertical Farming Project which will shape the future of Agriculture. I cant wait to see Realty Income Benefiting from this in the future.", "likes": 3, "published_at": "2023-03-07T15:36:24Z", "sentiment": 0.0, "entities": ["Plenty", "Agriculture"]}, {"author": "@jasonbiletski4098", "comment": "Really like these short one off videos of 1-2 stock picks keep it up!", "likes": 2, "published_at": "2023-03-07T13:33:09Z", "sentiment": 0.474, "entities": []}, {"author": "@cookcrazy", "comment": "Been a holder of A&W now for about 10 years....  I love the product, and thus the business... I have a sense of pride whenever I go to an A&W - you are right - it is a \"Fun\" stock to own!", "likes": 6, "published_at": "2023-03-07T13:09:04Z", "sentiment": 0.784, "entities": ["A&W"]}, {"author": "@MountainFinance", "comment": "I have been been very fond of Royalty stocks and their total returns have been doing very well even through the bear market. Good Job Brandon :-).", "likes": 2, "published_at": "2023-03-07T12:45:59Z", "sentiment": 0.8169, "entities": []}, {"author": "@theletterx8828", "comment": "Uncle burger for me...... soooooo hungry now", "likes": 1, "published_at": "2023-03-07T12:32:17Z", "sentiment": 0.0, "entities": []}, {"author": "@arigutman", "comment": "Realty Income is one heck of a REIT and certainly a powerhouse if you ask me.. I have over 100 shares worth of it in my portfolio and will be growing my position with O as it continues to grow. GREAT VIDEO!", "likes": 1, "published_at": "2023-03-07T09:34:10Z", "sentiment": 0.9067, "entities": []}, {"author": "@taehwahong5824", "comment": "I love teen burger and own O stocks", "likes": 1, "published_at": "2023-03-07T06:13:04Z", "sentiment": 0.6369, "entities": []}, {"author": "@BluebeardsWifeR6", "comment": "Habanero Chicken Burger. Had 2 of them today after I left the gym", "likes": 1, "published_at": "2023-03-07T04:24:47Z", "sentiment": 0.0, "entities": []}, {"author": "@aag6438", "comment": "I love their chubby chicken pieces. They don't have them anymore", "likes": 1, "published_at": "2023-03-07T03:46:07Z", "sentiment": 0.6369, "entities": []}, {"author": "@Carol8693", "comment": "\ud83d\ude02\ud83d\ude02\ud83d\ude02  Love your last pick \u2705\u2764", "likes": 1, "published_at": "2023-03-07T02:50:01Z", "sentiment": 0.6369, "entities": []}, {"author": "@jcabral6231", "comment": "does your Dad hang out A&W to discuss investments", "likes": 1, "published_at": "2023-03-07T02:45:43Z", "sentiment": 0.0, "entities": ["A&W"]}, {"author": "@fhuzpatch", "comment": "Mozza burger ... my favorite too ... where's the mozza in that pic though? That looks like chedder.", "likes": 1, "published_at": "2023-03-07T02:45:29Z", "sentiment": 0.6705, "entities": []}, {"author": "@CoveredCallETFInvesting", "comment": "Teen burger bar none\ud83d\ude0a cool picks. Almost bought A&W in 2021.", "likes": 1, "published_at": "2023-03-07T02:26:59Z", "sentiment": 0.3182, "entities": ["A&W"]}, {"author": "@sherricooper5977", "comment": "Funny this keeps coming around on my watch list, still have yet to jump into A&W but thanks for a good breakdown on it", "likes": 1, "published_at": "2023-03-07T02:24:41Z", "sentiment": 0.8641, "entities": ["A&W"]}, {"author": "@PGcrazy6", "comment": "Brandon, I love the Bacon Egger & Double Teen burger. Im curious, if I used a  $1,000 cash to buy A&W shares in a TFSA, Does that mean the 5% dividend would be $50.00 paid into my account each month ??? ...$50 is 5% of $1,000.", "likes": 0, "published_at": "2023-03-07T01:45:17Z", "sentiment": 0.8496, "entities": ["the Bacon Egger & Double Teen", "A&W"]}, {"author": "@derekcox6531", "comment": "Great picks Brandon. A&W was actually the very first fast food I ever had (1974)\u2026.back when the server would put the tray on your car door window and dispense your change from a cool metal belt change clicker thingy! (That\u2019s the scientific term for it)  \u2026trust me,it was way cool. \ud83e\udd29A&W,I believe,is Canadas first fast food restaurant", "likes": 1, "published_at": "2023-03-07T01:42:24Z", "sentiment": 0.8398, "entities": ["A&W", "A&W"]}, {"author": "@kathleen8092", "comment": "Double Buddy. I am not surprised they are doing well. There has been one going up on every block in downtown Toronto in the last couple years", "likes": 1, "published_at": "2023-03-07T01:27:47Z", "sentiment": -0.354, "entities": []}, {"author": "@Differentmedia", "comment": "Interesting to hear about the a&w with the high payout ratio. Looks like price will bounce off the 200 ema at around 36.60. I'm going to pick up a few shares around there", "likes": 1, "published_at": "2023-03-07T01:02:40Z", "sentiment": 0.7506, "entities": []}, {"author": "@lucafigueiredo6005", "comment": "Hey congrats on the 200k milestone", "likes": 1, "published_at": "2023-03-07T01:00:22Z", "sentiment": 0.5267, "entities": []}, {"author": "@Rediens1", "comment": "Moza Burger \ud83d\ude03", "likes": 0, "published_at": "2023-03-07T00:56:20Z", "sentiment": 0.0, "entities": []}, {"author": "@wei2go460", "comment": "a&w's dividend isn't eligible dividend, thus the actual yield is a bit less than it shows on paper. Nevertheless, I like this stock too. I love their burgers & root beer!", "likes": 2, "published_at": "2023-03-07T00:33:31Z", "sentiment": 0.7901, "entities": ["a&w"]}, {"author": "@andvfx", "comment": "Oen both. I have snall position on a&w, enough to get a free uncle burger free every month thanks to dividends.", "likes": 0, "published_at": "2023-03-07T00:21:53Z", "sentiment": 0.8591, "entities": []}, {"author": "@KMiller-qu6xn", "comment": "Funny thing. I just bought 10 shares of AW-UN.TO this morning. Never owned it before. Its like you knew...", "likes": 0, "published_at": "2023-03-07T00:13:23Z", "sentiment": 0.765, "entities": []}, {"author": "@hos2841", "comment": "Teen Burg!", "likes": 0, "published_at": "2023-03-06T23:55:54Z", "sentiment": 0.0, "entities": []}, {"author": "@sheldonsnow803", "comment": "Only reit I own is LAND - Gladstone Land Corporation.   I am long farmland.", "likes": 1, "published_at": "2023-03-06T23:55:38Z", "sentiment": 0.0, "entities": ["LAND - Gladstone Land Corporation"]}, {"author": "@roberttaylor3594", "comment": "A&W.UN!! yes!! one of my favourites; wish I had bought more back when Covid crashed it.  Super cool...I get to pay myself every time I buy a hamburger!  I recommended this one befor4, so I am taking creed for it being profiled...jsut sayin'.  ;)\n\nNote that this is separate from the US A&W.  totally different company.\n\nUncle burger with the bacon and cheese, yam fries.  after that the Teen burger.", "likes": 3, "published_at": "2023-03-06T23:53:32Z", "sentiment": 0.9147, "entities": ["jsut sayin'"]}, {"author": "@ChristopherTroyCagelet", "comment": "Very interesting video with a lot of worthy information", "likes": 1, "published_at": "2023-03-06T23:52:22Z", "sentiment": 0.7089, "entities": []}, {"author": "@JustL1keYou", "comment": "Bacon Cheddar Uncle burger for the win", "likes": 1, "published_at": "2023-03-06T23:51:09Z", "sentiment": 0.5859, "entities": []}, {"author": "@ryanm7171", "comment": "I love the Teen or Double Teen Burger.", "likes": 1, "published_at": "2023-03-06T23:50:13Z", "sentiment": 0.6369, "entities": []}, {"author": "@on-site4094", "comment": "U can get 5.2 in a gic  no  risk", "likes": 0, "published_at": "2023-03-06T23:46:10Z", "sentiment": -0.5106, "entities": []}, {"author": "@iced8310", "comment": "Cheddar Bacon Uncle Burger", "likes": 1, "published_at": "2023-03-06T23:45:33Z", "sentiment": 0.0, "entities": ["Burger"]}, {"author": "@AceVenturaXii", "comment": "Awesome video. \nI\u2019m gonna check out that REIT for myself!", "likes": 1, "published_at": "2023-03-06T23:31:45Z", "sentiment": 0.6588, "entities": []}, {"author": "@willkeen5010", "comment": "Love the sausage n\u2019 egger but our local location stopped serving breakfast which makes me worried.", "likes": 1, "published_at": "2023-03-06T23:18:02Z", "sentiment": -0.3716, "entities": []}, {"author": "@amandawilson2524", "comment": "Mozza burger for sure!! Occasionally a mama with cheese. Lol\nThanks for always sharing such great info!!", "likes": 1, "published_at": "2023-03-06T23:17:49Z", "sentiment": 0.9439, "entities": []}, {"author": "@Hasan-px9fn", "comment": "Never knew about A&W's royalty structure and fund! Not a burger, but I love the crispy chicken wraps. Its like 2 for $5.50 so the best value IMO!", "likes": 4, "published_at": "2023-03-06T23:17:17Z", "sentiment": 0.8749, "entities": ["A&W"]}, {"author": "@salgueroro", "comment": "I looooove Teen Burgers. Funny , I had A&W REIT on my mind since last week.", "likes": 1, "published_at": "2023-03-06T23:09:44Z", "sentiment": 0.4404, "entities": ["Teen Burgers", "A&W"]}, {"author": "@momo35444", "comment": "thanks for the great video!!! awesome knowledge. glad to have you online Brandon!!!", "likes": 2, "published_at": "2023-03-06T23:08:42Z", "sentiment": 0.9457, "entities": []}, {"author": "@moneekak8285", "comment": "Now I'm craving a buddy burger.", "likes": 0, "published_at": "2023-03-06T23:04:20Z", "sentiment": 0.0, "entities": []}, {"author": "@rockymtnrdr", "comment": "Cheddar bacon uncle burger for me! :D", "likes": 1, "published_at": "2023-03-06T23:03:47Z", "sentiment": 0.6514, "entities": []}]