[{"author": "@beaviswealth", "comment": "\ud83d\udcc8\ud83d\udcda Join The Investing Academy \u27a4 https://bit.ly/theinvestingacademy \n\nDo you have a DRIP set up for your stock dividends?  I don't.  In this video, I'll explain why I choose to manage my own portfolio dividends, and the pros and cons of Dividend Reinvestment Plans.  Hope you enjoy.", "likes": 2, "published_at": "2022-12-17T00:03:38Z", "sentiment": 0.8074, "entities": ["The Investing Academy", "DRIP", "Dividend Reinvestment Plans"]}, {"author": "@jeanraymond9114", "comment": "Say you do this for 10 years on a stock that\u2019s 4 purchases per year or 40 over 10 years . That is a lot of paperwork to keep tract of \u2026.no thanks", "likes": 0, "published_at": "2024-01-25T03:34:52Z", "sentiment": 0.4404, "entities": []}, {"author": "@DunyadaMisafir", "comment": "If we use drips, there will be no dividend income in our bank account. We don't have to pay tax because we don't receive dividend income, right?", "likes": 0, "published_at": "2023-06-24T15:43:24Z", "sentiment": -0.2273, "entities": []}, {"author": "@ruthsikorski5495", "comment": "I would call myself a new investor i.e. 15 years. I have never done a drip for many of the same reasons. I love how you present the information. It really feels similar to how my brain works and my style of investing. Thanks.", "likes": 0, "published_at": "2023-03-22T06:16:50Z", "sentiment": 0.7964, "entities": []}, {"author": "@WillNeverforgetmypasswordagain", "comment": "If a company offers a share price discount if you DRIP and you set up the DRIP with your broker, do you still get the discount?  Or do you have to set it up with the company?  Thank you.", "likes": 1, "published_at": "2023-03-15T22:31:50Z", "sentiment": 0.6199, "entities": ["DRIP"]}, {"author": "@marshallwhite3989", "comment": "Good video. The only thing I think that was not considered is the cost of making a trade. Not having a drop only makes sense for me if I am looking to reinvest into an ETF as the fees are nearly non existent on QT. However if your Dividends are on the smaller side eg $100 then paying a $5 transaction fee is automatically losing you 5%. You could let your cash sit however but then it is not working for you. I guess the only other alternative would be to invest into an etf until you got to a $ figure that made send and sell then reinvest that into a stock div. This would only make sense if you were in a TSFA or RRSP where you dont have those realized gains right away. Would love to hear what you think about my perspective.", "likes": 0, "published_at": "2023-02-08T13:13:29Z", "sentiment": 0.914, "entities": ["QT", "RRSP"]}, {"author": "@valveman12", "comment": "I'm not using DRIP either.  \nMainly because I'm an active investor and I like to decide where to re-invest my dividends for maximum gain.  \nFor Passive Investing, the DRIP is the way to go, thus giving you a hands-off approach to investing.", "likes": 1, "published_at": "2023-01-29T19:04:37Z", "sentiment": 0.8957, "entities": ["DRIP", "Passive Investing", "DRIP"]}, {"author": "@chrisevans7416", "comment": "Usually the shares are at a discount and no brokerage charges on a drip", "likes": 0, "published_at": "2023-01-20T16:50:37Z", "sentiment": -0.2732, "entities": []}, {"author": "@brentgraham1735", "comment": "You are using historical graphs and pretending you would know what would happen. Neither of us do. You wait to buy at a discount and then the price goes up instead. Automatic purchasing seems to ensure forward cost averaging?", "likes": 0, "published_at": "2023-01-17T15:37:44Z", "sentiment": 0.4588, "entities": []}, {"author": "@jmc8076", "comment": "Can you do a video on investing for semi/retired 55+? Husb and I sold our sml biz and house (at top) now renting. For health I had to semi retire but ironically he\u2019s older and now consults after saying he wanted to slow down. Once bitten? \ud83d\ude02 Maybe like many our age we have a great advisor (not the bank) and I like to stay informed. We wonder if we can/should handle half ourselves. Age diff and risk level divides us. I\u2019m OK with more risk. We know other couples the same. Great info thx.", "likes": 0, "published_at": "2023-01-10T00:28:56Z", "sentiment": 0.972, "entities": []}, {"author": "@DoughnutDragon", "comment": "Intresting. \nOne i have a bigger amount to invest with i may try this.", "likes": 0, "published_at": "2023-01-03T02:31:23Z", "sentiment": 0.0, "entities": []}, {"author": "@sherricooper5977", "comment": "Mark I appreciate your time for making this video, I am a new investor (3years), I do use a drip and honestly my reason is to accumulate a set amount of shares in said companies. Once I do the drip will be shut off and dividend will be put into another stock/etf/reit", "likes": 0, "published_at": "2022-12-30T15:05:21Z", "sentiment": 0.7845, "entities": []}, {"author": "@alwayspositive999", "comment": "Great vid - wonder if you have a vid regarding how to re-balance your portfolio - either quarterly or yearly? thanks", "likes": 0, "published_at": "2022-12-27T18:40:26Z", "sentiment": 0.7906, "entities": []}, {"author": "@siam9845", "comment": "I don\u2019t use drip.  I\u2019m with you.   Like to reinvest 1/4 and rebalance", "likes": 0, "published_at": "2022-12-23T14:45:04Z", "sentiment": 0.3612, "entities": []}, {"author": "@scottscriticalmass", "comment": "Great video as always Marc... I take a similar approach to yours', but not quite to the same degree.  I turn on and off my dividend re-investment based on where the stock is trading in relation to my intrinsic value.  If say the name is trading at least 15% below my intrinsic value, I'll go ahead and let the dividend reinvest.  Otherwise, I'll take the cash and find a better alternative to deploy the money into.  I'm not adverse to holding the cash in instances when I'm unable to find any good values to buy.  Yes... I do time the market.  Cheers my friend...", "likes": 1, "published_at": "2022-12-22T05:02:05Z", "sentiment": 0.9795, "entities": []}, {"author": "@eliotness107", "comment": "I think drip is bad. I prefer to funnel all dividends to whatever i think is a good pick at the time. Otherwise i would buy stuff at prices i dont like constantly and that would be very annoying. Im the active kind managing my portfolio, passive is not for me", "likes": 0, "published_at": "2022-12-21T17:01:37Z", "sentiment": 0.3176, "entities": []}, {"author": "@travisloewen6191", "comment": "Personally I use a DRIP because I feel my account is relatively small and $5 commission on every trade hurts for these small transactions. ETFs have significantly smaller fees so I plan on turning the drips off for them at some point, but dripping equities makes sense for me.", "likes": 0, "published_at": "2022-12-20T04:44:44Z", "sentiment": -0.2617, "entities": []}, {"author": "@mr.financial", "comment": "Hi mark, one major pro for using drip that I think you missed ( unless I missed you mentioning it) is the drip discounts. I've had some major discounts over the years... Less so now. FTS offers 2% right now, aqn 3%, TD 2% and so forth. A lot of companies have also cancelled the discount, but Ill take the extra discount when they are already undervalued \ud83d\ude0e\nI personally follow a similar strategy to what has been mentioned. I use drip on undervalued positions to avoid any extra costs. With overvalued positions, I redeploy those dividends into better valued and underweight positions after accumulation of at least $1k so I don't have a large cost basis. That is one reason I moved a hunk of our TFSA into Wealthsimple. It always allows us to be fully invested with fractional shares.", "likes": 5, "published_at": "2022-12-19T19:54:08Z", "sentiment": 0.3182, "entities": ["FTS", "TD"]}, {"author": "@lailaatallah1857", "comment": "Excellent info, well presented. This is the most thorough video I\u2019ve seen on the topic.", "likes": 2, "published_at": "2022-12-19T00:05:57Z", "sentiment": 0.7003, "entities": []}, {"author": "@juanperez-gh8bl", "comment": "Hi Marc, a very good video like always. I don't automatically DRIP my dividends cause for me it's better choose a company with a good moment, I mean, a value stock that recently dropped, for example V\n\n\"Hola Marc, muy buen video como siempre. No hago DRIP autom\u00e1ticamente con mis dividendos porque para m\u00ed es mejor elegir una empresa con un buen momento, es decir, una acci\u00f3n de valor que cay\u00f3 recientemente, por ejemplo V\"", "likes": 0, "published_at": "2022-12-18T14:05:28Z", "sentiment": 0.9253, "entities": ["muy", "un", "momento"]}, {"author": "@Spp235.", "comment": "Surprised that you haven\u2019t mentioned tax complications - especially if the institution doesn\u2019t properly track you average cost base.  Drips are on for registered accounts unless you want to have to track all of this manually.  Most financial institutions mess up the ACB !", "likes": 0, "published_at": "2022-12-18T03:58:03Z", "sentiment": -0.2157, "entities": ["ACB"]}, {"author": "@mrslcom", "comment": "If you don\u2019t need the dividends to live, why buy a dividend paying stock in the first place?  Wouldn\u2019t it be better to buy a high quality non-dividend paying stock instead?  Dividends put a negative pressure on stock prices and are a financial burden to the company.", "likes": 0, "published_at": "2022-12-18T02:00:38Z", "sentiment": -0.7399, "entities": []}, {"author": "@johnmclean3123", "comment": "LOL what a joke. All the points you made against DRIP are basically about timing the market, which is impossible to do over long term. If I knew, MSFT was gonna tank and Energy sector was gonna explode in 2022, I would have sold everything and got a big loan and poured it all into Cenovus lmao", "likes": 1, "published_at": "2022-12-18T01:07:16Z", "sentiment": 0.8941, "entities": ["LOL", "DRIP", "MSFT", "Energy", "Cenovus"]}, {"author": "@owenkwong3358", "comment": "Liked \ud83d\udc4d Thanks \nGreat points well said Buffet do not drip he keeps cash see other options too", "likes": 0, "published_at": "2022-12-17T23:51:57Z", "sentiment": 0.8979, "entities": []}, {"author": "@reptilianskin", "comment": "I use DRIP currently, and have for some time. I offset the potential of overweight in a company or sector by using new deposits/contributions to buy into other companies or sectors that I believe are either undervalued or necessary to avoid over concentration, which is easy to do if you have a Canadian heavy portfolio of dividend stocks.", "likes": 0, "published_at": "2022-12-17T21:19:55Z", "sentiment": -0.2023, "entities": ["DRIP"]}, {"author": "@ryanm7171", "comment": "I don't use DRIPs because I'm lazy although I do agree with most of your ideas.  I don't want to have to manually update my ACB every quarter.  Marc, is there a software program available to retail customers that keeps track of ACB and possibly your dividends as well?", "likes": 0, "published_at": "2022-12-17T19:58:26Z", "sentiment": 0.2211, "entities": ["ACB"]}, {"author": "@basseon", "comment": "I try to remove the human factor (no timing) and spend the least amount of time on analysis (but I do my research). I don't have DRIP on Wealthsimple, but I do reinvest as low as 1$ of dividends for the stocks I can buy fraction of. \r\nI now buy the same ETFs, stocks, bonds, gold and silver every two weeks. ZSP, VUN, XIC, VDY, XEF, ZAG, VSC, CGL.C, SVR.C, Bell, Enbridge and Alberstein. But I have a bunch of stock I bought when I first started investing on my own and I' keeping them. \r\n\r\nI have a large position of IAG and for the first time I'm not reinvesting the December dividend as it seems high and I'm starting to know that particular stock. But I could be wrong and missing out opportunities.", "likes": 0, "published_at": "2022-12-17T19:42:46Z", "sentiment": -0.7351, "entities": ["ZSP", "VUN", "XIC", "VDY", "XEF", "ZAG", "VSC", "Bell", "Enbridge", "Alberstein", "IAG"]}, {"author": "@OscarHanzely", "comment": "There was one PRO reason completely missed with DRIP. Some companies (this is not a rule but it happens) have a bonus share portion for DRIP. Meaning they give you percentage discount when you're buying a share via DRIP and not via order. So you can get easily 15% discount on proce for the share you just bought compared to putting up an order.", "likes": 0, "published_at": "2022-12-17T17:41:10Z", "sentiment": 0.9382, "entities": ["DRIP", "DRIP", "DRIP"]}, {"author": "@Martin-kc1xj", "comment": "Very good information! I will surely consider this when my situation changes... but with Questrade's 5$ fees, small positions and a sub 40k portfolio, unless everything is pooled into a single position and complemented by extra deposits, the fees just kill the benefits. With most stocks being down right now, income savings going mostly to HISA (ARM, recession safety net, etc), letting DRIP do the DCA work across the board seems like a no brainer. But again, very good points on when shifting to a more active strategy would make more sense. Thanks!", "likes": 0, "published_at": "2022-12-17T17:36:15Z", "sentiment": 0.9257, "entities": ["Questrade", "HISA", "DCA"]}, {"author": "@CanuckDividends", "comment": "Marc you make some very valid points. When I started investing I turned DRIP on so that I would get full benefit in the companies that I already had checked out and felt strongly about. I might turn it off later on but time will tell", "likes": 3, "published_at": "2022-12-17T16:58:01Z", "sentiment": 0.3716, "entities": ["DRIP"]}, {"author": "@rogerbudgell4226", "comment": "Very good video..I like to have control over my re investing the dividends, and pick and choose my reinvesting ,\ud83d\ude0a", "likes": 0, "published_at": "2022-12-17T16:04:50Z", "sentiment": 0.7146, "entities": []}, {"author": "@canoypinoy", "comment": "My wife and I are going to start Questrade accounts in the new year. I agree completely with this video. we will start by buying high yield shares to start but only so we can use it to finance more secure long term stocks. I'm 49 and have nothing saved for retirement and need to take the lead out and go aggressive for a bit for the head start. I will need the dividend income to support myself later on.", "likes": 0, "published_at": "2022-12-17T13:53:31Z", "sentiment": 0.6748, "entities": []}, {"author": "@James_48", "comment": "For me, I\u2019m fully DRIP. I am not aligned with the idea that I can set aside my dividends and more optimally reinvest them in the future. I have contemplated not DRIPing in order to set aside cash to purchase a different (new to me) company\u2019s stock, but it would take too long to buy a significant enough position this way and while I\u2019m waiting I miss out on on the compounding of my DRIP stocks. I can\u2019t get passed that the \u201cwaiting for a better opportunity\u201d strategy is market timing for me.  I don\u2019t think it\u2019s any different then trying to decide if I should sell MFC to buy more ENB. It\u2019s not for me. I guess it\u2019s partly that, in my experience, the type of blue chip companies that I hold tend to move in similar trends. They go up and down with the market (I mean - they kind of are \u201cthe market\u201d) so, trying to predict how one of them might behave differently is too risky, relative to the potential reward. But, I agree, it\u2019s no fun to get my BNS DRIPed shares and then watch BNS sell off - but I don\u2019t think I can predict when that will, or will not, happen.", "likes": 9, "published_at": "2022-12-17T10:22:59Z", "sentiment": 0.9552, "entities": ["DRIP", "MFC", "ENB", "BNS", "BNS"]}, {"author": "@joannapatterson4625", "comment": "I don\u2019t use DRIP. I manually re-invest", "likes": 0, "published_at": "2022-12-17T08:25:45Z", "sentiment": 0.0, "entities": ["DRIP"]}, {"author": "@veeo987", "comment": "Very interesting perspective. I've always believed in DRIPs, but you made me doubt about my belief. It's true that DRIPs can hurt your returns if it buys a declining share when you could buy other stocks for a better value instead.", "likes": 1, "published_at": "2022-12-17T06:12:28Z", "sentiment": 0.7647, "entities": []}, {"author": "@AhmedTech", "comment": "Honestly the amount of knowledge and experience you provide to us here is unimaginably valuable and I really thank you for all of it. You changed everything I know about investing.", "likes": 13, "published_at": "2022-12-17T05:26:07Z", "sentiment": 0.8357, "entities": []}, {"author": "@momo35444", "comment": "great video Marc. very knowledgeable. and very appreciated. ive learnt so much from both of you over the years of watching you. i have \"Smashed\" every like button on your videos.", "likes": 0, "published_at": "2022-12-17T04:08:06Z", "sentiment": 0.8805, "entities": []}, {"author": "@wbr997", "comment": "Great topic Marc, I enjoyed it a lot.  I find DRIP works well with ETFs, especially if your broker's commission charges are relatively high compared to the rest of the industry.", "likes": 0, "published_at": "2022-12-17T03:57:25Z", "sentiment": 0.8126, "entities": []}, {"author": "@johnmailey943", "comment": "Marc, I\u2019m 60 now am I getting to the age where I wouldn\u2019t be considered a long term investor?", "likes": 1, "published_at": "2022-12-17T03:27:45Z", "sentiment": 0.0, "entities": []}, {"author": "@nein9nein", "comment": "Manual drip with no commission broker", "likes": 0, "published_at": "2022-12-17T03:21:49Z", "sentiment": -0.296, "entities": []}, {"author": "@jepetodick3516", "comment": "I regularly dollar cost average into VFV, and VDY.  DRIP is always on for me, since I have no individual stocks to allocate dividends into.  As hands off as it gets. Sit back, and watch the snowball grow.  I can see why a stock pickers would prefer allocating the distributions to specific holdings based on what\u2019s on sale.", "likes": 2, "published_at": "2022-12-17T02:59:40Z", "sentiment": -0.296, "entities": ["VFV", "VDY", "DRIP"]}, {"author": "@anomanderrake8693", "comment": "Again, the voice of reason Mark.  -From Marc :)", "likes": 0, "published_at": "2022-12-17T02:25:46Z", "sentiment": 0.4588, "entities": []}, {"author": "@Azel247", "comment": "I don't know if this is common, but TD has been offering a 2% discount on their own stock prices purchased through DRIP for the past 2 dividend payments... that's an automatic return of 2% which is welcome.", "likes": 3, "published_at": "2022-12-17T02:01:30Z", "sentiment": 0.6124, "entities": ["TD", "DRIP"]}, {"author": "@MegsCarpentry-lovedogs", "comment": "Yes, I started out with Drips for some of the reasons you mentioned.  Over time I evolved to understanding more about indicators on stock charts and when to notice a stock is in a pull back mode. This meant I decided to stop the drips, also because most showed gains due to holding them on for so long i.e. the prices had risen.  Now I let it accumulate as cash, only a drip if it shows a considerable low prices due to pullback or bad company news.  It is nice to see the money as cash come in mostly monthly. Thank you Marc! Great topic\ud83d\udc4d\ud83d\udcaf\ud83c\udde8\ud83c\udde6", "likes": 1, "published_at": "2022-12-17T01:35:21Z", "sentiment": 0.8058, "entities": []}, {"author": "@samuelsamsamu", "comment": "When you set up a DRIP, is there a delay between the dividend date and the date the broker actually buys the stocks ? If there is a 7 day delay, and the market goes down, would\u2019nt it better to chose to buy sooner ?", "likes": 1, "published_at": "2022-12-17T01:29:47Z", "sentiment": -0.264, "entities": ["DRIP"]}, {"author": "@jcabral6231", "comment": "sell..sell.sell", "likes": 0, "published_at": "2022-12-17T01:20:48Z", "sentiment": 0.0, "entities": []}, {"author": "@rossmacdonald3880", "comment": "Thanks Marc, always good food for thought & a reminder to consider different ideas in balancing one\u2019s portfolio.", "likes": 1, "published_at": "2022-12-17T01:10:00Z", "sentiment": 0.7003, "entities": []}, {"author": "@jasonstupak4535", "comment": "Watched and liked, thanks Marc!  I use DRIP and DCA.  I'm mostly an income dividend/covered call ETF cash flow type investor, but don't currently use the funds.  Any excess amounts that don't DRIP I just keep as cash in portfolio and grow that position to use in times of correction.", "likes": 0, "published_at": "2022-12-17T00:40:09Z", "sentiment": 0.484, "entities": ["DRIP", "DCA"]}, {"author": "@amrishsinghdhami5579", "comment": "Can you deep dive into the taxation part for the dividends earned? Are dividends taxed in Canada in the TFSA/RRSP account or the regular trading account?", "likes": 1, "published_at": "2022-12-17T00:32:59Z", "sentiment": 0.0, "entities": ["RRSP"]}, {"author": "@hughjackson218", "comment": "Amazingly helpful video. You can feel the experience in his voice. Thanks for sharing.", "likes": 2, "published_at": "2022-12-17T00:32:40Z", "sentiment": 0.8313, "entities": []}, {"author": "@MurrMan23", "comment": "Certain stocks I have a drip set up on. Like Enbridge and Manulife. Typically those stocks don\u2019t go up a huge amount, and are more so a dividend growth strategy. So a drip makes more sense.", "likes": 5, "published_at": "2022-12-17T00:28:33Z", "sentiment": 0.8419, "entities": ["Enbridge"]}, {"author": "@filb", "comment": "I'm more hybrid with the drip. When we are in a bear market like we are now, I prefer having the drip on since most of my stocks are in undervalued territory and it saves me on fees. In a bull market, I'll definitely remove the drip.", "likes": 13, "published_at": "2022-12-17T00:27:52Z", "sentiment": 0.6369, "entities": []}, {"author": "@willkeen5010", "comment": "Well the pro for me using a drip is the simple fact that since I inherited a portfolio with IG and they charge $50 per trade, it just makes sense for me. These are long hold blue chip holds for me but I understand your view completely Marc.", "likes": 0, "published_at": "2022-12-17T00:17:40Z", "sentiment": 0.1406, "entities": ["IG"]}, {"author": "@roberttaylor3594", "comment": "#7.   I already vetted these businesses( wrongly or rightly) so why not buy more with no commission?\n\nExcept it\u2019s fun to buy the stock and hit the buy button.  And I\u2019d rather choose myself\u2026 there might be something I think is better.\n\nLike, when the CP Kansas deal finally goes through I\u2019ll want to switch out those CNR stocks for CP.", "likes": 1, "published_at": "2022-12-17T00:13:59Z", "sentiment": 0.7595, "entities": ["CNR"]}, {"author": "@marvinpham5180", "comment": "Hi and first", "likes": 0, "published_at": "2022-12-17T00:02:49Z", "sentiment": 0.0, "entities": []}]