[{"author": "@beaviswealth", "comment": "*Question:* Which of these Buffett dividend stocks are your favourite?? Leave a comment down below! :D\n\n\ud83d\udcc8\ud83d\udcda As always, if you're a beginner to the Stock Market in Canada and you're looking for a step-by-step blueprint on how to get started... Find out more about our Investing Academy here - https://bit.ly/theinvestingacademy", "likes": 6, "published_at": "2019-03-01T07:02:37Z", "sentiment": 0.6689, "entities": ["the Stock Market", "Investing Academy"]}, {"author": "@maoxuliu8860", "comment": "wells fargo crashed recently", "likes": 0, "published_at": "2020-07-19T08:49:33Z", "sentiment": 0.25, "entities": ["wells fargo"]}, {"author": "@bfry38", "comment": "No one ever gives my Kmb any love. My personal favorite.", "likes": 0, "published_at": "2020-04-21T07:49:08Z", "sentiment": 0.7184, "entities": []}, {"author": "@LCT294", "comment": "Great video!!! I just liked and subscribed.", "likes": 0, "published_at": "2019-12-12T03:34:51Z", "sentiment": 0.8306, "entities": []}, {"author": "@alexhunter6141", "comment": "Often you make more money from companies with lower dividend yields because stock price tends to appreciate more in value while still receiving a small dividend. Compared to a much higher yield such as at&t with almost no growth.", "likes": 0, "published_at": "2019-11-20T08:46:10Z", "sentiment": 0.5563, "entities": ["at&t"]}, {"author": "@zawaFNBR", "comment": "I literally sold my Bank of America stock \ud83d\ude35", "likes": 0, "published_at": "2019-10-25T17:45:42Z", "sentiment": 0.0, "entities": ["Bank of America"]}, {"author": "@TripleJ69", "comment": "When you're  Warren  Buffett and you have  millions of shares in anything, even if the dividend yield is low you're good to go.  The average investor is looking for a higher yield. A 1.27% yield is low.  But, because it's Appl it pays 3.08 yearly.  Which is really good.  243.00 a share isn't something the average investor can afford.", "likes": 2, "published_at": "2019-10-25T08:31:47Z", "sentiment": 0.8174, "entities": []}, {"author": "@anonymousubiquitous3295", "comment": "What is the rate of return called when you have divedends reinvested at the end of year?  Example 2% paid monthly would be more than 2% at end of year. Or would it be negligible?", "likes": 0, "published_at": "2019-10-23T10:25:40Z", "sentiment": 0.0, "entities": []}, {"author": "@Krogzaxants", "comment": "To be honest.. i don't like his portfolio at all. Only AAPL.. KO dividend growth = slowing down at the moment. Warren buffet did a amazing option trade on KO back in the day. KO right now is meh.. The only thing i like about KO is it's reliability.", "likes": 0, "published_at": "2019-09-18T09:15:53Z", "sentiment": 0.4905, "entities": []}, {"author": "@noammadar6068", "comment": "I like that you chose these with low risk, it is very important\nThe 5 below I believe can also suit for your list:\n\nhttps://www.youtube.com/watch?v=WfLwXt620qU", "likes": 0, "published_at": "2019-06-24T11:28:30Z", "sentiment": 0.101, "entities": []}, {"author": "@Tbillz89", "comment": "13k viewers and they cant even give it a thumbs up? Insane! Thank you for the useful information!", "likes": 3, "published_at": "2019-06-19T20:27:33Z", "sentiment": 0.508, "entities": []}, {"author": "@landonic81", "comment": "Warren Buffet gets bitches", "likes": 0, "published_at": "2019-06-12T06:03:10Z", "sentiment": -0.5994, "entities": []}, {"author": "@joseurrutia1877", "comment": "Is MSFT or DIS good dividends stocks to start off with?", "likes": 0, "published_at": "2019-06-09T18:44:16Z", "sentiment": 0.4404, "entities": ["MSFT", "DIS"]}, {"author": "@Isaiah_V", "comment": "CTL give 15% Dividends. Currently sitting at almost $10.54 and giving $1.58 yield.", "likes": 0, "published_at": "2019-06-09T06:49:35Z", "sentiment": 0.2815, "entities": ["CTL"]}, {"author": "@BruceWangOfficial", "comment": "yup!", "likes": 0, "published_at": "2019-06-06T21:42:32Z", "sentiment": 0.0, "entities": []}, {"author": "@mongoosevsgt", "comment": "BIP", "likes": 0, "published_at": "2019-05-21T02:40:22Z", "sentiment": 0.0, "entities": ["BIP"]}, {"author": "@chocolatethundercherry143", "comment": "I want to get some dividend stocks in Coca Cola how many stocks should one buy to see a bigger dividend payout ? Is monthly dividends better than yearly ? How are they issued to you?", "likes": 2, "published_at": "2019-05-18T04:39:09Z", "sentiment": 0.5775, "entities": ["Coca Cola"]}, {"author": "@conandoyle1740", "comment": "Apple doesnt pay dividends", "likes": 0, "published_at": "2019-04-26T08:51:37Z", "sentiment": 0.0762, "entities": ["Apple"]}, {"author": "@KnockoutInvesting", "comment": "Show me how successful your portfolio is and I'll subscribe. With billions invested you can live off 1-2% dividend stocks. Clickbait video. This works for Buffet not for your average investor.", "likes": 0, "published_at": "2019-04-26T04:19:33Z", "sentiment": 0.5859, "entities": ["Buffet"]}, {"author": "@ewlinitis", "comment": "Buffet way of seeing business is out the window . Please do not follow this method . There was no technology in his era.... this is a whole new DoG.", "likes": 0, "published_at": "2019-04-17T23:29:10Z", "sentiment": 0.0258, "entities": []}, {"author": "@jonhansotte3422", "comment": "His stats for bank of America are wrong their div. yield is 6.19%", "likes": 0, "published_at": "2019-04-12T12:23:42Z", "sentiment": -0.4767, "entities": []}, {"author": "@bronzesolomon4453", "comment": "Damnit Beavis!", "likes": 1, "published_at": "2019-03-30T23:14:57Z", "sentiment": -0.5707, "entities": []}, {"author": "@chris123chris82", "comment": "Just came by your YouTube channel a few days ago. I have never made an investment. I am completely new to the idea. I have lots to learn, hopefully your videos keep helping me \ud83d\udc4d", "likes": 5, "published_at": "2019-03-24T12:52:58Z", "sentiment": 0.5994, "entities": ["YouTube"]}, {"author": "@ChrisInvests", "comment": "Buffet loves the bank stocks, that's for sure!", "likes": 2, "published_at": "2019-03-03T17:36:26Z", "sentiment": 0.7424, "entities": []}, {"author": "@lionheart93", "comment": "did u go to college?", "likes": 1, "published_at": "2019-03-02T07:20:43Z", "sentiment": 0.0, "entities": []}, {"author": "@johnd.rockefeller3304", "comment": "His petty spoils pale in comparison to my heaping piles of riches. Let Mr. Buffet know there is only one king of industry.", "likes": 2, "published_at": "2019-03-02T03:24:39Z", "sentiment": 0.3818, "entities": []}, {"author": "@revolvingal3x", "comment": "Unless AAPL can clapback at Samsung in the next year or so, I'm kind of hesitant..", "likes": 0, "published_at": "2019-03-01T18:08:27Z", "sentiment": 0.0, "entities": ["Samsung"]}, {"author": "@iverson1131", "comment": "How do you handle investing in US dividend stocks as a Canadian? Other than investing in an RRSP, do you consider them worth pursuing for a Canadian who will have dividend taxes withheld?", "likes": 2, "published_at": "2019-03-01T15:57:50Z", "sentiment": 0.3094, "entities": ["RRSP"]}, {"author": "@deanoudhini7292", "comment": "My Portfolio is 95% dividends stocks. Definately the way to go long term.Looking forward to more Dividend stock videos from canadian You tubers.However PPCIAN I think provides the best insight on this topic.Thanks again!", "likes": 4, "published_at": "2019-03-01T15:52:54Z", "sentiment": 0.6696, "entities": ["Dividend"]}, {"author": "@nicdekroon-finance5439", "comment": "Coul u do a video on Canadian taxes?:0", "likes": 2, "published_at": "2019-03-01T14:53:37Z", "sentiment": 0.0, "entities": []}, {"author": "@JohnMaxTang", "comment": "Eye bags pilling up Brandon, get some sleep! :)", "likes": 2, "published_at": "2019-03-01T14:36:44Z", "sentiment": 0.5093, "entities": []}, {"author": "@imSwiftehhhh", "comment": "Anyone else notice that wink he did at 56 seconds, it\u2019s some kinda code? Brandon works for the Canadian spy agency confirmed", "likes": 3, "published_at": "2019-03-01T14:12:01Z", "sentiment": 0.0, "entities": []}, {"author": "@Steve_Takes", "comment": "Excellent Video!", "likes": 1, "published_at": "2019-03-01T14:02:07Z", "sentiment": 0.6114, "entities": []}, {"author": "@InvestingRobinhoodInvestor", "comment": "Buffett stacking up that cash with dividends!", "likes": 4, "published_at": "2019-03-01T07:37:52Z", "sentiment": 0.0, "entities": []}, {"author": "@tmmnago2722", "comment": "You look tired.", "likes": 7, "published_at": "2019-03-01T07:33:19Z", "sentiment": -0.4404, "entities": []}, {"author": "@LydiaSantiago", "comment": "I\u2019m glad you posted I can\u2019t sleep lol", "likes": 2, "published_at": "2019-03-01T07:03:49Z", "sentiment": 0.7003, "entities": []}]