[{"author": "@beaviswealth", "comment": "It's officially been 1 month since my review video on EQ Bank was posted -  https://youtu.be/sZz2VvhGZHA. Now that we've got some earnings in the account, I'll quickly go over how to withdraw/transfer the money back into your bank account. Simple! \n\nSign up for EQ Bank here - https://api.fintelconnect.com/t/l/5e0c0cfed096e8001c04229e", "likes": 2, "published_at": "2019-11-02T18:25:15Z", "sentiment": 0.0, "entities": ["EQ Bank", "EQ Bank"]}, {"author": "@peterlohnes1", "comment": "sometimes it takes days to transfer between two banks, better to etransfer amounts up to $3000", "likes": 0, "published_at": "2023-01-26T18:48:55Z", "sentiment": 0.4404, "entities": []}, {"author": "@deniselittle5558", "comment": "Brandon can't you just etransfer your money to and from your EQ account? I have a PC Money account and when I first opened it I used the transfer feature and it took a week.... I asked them about it and they said to just do an etransfer because it's instant. I've been doing that ever since.", "likes": 0, "published_at": "2022-03-01T15:03:48Z", "sentiment": 0.0, "entities": []}, {"author": "@SunnyHomeVideos", "comment": "Damn I thought it would be $1.58 per day increase lol \ud83d\ude06", "likes": 2, "published_at": "2021-09-12T12:43:16Z", "sentiment": 0.34, "entities": []}, {"author": "@DavidWilson-ps8gx", "comment": "How long did it actually take to receive your cash once transferred out of EQ to your regular account. I know it said 2-3 days but did it take that time or longer?", "likes": 1, "published_at": "2021-06-26T20:45:55Z", "sentiment": 0.0, "entities": []}, {"author": "@lesliealvarez9238", "comment": "Hey! Can you do a video About EQ 2021?", "likes": 1, "published_at": "2021-05-12T02:56:33Z", "sentiment": 0.0, "entities": []}, {"author": "@Shahabt61", "comment": "How is $1.58 after one month is equal to 2.3% interest rate on $1000? In normal banking jargon, I would have expected to see $1000 * 2.3% / 12month = $23 / 12month = $1.92 / month and even if they calculate 2.3% based on the assumption that you keep the money in the account and get interest on interest, it still becomes $1000 * (1.023^(1/12)) / month = $1.90 / month. Something doesn't really add up there .....", "likes": 3, "published_at": "2021-02-28T09:57:43Z", "sentiment": 0.8402, "entities": ["jargon"]}, {"author": "@r.r.r658", "comment": "Im confused. Thats not 2.5%?", "likes": 2, "published_at": "2020-07-29T21:57:09Z", "sentiment": -0.3182, "entities": []}, {"author": "@m.h.1593", "comment": "So there is no charge when you transfer money from EQ to TD, for instance?  And it doesn\u2019t charge you for taking money out of your savings?  Sorry, I\u2019m really starting out and learning about savings.", "likes": 1, "published_at": "2020-07-26T06:41:05Z", "sentiment": -0.4808, "entities": ["TD"]}, {"author": "@chileanc3276", "comment": "Really this is your video. Deposit 10 gs then make a video after a year of it sitting there. Later", "likes": 1, "published_at": "2020-03-08T05:14:32Z", "sentiment": 0.0, "entities": []}, {"author": "@Chevra2448", "comment": "Do you have to claim the earned interest from your EQ Bank account? Will I be taxed on it later on?", "likes": 4, "published_at": "2020-02-17T13:57:40Z", "sentiment": 0.5204, "entities": ["EQ Bank"]}, {"author": "@hraekim", "comment": "Love the video! Only put $500 so far but looking to put more with different savings goal", "likes": 3, "published_at": "2019-11-24T13:26:04Z", "sentiment": 0.4389, "entities": []}, {"author": "@Ben-et8wh", "comment": "what are your thoughts on other online banks with even better interest rates, such as Motive financial or b2b?", "likes": 4, "published_at": "2019-11-03T18:56:54Z", "sentiment": 0.7096, "entities": []}, {"author": "@norbertoorcullo9572", "comment": "They have great promoa on GICs too. My 3% 3 month gic just ended. Waiting for them to offer that again", "likes": 0, "published_at": "2019-11-03T16:01:14Z", "sentiment": 0.6249, "entities": []}, {"author": "@RealLifeMoney", "comment": "2.30% is up there especially now! It all adds up! Lots of companies are seen to lower their rates since FED cut rates again. Going back to 0%??", "likes": 5, "published_at": "2019-11-03T15:18:28Z", "sentiment": -0.6421, "entities": ["FED"]}, {"author": "@dr.winner2516", "comment": "B2B bank offers a 3.3% interest savings account", "likes": 0, "published_at": "2019-11-03T06:58:24Z", "sentiment": 0.4588, "entities": ["B2B bank"]}, {"author": "@moniqued9715", "comment": "RBC is offering 2.5 % high interest savings account but not sure if there are fees...just noticed a billboard ad for it.", "likes": 2, "published_at": "2019-11-02T22:16:44Z", "sentiment": -0.1136, "entities": ["RBC"]}, {"author": "@KyleFraserValleyRealtor", "comment": "Just opened an EQ account yesterday! Vancity is giving me 1.3% and tangerine almost nothing. I'm down to hear more from you about EQ! \ud83d\udc4d\ud83c\udffc", "likes": 3, "published_at": "2019-11-02T21:48:07Z", "sentiment": 0.4559, "entities": []}, {"author": "@NickPeitsch", "comment": "I hold about $22 in EQ Bank and the rest in Tangerine...\n\n\nSo I make even less than you hahaha", "likes": 3, "published_at": "2019-11-02T21:24:29Z", "sentiment": 0.5165, "entities": ["EQ Bank"]}, {"author": "@rhobvillasenor6536", "comment": "do they give a T5 when it comes time to file for tax", "likes": 3, "published_at": "2019-11-02T20:52:53Z", "sentiment": 0.0, "entities": []}, {"author": "@CharleeWayne", "comment": "Drop had a $100 offer if you sign up for a GIC with EQ. So I made $104 for a $500 3 month GIC :P", "likes": 3, "published_at": "2019-11-02T19:46:34Z", "sentiment": 0.2577, "entities": ["Drop", "GIC"]}, {"author": "@sabresguy8578", "comment": "I thought it was supposed to be a 2.30% interest savings account?\n\nOn that $1,000 you earned 0.158% but when you multiply 0.158% by 12 months, it only adds up to approximately 1.9%.\n\nIs there something I'm missing on this?", "likes": 5, "published_at": "2019-11-02T19:31:38Z", "sentiment": -0.2869, "entities": []}, {"author": "@wolfofdubai", "comment": "The stock market is filled with individuals who know the price of everything, but the value of nothing.", "likes": 11, "published_at": "2019-11-02T19:14:59Z", "sentiment": 0.4767, "entities": []}, {"author": "@GenExDividendInvestor", "comment": "Every penny counts!  Don't forget the famous Warren B story... He was riding an elevator up to his office and on the floor was a penny. He was not alone, there were several executives in the lift as well, but none took notice of the shiny penny. When the doors of the elevator opened, Buffett leaned over and picked up the penny to the shock of the executives. As he left, without turning around he held the penny up over his shoulder and said \u201cThe beginning of the next billion.\u201d", "likes": 15, "published_at": "2019-11-02T18:52:09Z", "sentiment": -0.3483, "entities": ["Warren"]}, {"author": "@azntoogood", "comment": "Takes 5 business days to put money in. Takes 2-3 business days to get money out. IF I need money NOW, it will not come fast enough. Better way is to etransfer to a friend with one of the 5 big banks and get money out the same day", "likes": 5, "published_at": "2019-11-02T18:46:19Z", "sentiment": 0.7269, "entities": []}]