[{"author": "@beaviswealth", "comment": "\ud83d\udcc8\ud83d\udcda As always, if you're a beginner to the Stock Market in Canada and you're looking for a step-by-step blueprint on how to get started... Find out more about our Investing Academy here - https://bit.ly/theinvestingacademy\n\nThank you for the video suggestion.... We hope this helps knowing when to sell a stock! Stick around to hear our decision on the channel rebranding! Thanks for watching. :)", "likes": 32, "published_at": "2021-03-14T18:52:05Z", "sentiment": 0.9311, "entities": ["the Stock Market", "Investing Academy"]}, {"author": "@WillNeverforgetmypasswordagain", "comment": "I knew they would stay the course.  You can tell how proud Marc is of Brandon.  Like all good Dads, he has no problem taking the backseat.  The backseat has a better view anyway.  You get to watch your children grow a little more everyday.", "likes": 0, "published_at": "2023-03-02T13:46:56Z", "sentiment": 0.7579, "entities": []}, {"author": "@MegsCarpentry-lovedogs", "comment": "Brilliant vid!  I just sold, in two partial sells, a stock. Your \"reasons\" to sell were being applied. It brings peace of mind and helps with better sleeps at night\ud83d\udc4dA better alternative option was definitely top on the list of thought processes. Also, a low yield with no increase in dividend growth was another. You are right, it is challenging to sell compared to buy. I have been a die hard user of Stockcharts since 2008 and it has really been crucial in helping with the decision making. Lots of indicators to choose from. Glad you covered a few in this vid. For the macD I change the setting to 5,10,5 as it appears to bring the trading situation closer to real time, less of a delay feeling. Keep up the wonderful work you are doing. \ud83d\ude09\ud83c\udde8\ud83c\udde6\ud83c\udf41", "likes": 0, "published_at": "2021-09-30T12:39:51Z", "sentiment": 0.9736, "entities": []}, {"author": "@FionaLee17", "comment": "Just signed up for StockCharts! Love your channel, thanks so much for these videos!!! I was wondering what your thoughts are on the new Smart Score and Analyst ratings feature on Questrade? A good reference, or overly optimistic opinions?", "likes": 0, "published_at": "2021-06-17T00:19:12Z", "sentiment": 0.9479, "entities": ["Smart Score"]}, {"author": "@michellejohn2918", "comment": "Great video as always!  Could you please do a video on when to sell a \"losing\" stock.  Thanks!", "likes": 3, "published_at": "2021-04-30T20:35:39Z", "sentiment": 0.8715, "entities": []}, {"author": "@hirockblink", "comment": "i sold off my positions on suncor $SU and canadian natural resources $CNQ stock...thinking of moving the money into clean energy like brookfield renewables $BEP-UN. was that a bad idea? it was difficult to let go of my Suncor position but i just have a feeling more companies will go Green and I will benefit from BEP in the future.", "likes": 0, "published_at": "2021-04-03T17:33:44Z", "sentiment": 0.7684, "entities": ["CNQ", "BEP", "UN", "BEP"]}, {"author": "@BrendonLeaman", "comment": "I missed the name contributions!\nI would like to nominate Family Tides", "likes": 0, "published_at": "2021-03-27T15:51:12Z", "sentiment": 0.1511, "entities": []}, {"author": "@todaystopicsnews5667", "comment": "Hi great videos.\nI have $5000 to play around with what should I buy, I\u2019m in Toronto. I also have 16 shares of Tesla.\nThanks.", "likes": 1, "published_at": "2021-03-22T20:51:53Z", "sentiment": 0.891, "entities": ["Tesla"]}, {"author": "@jolenedemetz3546", "comment": "So here\u2019s a question for you both. If you do decided to sell a stock. When do you set stop losses? How many stocks do you sell at a time? Or do you sell the whole stock?", "likes": 0, "published_at": "2021-03-21T06:35:41Z", "sentiment": -0.6641, "entities": []}, {"author": "@AgnesPelletier", "comment": "I love the additional info provided by Marc as age-wise, I am right in the middle of you two. My family owes Brandon a lot as it's his videos that got us started on the long term investing path when our bank had failed us. It was lovely to see Marc's emotion when mentioning the development of the channel. You guys make a great team!", "likes": 0, "published_at": "2021-03-21T05:19:36Z", "sentiment": 0.8777, "entities": []}, {"author": "@YasirKhanCoaching", "comment": "Man Marc is a total G! Absolutely love his addition to the channel, wouldn\u2019t even mind if he had his own!", "likes": 1, "published_at": "2021-03-18T03:31:50Z", "sentiment": 0.725, "entities": []}, {"author": "@jo-annguthur7314", "comment": "Why don\u2019t you offer advice on mutual funds?", "likes": 0, "published_at": "2021-03-18T02:07:33Z", "sentiment": 0.0, "entities": []}, {"author": "@Mitch91PyroisB0SS", "comment": "Man the way your dad announces to keeping the channel name the same is just beautiful and the respect there wow", "likes": 0, "published_at": "2021-03-17T23:48:04Z", "sentiment": 0.8957, "entities": []}, {"author": "@carlmattice6468", "comment": "I think staying with original name is the best choice also.", "likes": 0, "published_at": "2021-03-17T20:12:49Z", "sentiment": 0.7579, "entities": []}, {"author": "@mrmohamedramadan6", "comment": "Your dad is the star of the show! Keep him coming back!", "likes": 1, "published_at": "2021-03-17T13:49:44Z", "sentiment": 0.0, "entities": []}, {"author": "@jacebrooks4621", "comment": "If you want to be successful have the mindset of the rich spend less and invest more don't give up your dreams..", "likes": 0, "published_at": "2021-03-17T11:35:30Z", "sentiment": 0.8271, "entities": []}, {"author": "@popstar2317", "comment": "Unless you are a pro athlete or lottery winner, you will not likely become a millionaire overnight. For the rest of us, we need to let time and compound interest do their things if we want to retire as millionaires or even multi-millionaires. My concern is, I have the money to fund an investment but don't know how to start, I intend giving it a try with $50,000", "likes": 4, "published_at": "2021-03-17T00:19:41Z", "sentiment": 0.7684, "entities": []}, {"author": "@brettreynolds8014", "comment": "Do you have a video on strategy of investing based on a monthly saving model. I.e. a few hundred each month into ETFs or small quantities individual stocks.", "likes": 1, "published_at": "2021-03-17T00:08:26Z", "sentiment": 0.0, "entities": []}, {"author": "@bhavini5602", "comment": "Hi, can you please help me to start investing in regular stock in canada?\n\nI am an experienced investor, internationally.  Need some guidance to start over here", "likes": 0, "published_at": "2021-03-16T19:36:21Z", "sentiment": 0.6124, "entities": []}, {"author": "@spikebeer1373", "comment": "I've been enjoying your channel, I'm glad I found a Canadian focused channel, aimed at my generation.  Keep up the good content \u2764", "likes": 1, "published_at": "2021-03-16T17:43:28Z", "sentiment": 0.8979, "entities": []}, {"author": "@maxlapointe7538", "comment": "What website(s) do you use for technicals on stock(s)?", "likes": 0, "published_at": "2021-03-16T15:25:28Z", "sentiment": 0.0, "entities": []}, {"author": "@DabloEscobud", "comment": "Can we get more Technical Analysis videos? Really appreciated when you mentioned the sequence of analysis you consider when selling. Super useful!\n\nAlso, longer videos would be a good thing! Thanks again!!!", "likes": 2, "published_at": "2021-03-16T15:21:35Z", "sentiment": 0.9543, "entities": ["Technical Analysis"]}, {"author": "@davidsmiottawa", "comment": "I tend to sell on when I think it is up enough (that's really hard to guess) and to rebalance!", "likes": 0, "published_at": "2021-03-16T14:59:47Z", "sentiment": -0.2465, "entities": []}, {"author": "@reuben3077", "comment": "I like this channel name already", "likes": 0, "published_at": "2021-03-16T13:37:28Z", "sentiment": 0.3612, "entities": []}, {"author": "@reuben3077", "comment": "The Apple is actually the tree lol, you and you dads voice sounds exactly the same", "likes": 0, "published_at": "2021-03-16T13:17:21Z", "sentiment": 0.4215, "entities": ["Apple"]}, {"author": "@RyanStonedonCanadianGaming", "comment": "When to buy a stock would be a good start.\nBuy low, Sell high.", "likes": 0, "published_at": "2021-03-16T10:40:07Z", "sentiment": 0.2023, "entities": []}, {"author": "@cityhunterzxc1341", "comment": "Very informative and helpful as usual \ud83d\ude42", "likes": 0, "published_at": "2021-03-16T08:30:14Z", "sentiment": 0.4703, "entities": []}, {"author": "@tabysart", "comment": "Awesome you're keeping the branding. But seriously, I'm loving Marc in the videos, such a welcome addition !", "likes": 1, "published_at": "2021-03-16T07:40:26Z", "sentiment": 0.903, "entities": []}, {"author": "@NuggetKhalid", "comment": "Just subscribed love your channel!", "likes": 0, "published_at": "2021-03-16T04:16:07Z", "sentiment": 0.6696, "entities": []}, {"author": "@erins928", "comment": "I have a question for anyone that can help me. I joined the Wealthsimple app without having any knowledge, and I mean ANY knowledge in investing because I opened a Personal Account instead of a TFSA. Since then I have opened a TFSA as well and both accounts now have shares. My question is, is there any way I can transfer my earnings from my personal to my TFSA, without having to pay tax on it? Or should I just own up to my own mistake and pay the tax? Any advice would help! \ud83d\ude05", "likes": 1, "published_at": "2021-03-16T03:59:33Z", "sentiment": 0.8198, "entities": []}, {"author": "@moemerali5358", "comment": "Again what amazing content! I hope you guys go to the moon!", "likes": 0, "published_at": "2021-03-16T03:37:11Z", "sentiment": 0.8065, "entities": []}, {"author": "@megdunning5747", "comment": "I'm impressed with how easily your dad has fit in! He's fantastic at keeping his thoughts and presentation well spoken and great for YouTube content. Great to have both perspectives as I'm mid-30's and want both opinions.", "likes": 4, "published_at": "2021-03-16T02:33:01Z", "sentiment": 0.9701, "entities": []}, {"author": "@rockyrejex1247", "comment": "Have you ever done a video on basic fundamental analysis?", "likes": 0, "published_at": "2021-03-15T23:45:35Z", "sentiment": 0.0, "entities": []}, {"author": "@rockyrejex1247", "comment": "Can you please do a video on how to create a core portfolio?", "likes": 1, "published_at": "2021-03-15T23:31:11Z", "sentiment": 0.5267, "entities": []}, {"author": "@themillersbuiltupontherock3742", "comment": "Absorbing tons from you Brandon thank you for your insight.", "likes": 1, "published_at": "2021-03-15T23:18:59Z", "sentiment": 0.3612, "entities": []}, {"author": "@Bubblegum4289", "comment": "Lol wasn\u2019t expecting to be on the channel rebranding \ud83e\udd23", "likes": 1, "published_at": "2021-03-15T23:08:53Z", "sentiment": 0.4215, "entities": []}, {"author": "@touniekeopraseuth4364", "comment": "So much respect to you both.  Amazing knowledge sharing, thank you!", "likes": 0, "published_at": "2021-03-15T23:03:05Z", "sentiment": 0.9148, "entities": []}, {"author": "@lauradouglas4419", "comment": "I love having your dad in these videos! He adds great insight and advice! \ud83d\ude0a", "likes": 2, "published_at": "2021-03-15T22:47:38Z", "sentiment": 0.8715, "entities": []}, {"author": "@Holyquid69", "comment": "Seriously, your content is very good but with your dad its awesome... Thank you", "likes": 0, "published_at": "2021-03-15T21:44:50Z", "sentiment": 0.6119, "entities": []}, {"author": "@Robert-nd4hb", "comment": "I'm down 6% on my bonds. Would moving them to equities be a better alternative? Bonds are currently 15% of my portfolio, and I have a 20 year time horizon. Thanks for another great video!", "likes": 0, "published_at": "2021-03-15T19:49:52Z", "sentiment": 0.8805, "entities": []}, {"author": "@Rob-ob3sh", "comment": "Big news today with Rogers buying up Shaw.  Great time to review how this will effect telecom sector  new video please LoL", "likes": 2, "published_at": "2021-03-15T18:58:11Z", "sentiment": 0.8481, "entities": []}, {"author": "@scottscriticalmass", "comment": "Comprehensive lesson for the BBI Masses... This is the sort of video to put in your favorites, so you can come back and watch as a refresher every year or so.  So valuable! \n\nPersonally, I tend to focus on 'weighting in portfolio', 'is there a better alternative for my money - all things considered' & 'tax consequences'.  I've always felt 'technical indicators' are in place to be broken, but know I'm in the minority when it comes to that sentiment.  Heed the advice not to 'dwell on sell decisions', worst case, you can always buy in again.  Thanks for the great content!", "likes": 0, "published_at": "2021-03-15T18:37:50Z", "sentiment": 0.8183, "entities": ["the BBI Masses"]}, {"author": "@gerskilynettemarty1387", "comment": "Great video how often would you trim or sell inside your tfsa?", "likes": 2, "published_at": "2021-03-15T18:33:28Z", "sentiment": 0.6249, "entities": []}, {"author": "@waynebaillie3278", "comment": "Leaving the name as is makes a lot of sense for many reasons. Wise decision I would say.", "likes": 1, "published_at": "2021-03-15T18:10:04Z", "sentiment": 0.4767, "entities": []}, {"author": "@jois4699", "comment": "Been subscribed for a while and only got into stocks recently. Your video on \u201chow to for beginners\u201d is one of the very first video I watched.    Pls. make video with your dad on how to sell/trim/reallocate stocks when nearing retirement. Thanks.", "likes": 2, "published_at": "2021-03-15T16:48:10Z", "sentiment": 0.4939, "entities": []}, {"author": "@cathylam5263", "comment": "No change is great change..keep the brand as it is !!", "likes": 0, "published_at": "2021-03-15T16:37:40Z", "sentiment": 0.5399, "entities": []}, {"author": "@donjoseph6203", "comment": "Quality video. But beavis Sr. And Butthead was definitely a winner", "likes": 1, "published_at": "2021-03-15T16:23:48Z", "sentiment": 0.8674, "entities": []}, {"author": "@timkaercher2459", "comment": "What a proud and supportive dad \ud83e\udd72\nI think this is a great decision!", "likes": 1, "published_at": "2021-03-15T16:12:54Z", "sentiment": 0.8655, "entities": []}, {"author": "@lI-tm2pn", "comment": "If you never buy a good stock, you will never have to worry about selling it!", "likes": 1, "published_at": "2021-03-15T15:31:13Z", "sentiment": 0.0, "entities": []}, {"author": "@Littlebutterfly312", "comment": "Avid Fan here .You both my guidance, my guru , teacher as a beginner.I only watch your vlog no skipping ads .Salamat po \u201cThank you\u201d", "likes": 0, "published_at": "2021-03-15T15:27:09Z", "sentiment": -0.3182, "entities": []}, {"author": "@roymurray8782", "comment": "As a dad I loved the poke there on the Sr. Option. I LOL", "likes": 0, "published_at": "2021-03-15T12:41:43Z", "sentiment": 0.8143, "entities": ["LOL"]}, {"author": "@drummerjohnrespectsall4602", "comment": "Su and AC are 2 examples of under valued stock.  Is it safe?  Who knows?  Ac won't profit for a few years.  Su is a buy for know.  My opinion", "likes": 0, "published_at": "2021-03-15T12:03:29Z", "sentiment": 0.5795, "entities": ["AC", "Ac"]}, {"author": "@ab.4425", "comment": "Thank you guys!!", "likes": 0, "published_at": "2021-03-15T10:43:54Z", "sentiment": 0.4738, "entities": []}, {"author": "@favouroluebube3674", "comment": "Hi", "likes": 3, "published_at": "2021-03-15T08:58:11Z", "sentiment": 0.0, "entities": []}, {"author": "@favouroluebube3674", "comment": "Hello", "likes": 0, "published_at": "2021-03-15T08:58:00Z", "sentiment": 0.0, "entities": []}, {"author": "@jd8371", "comment": "Love having the two different perspectives... I\u2019m a 43 year old dividend investor.  I enjoy hearing a bit about growth stocks but I love the \u201cboring\u201d blue chip dividend stocks.", "likes": 1, "published_at": "2021-03-15T08:18:38Z", "sentiment": 0.9062, "entities": []}, {"author": "@Rob-ob3sh", "comment": "Great video as this channel keeps getting better.", "likes": 0, "published_at": "2021-03-15T06:55:24Z", "sentiment": 0.7906, "entities": []}, {"author": "@earlgalindo3576", "comment": "Diversify guys. Beavis Investing Podcast is the next step.", "likes": 0, "published_at": "2021-03-15T06:37:39Z", "sentiment": 0.0, "entities": []}, {"author": "@earlgalindo3576", "comment": "Wow! This channel becomes hybrid and it's super amazing. It's like learning from both world at the same time. Kudos to both of you.", "likes": 0, "published_at": "2021-03-15T06:32:58Z", "sentiment": 0.9558, "entities": []}, {"author": "@allensoriano5293", "comment": "Brandon Beavis Investing to the moon!\ud83d\ude01", "likes": 0, "published_at": "2021-03-15T06:32:45Z", "sentiment": 0.0, "entities": []}, {"author": "@pirate.of.the.west99", "comment": "Great video , appreciate the info on pivot points and rsi", "likes": 0, "published_at": "2021-03-15T06:29:46Z", "sentiment": 0.7783, "entities": []}, {"author": "@davidrankin8880", "comment": "Good job guys! Your channel is different from all the other channels out there that are filled with like \"the next 10x stock!!!\" videos lol. And also focus on Canadian stocks.", "likes": 0, "published_at": "2021-03-15T06:29:23Z", "sentiment": 0.8544, "entities": []}, {"author": "@cookshackcuisinista", "comment": "Brandon, you need to bring Mom on to introduce her to your public", "likes": 0, "published_at": "2021-03-15T05:47:50Z", "sentiment": 0.0, "entities": []}, {"author": "@Mjohnedel", "comment": "so wholesome what a dad", "likes": 0, "published_at": "2021-03-15T05:11:26Z", "sentiment": 0.0, "entities": []}, {"author": "@Ryedor", "comment": "I'm lovin' the new format.  Don't be in a hurry to rebrand. Let the show \"age\" and \"mature\" and in time , the show will rebrand itself naturally.  Let it ride baby !  lol", "likes": 1, "published_at": "2021-03-15T04:30:51Z", "sentiment": 0.4753, "entities": []}, {"author": "@Mag1c4lyfe", "comment": "Don't get greedy and don't put your eggs all in one basket. Do your research and don't panic sell. If a good company's stock goes down, hold onto it until you break even or when you turn a profit. Hope everyone here is able to make money. Happy Investing.", "likes": 0, "published_at": "2021-03-15T04:14:49Z", "sentiment": 0.9438, "entities": []}, {"author": "@Bigbarry889", "comment": "I wish I can be such a good dad... Brandon you're a lucky son!", "likes": 5, "published_at": "2021-03-15T04:07:45Z", "sentiment": 0.8268, "entities": []}, {"author": "@NoobBoobie", "comment": "Gotta say I really enjoy this content! Thanks Brandon and Mark!", "likes": 0, "published_at": "2021-03-15T03:41:16Z", "sentiment": 0.7892, "entities": []}, {"author": "@ItsBurnahMan", "comment": "where is the best place to see RSI & MACD for stocks?", "likes": 2, "published_at": "2021-03-15T02:58:39Z", "sentiment": 0.6369, "entities": ["RSI & MACD"]}, {"author": "@turbofanlover", "comment": "Good stuff, guys.  I agree with pretty much everything you said.  I also like that you're including at least a bit more technical analysis content, now.  Keep it coming, please.", "likes": 1, "published_at": "2021-03-15T02:55:03Z", "sentiment": 0.9081, "entities": []}, {"author": "@roberttaylor3594", "comment": "I bought air Canada in early April, assuming travel would recover by august or so(ha ha!), and that the govt would not let AC fail.  Might be starting to recover now... or soon!", "likes": 1, "published_at": "2021-03-15T02:50:01Z", "sentiment": 0.5321, "entities": []}, {"author": "@ItsBurnahMan", "comment": "juuuust watched ur old video about this lol, ready for the update", "likes": 0, "published_at": "2021-03-15T02:42:52Z", "sentiment": 0.6956, "entities": []}, {"author": "@ramzkhaja", "comment": "Thanks to Brandon for all the investment stock knowledge and to your dad for teaching rsi and macd; millennials without investing knowledge don\u2019t know how to use information in their favour .. I watch all your content and two thumbs up to both of you and to the video.", "likes": 1, "published_at": "2021-03-15T02:29:31Z", "sentiment": 0.7003, "entities": []}, {"author": "@agonzales5813", "comment": "Beavis Investing is fine dude", "likes": 0, "published_at": "2021-03-15T02:07:02Z", "sentiment": 0.2023, "entities": []}, {"author": "@guidodelgiudice5", "comment": "Right decision in the end. It's time for PODCAST,  interviews and your book to be published.", "likes": 3, "published_at": "2021-03-15T02:00:22Z", "sentiment": 0.0, "entities": []}, {"author": "@EmoStyleSadBangsJutsu", "comment": "Great content guys keep it up !.. I got my mom watching you guys now \ud83d\ude04", "likes": 0, "published_at": "2021-03-15T01:43:26Z", "sentiment": 0.6588, "entities": []}, {"author": "@thegamingphile", "comment": "Loving the tag team guys keep it up! Great vid with tons of good info.", "likes": 0, "published_at": "2021-03-15T00:54:31Z", "sentiment": 0.9041, "entities": []}, {"author": "@floriniancau5766", "comment": "Great video; you can make another one for your friends , with finviz ELITE! Is a POWERFULL TOOL with e-mail alert !Thanks!", "likes": 0, "published_at": "2021-03-15T00:53:33Z", "sentiment": 0.8827, "entities": []}, {"author": "@DoctorOctococK", "comment": "I\u2019m not going to lie, your YouTube ads initially put me off since all YouTube finance ads put me off, however, I\u2019m glad I checked out the channel itself as it\u2019s great and you\u2019re sharing a solid strategy that\u2019s clear and approachable for beginners. As a fellow Vancouverite good job and glad to be a new subscriber!", "likes": 0, "published_at": "2021-03-15T00:31:42Z", "sentiment": 0.9601, "entities": ["YouTube", "YouTube", "Vancouverite"]}, {"author": "@jessicaky9", "comment": "Have been loving your videos! Can you make a video on how you analyze the financial situation of a company and what you look at?", "likes": 1, "published_at": "2021-03-15T00:29:20Z", "sentiment": 0.636, "entities": []}, {"author": "@derekcox6531", "comment": "Totally happy to see you keeping your brand. Look, as parents, the happiest we ever are is when we see that we\u2019ve raised sensible hard working kids. Period. Full stop. You\u2019re dad has a lot to be proud of and it\u2019s great to see you guys bringing the common sense to Canadian investing on the YouTube platform. Huge \ud83d\udc4d. I\u2019ve been investing for 30 years and it\u2019s always a bit of a tangle when you have winning investments,but don\u2019t know when to sell. The key imho is to have a strategy and stick to it. Take out the emotion,base your decision on your predetermined criteria. Trailing stops are also kinda useful! \ud83d\ude09", "likes": 0, "published_at": "2021-03-15T00:14:43Z", "sentiment": 0.9674, "entities": ["YouTube"]}, {"author": "@carolacorti9567", "comment": "fantastic duo! Would love to learn more about balancing the portfolio and diversification versus buying an index", "likes": 0, "published_at": "2021-03-15T00:14:24Z", "sentiment": 0.8439, "entities": []}, {"author": "@davidwilson9976", "comment": "With all the dodgy advice by YouTubers who are so new they don't even know what they don't know, who are just click bate, or who just recommend spec story stocks with no earnings, this channel is a breath of fresh air of investment knowledge and expertise. Thank you!", "likes": 1, "published_at": "2021-03-14T23:40:44Z", "sentiment": 0.5411, "entities": ["YouTubers"]}, {"author": "@sunnycrail7911", "comment": "Please include intermediate investing course", "likes": 1, "published_at": "2021-03-14T23:26:11Z", "sentiment": 0.3182, "entities": []}, {"author": "@carlosarceo7283", "comment": "Great video! I think your dad is very knowledgeable and you guys work great together. I think since you're keeping Brandon Beavis Investing as the brand name, your dad can be more of a special segment on the channel specializing on the technicals and fundamentals and offering contrasting perspective to yours. Ultimately as I am around Brandon's age, I wish for this channel to have a more collaborative millennial energy to it. I like the idea that Brandon is forging a new generation of young savvy investors with his dad being a veteran advisor to him and us.", "likes": 2, "published_at": "2021-03-14T23:06:11Z", "sentiment": 0.9586, "entities": []}, {"author": "@jbainbridge22", "comment": "How are regular stocks and otc's different?", "likes": 1, "published_at": "2021-03-14T23:01:48Z", "sentiment": 0.0, "entities": []}, {"author": "@johndenomme7926", "comment": "I have positions in Amazon, Apple, Microsoft and Alibaba, not sure what to do as far as keeping with the current tech stock meltdown bought in at $3280 U.S. for Amazon and wondering if it's going to reach the analysts predictions of $4000-5200 year end. If I dump it now, I'm out a couple hundred american. Any thoughts? Thx", "likes": 0, "published_at": "2021-03-14T22:28:28Z", "sentiment": 0.1124, "entities": ["Amazon", "Apple", "Microsoft", "Amazon"]}, {"author": "@pablocano5544", "comment": "The content of this channel is really great. Honestly it's becoming my favourite channel in the category of investing. Loved seen your thought process and connecting the fundamentals with the technical aspects.  Tip for you guys: don't worry about making the video long, it doesn't really deter viewers if the content in it is valuable. It is only annoying when youtubers drag on a video to add more commercials or take 20min to say something that could've of been said in 2min. Keep up the great work!", "likes": 18, "published_at": "2021-03-14T22:04:29Z", "sentiment": 0.9593, "entities": []}, {"author": "@thelonespacemarine5211", "comment": "I got a few \u201cCovid stocks\u201d all are doing great.", "likes": 1, "published_at": "2021-03-14T21:49:55Z", "sentiment": 0.6249, "entities": []}, {"author": "@relax.meditate.wellness", "comment": "Great content! Thank you Beavis Boys\ud83d\ude4c\ud83c\udffc \ud83e\udd17", "likes": 0, "published_at": "2021-03-14T21:41:31Z", "sentiment": 0.784, "entities": ["\ud83e\udd17"]}, {"author": "@evanboudreau988", "comment": "It's good to have warm pants tho lol", "likes": 0, "published_at": "2021-03-14T21:39:07Z", "sentiment": 0.765, "entities": []}, {"author": "@yknarfgnat", "comment": "Alright Brandon, next order of business: name for your subs/following/students. My suggestion, \"The Buttheads\" \ud83d\ude01", "likes": 2, "published_at": "2021-03-14T21:35:10Z", "sentiment": 0.25, "entities": []}, {"author": "@evanboudreau988", "comment": "That's awesome you use ry as an example. I just sold my RY to buy the tesla dip \ud83e\udd24", "likes": 0, "published_at": "2021-03-14T21:28:15Z", "sentiment": 0.6249, "entities": []}, {"author": "@touniekeopraseuth4364", "comment": "I am so happy to have found your YouTube site.  Especially the duo perspective of both son and dad experiences make it powerful.  Thanks so much!", "likes": 0, "published_at": "2021-03-14T21:07:41Z", "sentiment": 0.8746, "entities": ["YouTube"]}, {"author": "@MrJamesDaniels", "comment": "Great video. Well put together. Learned some new technical indicators i.e. pivot points and practical consideration ... Thank you. Always, both of you lay things out logically and are easy to listen to.", "likes": 0, "published_at": "2021-03-14T20:58:31Z", "sentiment": 0.891, "entities": []}, {"author": "@bryanmorgan758", "comment": "Great call on keeping the name, you deserve it Brandon!", "likes": 0, "published_at": "2021-03-14T20:54:17Z", "sentiment": 0.6588, "entities": []}, {"author": "@Pennybrookeify", "comment": "I love the technical analysis explanation. More of that please.", "likes": 1, "published_at": "2021-03-14T20:28:51Z", "sentiment": 0.7759, "entities": []}, {"author": "@Steven-wq8tx", "comment": "What\u2019s your opinion on stock valuation using a DCF model for finding intrinsic value?", "likes": 0, "published_at": "2021-03-14T20:25:14Z", "sentiment": 0.34, "entities": ["DCF"]}, {"author": "@Steven-wq8tx", "comment": "I was literally searching for this video just an hour or two ago and watched your video from 2 years ago lol nice surprise", "likes": 0, "published_at": "2021-03-14T20:15:44Z", "sentiment": 0.7717, "entities": []}, {"author": "@sandykaur9232", "comment": "Hi Brandon , I am very new in stock market. Had a loss of some money for example : I bought just energy share however company shutdown and I lost money. Could u please make a very simple vedio what to look before buying a share and how to read balance sheet.", "likes": 0, "published_at": "2021-03-14T20:12:13Z", "sentiment": 0.4939, "entities": []}, {"author": "@edwin5945", "comment": "Absolutely top shelf video, guys. You're a great team. Keep up the fantastic work!", "likes": 1, "published_at": "2021-03-14T20:10:02Z", "sentiment": 0.8775, "entities": []}, {"author": "@AntonioInvests", "comment": "This is awesome \ud83d\ude01", "likes": 1, "published_at": "2021-03-14T20:07:36Z", "sentiment": 0.6249, "entities": []}, {"author": "@NatePolmateer", "comment": "This was a very good video, Brandon! Not many people advise on how to exit. The toughest part as an investor is taking wins learning to balance your portfolio and not thinking everything is just going to keep rising. Keep it up Marc and Brandon! \ud83d\ude00", "likes": 4, "published_at": "2021-03-14T20:06:31Z", "sentiment": 0.8007, "entities": []}, {"author": "@zeropro0", "comment": "good points and easy to understand . by the way when we get to see your mom?", "likes": 1, "published_at": "2021-03-14T19:56:31Z", "sentiment": 0.7003, "entities": []}, {"author": "@lieutenantlawson4295", "comment": "Brandon, u right on time man. Awesome!  I really needed this. I'm up 1300% on tesla. I bought damn near in the beginning", "likes": 0, "published_at": "2021-03-14T19:52:40Z", "sentiment": 0.4003, "entities": []}, {"author": "@jenniferjordan9070", "comment": "Would love to know both your thoughts of ETFs ? Also could you do a video with more details on each bank. Not just big vrs small but a comparison of all big Canadian banks.", "likes": 2, "published_at": "2021-03-14T19:50:12Z", "sentiment": 0.3818, "entities": []}, {"author": "@momo35444", "comment": "great video! thanks guys. i always appreciate the honest opinions you hold and share!!", "likes": 0, "published_at": "2021-03-14T19:50:11Z", "sentiment": 0.944, "entities": []}, {"author": "@Dracks67", "comment": "How much higher can OVV.to go? Should i sell?", "likes": 23, "published_at": "2021-03-14T19:36:06Z", "sentiment": 0.0, "entities": []}, {"author": "@308bar", "comment": "Bulls and Bears take profits, pigs get slaughtered.  Greed and the the desire for more wealth will be the end of some investors. Great team love the combo, the balance you both bring to the channel.", "likes": 4, "published_at": "2021-03-14T19:36:02Z", "sentiment": 0.9402, "entities": []}, {"author": "@Swizzlerz", "comment": "I think you made a good choice on the name. one option two is your dad can always make a channel dedicated to his thoughts and opinions and you could have them on your channel as a guest and you can be a guest on his channel and grow two channels at the same time. Two more income sources", "likes": 1, "published_at": "2021-03-14T19:31:05Z", "sentiment": 0.7096, "entities": []}, {"author": "@PMI551", "comment": "It\u2019s good you stayed with the name. well deserved and at the end of the day, you have your whole career ahead of you as well.", "likes": 0, "published_at": "2021-03-14T19:27:05Z", "sentiment": 0.7269, "entities": []}, {"author": "@souffle1", "comment": "Really liked the technical part of the video!", "likes": 0, "published_at": "2021-03-14T19:18:35Z", "sentiment": 0.5244, "entities": []}, {"author": "@244lifekobe", "comment": "Best duo since kobe n Shaq", "likes": 59, "published_at": "2021-03-14T19:14:23Z", "sentiment": 0.6369, "entities": []}, {"author": "@michaeltanquiza8960", "comment": "Hey bro Brandon, you know what? Everytime I  watch your videos, it really helps to continue my journey in stock market. And now your dad is right there who has have a decade of experience in the market, that\u2019s really amazing. \ud83d\udc4f\ud83d\udc4f\ud83d\udc4f\ud83d\ude4c\ud83d\ude4c\ud83d\ude4c\nThank you.", "likes": 8, "published_at": "2021-03-14T19:08:48Z", "sentiment": 0.8674, "entities": []}, {"author": "@amillennialgrandma783", "comment": "Yay! Love these videos with your dad. Great wisdom and insight!", "likes": 3, "published_at": "2021-03-14T19:05:57Z", "sentiment": 0.9492, "entities": []}, {"author": "@GubeTube19", "comment": "Yay! You answered my question from the last video!!!", "likes": 6, "published_at": "2021-03-14T19:02:04Z", "sentiment": 0.6776, "entities": []}, {"author": "@CanadianDividendInvesting", "comment": "Would love to hear Marc's view on bitcoin and the future of crypto investing!", "likes": 26, "published_at": "2021-03-14T18:58:33Z", "sentiment": 0.6696, "entities": []}, {"author": "@PMI551", "comment": "Would you two invest in Arkk invest? A lot of people are probably wondering.", "likes": 1, "published_at": "2021-03-14T18:57:21Z", "sentiment": 0.0, "entities": []}, {"author": "@nddy7556", "comment": "i needed this video!! my mfc.to is up 35%+ and i've been debating on what to do", "likes": 4, "published_at": "2021-03-14T18:54:39Z", "sentiment": 0.0, "entities": []}, {"author": "@beaviswealth", "comment": "\ud83d\udcc8\ud83d\udcda As always, if you're a beginner to the Stock Market in Canada and you're looking for a step-by-step blueprint on how to get started... Find out more about our Investing Academy here - https://bit.ly/theinvestingacademy\n\nThank you for the video suggestion.... We hope this helps knowing when to sell a stock! Stick around to hear our decision on the channel rebranding! Thanks for watching. :)", "likes": 32, "published_at": "2021-03-14T18:52:05Z", "sentiment": 0.9311, "entities": ["the Stock Market", "Investing Academy"]}, {"author": "@TechiiDinesh", "comment": "\ud83d\udc4f\ud83d\udc4fkeep growing", "likes": 1, "published_at": "2021-03-14T18:51:19Z", "sentiment": 0.1779, "entities": []}]