[{"author": "@beaviswealth", "comment": "\ud83d\udcc8\ud83d\udcda As always, if you're a beginner to the Stock Market in Canada and you're looking for a step-by-step blueprint on how to get started... Find out more about our Investing Academy here - https://bit.ly/theinvestingacademy\n\nDOUBLE UPLOAD TODAY!!! I hope you guys enjoy the content :) Don't forget to leave a thumbs up if you did!", "likes": 10, "published_at": "2021-06-12T18:50:17Z", "sentiment": 0.9018, "entities": ["the Stock Market", "Investing Academy"]}, {"author": "@muazamkhan6906", "comment": "can you please analyze Blackberry  as it is a company which is into tech sector and I think it has future\u06d4 Need your detailed vdo\nThanks", "likes": 0, "published_at": "2021-07-30T23:12:53Z", "sentiment": 0.6369, "entities": ["Blackberry"]}, {"author": "@helenconcepcion9385", "comment": "Please do a meme stock reaction video with your dad! I want to see your combined reactions. These guys did it tastefully but it\u2019s American advice. I would like to hear a Canadian take. https://youtu.be/zNm7f91gWrQ", "likes": 0, "published_at": "2021-07-01T14:19:07Z", "sentiment": 0.6533, "entities": []}, {"author": "@diGENIUS1000", "comment": "GME has $2 billion in cash now with no debt. Reducing operating costs by closing retail stores and switching to ecommerce. The social media attention fueled the turnaround for GME. Not a meme stock anymore.", "likes": 3, "published_at": "2021-06-26T04:07:33Z", "sentiment": -0.5719, "entities": ["GME", "GME"]}, {"author": "@khuo0219", "comment": "True about stress. I have 2 shares of gme, had a cool profit but not interested in the experience again.", "likes": 0, "published_at": "2021-06-17T05:32:00Z", "sentiment": 0.0806, "entities": []}, {"author": "@GuigaLourenco", "comment": "Does anyone know if the CI Global Asset Management is secure? I was looking at their ETFs and it seems to have a very HIGH dividend YIELD comparing with other companies (between 9 to 11%)", "likes": 0, "published_at": "2021-06-16T19:14:31Z", "sentiment": 0.5994, "entities": ["the CI Global Asset Management", "YIELD"]}, {"author": "@shadrackagber8111", "comment": "Buying a stock at its hype isn\u2019t the best time I agree", "likes": 1, "published_at": "2021-06-16T13:34:01Z", "sentiment": 0.7717, "entities": []}, {"author": "@Old_SnakeTwitch", "comment": "A next pandemic will put them out of business within the next 10-20 years lol..", "likes": 0, "published_at": "2021-06-15T22:09:32Z", "sentiment": 0.0, "entities": []}, {"author": "@rileymac7054", "comment": "want to leave a like, but you're at 420... and thought it was a perfect amount of likes for a meme stock video.", "likes": 0, "published_at": "2021-06-15T18:55:40Z", "sentiment": 0.8898, "entities": []}, {"author": "@frenic", "comment": "I went in and gambled with AMC, but I made sure I had enough knowledge and used indicators as much as I can to get in and get out. Also placed a stop loss to protect me", "likes": 0, "published_at": "2021-06-15T18:32:10Z", "sentiment": 0.1531, "entities": ["AMC"]}, {"author": "@jordanharrison7280", "comment": "Hey I swear you guys made a video about Algonquin power but I can\u2019t find it would somebody mind helping?", "likes": 0, "published_at": "2021-06-14T17:13:21Z", "sentiment": 0.4019, "entities": []}, {"author": "@lucafigueiredo6005", "comment": "There's nothing wrong with meme stocks if you understand your not investing based on fundamentals... they are short term trades... trades not long term holdings", "likes": 0, "published_at": "2021-06-14T07:11:47Z", "sentiment": 0.3724, "entities": ["meme"]}, {"author": "@7of9", "comment": "AMC \ud83e\udd8d\ud83d\udc8e\u2764\ufe0f\ud83d\ude80\ud83d\udc8e\ud83e\udd8d", "likes": 3, "published_at": "2021-06-14T05:51:29Z", "sentiment": 0.0, "entities": ["AMC"]}, {"author": "@imru22", "comment": "Great content. I have held BB stocks based on what they bring to the table for tech. They are a growth stock for me. I am not all that happy with BB being dragged into this meme stock business over the last 6 months. I will keep holding though and hope people will stop with the pump and dump of this stock.", "likes": 1, "published_at": "2021-06-14T04:37:04Z", "sentiment": 0.3822, "entities": []}, {"author": "@callflowerhype6432", "comment": "Sundial stock to the moon 1000%%", "likes": 1, "published_at": "2021-06-14T02:54:46Z", "sentiment": 0.0, "entities": []}, {"author": "@volgg", "comment": "yeah any type of investment that the worth is heavily relied on hype, it's no no.", "likes": 0, "published_at": "2021-06-14T02:40:10Z", "sentiment": -0.0772, "entities": []}, {"author": "@donmcleod2235", "comment": "Great rant Brandon.  A spontaneous coverage of memes. Not my line of long term or any type  of investing. Correct in terming gambling. Hurting  short sellers is a theme of the social target of memes too. :)", "likes": 0, "published_at": "2021-06-13T23:50:29Z", "sentiment": 0.4588, "entities": []}, {"author": "@MurrMan23", "comment": "Do you have any update on what you think of FANS? I still feel it has great potential for a long term investment.", "likes": 0, "published_at": "2021-06-13T20:05:05Z", "sentiment": 0.6249, "entities": []}, {"author": "@michellejohn2918", "comment": "Great video Brandon!", "likes": 0, "published_at": "2021-06-13T18:57:56Z", "sentiment": 0.6588, "entities": []}, {"author": "@blessonjoseph3937", "comment": "Legend Man, a lay man can invest after listening to professor Brandon \ud83d\ude0a", "likes": 0, "published_at": "2021-06-13T18:47:37Z", "sentiment": 0.0, "entities": []}, {"author": "@MayuraWijeyaratne", "comment": "Thanks for this amazing information you provide. I wanted to get into this reddit craze but I'm a conservative guy when it comes to investing my hard earned money.\nI have a small question not regarding this meme stocks thought. Could tell me why these large companies like BCE.TO has so many other ticker symbols and what should I get?", "likes": 1, "published_at": "2021-06-13T18:38:18Z", "sentiment": 0.6908, "entities": ["BCE.TO"]}, {"author": "@SizzlingPopcorn", "comment": "Buying \u201cmeme stocks\u201d like GME and AMC is not gambling nor is it investing. Investing is buying a stock for the long term growth. Gambling is when you\u2019re betting your money on something when the odds are against you. Buying GME or AMC or other \u201cmeme stocks\u201d is day-trading, where you\u2019re in and out of a stock in the same day, or swing trading, where you hold the investment between 1 day and a year, most of the time much shorter than that. To come up with the value of a stock, you can use fundamental analysis, technical analysis, or a mixture of the two. In the short term, you\u2019re looking at the technical analysis over fundamentals. Fundamentals is more so looking at long term growth. \n\nSome people think technical analysis is stupid. Those are the same people who think \u201cmeme stocks\u201d are stupid. It\u2019s not stupid. It\u2019s because they don\u2019t understand it. The only way \u201cmeme stocks\u201d are stupid is if you invest in them blindly and you don\u2019t do your own due diligence. Just because you don\u2019t like short term investing, technical analysis, or meme stocks, that doesn\u2019t give you the right to think you\u2019re better than others. Too many hedge funds and people in the media telling retail investors what to do so that the institutions keep making their money off the average Joe. \n\nIn the movie \u201cThe Wolf Of Wall Street\u201d, Jordan is told that what he needs to do is get the clients money into his pocket. He\u2019s told not to care about making the client money. When they want to take their profits out, you make a story up about the next stock and the next and the next\u2026.because he\u2019ll get the commission\u2026.taking the client\u2019s money and putting it into his pocket.", "likes": 1, "published_at": "2021-06-13T18:25:12Z", "sentiment": 0.121, "entities": ["GME", "AMC", "GME", "AMC", "meme", "meme", "meme", "meme"]}, {"author": "@gonzalorubio1154", "comment": "Hello Brandon! Great content as usual, thank you. Speaking of Air Canada, would you consider making a video on the company from an investment point of view? I think I have formed my own opinion on the stock as an investment but would love to hear yours and see a more in depth analysis.\n\nHave a nice day!", "likes": 0, "published_at": "2021-06-13T17:52:15Z", "sentiment": 0.937, "entities": ["Air Canada"]}, {"author": "@coady", "comment": "I bought BB and experienced the same thing as you CONSTANTLY refreshing my app to see the price. I drove myself nuts and sold at a loss just to stop doing it. After I sold I bought more VDY and Telus and was much happier. I don't want to be watching the market non stop.", "likes": 1, "published_at": "2021-06-13T17:47:48Z", "sentiment": -0.5889, "entities": ["VDY", "Telus"]}, {"author": "@3brainer", "comment": "I bought AMC because I think it is a decent recovery play. Then I learned about the squeeze. Up over 300% and hodling.", "likes": 3, "published_at": "2021-06-13T16:18:48Z", "sentiment": 0.34, "entities": ["AMC"]}, {"author": "@roberttaylor3594", "comment": "I want to buy BB at no more that $10, ideally ~$5 because I think they have potential for growth and long term success...but the Meme crowd keeps getting in the way with their speculation. Not interested in buying at $15 and hoping it goes to $30...", "likes": 0, "published_at": "2021-06-13T16:14:24Z", "sentiment": 0.6492, "entities": []}, {"author": "@CanadianDividendInvesting", "comment": "I'll stick to crypto haha", "likes": 0, "published_at": "2021-06-13T14:30:41Z", "sentiment": 0.4588, "entities": []}, {"author": "@donzkietv168", "comment": "Thank you Brandon for advise and for your transparency.", "likes": 0, "published_at": "2021-06-13T13:10:01Z", "sentiment": 0.3612, "entities": []}, {"author": "@momo35444", "comment": "thanks for the video brandon!!!", "likes": 0, "published_at": "2021-06-13T12:25:43Z", "sentiment": 0.5826, "entities": []}, {"author": "@paulsantori8920", "comment": "I agree that this is not long term investing and I wouldn't put more than a couple percent of my portfolio into these stocks but here are some true facts. My worst performing stocks have been HIVE, FLT, NEXE and HEO. These are stocks that a lot of YouTubers were talking about. I own 3 of the \"meme\" stocks and all of them are up. I bought Blackberry at $6 because of what the company was doing, moving from cell phones to cyber security, the fact that this was affected by the short squeeze was a unforseen bonus!! AMC, Cineplex and Air Canada are recovery stocks, I'm not sure how someone with your knowledge and experience can't see that? You've always said you wouldn't buy AC but my only regret is not buying more when it was under $15. Keep up the great work but I think you are wrong on this one!", "likes": 0, "published_at": "2021-06-13T12:21:58Z", "sentiment": 0.4557, "entities": ["HIVE", "FLT", "NEXE", "HEO", "YouTubers", "Blackberry", "AMC", "Cineplex and Air Canada"]}, {"author": "@vvolfflovv", "comment": "Seeing all these uninformed people on my twitter timeline telling others how they can get rich even got me to at least consider a high vol trading strategy but I couldn't do it as I'd much rather invest in something with limited downside.  Nba playoffs has been amazing so far.", "likes": 0, "published_at": "2021-06-13T11:06:41Z", "sentiment": 0.5647, "entities": []}, {"author": "@smallmj2886", "comment": "I decided to start playing with penny stocks a few weeks ago, so I put $25 into a wealthsimple trade account which was immediately turned in to $57.50 through sign up bonuses.  This is pure play money, and I don't intend on adding any more to that account.  The accounts that I add to and that I expect to help fund my retirement are focused on divided bearing blue chips.", "likes": 0, "published_at": "2021-06-13T08:54:51Z", "sentiment": 0.9022, "entities": []}, {"author": "@chase688", "comment": "im holding AMC and will continue to hold", "likes": 3, "published_at": "2021-06-13T07:36:59Z", "sentiment": 0.0, "entities": ["AMC"]}, {"author": "@geoff-w5561", "comment": "100% agree that meme stocks aren't \"investing\". Having said that, I am a bit of a gambler, lol. So I liked the 'odds' with AMC and got in early at just under $15, but didn't wager anything near my future for it. It was an amount I was willing to lose so that makes it 'stress-free'.\n\nTo play a bit of devil's advocate, I think these meme stock movements happen for a reason. It'd be completely ignorant to disregard trading malpractices (maybe 'unethical' is a better word) happening in the stock market, which are the root of shaping these events. I think it'd be great if you can make an informational video of why/how these stocks get into these 'meme' positions. Volkswagen in 2008 - fast forward to now and it's basically history repeating. There are mechanics in the stock market that enable these things and there are lessons to be learned/taught. We shouldn't just write it off as simply a 'meme'. Bottom line, we're in the stocks to make money, and there are several ways - 'meme stocks' are one way, but no doubt, not an 'investment'.\n\nAs a beginner, I've definitely learned a ton from your channel and will continue to watch! Good to know you enjoy some fun too. GME and AMC \"to the moon\"!! ;)", "likes": 0, "published_at": "2021-06-13T07:12:53Z", "sentiment": 0.9717, "entities": ["meme", "AMC", "Volkswagen", "GME", "AMC"]}, {"author": "@dreites-tafari748", "comment": "Some good knowledge and advice bro respect. \ud83d\udcaf\ud83d\udc4d\ud83c\udffd", "likes": 0, "published_at": "2021-06-13T04:33:19Z", "sentiment": 0.7184, "entities": []}, {"author": "@stellabella1125", "comment": "The first stock I ever bought was Aphria because it\u2019s Canadian and I agree with regulated pot as a couple of my kids friends had close calls with street pot laced with who knows what.  It sent them to the hospital.  Anyway i bought the stock and made 2 grand literally the next day.  I thought I was a genius haha!  Over the next few days it tanked and I was totally confused about the spike.  Looked into it on google and realized I happened to get in the day before a classic pump and dump.  I\u2019m too scared to jump into any pot stock now but I have  followed you and your dads advice and I\u2019m up about $500 in a little growth and haven\u2019t even collected dividends yet so I think I\u2019m doing ok!  I\u2019m old and just starting to invest so thank you for your advice!", "likes": 0, "published_at": "2021-06-13T02:49:58Z", "sentiment": 0.9224, "entities": []}, {"author": "@jasonstupak4535", "comment": "Watched and liked, thanks Brandon!", "likes": 0, "published_at": "2021-06-13T02:42:57Z", "sentiment": 0.7177, "entities": []}, {"author": "@ab.4425", "comment": "Great video buddy!! Really appreciate it!!", "likes": 0, "published_at": "2021-06-13T02:28:15Z", "sentiment": 0.8504, "entities": []}, {"author": "@Kamuri93", "comment": "Thank you Brandon!\nAlmost as always, I was thinking it and you did a video on it.  :)  \nI bought $200 in BB from my Wealth Simple TFSA account, as a co-worker is really into Meme Stocks. \nI just looked at it as a going to the Casino with some my buddy. \nI work shift and on night shift, I kept waking up throughout the day, and refreshing Yahoo Finance.\nI decided just to take a very small loss, and took your advise and bought KL. \nSleeping a lot better now.", "likes": 1, "published_at": "2021-06-13T01:48:01Z", "sentiment": 0.8524, "entities": ["Meme Stocks", "Casino", "Yahoo Finance"]}, {"author": "@claudiacoulombe2276", "comment": "I\u2019m watching ALL of your videos! My go-to fav person to watch on YT. So much valuable information. Keep it up \ud83d\udc4c\ud83c\udffc", "likes": 0, "published_at": "2021-06-13T01:30:16Z", "sentiment": 0.7698, "entities": ["YT"]}, {"author": "@magiwebdesign3849", "comment": "Apes: Hedge Funds have been naked shorting hundreds of companies into bankruptcy for decades causing over $100 trillion in damages to the global economy and the house of cards is about to collapse.\nBrandon: Naw, it'll be fine.", "likes": 4, "published_at": "2021-06-13T01:26:41Z", "sentiment": -0.6486, "entities": ["the house of cards"]}, {"author": "@robertbazso5053", "comment": "Hey Brandon, loved this video... I agree with you 110%... and realized that I am not built for meme stocks or even day trading.... I did try playing the day trade/hype game and its an awful lot of work and stress for the risk.... The time I did try a day trade I must have looked at my phone 100 times....was not a very productive day... Luckily I stumbled onto your channel...\n\nI have to say that I am very grateful to you and your dad... by watching hours of your videos I think I am finally in the drivers seat with my portfolio... I have no stress as no matter how the market my diversification has allowed me to maintain a steady increase in my portfolio on a daily basis... since may 19th 2021... I diversified and put all the knowledge you guys gave online and only on one day my portfolio decreased... I see the wisdom you share... some may find it \"boring\" or \"slow\"... but I am of mind that slow and steady wins the race... and I sleep well at night ;o) sorry for the long message... I am just very grateful... I plan on sharing with all my friends... \n\nThank you very much Brandon and Mark....", "likes": 0, "published_at": "2021-06-13T01:22:31Z", "sentiment": 0.9591, "entities": []}, {"author": "@ThinkDentistry", "comment": "These are market noises. Unfortunately, this is human nature.", "likes": 0, "published_at": "2021-06-13T01:21:17Z", "sentiment": -0.34, "entities": []}, {"author": "@willkeen5010", "comment": "Well said. I wouldn\u2019t have thought that someone buying a meme stock wouldn\u2019t understand the risks so hopefully they see your video. Money can be made but yes, you need to risk it for the biscuit.", "likes": 0, "published_at": "2021-06-13T01:03:26Z", "sentiment": 0.4846, "entities": []}, {"author": "@gregorykudish", "comment": "Great video. I would disagree though with idea of putting weed stocks in the same meme stock category as Gamestop or AMC. I believe the rapid increase in weed stocks share prices was due to some unrealistic anticipations before legalization. With legalization, weed money was going to flow everywhere, Canada will pay off its debt, etc. Well, after legalization the reality appeared to be quite off the expectations so no big surprise here the prices dropped. However, companies like Canopy Growth still had good fundamentals and were operating for medical purpose way before legalization. So let\u2019s say you bought some Canopy shares in 2013 and didn\u2019t sell any: you still made some good profit. The mistake here I think are the people who put a lot of their money in these weed stocks at their all time highs. In other words, when you do realize it is a crazy bubble, it is also probably too late to speculate.", "likes": 2, "published_at": "2021-06-13T00:43:52Z", "sentiment": 0.9312, "entities": ["AMC", "Canopy Growth", "Canopy"]}, {"author": "@Galluchh", "comment": "Honestly, I just found your channel yesterday, but this video was really well done, subbed. The way you talk and the flow of your videos is really great! I like when you talk to your audience in a kind way and you're right, the mindset is key!", "likes": 3, "published_at": "2021-06-13T00:07:42Z", "sentiment": 0.9684, "entities": []}, {"author": "@kelleyhaldorson209", "comment": "I gotta admit I have purchased Cineplex and AC.  Both are tiny investments and thanks to your \"you tube training\" I know that these are complete speculatios on my part.  At the same time I dont see either of these buisinesses completely disappearing from the market.  I have an exit stategy and hopefuly I don't get greedy and more stupid.  Haha.  \n\nBut saying that-as a new investor I have had to find out what type of risks I am comfortable with and it is these tiny gambles that I seem to be the most concerned about.  The 4 smallest positions in my portfoliio are the ones I am thinking about the most and do cause me distraction.  I would love to hear about a good way to develop an exit stategy.  For Air Canada at least I did do some reaserch into the company and last time they had large debt trouble it definitely hurt them of course but once the debt was paid it seemed as though the buisiness was seeing gains that they had never before seen.  I'm hoping that is what will happen again in probably another 20 years or so but say for ones that did make an investment in a \"good\" AC stock before covid what sort of goals would they have been setting for it?  Are those the types of people still holding this stock and just buying more of it now?\n\nI'm a lot more confident in buying a stock I believe in now than I was before, but knowing how to set those goals for an investment is a lot harder?  Should an AC holder have sold on the crash or still hold?  That's a hard decision based on how much the shareholder is going to lose but the same could be said for gains.  How to decide when to sell a portion or all of your shares because the price is so high-even if it is fundamently a good stock?\n\nP.S.  If you are new to investing, get your info. from many sources. When I started I thought motley fool articles were \"smart\", but no don't trust em'  go to many different analysts from different sources and check the investor relations page at the company itself.", "likes": 0, "published_at": "2021-06-12T23:52:52Z", "sentiment": 0.7114, "entities": ["Air Canada", "AC"]}, {"author": "@GoodDay-jp5hi", "comment": "Socialism is a meme stock. Looks like people love it  until it pops in their face.", "likes": 0, "published_at": "2021-06-12T22:18:47Z", "sentiment": 0.7717, "entities": []}, {"author": "@aloxs230", "comment": "LMAO! How much money did you get paid to spread misinformation about \"Meme Stock\".", "likes": 0, "published_at": "2021-06-12T22:12:26Z", "sentiment": 0.561, "entities": []}, {"author": "@Steve_Takes", "comment": "I don't like people using the word \"investing\" for non-meme stocks when they can't even keep the position for a week!", "likes": 0, "published_at": "2021-06-12T21:53:05Z", "sentiment": -0.3404, "entities": []}, {"author": "@atlantium65", "comment": "You a real one, Brandon.", "likes": 8, "published_at": "2021-06-12T21:35:11Z", "sentiment": 0.0, "entities": []}, {"author": "@georgeisdumb1354", "comment": "Let me make this clear gamestop will never be a long term investment its a get rich quick just go on Reddit an look at superstonks and u will see y", "likes": 0, "published_at": "2021-06-12T21:32:57Z", "sentiment": 0.765, "entities": []}, {"author": "@ClarenceMurphy", "comment": "AMC is going to the Moon. Don't lie you're buying shares too.", "likes": 1, "published_at": "2021-06-12T21:32:29Z", "sentiment": 0.296, "entities": ["AMC"]}, {"author": "@adambitz3798", "comment": "*momentum stocks", "likes": 1, "published_at": "2021-06-12T21:04:25Z", "sentiment": 0.0, "entities": []}, {"author": "@VanessaVendetti", "comment": "Great wisdom passed on Brandon! I agree with your opinion and feel the same way.", "likes": 0, "published_at": "2021-06-12T20:53:04Z", "sentiment": 0.8832, "entities": []}, {"author": "@tjkristensen6442", "comment": "I\u2019m an AMC ape , I got in early , I like the movement of sticking it to the hedgies who have been manipulating the stock market for years. Dark pools , synthetics , naked shorting over leveraging and more is the reason I joined the movement to finally stand up against the big guys, the stock isn\u2019t the point. It\u2019s the story behind everything .", "likes": 15, "published_at": "2021-06-12T20:51:53Z", "sentiment": 0.0, "entities": ["AMC"]}, {"author": "@Micvic79", "comment": "500 shares of AMC baby!!! #Short Squeeze  #ApesHold \ud83d\ude0e\ud83e\udd18\ud83d\udc12\ud83d\udcb5", "likes": 9, "published_at": "2021-06-12T20:51:04Z", "sentiment": 0.4724, "entities": ["AMC"]}, {"author": "@annehenderson7911", "comment": "Meme stocks are not of interest to me as well.", "likes": 0, "published_at": "2021-06-12T20:45:41Z", "sentiment": -0.0976, "entities": ["Meme"]}, {"author": "@NateBest", "comment": "I liked a lot of things you said in this video. (Might share it with my audience as well as I get a lot of questions on meme stocks and crypto). I wanted to hear your thoughts on ESG investing because I was kinda surprised on what you said about investing to join a social movement was a bad thesis. I think in some circumstances it can be a good move. Thoughts?", "likes": 1, "published_at": "2021-06-12T20:35:20Z", "sentiment": 0.8078, "entities": ["meme"]}, {"author": "@christolton4637", "comment": "Andrej jikh was one of the first YouTube channels I started watching and used to really like his content but lately I\u2019ve found him to be just a crypto guy/conspiracy theorist lol.  I haven\u2019t watched any of his videos in months other than millennial money which he is involved in", "likes": 17, "published_at": "2021-06-12T20:34:30Z", "sentiment": 0.6805, "entities": []}, {"author": "@katiehuynhdao2090", "comment": "another famous meme stock for a very long time is Tesla.", "likes": 3, "published_at": "2021-06-12T20:33:01Z", "sentiment": 0.0, "entities": ["Tesla"]}, {"author": "@ajaysinghrathore51", "comment": "Good point...don\u2019t get greedy and meme stock is speculative bet not an investment!!", "likes": 0, "published_at": "2021-06-12T20:23:07Z", "sentiment": 0.3786, "entities": []}, {"author": "@1011Challenger", "comment": "Instead of apes, they should call it clowns", "likes": 2, "published_at": "2021-06-12T20:20:03Z", "sentiment": 0.0, "entities": []}, {"author": "@anne-mariel3256", "comment": "Going to the moon \ud83c\udf1d lol", "likes": 0, "published_at": "2021-06-12T20:04:10Z", "sentiment": 0.4215, "entities": []}, {"author": "@FinancialOptionsWithThumper", "comment": "I love how you compared meme stocks to gambling.  That's how I view it.  When I do play on those, I go in with a very small part of my portfolio, and only what I am willing to lose.  I assume those positions will go wrong.", "likes": 8, "published_at": "2021-06-12T20:01:19Z", "sentiment": 0.2023, "entities": []}, {"author": "@Alex__96", "comment": "I totally believe in long term investing as best strategy but I also see potential for squeeze on AMC. Obvious manipulation going on and a lot of convinced apes hodling. I sold all my fundamentals for AMC. Once it squeezes I\u2019ll go back. I have true conviction.", "likes": 16, "published_at": "2021-06-12T19:58:35Z", "sentiment": 0.7935, "entities": ["AMC", "AMC"]}, {"author": "@eugeniat5460", "comment": "Dig your content, but disagree with quite a few things you said in this vid. If you think picket signs and facebook groups are the only effective ways to be part of a movement, you're lacking a lot of fundamental education on the topic of creating change.\n\nLet people be part of whatever they want, however they want. Activism, investing, gambling, whatever. You don't get to delegate  what works for people. Stop spreading FUD.", "likes": 3, "published_at": "2021-06-12T19:57:07Z", "sentiment": -0.2731, "entities": []}, {"author": "@brinehamiltonchpa6992", "comment": "You had me with the title. Solid advice, I\u2019m curious to know what you think of penny stocks, like CloudMD, Drone Delivery Canada, and similar type stocks. They kind of fall into the \u201cYouTube hype\u201d stocks category but lack the high risk/high reward of some of the meme stocks you referenced.", "likes": 0, "published_at": "2021-06-12T19:48:54Z", "sentiment": 0.7003, "entities": ["YouTube"]}, {"author": "@bazookajoemo", "comment": "I was going to buy 10 shares of AMC for $13 each. Unfortunately I was at my Wealthsimple $250 three day deposit limit, so I couldn\u2019t buy any. \ud83e\udd2c Oh well. Meme stocks aren\u2019t my thing anyways.", "likes": 1, "published_at": "2021-06-12T19:47:20Z", "sentiment": 0.2263, "entities": ["AMC"]}, {"author": "@richardwhyte8893", "comment": "A few videos back you mentioned a canadain website that talked alot about financial calculators for Canadains. I have been trying to find it and I cannot. Do you have any idea of what I am talking about? I also agree with meme stocks. It's not investing, it is speculating. Only put money into meme stocks a person is 100% willing to loose. I play with meme stocks and have had made small profits on both AMC, GME and BB but only with a  small amount of my money. I don't check my phone to much with the meme stocks I just set up limit orders so it is more hands free\ud83d\udcb0 Andrei is dope. I like his view on crypto", "likes": 1, "published_at": "2021-06-12T19:37:54Z", "sentiment": 0.7184, "entities": ["meme", "meme", "AMC", "GME", "\ud83d\udcb0"]}, {"author": "@KT3E", "comment": "As long you don't put all your eggs in one basket you're going to win... These stocks are for swings and day traders..", "likes": 0, "published_at": "2021-06-12T19:34:06Z", "sentiment": 0.0, "entities": []}, {"author": "@tapasya911", "comment": "Thank you for taking up my question man, appreciate your feedback. I agree 100% with your opinion.", "likes": 1, "published_at": "2021-06-12T19:33:43Z", "sentiment": 0.7717, "entities": []}, {"author": "@FishermanClay8108", "comment": "I'm long on BB. Hoping to sell high and then re invest.", "likes": 3, "published_at": "2021-06-12T19:25:20Z", "sentiment": 0.4215, "entities": []}, {"author": "@professorgamebum", "comment": "People need to stop calling AMC a meme stock, its not.", "likes": 13, "published_at": "2021-06-12T19:21:27Z", "sentiment": -0.296, "entities": ["AMC"]}, {"author": "@raymanlegy", "comment": "I wish this came out sooner haha", "likes": 1, "published_at": "2021-06-12T19:21:07Z", "sentiment": 0.6908, "entities": []}, {"author": "@ivxample", "comment": "Love your content but going to disagree on this one. I wouldn't even consider meme stocks as an investment. Its a social movement/cause. \nEvery stock has some level of speculation including all of your portfolio. Meme stocks should not be part of an investment strategy. Absolutely agree there. But you are looking at memes with the wrong lens imo", "likes": 4, "published_at": "2021-06-12T19:19:49Z", "sentiment": -0.3095, "entities": ["Meme"]}, {"author": "@Asad9348", "comment": "Brandon , what do you say about crypto currency? Should we invest in it?", "likes": 1, "published_at": "2021-06-12T19:17:41Z", "sentiment": 0.0, "entities": []}, {"author": "@DabloEscobud", "comment": "@Brandon Beavis Investing\n\nIndeed, I was fully glued to yahoo/WST the whole week of the 27th-28th!\n\nI also watch Millennial Money!\n\nReally enjoying both you and your dad\u2019s individual videos. Great content!", "likes": 2, "published_at": "2021-06-12T19:13:04Z", "sentiment": 0.8648, "entities": ["yahoo/WST"]}, {"author": "@Jswindlez", "comment": "AMC is no longer a meme stock. The ape army is trying to fight the corporate corruption and greed that has been in the market since its beginning. Every retail investor who wants and demands a fair market should be with us. Silver back diamond balls gorilla gang! \ud83d\udc35\ud83d\udc12\ud83e\udd8d\ud83e\udda7", "likes": 14, "published_at": "2021-06-12T19:04:25Z", "sentiment": -0.4753, "entities": ["AMC"]}, {"author": "@davidjr1365", "comment": "I\u2019m a simple man. I want to go to sleep happy and stress free.", "likes": 26, "published_at": "2021-06-12T18:59:05Z", "sentiment": 0.6705, "entities": []}, {"author": "@The1337trance", "comment": "Hi I have great stock, huge potential $HEM.V it's not meme", "likes": 0, "published_at": "2021-06-12T18:54:03Z", "sentiment": 0.7506, "entities": []}, {"author": "@cappuccino2901", "comment": "first", "likes": 3, "published_at": "2021-06-12T18:50:57Z", "sentiment": 0.0, "entities": []}]