[{"author": "@beaviswealth", "comment": "\ud83d\udcc8\ud83d\udcda As always, if you're a beginner to the Stock Market in Canada and you're looking for a step-by-step blueprint on how to get started... Find out more about our Investing Academy here - https://bit.ly/theinvestingacademy\n\nPlease share feedback on the new set!!! (I know the camera was shaky throughout the video.. so sorry about that. It's sitting on some books as a makeshift tripod at the moment! HAH!) Thanks for watching everyone :D leave a like if you enjoyed.", "likes": 8, "published_at": "2020-11-28T17:41:18Z", "sentiment": 0.9388, "entities": ["the Stock Market", "Investing Academy", "HAH"]}, {"author": "@thickcheeks9603", "comment": "i found out investing is quite a boring game", "likes": 0, "published_at": "2021-02-26T08:36:33Z", "sentiment": -0.3804, "entities": []}, {"author": "@Lopersen", "comment": "\ud83e\udd16 \ud83d\udcb0", "likes": 0, "published_at": "2021-02-23T01:52:53Z", "sentiment": 0.0, "entities": ["\ud83d\udcb0"]}, {"author": "@tomnguyen8511", "comment": "Following you for a while...always good channel to get back to when I need to be reminded of value investing \ud83d\udc4d", "likes": 0, "published_at": "2021-02-08T15:26:21Z", "sentiment": 0.6486, "entities": []}, {"author": "@k9xmysterious385", "comment": "Brandon what language are your captions in?", "likes": 1, "published_at": "2021-01-26T19:05:06Z", "sentiment": 0.0, "entities": []}, {"author": "@jodimorrison", "comment": "Don't like the lights behind you in new set but as always love the content", "likes": 0, "published_at": "2021-01-26T18:53:01Z", "sentiment": 0.7387, "entities": []}, {"author": "@momo35444", "comment": "great video brandon !! thank you", "likes": 0, "published_at": "2021-01-24T19:08:25Z", "sentiment": 0.8011, "entities": []}, {"author": "@nathani8260", "comment": "Is it worth waiting to invest in a month or so instead of today in anticipation to a small crash due to COVID?", "likes": 0, "published_at": "2021-01-18T21:19:53Z", "sentiment": -0.1027, "entities": ["COVID"]}, {"author": "@user-yy7sw5vg6r", "comment": "I like the way you explain stuffs about investment, not much jargons and you talk not too fast unlike the other you tubers. Easy to understand and even for beginners like me will not be intimidated by the topics. Love the background too! \ud83d\ude4c\ud83c\udffc\ud83d\ude03", "likes": 0, "published_at": "2021-01-16T08:30:01Z", "sentiment": 0.93, "entities": []}, {"author": "@Pantomath.", "comment": "Great set up. \ud83d\udc4d\ud83d\udc4d\ud83d\udc4d\ud83d\udc4d", "likes": 0, "published_at": "2021-01-13T01:35:19Z", "sentiment": 0.6249, "entities": []}, {"author": "@kayvonmotamed", "comment": "Started from the kitchen, now we here! =P", "likes": 1, "published_at": "2020-12-26T21:01:51Z", "sentiment": 0.5147, "entities": ["P"]}, {"author": "@kwanghyunan1238", "comment": "thanks for sharing!", "likes": 0, "published_at": "2020-12-23T18:44:35Z", "sentiment": 0.7177, "entities": []}, {"author": "@havechopstickswilltravel2990", "comment": "HA!!!  Love it, \u201cI\u2019m an expert of not knowing it all\u201d. That\u2019s exactly how I feel about life. Great videos.", "likes": 0, "published_at": "2020-12-23T17:07:14Z", "sentiment": 0.9233, "entities": []}, {"author": "@shguderjan7181", "comment": "Best quote yet: Your portfolio is like a bar of soap, the more you handle it, the smaller it gets! Truer words were rarely spoken! Worth my hitting the like button, Brandon!", "likes": 1, "published_at": "2020-12-22T04:36:45Z", "sentiment": 0.8981, "entities": []}, {"author": "@leonardmilord8352", "comment": "Hey Brandon, How do you buy bitcoins or blockchain", "likes": 0, "published_at": "2020-12-20T14:58:55Z", "sentiment": 0.0, "entities": []}, {"author": "@followjeff", "comment": "Looks awesome \ud83d\udc4d", "likes": 0, "published_at": "2020-12-20T03:39:14Z", "sentiment": 0.6249, "entities": []}, {"author": "@leoliu4348", "comment": "You can Strive for Greatness, even in Investing, Rooted from Courage and Achievement, not Arrogance and Recklessness.\nMeaning you can have a vision of how your money will grow, which stock you will buy in the future, load up on all this research, and prepare to 'Strike' when the time is right. \nJust cuz I can't afford a 3k AMZN stock does not mean I'm not staring down on it ok...\n\n\nArrogance is a Poor Substitute for Courage", "likes": 0, "published_at": "2020-12-15T17:25:08Z", "sentiment": 0.8706, "entities": ["Courage and Achievement", "Arrogance and Recklessness"]}, {"author": "@leoliu4348", "comment": "My tip is to understand human nature, have an inner intuition. \nEx:\nMany various bad traits clutter together,\nIf I see this guy is always bullying people, he probly also has no discipline, girls probly don't like him, etc, if he's an employee, he's probly a cheater, slacker, etc.\n if a company is filled with these types of ppl, then it'll probly tank in the future \nThe ceo is probly also an half ass, it's product may not be super good and over priced, return policy also probly sucks too, takes forever to call them\n\ntherefore I don't put money in it", "likes": 0, "published_at": "2020-12-15T17:15:20Z", "sentiment": -0.977, "entities": []}, {"author": "@frugaldev", "comment": "I've been in the market long enough and there is wisdom in this video - 2 thumbs up!  Regarding in the stressing over the details point, I think sometimes those with higher IQs or taking pride in deep research often enough land with below average returns.  You have to step back on a stock and make a high level thesis and then just monitor the big changes that pertain, less time invested on details can often make a huge difference, you don't end up falling in love with a stock and you don't over analyze data that is really not big enough now to matter.  I find especially those that spend too much time on boards just become part of the herd - at best it's a waste of their time where they could spend looking at other stocks or other fruitful activities, at worst they can be negatively affected by the other posters - for example they can develop confirmation bias and when the risk/reward equation changes materially with actual data they are not in the right objective mindset to recognize it, or conversely they can be influenced to sell based on overblown fears or price targets that others post that become their own even though they (hopefully) had a game plan prior.", "likes": 0, "published_at": "2020-12-12T19:49:05Z", "sentiment": 0.6293, "entities": []}, {"author": "@MrTooTwo520", "comment": "I strongly believe there is definitely someone knows the direction of the market in the next week or month. So traders in stock exchange can control prices on certain stocks based on predictions. But if someone said tomorrow the stock is going up or something, it is a scam.", "likes": 0, "published_at": "2020-12-12T06:37:04Z", "sentiment": -0.4767, "entities": []}, {"author": "@garthmacleod", "comment": "L O L the intro", "likes": 1, "published_at": "2020-12-12T05:47:59Z", "sentiment": 0.0, "entities": []}, {"author": "@mehtabsingh7000", "comment": "I made some mistakes, I hope that won\u2019t happen again \ud83d\ude09", "likes": 0, "published_at": "2020-12-11T13:41:52Z", "sentiment": 0.1027, "entities": []}, {"author": "@mehtabsingh7000", "comment": "Brandon! U r the best buddy", "likes": 0, "published_at": "2020-12-11T13:41:28Z", "sentiment": 0.6696, "entities": []}, {"author": "@barbarosozturk", "comment": "This guy understand investing AND YouTube.\nIf only we could invest in the channel...", "likes": 0, "published_at": "2020-12-10T21:48:32Z", "sentiment": 0.0, "entities": ["YouTube"]}, {"author": "@DudeKing56", "comment": "Thanks for sharing! I definitely trust your experience and try my best to adopt your practices. Thanks for spreading your knowledge", "likes": 0, "published_at": "2020-12-10T03:08:09Z", "sentiment": 0.9628, "entities": []}, {"author": "@lastempire7302", "comment": "I'd say the number one investment advice is: \"Do not get marry and have kids.\" My wife, who is completely oblivious of how stock market works always blame me for making less than double digit annualized return and threaten to end my life if I were to lose our moneys on risky investments. What a bitch! Family and parental obligations are your biggest hurdles on being financially independent.", "likes": 0, "published_at": "2020-12-08T17:35:37Z", "sentiment": -0.906, "entities": []}, {"author": "@0830007", "comment": "Super interesting Brandon! Keep em coming!", "likes": 0, "published_at": "2020-12-07T13:06:03Z", "sentiment": 0.8011, "entities": []}, {"author": "@mrbsebt", "comment": "amazing videos, I absolutely learn a lot from you but your camera is shaking in this new setup", "likes": 0, "published_at": "2020-12-03T22:48:39Z", "sentiment": 0.09, "entities": []}, {"author": "@scottscriticalmass", "comment": "Getting to this one late, but thanks as always.  Nice new livin' large set!  :)  Great message as always.  Hopefully the majority of your viewers take it to heart and follow your lead.  Cheers Brandon!", "likes": 0, "published_at": "2020-12-02T17:59:25Z", "sentiment": 0.9808, "entities": []}, {"author": "@ElenaWalks", "comment": "Thank you \ud83d\ude42\ud83e\udd17\ud83d\udc4d", "likes": 0, "published_at": "2020-12-02T04:25:33Z", "sentiment": 0.3612, "entities": ["\ud83d\ude42\ud83e\udd17"]}, {"author": "@Carbon.Detailing", "comment": "I can honestly say that I got so much out of this video. You are such an inspiration, keep it up brother \ud83d\udc4d\ud83c\udffc", "likes": 1, "published_at": "2020-12-02T04:22:27Z", "sentiment": 0.7506, "entities": []}, {"author": "@Mezxxii", "comment": "Congrats on the new set! You've helped me over the course of two years become an active investor and taking my future seriously and I'm glad you're able to continue doing what you love, and visibly show us you're continuing to invest in teaching us through your video series.", "likes": 0, "published_at": "2020-12-02T00:28:45Z", "sentiment": 0.9168, "entities": []}, {"author": "@AggroBen", "comment": "AWESOME VIDEO! Thanks for uploading man!", "likes": 0, "published_at": "2020-12-01T19:29:53Z", "sentiment": 0.8525, "entities": []}, {"author": "@AggroBen", "comment": "Hey Brandon, quick question. If you could pick ONLY ONE, the Canadian market or the US market, which would you invest in? As a Canadian?", "likes": 0, "published_at": "2020-12-01T19:13:26Z", "sentiment": 0.0, "entities": []}, {"author": "@sambutler3347", "comment": "The video I needed today \ud83d\ude4c\ud83d\udcaf", "likes": 0, "published_at": "2020-12-01T04:35:49Z", "sentiment": 0.0, "entities": []}, {"author": "@KseniyaKuzmina", "comment": "Hi Brandon, I don't understand when people talk about compound interest and investing. Investing is a simple interest unless you're re-investing your dividends.", "likes": 0, "published_at": "2020-12-01T02:19:45Z", "sentiment": 0.7184, "entities": []}, {"author": "@adambornn", "comment": "The bar of soap analogy is spot on!  Well said.", "likes": 1, "published_at": "2020-11-30T21:19:46Z", "sentiment": 0.3382, "entities": []}, {"author": "@absiegert", "comment": "Valuable stuff. Thank you!", "likes": 0, "published_at": "2020-11-30T17:04:24Z", "sentiment": 0.7088, "entities": []}, {"author": "@RJ-ht7lq", "comment": "background looks great!  keep up the videos Brandon.  You have a knack for this and seeing a Canadian talk about Canadian stuff is very refreshing.  Take care, keep your stick on the ice, looking forward to the next one.", "likes": 0, "published_at": "2020-11-30T06:26:24Z", "sentiment": 0.8341, "entities": []}, {"author": "@jonm1066", "comment": "whats the average roi you can make for your clients ?", "likes": 0, "published_at": "2020-11-30T05:14:56Z", "sentiment": 0.0, "entities": []}, {"author": "@jagjitanand8008", "comment": "Beautifully explained Brandon .. way to go man\ud83d\ude4c", "likes": 0, "published_at": "2020-11-30T03:18:01Z", "sentiment": 0.5719, "entities": []}, {"author": "@hailey9312", "comment": "I\u2019m just starting out and appreciate hearing that it\u2019s okay to be average! Everyone and their mother is talking about how to get crazy gains but I just want slow wealth to build up exponentially! Very reassuring, I appreciated this \ud83d\udc4d\ud83c\udffc", "likes": 0, "published_at": "2020-11-30T01:19:06Z", "sentiment": 0.9551, "entities": []}, {"author": "@7787steven", "comment": "Can you explain compounding interest? Does any stock compound interest or does it have to be a mutual find or etf? If an etf, which etfs should I be looking for? Thanks.", "likes": 0, "published_at": "2020-11-29T22:20:22Z", "sentiment": 0.857, "entities": []}, {"author": "@gush5465", "comment": "Love the background Brandon it looks great! And the video of course is excellent and all those 5 points are relatable. I was wondering if you can do a video on ETFs if you own them and why but I have noticed that you pick individual stocks but if u do have ETFs tell us the reason why.\nThanks", "likes": 1, "published_at": "2020-11-29T17:09:13Z", "sentiment": 0.892, "entities": []}, {"author": "@derekgarson5978", "comment": "Haha I remember that old set, you\u2019ve come a long way! Your content has always been great, that\u2019s why I\u2019ve stuck around", "likes": 0, "published_at": "2020-11-29T16:41:35Z", "sentiment": 0.75, "entities": []}, {"author": "@shazmanu786", "comment": "Hopefully you enjoyed the Mexico trip! \n\nTip 6: don't risk missing out on life experiences for just $1000 of contribution room", "likes": 0, "published_at": "2020-11-29T16:20:40Z", "sentiment": 0.8399, "entities": []}, {"author": "@JohnR-fj2iw", "comment": "Got a subscription from this guy, good video. I also live in BC, I\u2019m up North tho !", "likes": 0, "published_at": "2020-11-29T14:04:45Z", "sentiment": 0.4926, "entities": ["BC"]}, {"author": "@davamckay", "comment": "Should we move our positions into bonds etc if we\u2019re heading into a bear market now?", "likes": 0, "published_at": "2020-11-29T13:17:59Z", "sentiment": 0.0, "entities": []}, {"author": "@Astral106", "comment": "Thank you!  Love this video.", "likes": 0, "published_at": "2020-11-29T12:58:59Z", "sentiment": 0.7901, "entities": []}, {"author": "@kohliamar", "comment": "New set looks great! I\u2019m not sure if this is your area of expertise but could you speak more to how immigrants to canada should look at investing? Is it different from a citizen/resident?", "likes": 0, "published_at": "2020-11-29T12:51:23Z", "sentiment": 0.4061, "entities": []}, {"author": "@CaseyBurnsInvesting", "comment": "Being an investor is an ownership mindset and inching forward towards being a huge stakeholder in the general economy. That means you start by working and continuously buy assets.", "likes": 0, "published_at": "2020-11-29T09:05:47Z", "sentiment": 0.4588, "entities": []}, {"author": "@Dumida1", "comment": "Great video !", "likes": 0, "published_at": "2020-11-29T09:02:47Z", "sentiment": 0.6588, "entities": []}, {"author": "@etfnews", "comment": "Natural Gas Forecast - Another Warm Winter?", "likes": 0, "published_at": "2020-11-29T08:00:21Z", "sentiment": 0.5267, "entities": []}, {"author": "@CodyMcManus", "comment": "Video production looks amazing \ud83d\ude4c\ud83c\udffb love the new look!! What camera and lens are you using?", "likes": 0, "published_at": "2020-11-29T08:00:21Z", "sentiment": 0.8619, "entities": []}, {"author": "@storyofmylifeER", "comment": "long term investor....Day trading.....swing trading.....which one...is the best...", "likes": 0, "published_at": "2020-11-29T07:35:26Z", "sentiment": 0.0, "entities": []}, {"author": "@DMaster27", "comment": "A few months ago, I saw a stock that was $0.16. If I had bought it, the stock would have been worth 5 times more today. The only reason, I did not buy it goes back to sticking with my principals to buy only stocks that pay a regular dividend and have a proven track record. Being average is the best advice anyone can give because anything else can turn out to be sleepless nights. That $0.16 stock could have been delisted from the TSX and it could have been a bad day.", "likes": 0, "published_at": "2020-11-29T06:02:09Z", "sentiment": 0.296, "entities": ["TSX"]}, {"author": "@kristhetwin1998", "comment": "I love the new set up it's \ud83d\udd25", "likes": 0, "published_at": "2020-11-29T05:57:58Z", "sentiment": 0.6369, "entities": []}, {"author": "@heloiseamez-droz3998", "comment": "Thank you so much for all the videos!! I just discovered your content & absolutely love it! Have you heard of Wealthica? And if yes, would you accept to make a video about what you think of it, and how to use if, if you valid..please?", "likes": 0, "published_at": "2020-11-29T05:36:57Z", "sentiment": 0.9264, "entities": []}, {"author": "@dyingpentas", "comment": "Thanks Brandon! After watching so many videos from fervent Tesla and Nio followers, this video is such a great reminder to us new investors! GJ!", "likes": 2, "published_at": "2020-11-29T03:56:23Z", "sentiment": 0.9288, "entities": ["Tesla"]}, {"author": "@MeetPatel-cq6kr", "comment": "Hey Brandon, I am Meet and I am a huge admirer of yours. I watch your youtube videos regularly and I have also just completed free crash course on the investing academy. I am only 23 and I am new to the world of investment. However, I would say this sounds very fascinating to me and I am very excited to start my journey. I just wanted to reach out to you to say a big thank you just for motivating young students like us to start investing and really build a growing portfolio overtime for long term gains. Also, if possible can you please suggest the best books on investment or stock market for a beginner like me? This would help me build my knowledge, confidence and help me understand the market along with it's technical terms in more depth. I want to start from scratch, explore and understand the theory part of it as well rather than just investing too fast. And maybe after reading books and spending some time investing in my own, if I feel that I need some help as well in my busy schedule to build my portfolio, I will surely reach out to you and join the investing academy community. Thanks in advance and I hope to get a positive response from you \ud83d\ude0a", "likes": 0, "published_at": "2020-11-29T03:01:07Z", "sentiment": 0.9957, "entities": ["the investing academy community"]}, {"author": "@lucky247365", "comment": "Awesome video Brandon!!   I am an example of a person who has been investing for over 15 years and is fully licensed but I don't pretend to know everything and anything about the markets or investing and is the main reason why I watch your videos and other influencers.  The key for me is to hone your approach and make it manageable.  As soon as I get into an area where I simply feel it is too risky or complex for my personal appetite, I will just not bother with it.", "likes": 0, "published_at": "2020-11-29T02:56:34Z", "sentiment": 0.6036, "entities": ["Awesome"]}, {"author": "@michaeltanquiza8960", "comment": "your set up background is so LIT Bro.", "likes": 0, "published_at": "2020-11-29T02:51:27Z", "sentiment": 0.0, "entities": []}, {"author": "@Sproggo", "comment": "This is an awesome video, love your content !", "likes": 0, "published_at": "2020-11-29T02:25:06Z", "sentiment": 0.8622, "entities": []}, {"author": "@MounirJr", "comment": "Hey Brandon, do you have a degree in Finance? And any other certificates such as CFA?", "likes": 1, "published_at": "2020-11-29T00:20:51Z", "sentiment": 0.0, "entities": ["Finance", "CFA"]}, {"author": "@Willingtobuy", "comment": "Brendan, great video. What advise did you have regarding selling a stock that has increased in value. Do you sell a portion of the position even if you think the stock is in a growing sector and you still believe there is upside potential ? \n\nPlease let me know. Thanks as I appreciate your insights.", "likes": 0, "published_at": "2020-11-29T00:13:09Z", "sentiment": 0.9451, "entities": []}, {"author": "@adamproceviat2285", "comment": "These are all great principles! I have also been investing for over 5 years and it took me some time to get the hang of it to be successful. So true that you don't need to know absolutely everything. You can learn as you go. I always make sure I buy on red days. At the beginning, I would get FOMO and buy on green days, but I learned that it will just impact how quickly your portfolio will grow. There will always be buying opportunities. Thanks for sharing. Investing can be intimidating, but at the end of the day, its super important to be in the market if you want to grow wealth", "likes": 0, "published_at": "2020-11-29T00:02:42Z", "sentiment": 0.9805, "entities": ["FOMO"]}, {"author": "@ab.4425", "comment": "Great video and amazing set Buddy!! It looks perfect!! Congrats bud!!", "likes": 0, "published_at": "2020-11-29T00:00:18Z", "sentiment": 0.9529, "entities": []}, {"author": "@PSYCHOV3N0M", "comment": "You guys should follow Trader Stewie on Twitter. He's about to launch a book.", "likes": 0, "published_at": "2020-11-28T23:42:17Z", "sentiment": 0.0, "entities": []}, {"author": "@PSYCHOV3N0M", "comment": "4:37 This reminds me of my own mindset in which I prefer to learn instead of teach.\n\nAlso, it's easier to learn about stocks than trying to teach it to someone else.", "likes": 0, "published_at": "2020-11-28T23:38:10Z", "sentiment": 0.4215, "entities": []}, {"author": "@SHERONinator", "comment": "Well I can definitely resonate with #3.  I first got into the market in Sept 2018 and bought all in on the marijuana hype and dumped 7k into random Canadian marijuana stocks.  Needless to say I've lost a majority of that money.  Good news is I've learned from my mistakes, kept learning and investing and have made more than enough to recoup that initial 7k loss.", "likes": 3, "published_at": "2020-11-28T22:46:15Z", "sentiment": -0.2732, "entities": []}, {"author": "@CosmicRevolution459", "comment": "Great video Brandon! Keep those coming, quality content each time.", "likes": 0, "published_at": "2020-11-28T21:59:48Z", "sentiment": 0.6588, "entities": []}, {"author": "@FishermanClay8108", "comment": "I've been investing for 3 months. Thanks for keeping it simple and in normal terms and explanations. You have really help  thanks alot buddy", "likes": 0, "published_at": "2020-11-28T21:29:04Z", "sentiment": 0.8431, "entities": []}, {"author": "@FishermanClay8108", "comment": "It looks like your ready for an interview of some sort lol. Right on, always nice to see growth!!!", "likes": 0, "published_at": "2020-11-28T21:28:09Z", "sentiment": 0.9198, "entities": []}, {"author": "@tediaxmonetize", "comment": "How do you edit your videos ? :)", "likes": 0, "published_at": "2020-11-28T21:27:45Z", "sentiment": 0.4588, "entities": []}, {"author": "@tediaxmonetize", "comment": "wow that background !!! this will be and my channel soon ! congrats on the upgrade !", "likes": 0, "published_at": "2020-11-28T21:26:57Z", "sentiment": 0.8544, "entities": []}, {"author": "@Rob-ob3sh", "comment": "Hi Brandon great video thanks. I\u2019ve just started 4 new positions in covered call ETF\u2019s  zwc-zwu-zwb and FLI   are these risky ETF\u2019s ? Could you please make a video on covered call ETF\u2019s as what I\u2019ve heard is they protect the downside with covered calls and they also use hedged money to create higher yield but not sure what that all involves and are a good play in low interest markets that we find ourselves in now.", "likes": 0, "published_at": "2020-11-28T21:03:17Z", "sentiment": 0.9092, "entities": []}, {"author": "@FinancialFutureGuideAlexCourt", "comment": "Great points that everyone should take note of \ud83d\udc4c", "likes": 0, "published_at": "2020-11-28T21:01:34Z", "sentiment": 0.6249, "entities": []}, {"author": "@arjunpadmakumar5838", "comment": "Love the videos bro! Keep 'em coming, I would appreciate if you could create a TSX master list with you best 50 Canadian stocks!", "likes": 12, "published_at": "2020-11-28T20:53:30Z", "sentiment": 0.9298, "entities": ["TSX"]}, {"author": "@Sonnyfaziobased", "comment": "Can you list your filming equipment? Amazing video btw!", "likes": 0, "published_at": "2020-11-28T20:40:31Z", "sentiment": 0.6239, "entities": []}, {"author": "@cookshackcuisinista", "comment": "The new look adds clutter even though it is organized...busy background takes away from your \"stage presence\" where it is Brandon up close and personal with a million dollar smile. I like the Brandon on my screen in my face look!", "likes": 0, "published_at": "2020-11-28T20:29:06Z", "sentiment": 0.6476, "entities": []}, {"author": "@mohit4474", "comment": "Hi Brandon, how do you suggest we contribute regularly to invest, given that there is no option to buy partial shares in Canada through questrade or wealthsimple? Even if i am contributing 1000$ monthly, still i will need to select the stocks, do you have a suggestion which can help? Thanks in advance", "likes": 0, "published_at": "2020-11-28T20:07:39Z", "sentiment": 0.7149, "entities": []}, {"author": "@amc7615", "comment": "\"Would you believe me if I say I'm in loveee\" great track.. \ngreat video again Brandon! collab with your dad again hehe", "likes": 0, "published_at": "2020-11-28T20:04:20Z", "sentiment": 0.8588, "entities": []}, {"author": "@scattysigue3604", "comment": "Super nice setup and mostly the things that i learned from this video", "likes": 0, "published_at": "2020-11-28T20:01:58Z", "sentiment": 0.7717, "entities": []}, {"author": "@keaganelrick9739", "comment": "Great use of light, nothing direct, all defused, bounce or environmental creating depth, looks awesome!", "likes": 2, "published_at": "2020-11-28T20:00:26Z", "sentiment": 0.8932, "entities": []}, {"author": "@LodusGaming", "comment": "Wish this came out before Friday, I got myself wrapped up in some PLTR calls unfortunately ended up putting in more than I was willing to lose but we\u2019ll see how the next week goes", "likes": 0, "published_at": "2020-11-28T19:58:19Z", "sentiment": -0.1779, "entities": ["PLTR"]}, {"author": "@manishkhati8947", "comment": "hey brandon i have started investing, all because of you, thanks mate. I just have a question , I have 792 cad in wealthsimple and I have invested in different companies , and the major chunk of money that I have invested in is enbridge , suncor ,aircanada and virgin galactic. I was thinking of  buying tesla stocks , but for that I would have to sell the other stocks should I sell those and buy tesla?", "likes": 0, "published_at": "2020-11-28T19:48:53Z", "sentiment": 0.2382, "entities": ["suncor"]}, {"author": "@FelipePereiraFP", "comment": "Amazing new set!! And great tips!! \ud83d\ude0a", "likes": 0, "published_at": "2020-11-28T19:47:08Z", "sentiment": 0.877, "entities": []}, {"author": "@maxbenda1053", "comment": "New set looks great! Number 4 is overlooked too much in life and needs to be taught by everyone!", "likes": 0, "published_at": "2020-11-28T19:43:49Z", "sentiment": 0.7081, "entities": []}, {"author": "@MartinMcClellanGT", "comment": "Great video and the new set colours are beautiful on my tv screen! Keep it up!", "likes": 0, "published_at": "2020-11-28T19:34:38Z", "sentiment": 0.8619, "entities": []}, {"author": "@lawvinc1", "comment": "Awesome set and upgrades! Keep improving and continue growing. Thanks for the mentorship. -vinny", "likes": 0, "published_at": "2020-11-28T19:22:35Z", "sentiment": 0.8955, "entities": ["Awesome"]}, {"author": "@srijonisaha9017", "comment": "Thank you Brandon. I am learning a lot from you & got so much returns from  your suggestions. i am grateful that I found your channel during pandemic.", "likes": 2, "published_at": "2020-11-28T19:21:31Z", "sentiment": 0.6705, "entities": []}, {"author": "@jasonstupak4535", "comment": "Love the new set Brandon.  Looks warm and inviting.  Video and audio are awesome.  Excellent content as always.  I do 90% high quality dividend stocks and 10% growth stocks which include some higher risk ones.  Invested quite a bit in MMEDF at $0.50 USD average cost after a fair bit of research.  Will continue to scale down over time and divert those funds into the 90% part to continue funding my divided stocks.  A good mix of both strategies works well too, and helps to accelerate the portfolio.  Growth and compounding.  Continue with the excellent videos!  Cheers!", "likes": 0, "published_at": "2020-11-28T19:19:05Z", "sentiment": 0.9878, "entities": []}, {"author": "@pantera6", "comment": "Looking good!!", "likes": 0, "published_at": "2020-11-28T19:13:39Z", "sentiment": 0.5399, "entities": []}, {"author": "@GabrielaCarnovale", "comment": "Great principles and love the new set!", "likes": 0, "published_at": "2020-11-28T19:11:33Z", "sentiment": 0.8622, "entities": []}, {"author": "@jaredlamar", "comment": "set looks way better homie! one thing though, take the tripod off the table that's why its so shaky. your colour grading looks way better too!", "likes": 0, "published_at": "2020-11-28T19:01:59Z", "sentiment": 0.5984, "entities": []}, {"author": "@samramos1470", "comment": "Looks good man keep up the vids I learned a lot from you !", "likes": 0, "published_at": "2020-11-28T18:59:30Z", "sentiment": 0.4926, "entities": []}, {"author": "@haruhiro315", "comment": "Nice background set up and great video!", "likes": 0, "published_at": "2020-11-28T18:52:59Z", "sentiment": 0.8016, "entities": []}, {"author": "@ms.k4315", "comment": "New look is great :) love your videos.", "likes": 0, "published_at": "2020-11-28T18:51:00Z", "sentiment": 0.9062, "entities": []}, {"author": "@jump312", "comment": "gonna be balling him buff brandon soon", "likes": 0, "published_at": "2020-11-28T18:44:15Z", "sentiment": 0.0, "entities": []}, {"author": "@BowZeee", "comment": "Do you prefer investing in individual stocks or ETFs, or a combination of both?", "likes": 2, "published_at": "2020-11-28T18:43:14Z", "sentiment": 0.0, "entities": []}, {"author": "@MGloriaRN", "comment": "im reading the intelligent investor rn, and they also mentioned how doctors were prly one of the worst investors due to their ego in knowledge XD wowww this video so relevant to me rn! thanks for the info (:", "likes": 3, "published_at": "2020-11-28T18:42:27Z", "sentiment": 0.8697, "entities": []}, {"author": "@emmanuelpep7384", "comment": "Brandon, you should write a book \ud83d\udc4d\ud83c\udffe\ud83d\udc4d\ud83c\udffe", "likes": 0, "published_at": "2020-11-28T18:41:51Z", "sentiment": 0.0, "entities": []}, {"author": "@TheMoneyMind", "comment": "New set looks great \ud83d\udd25", "likes": 22, "published_at": "2020-11-28T18:40:23Z", "sentiment": 0.6249, "entities": []}, {"author": "@investortfsa4972", "comment": "I love this video!! Big fan Brandon.. Compound interest is key, the investor that understands in earns it, the investor who doesn't pays it. My trading style is different than yours, but for people who follow Brandon's investment style, he spits facts!! So keep following him as he is probably one of the best YouTubers for this type of investment style (ESPECIALLY CANADIANS). This video makes me keep going with my own content as well and pushing, love this positivity. My personal beliefs are as followed:\n\n1.) Never stop learning as there are many strategies on the market\n2.) Fundamentals help with valuing a good company to invest, technical analysis helps with finding the best time to buy that position\n3.) Always have trading discipline and structure, so being able to appropriately manage trades/investments and have structure so the strategy should be able to repeat itself and provide constant cash flow\n4.) Learn to trade the market up, down or sideways - Easy enough....\n5.) You do not need to understand the whole stock market, you just need to understand a few companies very well. Diversifying to mitigate risk is does not really help as much when preventing potential losses. If you understand what makes the best out of your money then you should be allocating your resources in that and adding stuff.", "likes": 2, "published_at": "2020-11-28T18:35:25Z", "sentiment": 0.9961, "entities": ["YouTubers"]}, {"author": "@FinanceAP", "comment": "GREAT video my man!", "likes": 0, "published_at": "2020-11-28T18:34:20Z", "sentiment": 0.729, "entities": []}, {"author": "@zachdk", "comment": "First mistake I ever made in the market when I was just getting started. Taking a persons word on Face Drive. I consider myself lucky only to make a ~ $35  loss lol.  Got in on AMD before the jump so I felt good about that!", "likes": 1, "published_at": "2020-11-28T18:24:21Z", "sentiment": 0.6565, "entities": ["AMD"]}, {"author": "@carollshelby500", "comment": "Great video. I used to go to bed at night stressing about stocks. I have now learned to invest and not check my portfolio multiple times a day. Haha", "likes": 1, "published_at": "2020-11-28T18:17:31Z", "sentiment": 0.6808, "entities": []}, {"author": "@j.p.6228", "comment": "New set up looks awesome dude", "likes": 1, "published_at": "2020-11-28T18:17:18Z", "sentiment": 0.6249, "entities": []}, {"author": "@four-pixels", "comment": "Very interesting ! ... also, I like the new background .", "likes": 0, "published_at": "2020-11-28T18:15:10Z", "sentiment": 0.6989, "entities": []}, {"author": "@iamhenry8", "comment": "Thanks Brandon to be the person you are right now and I hope you stay this way.  I think your videos bring some different views on life of investing, I learn everytime I watch your videos.  I appreciate the new set up even if it's not something I pay attention too much.  I wish I had a father like yours and invested earlier.  At least I am improving with your help ! Keep the good work, you're a good success story ;)", "likes": 0, "published_at": "2020-11-28T18:14:27Z", "sentiment": 0.9821, "entities": []}, {"author": "@mrpenumpela", "comment": "I grew up in Richmond as well!", "likes": 0, "published_at": "2020-11-28T18:12:20Z", "sentiment": 0.3382, "entities": []}, {"author": "@mrpenumpela", "comment": "Concept videos never get old. I can tell you're so level headed and it's so inspiring!", "likes": 5, "published_at": "2020-11-28T18:11:54Z", "sentiment": 0.6005, "entities": []}, {"author": "@f3wbs", "comment": "Love the setup. It suits you nicely.", "likes": 0, "published_at": "2020-11-28T18:11:06Z", "sentiment": 0.7964, "entities": []}, {"author": "@mikephillips5566", "comment": "Great job as always Brandon and congrats on 85k subscribers! You've come a long way from that messy apartment backdrop on your videos (haha). Curious if you would share how many trades you make on average per month or per year? I know you're always preaching the consistent approach and long-term investing so i'd be interested to hear how often you DO give in to the pressure/excitement of a potential growth stock (like all the EV stocks blowing up right now) and hop in/out for some short-term gains over a few month period. Are you able to resist entirely?", "likes": 0, "published_at": "2020-11-28T18:06:35Z", "sentiment": 0.9525, "entities": ["EV"]}, {"author": "@PeaceKeeper347", "comment": "Love the set!", "likes": 1, "published_at": "2020-11-28T18:02:19Z", "sentiment": 0.6696, "entities": []}, {"author": "@PierceJordan", "comment": "New set looks amazing man! What kind of camera?", "likes": 2, "published_at": "2020-11-28T17:54:56Z", "sentiment": 0.6239, "entities": []}, {"author": "@henjer2150", "comment": "Background looks awesome.\nThe only annoyance is the camera shake when you place your hands on  desk. Just being honest. \nThanks for another great video.", "likes": 16, "published_at": "2020-11-28T17:52:41Z", "sentiment": 0.9081, "entities": []}, {"author": "@assenderpcapital9368", "comment": "Great video! It is always good to hear about other investor's principles and what works for each and everyone!", "likes": 1, "published_at": "2020-11-28T17:49:27Z", "sentiment": 0.8217, "entities": []}, {"author": "@BrydenVan", "comment": "New set looks great! Loving this Channel as a Canadian! I hope to hear your thoughts on Canada\u2019s new Psychedelic Sector on the NEO (MMED, CYBN) and Canada\u2019s lack of a Tech Sector. Keep up the great content and advice!", "likes": 2, "published_at": "2020-11-28T17:47:54Z", "sentiment": 0.939, "entities": ["Loving this Channel", "NEO", "CYBN"]}, {"author": "@CaseyBurnsInvesting", "comment": "The new set is awesome man. You\u2019re official.\n\nOnward and upward to 100k.", "likes": 4, "published_at": "2020-11-28T17:45:24Z", "sentiment": 0.6249, "entities": []}, {"author": "@beaviswealth", "comment": "\ud83d\udcc8\ud83d\udcda As always, if you're a beginner to the Stock Market in Canada and you're looking for a step-by-step blueprint on how to get started... Find out more about our Investing Academy here - https://bit.ly/theinvestingacademy\n\nPlease share feedback on the new set!!! (I know the camera was shaky throughout the video.. so sorry about that. It's sitting on some books as a makeshift tripod at the moment! HAH!) Thanks for watching everyone :D leave a like if you enjoyed.", "likes": 8, "published_at": "2020-11-28T17:41:18Z", "sentiment": 0.9388, "entities": ["the Stock Market", "Investing Academy", "HAH"]}, {"author": "@anne-mariel3256", "comment": "\ud83d\ude02", "likes": 0, "published_at": "2020-11-28T17:40:08Z", "sentiment": 0.0, "entities": []}, {"author": "@aaawwwbbb1995", "comment": "New set looks good g!", "likes": 0, "published_at": "2020-11-28T17:40:04Z", "sentiment": 0.4926, "entities": []}]