[{"author": "@beaviswealth", "comment": "\ud83d\udcc8\ud83d\udcda Join the Investing Academy \u27a4 https://bit.ly/theinvestingacademy \r\n\nHow long will your retirement income last?  When you convert your RRSP to a RRIF, you need to start annual withdrawals.  The minimum RRIF amount depends on your age and RRIF value.  In this video, we'll explore how to generate higher income in retirement to fund your retirement years.", "likes": 1, "published_at": "2022-11-25T18:22:44Z", "sentiment": 0.5574, "entities": ["the Investing Academy", "RRSP", "RRIF", "RRIF", "RRIF"]}, {"author": "@richardweber8002", "comment": "I think you would want to draw down your RRIF by 85, now you're in the \"slow go\" phase of retirement and might need to go into a care facility thus having to sell your home. If you still have all your savings and investment in your RRIF the CRA will thank you, and your estate will be left paying a hefty tax bill.", "likes": 0, "published_at": "2024-03-19T20:41:04Z", "sentiment": 0.7184, "entities": ["RRIF", "RRIF", "CRA"]}, {"author": "@rickallen9099", "comment": "Annuities are better for those without a pension.", "likes": 0, "published_at": "2023-05-23T18:05:50Z", "sentiment": 0.4404, "entities": []}, {"author": "@randalmacnair1500", "comment": "Thanks for this one, every episode always has a couple of nuggets, in this case the ability to do an \"in kind transfer.\" Cheers!", "likes": 0, "published_at": "2023-03-14T17:09:18Z", "sentiment": 0.8999, "entities": []}, {"author": "@tonywright6793", "comment": "I haven't been through all the comments so this point may have been covered.. I don't think you can make any kind of transfer (cash or in kind) DIRECT from a RRIF to a TFSA. You have to go via a cash account first. ScotiaItrade would not let me do this because both RRIFs and TFSAs are registered accounts Tony", "likes": 0, "published_at": "2023-02-20T18:54:31Z", "sentiment": 0.0, "entities": ["RRIF", "ScotiaItrade", "RRIFs"]}, {"author": "@garymacdonald2596", "comment": "Hi Marc, do you still need to be 55 years old to transfer from a RRSP to a RRIF?", "likes": 0, "published_at": "2023-02-12T02:06:11Z", "sentiment": 0.0, "entities": ["RRSP", "RRIF"]}, {"author": "@missygilly9917", "comment": "Thank you for talking about moving $$ from RRIF \u201cin kind transfer\u201d to TFSA and not lose the dividend income of that stock. I didn\u2019t know you could do that. Will still have to pay the tax to withdraw from RRIF.", "likes": 2, "published_at": "2023-01-28T22:29:09Z", "sentiment": 0.7755, "entities": ["RRIF", "RRIF"]}, {"author": "@gineisab9240", "comment": "Merci\ud83d\udc4d", "likes": 0, "published_at": "2023-01-04T23:22:19Z", "sentiment": 0.0, "entities": []}, {"author": "@Joel1915", "comment": "There\u2019s no free lunch", "likes": 0, "published_at": "2022-12-09T10:39:13Z", "sentiment": 0.2732, "entities": []}, {"author": "@Worldwar2387", "comment": "It is impossible for this fund to last long", "likes": 0, "published_at": "2022-12-07T14:19:29Z", "sentiment": 0.0, "entities": []}, {"author": "@jimhester2627", "comment": "I'd recommend TFSA first and the RSP.", "likes": 0, "published_at": "2022-12-06T19:17:56Z", "sentiment": 0.3612, "entities": ["RSP"]}, {"author": "@PerfectPoint100", "comment": "I don\u2019t think people are living longer anymore with the mandates that the government had put on in 2021-2022.", "likes": 0, "published_at": "2022-12-06T17:28:23Z", "sentiment": 0.0, "entities": []}, {"author": "@canpin", "comment": "I really like your advises Marc. They are practical and really  make sense. Thank you.", "likes": 0, "published_at": "2022-12-05T20:54:37Z", "sentiment": 0.6764, "entities": []}, {"author": "@leserickson7057", "comment": "If I could I would give you a thumbs up!!!", "likes": 0, "published_at": "2022-12-04T20:41:11Z", "sentiment": 0.0, "entities": []}, {"author": "@ryanmitchell4266", "comment": "Why does every retirement investment video highlight the negatives of selling existing capital? I'll have 1,000,000 in my retirement investments once I hit 60. Even a modest gain of 5% will net me 50k per year to live off of. Do I want to die at 85/90 with an unspent million dollars invested, nevermind the value of my house and other assets? The goal is to die dead broke. Show the math on that", "likes": 0, "published_at": "2022-12-02T20:40:08Z", "sentiment": -0.7941, "entities": []}, {"author": "@LivingTheLifeRetired", "comment": "What a sell out from your quality programming.", "likes": 0, "published_at": "2022-12-02T03:29:39Z", "sentiment": 0.0, "entities": []}, {"author": "@gertieriemer7548", "comment": "This was really well explained.  Love that it's Canadian-focussed. So many considerations as one nears retirement", "likes": 5, "published_at": "2022-12-01T16:04:30Z", "sentiment": 0.7818, "entities": []}, {"author": "@Green__one", "comment": "covered calls and leverage, \"medium risk\"... lol... sure, sure.", "likes": 0, "published_at": "2022-12-01T04:35:04Z", "sentiment": 0.5574, "entities": []}, {"author": "@eamonhunter8978", "comment": "Thanks for your video . I  have been with The Royal Bank.  for many years never been given any good advice.", "likes": 0, "published_at": "2022-11-30T03:58:49Z", "sentiment": 0.7003, "entities": ["The Royal Bank"]}, {"author": "@WalkaroundTravel", "comment": "If you have traded covered calls as an investor you are aware they work great at times and at other times underperform.  In a fast rising market you might make more just holding the stocks and in a dropping market the covered call is a cushion to your losses.  Please be aware that covered call ETF\u2019s are a relatively new investment and might not come close to just investing in value stocks - ie. Your total return could be less with covered call ETF\u2019s.  As a long term investor I would see these specialized products as a 5% holding and would be very worried to go all in on these products.  Do some research and you will see some of these have underperformed the S & P or TSX even with the high monthly payout.  Also please note that Harvest is the sponsor of the video.", "likes": 1, "published_at": "2022-11-29T01:18:18Z", "sentiment": 0.7102, "entities": ["the S & P", "TSX", "Harvest"]}, {"author": "@zohahs5276", "comment": "nice one, quick question Investing option for under 18 children beside resp?? someone told  me that \"  can open an Intrust account where the account is under your responsibility for trades and taxes. Once child is of legal age, it gets passed to them.\" is it possible which banks supports it how to open one and what are the Tax Can of worms implications with CRA on this? please do a detail video on this topic if possible super thanks.", "likes": 0, "published_at": "2022-11-29T00:10:49Z", "sentiment": 0.941, "entities": ["CRA"]}, {"author": "@KOTNEmpire", "comment": "Wouldn't you want to invest in Eligible dividend paying funds and stocks for the tax advantages? HDIF will trigger taxation in a non registered account.  In registered accounts Harvest has some good funds", "likes": 0, "published_at": "2022-11-27T23:24:30Z", "sentiment": 0.6343, "entities": ["HDIF", "Harvest"]}, {"author": "@glenkay4478", "comment": "Marc, another fine video from an old pro, thank you!", "likes": 0, "published_at": "2022-11-26T16:42:04Z", "sentiment": 0.5562, "entities": []}, {"author": "@rmd1629", "comment": "Question re these Harvest ETF's that target 8% return: How do the underlying holdings generate that kind of return? Most stable dividend stocks do not pay dividends in this 8% range. Yes, the covers calls add some extra income but is it enough the bump the return to 8% +?\nIs the extra income generated by Return of Capital aka paying you back with your own money?", "likes": 2, "published_at": "2022-11-26T13:03:53Z", "sentiment": 0.5081, "entities": ["Harvest"]}, {"author": "@juanperez-gh8bl", "comment": "hahaha well, I don't have a canadian RRIF, obviously, but in the future, I hope having a good retirement income, using just 4% or 7% by year.\n\n\"jajaja bien, no tengo una RRIF de Canada, obviamente, pero en el futuro, espero tener una buena cuenta de retiro, usando solo el 4% o 7% por a\u00f1o.\"", "likes": 0, "published_at": "2022-11-26T13:03:30Z", "sentiment": 0.8294, "entities": ["RRIF", "RRIF de Canada", "buena cuenta de retiro"]}, {"author": "@James_48", "comment": "For me, the jury is still out on HDIF until we see how much Return of Capital is in their distribution after the year is closed and tax receipts are produced. I can deposit $10,000 in the bank, take out $1,000 every year and that\u2019s a 10% distribution with 100% return of capital. I want a reliable investment that doesn\u2019t give me my own money back. I eagerly await tax time to see how Harvest\u2019s tax forms for investors are filled out. If there\u2019s little to no ROC then I will definitely give it a second look.", "likes": 2, "published_at": "2022-11-26T12:40:49Z", "sentiment": 0.6222, "entities": ["HDIF", "Harvest"]}, {"author": "@luizthiagosouza5377", "comment": "Hello sir, I am coming to Canada as an immigrant, and I would like to prepare my future. In my case, aged 35, what would be the best way to prepare for my retirement?", "likes": 1, "published_at": "2022-11-26T11:48:17Z", "sentiment": 0.7717, "entities": []}, {"author": "@ib516", "comment": "Love HDIF!  I have a large position in it.", "likes": 1, "published_at": "2022-11-26T11:40:55Z", "sentiment": 0.6696, "entities": []}, {"author": "@smallmj2886", "comment": "The beauty of using ETFs during retirement is that you don't have to agonize over which investments to sell if you have to start drawing down on your principle.\n\nThe difficulty of covered call ETF's during long retirements is that the distributions don't tend to grow with inflation, so if you want to rely these distributions for retirement income you have to manufacture your income growth by reinvesting a non-trivial fraction of the earnings.  This means a bigger nest egg to start with.", "likes": 2, "published_at": "2022-11-26T10:14:09Z", "sentiment": 0.8056, "entities": []}, {"author": "@Frogfrog1234", "comment": "The whole idea of having a RRSP and eventually into RRIF is to meltdown the registered funds as soon as possible in a reasonable taxation sense and within your life time.  Trying to make return higher than the withdrawal rate should not be the priority of the withdrawal strategy.", "likes": 7, "published_at": "2022-11-26T07:07:35Z", "sentiment": 0.0516, "entities": ["RRSP", "RRIF"]}, {"author": "@ronlhubbard1353", "comment": "I\u2019m totally doing this !", "likes": 1, "published_at": "2022-11-26T03:30:49Z", "sentiment": 0.0, "entities": []}, {"author": "@aurielsmith8753", "comment": "Thanks Marc...great content. ..would the earnings of dividends be considered a part of the withdrawal percentage under RRIF?", "likes": 0, "published_at": "2022-11-26T02:15:36Z", "sentiment": 0.4588, "entities": ["RRIF"]}, {"author": "@roberttaylor3594", "comment": "I find it hard to frolic in slow motion!\n\nI seem to have gone with TFSA and real estate; the idea being to have retirement income from a rental property to supplement whatever the federal govt will give me, my pension, and dividends in the TFSA.  I JUST bought some more HDIF for the income, and after watching this video, I feel like I did the right thing.  \n\nI feel like after watching your, and other reputable YouTubers, I am finding the balance between the dividend-income thing and the dividend-growth thing.  Like CP and ATD.UN: not big dividends, but the stock price is up and they both have good dividend % increases.  Can't say the same for HDIF, maybe, or most REITS, but the payback is in sweet sweet disbursements every month that I can do whatever I want, like buy more CP when it is less than $90, or whatever.  So maybe one day I can. or have to sell CP and ATD, which will be sad, but it will pay off...unless there is a zombie outbreak.", "likes": 1, "published_at": "2022-11-26T00:56:59Z", "sentiment": 0.9342, "entities": ["HDIF", "YouTubers", "HDIF", "ATD"]}, {"author": "@gsafrany", "comment": "Thanks Marc, HDIF and HDIV are the foundation to my portfolio. Excellent choice as you approach retirement. Cheers!", "likes": 2, "published_at": "2022-11-26T00:03:38Z", "sentiment": 0.8748, "entities": []}, {"author": "@waynebaillie3278", "comment": "Hi Marc, I don't follow or understand exactly what you said about \"In-Kind-Transfers\". Here's what I am wondering, I have a RRIF of mutual funds. Can I request the broker or manager, to transfer enough units to my TFSA at another online institution/bank. ( I have enough room) to cover the government imposed percentage that I must withdraw from the RRIF without paying the tax that would normally accrue if I just withdrew the units sold as cash to my bank account. (Last year I had enough units sold for cash to cover the imposed withdrawal and I had to pay tax on the sum withdrawn.) Asked another way, can you  do an In-Kind-Transfer of units from a mutual fund in an RRIF to a TFSA without being charged tax somewhere along the line?) I am thinking having mutual funds is problematic to the In-Kind-Transfer.", "likes": 1, "published_at": "2022-11-25T22:35:03Z", "sentiment": -0.4953, "entities": ["RRIF", "RRIF", "RRIF"]}, {"author": "@MegsCarpentry-lovedogs", "comment": "Thank you  \ud83d\ude4f Marc. There is a lot of discussion and presentations on RRIF and ETF's with cover calls and modest leveraging. Your presentation added a different and informative to these topics. Advantages and disadvantages and solutions to consider. Well done!\ud83d\udcaf\ud83d\udc4d\u263a\ud83c\udf41\ud83c\udde8\ud83c\udde6", "likes": 2, "published_at": "2022-11-25T22:08:19Z", "sentiment": 0.6588, "entities": ["RRIF", "ETF"]}, {"author": "@momo35444", "comment": "great video marc! thanks for the knowledge", "likes": 0, "published_at": "2022-11-25T22:07:49Z", "sentiment": 0.807, "entities": []}, {"author": "@Andrew21882", "comment": "Hi Marc, great explanation, this ETF would theoretically provide a retiree an income up to around 8% until the age of 85 and only after that you would have to start selling some shares for income. Sounds good provided that this ETF and its dividend is going to be sustainable for which there\u2019s no guarantee. What are your thoughts on investing in one ticket asset allocation ETF like XBAL or XGRO in retirement instead ? This strategy seems less risky and has lower MER.", "likes": 2, "published_at": "2022-11-25T21:05:20Z", "sentiment": 0.8832, "entities": ["XBAL", "MER"]}, {"author": "@MountainFinance", "comment": "Well done Marc. That is my dream, to create a total return portfolio that can sustain itself against the Riff withdraws.", "likes": 11, "published_at": "2022-11-25T20:41:29Z", "sentiment": 0.6369, "entities": []}, {"author": "@TheLilBigBear", "comment": "Fantastic video Marc. Super helpful stuff here", "likes": 0, "published_at": "2022-11-25T20:40:28Z", "sentiment": 0.8834, "entities": []}, {"author": "@ptsb5a", "comment": "At 00:07, it's in slow motion because we're old!!!", "likes": 1, "published_at": "2022-11-25T20:14:02Z", "sentiment": 0.0, "entities": []}, {"author": "@mr.financial", "comment": "Those income funds are a great way to fund retirement or 'early' retirement. Some try to build up passive income from their 20s or 30s with such funds as you mentioned. It usually works well at the beginning, however, long term, for 30 40 or more years, such funds fail to build a large enough total return to fund 40 years plus of retirement. Inflation will win out in the end. Just as an example, the cost of living in 2000 in metro Vancouver has doubled and the cost of housing has increased 400%. Unless the income maintains a 3% increases yoy, this strategy fails. It isn't usually highlighted by those in the FIRE movement. Your vided really highlighted the need to be able to sustain retirement efficiently.", "likes": 3, "published_at": "2022-11-25T20:07:51Z", "sentiment": 0.7325, "entities": ["FIRE"]}, {"author": "@andrewwalker9216", "comment": "Thank you for this information\u2014I love HDIF and HYLD", "likes": 2, "published_at": "2022-11-25T19:58:23Z", "sentiment": 0.7717, "entities": ["HDIF", "HYLD"]}, {"author": "@flow2tech", "comment": "Such valuable information here Marc....", "likes": 0, "published_at": "2022-11-25T19:55:44Z", "sentiment": 0.4767, "entities": []}, {"author": "@ryanreid5859", "comment": "Government doesn't care about you.  That's the first thing people need to figure out.", "likes": 0, "published_at": "2022-11-25T19:40:59Z", "sentiment": -0.3875, "entities": []}]