[{"author": "@beaviswealth", "comment": "\ud83d\udcc8\ud83d\udcda Join The Investing Academy \u27a4 https://bit.ly/theinvestingacademy\n\r\nA lot of Canadians think that the Canada Pension Plan will provide a comfortable retirement for them, but that's not what it's designed to do.\nIn this video, I'll discuss the major things you should be aware of to ensure you are able to prepare properly for your retirement, and the role the CPP will play.\n\r\nThank you to Passiv for sponsoring today's video - https://passiv.com?ref=RGAMTXSUAM\n\r\n#stockmarket #canada #theinvestingacademy", "likes": 16, "published_at": "2022-02-24T23:29:19Z", "sentiment": 0.91, "entities": ["The Investing Academy", "the Canada Pension Plan", "CPP"]}, {"author": "@davew4247", "comment": "I guess I'm  lucky...I have a DBP plus CPP plus OAS!", "likes": 0, "published_at": "2024-02-04T19:04:55Z", "sentiment": 0.0, "entities": ["DBP", "CPP", "OAS"]}, {"author": "@sjbutler2330", "comment": "Isn't cpp. Made up of money I contributed over my lifetime, plus money my employers have contributed over my lifetime? Then when I \ndie, I am in my mid 60sThen my heirs get nothing? Except taxed 2500.00 dollars? Same goes with oas.\nIt ends too. Does not seem right after contributing for years!!!", "likes": 0, "published_at": "2024-01-27T03:39:00Z", "sentiment": -0.7443, "entities": []}, {"author": "@sjbutler2330", "comment": "With increased babyboomers, seniors, government is not ready for us, and they should! They knew it is coming. In respect to healthcare, hospital care, nursing homes,  aging, mental healthcare, home affordability...\nThe list goes on. With less children being born, it continues.", "likes": 0, "published_at": "2024-01-27T03:28:58Z", "sentiment": 0.7637, "entities": []}, {"author": "@MrGoodsalesman", "comment": "lots of people will be in poverty.", "likes": 0, "published_at": "2023-08-27T22:32:36Z", "sentiment": -0.5106, "entities": []}, {"author": "@rodweinmeyer1435", "comment": "Worked and contributed all my life since i was 16 and as a retiree i get about 18k per year. Federal politian with 6 yrs in govt gets 36k. Something is wrong", "likes": 0, "published_at": "2023-05-01T18:30:46Z", "sentiment": -0.4767, "entities": []}, {"author": "@marcleblanc6293", "comment": "It's obvious our government care little about forcing more and more citizens into poverty and homelessness.  They can spend over 400 billion in less than 5 years and drive debt to over a trillion but do nothing about the poverty in our country.", "likes": 0, "published_at": "2023-03-20T00:38:46Z", "sentiment": -0.7768, "entities": []}, {"author": "@Prep-vu1tl", "comment": "I stopped investing because I keep hearing that the stock market is headed for a massive crash thanks to the WEF and the NWO. It is looking like there will be a lot of hurt in the next two years and beyond.", "likes": 0, "published_at": "2023-03-12T21:25:57Z", "sentiment": -0.3818, "entities": ["WEF", "NWO"]}, {"author": "@yxeaviationphotog", "comment": "Great video and sound advice, but a lot of people can't set aside 10% of their monthly income because they are barely making ends meet each month.", "likes": 0, "published_at": "2023-03-09T03:24:56Z", "sentiment": 0.3716, "entities": []}, {"author": "@sophiachen2945", "comment": "Why bother working hard and contributing more? The lower-income earners can actually make same amount of money that they make before retirement with the OAS (maximum monthly $687.56 age 65 to 74, and $756.32 age 75+) and GIS (maximum monthly $1,026.96 in 2023). If you're single, widowed or divorced, and your individual income is below $20,832 annually, you'd receive the maximum monthly payment of GIS. That is more than the average CPP Canadians can get and a little short of the maximum CPP of $1,306.57 in 2023. If your annual income is below $20000, it seems to me that you can live a rather comfortable retirement life. \ud83d\ude42", "likes": 1, "published_at": "2023-03-09T01:18:43Z", "sentiment": -0.3818, "entities": ["OAS", "GIS", "GIS", "CPP"]}, {"author": "@kathleen8092", "comment": "So many friends who are now in their 50's  and realizing all those \"under the table\" jobs over the years were not all that. No one I talked to have any real savings, emergency fund or mortgage. Many live in basement apartments and drive old cars. So sad. It's going to be catastrophic sadly. More Gen X didn't  invest than I ever realized.\ud83d\ude2c", "likes": 1, "published_at": "2023-03-03T19:19:42Z", "sentiment": -0.7735, "entities": []}, {"author": "@edkolly7147", "comment": "No one ever told me this 4.3 percent of my pay to invest , and if I had my ex-wives would or will take this by divorce laws anyway because feminism has taken my money anyways !", "likes": 0, "published_at": "2023-02-10T06:35:44Z", "sentiment": -0.4389, "entities": []}, {"author": "@Doug-zl8nb", "comment": "Government has caused all problems that are out there thank you government", "likes": 0, "published_at": "2023-01-23T15:03:51Z", "sentiment": -0.0516, "entities": []}, {"author": "@nealthompson404", "comment": "What if I don't need luxury?  What if I don't care about owning nice things?  What if I'm happy just paying my bills and surviving?  I've lived this way for most of my life.  Time matters more to me than \"stuff\".  Can I survive old age living without my own retirement fund?  Is this considered \"living in poverty\"?  If so, I can do so quite happily.", "likes": 0, "published_at": "2023-01-07T22:14:05Z", "sentiment": 0.9063, "entities": ["Time"]}, {"author": "@grantboucher2696", "comment": "Opposition to an increased CPP lies with retirement industry . Banks etc who  sell investment portfolios  including mutual funds  see an enhanced CPP as a threat to their  business. Money spent on CPP is not used in RRSP and TFSA . As a society I see an enhanced  CPP  as a positive step  but I dont see it happening . In Canada a policy contrary to the banking industry wishes is not going to happen to any meaningful way..", "likes": 0, "published_at": "2022-12-06T11:30:04Z", "sentiment": 0.5574, "entities": ["CPP", "CPP", "CPP", "RRSP", "CPP"]}, {"author": "@CanadianMapleleaf", "comment": "Got sick drained my savings in 5 years cpp is all I now have left to live on, can't even get free mental health help. So discouraging I eat less each month and at my age I have little hope.", "likes": 0, "published_at": "2022-06-20T06:12:31Z", "sentiment": -0.7497, "entities": []}, {"author": "@brandoncleveland8704", "comment": "For some one that can only save 10 a week what would be a good investment?", "likes": 0, "published_at": "2022-05-23T12:02:59Z", "sentiment": 0.7269, "entities": []}, {"author": "@susanhepditch9462", "comment": "You may be able to help me understand, I retired early at the age of 56, I have a challenge boy now aged 39, I was going with the guy for 3 years and I thought he was going to look after my son, I put everything I owned into his name and thought that he would use my pension to h", "likes": 0, "published_at": "2022-04-03T12:44:51Z", "sentiment": 0.4588, "entities": []}, {"author": "@robcharters2645", "comment": "Yup,I got disabled and put on cpp disability,I literally walked from Alberta to nova Scotia,looking at rent all the way,I couldn't afford rent anywhere in Canada,10 years in a tent,year round, no housing for me,no additional Benita,took me 10 years to get aish and finally get out of the woods,foods still a problem", "likes": 0, "published_at": "2022-04-01T07:52:49Z", "sentiment": -0.5994, "entities": []}, {"author": "@jlm4836", "comment": "Thanks Marc. CPP is for the few that had no future plans of wealth... one day at a time\nmentality \ud83e\udd17 \u201cBe Happy, Money grows on trees\u201d. Thank you government \ud83d\ude0f\n\nIf you want to be truly wealthy at 65, you must plan at age 19. First and far most a Savings for down payment on your first home. Build equity. Borrow on equity. Invest equity into business. Work hard, think smart, Survive on diversity. At 65 your tiny little CPP amount won\u2019t matter much \ud83d\ude09", "likes": 0, "published_at": "2022-03-31T16:34:49Z", "sentiment": 0.9325, "entities": ["CPP", "Survive", "CPP"]}, {"author": "@sharonwysocki8412", "comment": "Why save ? They just take away if you use your savings. Lost my widows pension Why? I made too much $$$$$$", "likes": 0, "published_at": "2022-03-31T13:37:07Z", "sentiment": 0.3094, "entities": []}, {"author": "@danielvanasse6274", "comment": "quit taxing the shit out of us maybe we could save to retire", "likes": 0, "published_at": "2022-03-29T15:18:13Z", "sentiment": 0.802, "entities": []}, {"author": "@bruceleehee9267", "comment": "How about putting Trudeau on minimum wage and give us the rest of his paycheque. Scumbag", "likes": 0, "published_at": "2022-03-28T19:22:12Z", "sentiment": -0.6369, "entities": []}, {"author": "@sensationaldenny", "comment": "Im in the process of becoming self employed starting my own company. Would I still be able to contribute to CPP as a  sole proprietor?", "likes": 0, "published_at": "2022-03-27T06:32:05Z", "sentiment": 0.0, "entities": ["CPP"]}, {"author": "@rebelsnappingturtle5097", "comment": "Most getting the huge GIS supplement are 10 year newcomers to Canada. They qualify with the minimum residency rule for OLD AGE at 65. Usually over 12 years due to repeated long trips home. Takes longer to collect their magic 10 years.\nThey hide their cash and show CRA that they are poor. Once they get it they return home which collecting GIS outside of Canada with only 10 years is illegal.\nLegal scam and tax money goes to citizens who never worked in Canada except babysitting their grandkids which gives their kids a huge advantage. Baby bonus, Old Age and GIS. Thank you Canada", "likes": 0, "published_at": "2022-03-24T21:38:42Z", "sentiment": 0.1349, "entities": ["GIS", "CRA", "GIS", "GIS"]}, {"author": "@ron6892", "comment": "Trudeau has money for EVERYONE except seniors\u2026.", "likes": 0, "published_at": "2022-03-23T23:30:10Z", "sentiment": 0.0, "entities": []}, {"author": "@thevanman4498", "comment": "Unfortunately some young people ruin their future by buying $60k+ pick ups, big screen tvs etc. Heaven help them if other people might view them as normal with a used truck, older tv etc. Financial planning is lost on the \u201c I want it right now\u201d generation, but please keep shining light on reality it might stick with a few.", "likes": 0, "published_at": "2022-03-23T23:24:54Z", "sentiment": 0.3291, "entities": []}, {"author": "@generrandu1643", "comment": "It's crazy and terrible  the way  Canadian government calculate my CPP  after  32 years of work  I only get  $480 at 60 years old. They should dont consider  30 years  ago the rates per hour is $ 8.50 -10.50 hour.  They calculate how much  CPP  you contribute.  Now the minimum  per hour is $16,  and up.", "likes": 1, "published_at": "2022-03-23T11:57:45Z", "sentiment": -0.6705, "entities": []}, {"author": "@magnustorque5528", "comment": "Such great information !", "likes": 0, "published_at": "2022-03-23T08:16:16Z", "sentiment": 0.6588, "entities": []}, {"author": "@dawnfitzpatrick652", "comment": "One of wort countrys think folk will end on streets", "likes": 0, "published_at": "2022-03-22T20:28:20Z", "sentiment": 0.0, "entities": []}, {"author": "@dawnfitzpatrick652", "comment": "Cpp old age both 500 depends how long you worked just over one thousand  help as have private work pension god help folk other wise can\u2019t rent for that", "likes": 0, "published_at": "2022-03-22T20:27:39Z", "sentiment": 0.8625, "entities": []}, {"author": "@patriciameany1238", "comment": "U work hard and save them I retire and u are tax to hell and back they take it all back in tax", "likes": 0, "published_at": "2022-03-21T21:09:45Z", "sentiment": -0.4215, "entities": []}, {"author": "@SlickSydney", "comment": "Nope disagree.  People are way too spendy.", "likes": 0, "published_at": "2022-03-20T22:10:39Z", "sentiment": 0.2924, "entities": []}, {"author": "@SlickSydney", "comment": "I will eventually retire and I have known my entire life working for almost 50 years that I would have to save more on the side and have a nest egg built up to assist me above the Canada pension plan.  This is not a surprise to anyone my age folks.", "likes": 0, "published_at": "2022-03-20T22:09:46Z", "sentiment": 0.3369, "entities": []}, {"author": "@martinrochejocquelein1772", "comment": "You are to late.. I am seventy..", "likes": 0, "published_at": "2022-03-20T19:50:57Z", "sentiment": 0.0, "entities": []}, {"author": "@sunandanarayanan7016", "comment": "Agree wholeheartedly Marc you are amazing and I am learning so much from these videos", "likes": 0, "published_at": "2022-03-20T13:55:46Z", "sentiment": 0.743, "entities": []}, {"author": "@abatude5879", "comment": "No better here once forced Medicare kicks in I'll be living on $1043. Per month rents are skyrocketing. Most retired people work part time to survive.", "likes": 0, "published_at": "2022-03-19T14:55:23Z", "sentiment": -0.3182, "entities": ["Medicare"]}, {"author": "@mariovallieres3830", "comment": "Wait till refugees are eligible\u2026\u2026..plus bring over older family members", "likes": 0, "published_at": "2022-03-19T13:32:53Z", "sentiment": 0.0, "entities": []}, {"author": "@ourladyofsorrows60", "comment": "thanks Marc!  Glad I have been contributing and have a plan through work.", "likes": 0, "published_at": "2022-03-19T07:10:19Z", "sentiment": 0.7345, "entities": []}, {"author": "@Bran08Eman", "comment": "Collecting CPP after your home is paid off brings much peace of mind. A rent eats most of your benefit. City taxes and house up keep average 50% of what rents will cost. Right there you've increased you leisure budget i.e.. standard of living.", "likes": 0, "published_at": "2022-03-19T01:02:24Z", "sentiment": 0.8344, "entities": ["CPP"]}, {"author": "@johnhicks8772", "comment": "This bloody hell for doesn't know what he's talking about I know more about it I am a pensioner and their pension is terrible they were cheat you out of the money you will pay in 20 and $40,000 at the time and you will get $14 back", "likes": 0, "published_at": "2022-03-18T16:26:20Z", "sentiment": -0.9325, "entities": []}, {"author": "@raymak6129", "comment": "Biggest scam in history, regular people pay tons of tax and at the end die poor", "likes": 0, "published_at": "2022-03-18T16:25:27Z", "sentiment": -0.9022, "entities": []}, {"author": "@carlospulpo4205", "comment": "Huh it's interesting that single people (not in families ) are generally more at risk and the gov programs target the other demographics in the middle of that chart.  Most are likely men due to the financial problems that typically favor men in a relationship breakup and have limited to none  of the support programs to draw from.", "likes": 0, "published_at": "2022-03-18T16:14:01Z", "sentiment": -0.4284, "entities": []}, {"author": "@mariovallieres3830", "comment": "Wait until 65 yr old parents,uncles and aunts of refugees start collecting old age pensions! Who cares if they will only have been here for 5 or 6 years compared to Canadians who have paid in the plan for 50 yrs or more\u2026.pipi trudo!", "likes": 0, "published_at": "2022-03-18T14:05:44Z", "sentiment": 0.555, "entities": []}, {"author": "@davidfriesen7748", "comment": "The government has to realize, Us 65 plus Have Built this country,  We should have pension based on our work record, it's not our fault that our jobs disappear,  factories keep closing, Train a New generation, BUT Don't\nForget Who Built this Country. What we saved is OUR Bonus !!", "likes": 0, "published_at": "2022-03-18T03:28:36Z", "sentiment": 0.9045, "entities": ["Train a New"]}, {"author": "@actionjackson9554", "comment": "It's sub poverty. I just retired and I must move south to the DOMINICAN REPUBLIC", "likes": 0, "published_at": "2022-03-17T22:42:17Z", "sentiment": -0.5106, "entities": []}, {"author": "@lynnewilliams542", "comment": "Never count on just cpp. You willbe poor.  Lucky for us, we had good jobs and cheap housing", "likes": 1, "published_at": "2022-03-17T19:43:00Z", "sentiment": 0.3818, "entities": []}, {"author": "@rickschif2916", "comment": "Where were you 40 years ago", "likes": 0, "published_at": "2022-03-17T12:44:20Z", "sentiment": 0.0, "entities": []}, {"author": "@normacoulson7962", "comment": "My husband was a carpenter for 55 years and he tried to retire. Impossible. I, his wife, have been sick for 25yrs and unable to work. I am on an impossible amount of drugs and medicals needs. Our daughter had just turned 5 when I found out I was too sick to work. Our life is hell My husband didn't make enough when he was working to even buy groceries and meds., and our daughter had nothing growing up. I don't know the answer but maybe this is a lesson to someone else not to really dream of golden years.", "likes": 0, "published_at": "2022-03-16T22:22:59Z", "sentiment": -0.8314, "entities": []}, {"author": "@TheKingdomWeigh", "comment": "I think I\u2019ll just be working for life since my CPP is very little and I have no pension plan, I\u2019ve always lived pay to pay. God be my helper!", "likes": 0, "published_at": "2022-03-16T18:27:42Z", "sentiment": 0.263, "entities": ["CPP"]}, {"author": "@SatsumaTengu14", "comment": "Save 10% in the economy we have had here in Canada over the past 20+ years?  What working person can afford a house?  Rent is absurd, over half one's income then add groceries, gas and vehicle to the monthly expense and Canadians are maxed out living hand to mouth.  Savings, blahahaha  We work 40\u00f7 hours a week and struggle to live within poverty rates.", "likes": 0, "published_at": "2022-03-16T16:33:24Z", "sentiment": -0.6966, "entities": []}, {"author": "@michelefisher5171", "comment": "Pay attention. Here\u2019s a rich investor telling he\u2019s got a course to teach you. \ud83d\ude33", "likes": 0, "published_at": "2022-03-16T13:51:05Z", "sentiment": 0.4939, "entities": []}, {"author": "@johnhicks8772", "comment": "When the government doesn't pay you 2 million it shows you and takes everything you got what the bloody uses of $14 a month for a man who's 70 I doubt when you can answer", "likes": 0, "published_at": "2022-03-16T13:43:45Z", "sentiment": -0.6254, "entities": []}, {"author": "@theresegauthier8274", "comment": "For most people living paycheck to paycheck there is no money to put away or to invest period", "likes": 1, "published_at": "2022-03-16T13:18:10Z", "sentiment": -0.296, "entities": []}, {"author": "@jackyback3975", "comment": "Canada pension is starvation pensions.  Canadian government has money for corporate welfare and wars, but there no money for seniors and disabled Canadian", "likes": 1, "published_at": "2022-03-16T11:40:16Z", "sentiment": -0.6249, "entities": []}, {"author": "@salpiccirillo640", "comment": "Should've taught this in school, But politicians don't like educated people, It scares them. What a rip off.", "likes": 0, "published_at": "2022-03-16T11:11:58Z", "sentiment": -0.697, "entities": []}, {"author": "@jacquelinemoore9677", "comment": "Less than 300 dollars after tax, disgusting.  My friend retired lately. She has savings, but 40 years working in canada and this is it.", "likes": 0, "published_at": "2022-03-15T21:43:28Z", "sentiment": -0.0258, "entities": []}, {"author": "@jimmorwood9715", "comment": "All of this isent enough since Justin has been in power", "likes": 0, "published_at": "2022-03-14T23:29:25Z", "sentiment": 0.0, "entities": ["Justin"]}, {"author": "@elmerfudd1086", "comment": "Awareness is a big deal.. If nobody tells you what is available  ,  how are we to know?  There is a thing called canada pension disability.  My wife was very badly injured in a car wreck but nobody told her about CPP disability  or that there is a time limit as to when you can apply for it . Hence , she gets nothing because she didn't know it existed until 20 yrs after her injury. Immigrants are given all this information but it seems to be withheld from Canadians born here.", "likes": 1, "published_at": "2022-03-14T23:20:00Z", "sentiment": -0.8332, "entities": []}, {"author": "@katherinegallagher8318", "comment": "One of the major problems is also cppd.  There is no help for anything no dental medical needs.  I am on disability because of medical problems.  Cancer twice 5 an 3 years ago. I have mental disability chronic kidney 4", "likes": 0, "published_at": "2022-03-14T20:46:10Z", "sentiment": -0.8885, "entities": []}, {"author": "@trail457", "comment": "Trudope just got a $ 21,000.00 raise as of April 1/2022.That is more then a seniors makes a year on CPP and OAS.I wonder what is cheaper then dog food.", "likes": 0, "published_at": "2022-03-14T20:04:06Z", "sentiment": 0.0, "entities": []}, {"author": "@rasmanpierre", "comment": "CPP should be a non taxable benefit for low income retirees. This threshold should be 45k for individuals & 90k for couples.", "likes": 13, "published_at": "2022-03-13T20:33:23Z", "sentiment": 0.2263, "entities": ["CPP"]}, {"author": "@joeblack8478", "comment": "CPP Canada pension plan if you get less than 700.00 you get 800.00  1500.00 total supplement. this is a scam", "likes": 0, "published_at": "2022-03-13T20:31:45Z", "sentiment": -0.5719, "entities": ["CPP Canada"]}, {"author": "@gracekitchener3934", "comment": "I wish I never was Forced to pay into it ...", "likes": 0, "published_at": "2022-03-13T19:26:08Z", "sentiment": 0.5831, "entities": []}, {"author": "@johnhicks8772", "comment": "When you pay in $20,000 a year for 10-years prop insurance cheats you out of 2 million supposed to live on $14 which I can prove after living out of dustbins for a few I was lucky\nFor relations to send me money to get back to the UK where I'm now treated like a human being", "likes": 0, "published_at": "2022-03-12T19:23:03Z", "sentiment": 0.2732, "entities": []}, {"author": "@MM-ld6fj", "comment": "The way turdos destroying Canada no one will b able to survive with inflation ect ,and with no major increase in cpp ect ,they will all starve, thanks to the turd and his corrupt liberals.", "likes": 0, "published_at": "2022-03-12T17:35:51Z", "sentiment": -0.6908, "entities": []}, {"author": "@pierre-rose7783", "comment": "It's impossible for many to \"save\" money when inflation is ruining the nation !", "likes": 0, "published_at": "2022-03-11T13:07:08Z", "sentiment": -0.3164, "entities": []}, {"author": "@xbman1", "comment": "Retired with only CPP is a poor retirement, or, a very rich street people. XD", "likes": 0, "published_at": "2022-03-11T08:20:17Z", "sentiment": 0.745, "entities": ["CPP"]}, {"author": "@lastempire7302", "comment": "CPP is meant to be \"pocket changes\" during your retirement years. Kudos to those who think that they can survive on that.", "likes": 1, "published_at": "2022-03-10T22:06:06Z", "sentiment": 0.5106, "entities": ["CPP"]}, {"author": "@cjam3660", "comment": "lol, no need to explane...", "likes": 0, "published_at": "2022-03-10T18:40:48Z", "sentiment": 0.1531, "entities": []}, {"author": "@medgolly7342", "comment": "There are very few if any work place pensions while taxes decrease to employers !", "likes": 0, "published_at": "2022-03-10T15:49:15Z", "sentiment": 0.0, "entities": []}, {"author": "@neriaroda8846", "comment": "nice, amazing evestment", "likes": 0, "published_at": "2022-03-09T12:44:55Z", "sentiment": 0.765, "entities": []}, {"author": "@douglaswindsor120", "comment": "Only one thing worse than CPP and that is being unable to work because of injuries and or ill health and going on welfare tryr living on 508  dollars a month that's what I was getting for 3 months until I refused to guide the lumber through the saw with my finger along side the blade to keep the blade on the line I said my fingers are not going anywhere near the blade she said if I wasn't willing to guide the wood through the saw that way I didn't need social assistance and cut me off I survived on odd jobs and  my crediit cards until I got a handyman job had that for a year then just as I was finally getting myself out of debt my double vision came back and after 2 operations to try and fix it and again running deep in debt I went back and applied for social assistance and I got a better worker she put me on disability social assistance and I got 838 per month we tried to get on A.S.H but since I was only 18 months from being 65 they stalled so I wouldn't get it now I'm onO.A.S and G.I.C  at over 14 hundred per month it's a lot better but you fill out the forms to apply for the 3 checks and then find out they've lost 2 of the 3 and then the hoops they put you through to get them going put in the application for G.I. C  twice more and they wanted me to do it again because it was too long since I'd sent it in finally I got some one who was helpful when I phoned to make sure that I'd fillled everything out  correctly and completely and he looked up my file said the first forms were all I needed and by months end I had my G.I.C and 12 months back pay still trying to get my cpp but al I'll get is 14 dollars a month cpp so when I get it I get it at least with the other 2 I can live as it's more than I've ever earned in a month and when you live on next to nothing you learn to live on next to nothing", "likes": 0, "published_at": "2022-03-09T11:53:27Z", "sentiment": 0.2732, "entities": ["CPP", "G.I. C"]}, {"author": "@milicas.4534", "comment": "I wish I had this info  30 years ago", "likes": 0, "published_at": "2022-03-09T08:14:57Z", "sentiment": 0.4019, "entities": []}, {"author": "@wizzbang9823", "comment": "You are not retiring on CCP unless you are peddling blow on the side", "likes": 1, "published_at": "2022-03-09T07:43:48Z", "sentiment": 0.0, "entities": ["CCP"]}, {"author": "@dawnadevine1618", "comment": "I do not receive the max CPP benefit but other programs top off my income.  My house is paid off; I do not need a car and am fine. Do not use credit cards either.", "likes": 0, "published_at": "2022-03-09T05:32:08Z", "sentiment": 0.3867, "entities": ["CPP"]}, {"author": "@johnnyboyvan", "comment": "Buy a nice home, become mortgage free and work for public service. Pensions from various sources: CPP, OAS, RRSPs, mutual funds, and a government service pension. Good??", "likes": 1, "published_at": "2022-03-09T04:50:40Z", "sentiment": 0.8541, "entities": ["CPP", "OAS"]}, {"author": "@c.a.greene8395", "comment": "A person who has never worked ( someone who is disabled ) at 64 years of age recieves up to $1,600 a month. \nThey have full medical coverage,  they have pharma care, 100%. \nAt 65, they are forced off disability assistance. \nThey now have to pay for medical insurance.  \nThey now have a co-pay of $2,000...before receiving any deductions - even then it's only 60% coverage...\nSo here they are getting 35% of what they recieved before Turing 65, but now that income is taxable, znd they must pay out of pocket for medicine and medical insurance...\nThis sounds more like a slow death...\nAs a disabled person I'm zlmost starving to death now...I hope I'm dead before I turn 65....I can't imagine surviving on this pittance", "likes": 1, "published_at": "2022-03-08T18:35:09Z", "sentiment": -0.9099, "entities": []}, {"author": "@grahampurse8758", "comment": "Gotta get that video in focus. Otherwise, great topic.", "likes": 0, "published_at": "2022-03-08T14:30:15Z", "sentiment": 0.6249, "entities": []}, {"author": "@aalbert8277", "comment": "He is completely skipping information about OAS & GIS. If you are a low income person and do not have the means to invest like he is telling to, you can live on CPP, OAS & GIS, in combination with government housing program etc., it WILL keep you living comfortably.   His advice is meant for people who have money left over after paying for the basics in life.  It does not apply to people earning minimum wage.", "likes": 2, "published_at": "2022-03-08T09:26:52Z", "sentiment": 0.4939, "entities": ["OAS & GIS", "CPP", "OAS & GIS"]}, {"author": "@jeremylocs2722", "comment": "The elephant in the room: payment of property tax under duress. No one has liberty and no one owns land in Canada. No security for the jobless, sick or the elderly. The logic behind property tax does not need to be explained to those who oppose it.", "likes": 0, "published_at": "2022-03-08T06:00:04Z", "sentiment": -0.4767, "entities": []}, {"author": "@ajkumar4672", "comment": "There is gross gross abuse of social security in Canada - ODSP is a SCAM..!", "likes": 0, "published_at": "2022-03-08T04:20:57Z", "sentiment": -0.8516, "entities": []}, {"author": "@eph2vv89only1way", "comment": "You make it sound like people can actually AFFORD to save. But when rent takes up 60-70% of income and choosing between food and utilities takes up the rest saving is impossible. And that 60-70% is a conservative amount where I live. Homelessness is at a high because people working 2 jobs still can\u2019t afford both food and rent and people working one job can\u2019t afford rent alone", "likes": 1, "published_at": "2022-03-08T01:53:36Z", "sentiment": 0.09, "entities": ["AFFORD"]}, {"author": "@robertmaxa6631", "comment": "With more and more employers getting rid of, or never having pension plans available, it's tough to save for retirement, especially when good advice hard to come by.   Everyone is a salesman.Even though the market still has the potential to drop,at retirement time, leaving you with nothing, mutual funds are still the best bet.  Personally, I believe that lower income earners would benefit most, from the TFSA plan, mainly, because what you withdraw, from your TFSA, isn't counted as income, so nothing gets clawed back. One just has to hope that the TFSA grows into something substantial.", "likes": 0, "published_at": "2022-03-07T02:01:25Z", "sentiment": 0.9346, "entities": []}, {"author": "@whatdoyouwantfromme1029", "comment": "Governments pigs exploit people and than let them died poors \ud83d\ude1d\ud83d\udc4e", "likes": 0, "published_at": "2022-03-07T01:23:36Z", "sentiment": -0.6124, "entities": []}, {"author": "@momo35444", "comment": "thanks for the video marc! always appreciate the knowledge.", "likes": 0, "published_at": "2022-03-07T01:10:19Z", "sentiment": 0.7088, "entities": []}, {"author": "@francisebbecke2727", "comment": "I was wondering what kind of old age pension Canada had.  In the USA we have Social Security as the base amount.  I was warned by my parents not to rely on it alone.  I gather the same is true in Canada.  I gather the dollars given in this video are Canada dollars and not US dollars.  Scarry.", "likes": 0, "published_at": "2022-03-06T18:45:46Z", "sentiment": 0.2732, "entities": ["Social Security"]}, {"author": "@MrWaterbugdesign", "comment": "Here in the US I hear many people complaining about our government but we have it so easy thanks to Americans who came before us and set this all up. I was told the whole life by people around me \"Social Security won't be around when you retire!\" and \"It'll be bankrupt!\" Here I am at 65 and wow I was so surprised I can get so much...and I stopped working at 45.\n\nI'm moving to SE Asia. Just tired of hearing the complaining. I know many expats in SE Asia still complain A LOT but fewer of them so can be avoided.\n\nAnd yeah, absolutely true that most people who think they can manage their money better than the government are the very people who suck at investing. I suck at investing but at least I know this so I don't.\n\nThe concept that increasing benefits would reduce people saving show the problem that people like this YouTube think they understand...but don't. People are people. Some understand saving, many don't. People who understand saving will do that no matter the amount of CPP. Those who don't won't even think about retirement. They see CPP contributions only as a tax. Anyone with any brains would not see 33% replacement as a great retirement. What would be interesting is to raise to 33% BUT also have the option for a person to increase to 50%. Best way to save is have the government take the money out of the check before it's seen.", "likes": 0, "published_at": "2022-03-06T18:43:18Z", "sentiment": 0.9873, "entities": ["Social Security", "LOT", "YouTube", "CPP"]}, {"author": "@LuckyqueenA", "comment": "Not good enough for retirement", "likes": 0, "published_at": "2022-03-06T17:29:52Z", "sentiment": -0.3412, "entities": []}, {"author": "@dknowles60", "comment": "Us soc ser  was not to give you all the retirement income you will need", "likes": 0, "published_at": "2022-03-06T16:37:47Z", "sentiment": 0.0, "entities": []}, {"author": "@bryanperron6748", "comment": "Great info I feal sorry for people working at minimum wages.How will they ever save ?How will they ever get excited about thier futures?", "likes": 0, "published_at": "2022-03-06T14:59:24Z", "sentiment": 0.8677, "entities": []}, {"author": "@blackgrandpa7652", "comment": "Great video we need more information about our personal finance hear in Canada especially investing for our retirement good job god bless", "likes": 1, "published_at": "2022-03-06T14:51:40Z", "sentiment": 0.8979, "entities": []}, {"author": "@lydian5762", "comment": "This is why I look in amazement at these young ones deciding not to work and keeping all they make as a side hustle to travel.", "likes": 3, "published_at": "2022-03-06T14:01:11Z", "sentiment": 0.5423, "entities": []}, {"author": "@eyerusalemtilahune7778", "comment": "i do tow job it help my cpp when I retired", "likes": 0, "published_at": "2022-03-06T12:17:45Z", "sentiment": 0.4019, "entities": []}, {"author": "@devote1416", "comment": "I keep hearing, over and over, about people CHOOSING not to work. Who are these people?? They aren't all at retirement age because apparently it is people who feel they are undervalued and underpaid  at work. Well Honey.......I got news for you people, get the fug used to it. If work was fun you wouldn't get paid and chances are, no matter where you work and how hard you try, you are going to feel undervalued.Life lessons.  How are these people paying rent, eating, surviving? If all these people have dropped out and are living their best lives without working.........how do I sign up for that? !", "likes": 0, "published_at": "2022-03-06T08:51:36Z", "sentiment": 0.9072, "entities": ["Honey"]}, {"author": "@nicklanfear4303", "comment": "1657 usd is the average US social security payment in retirement vs 702 cdn for cpp payment fyi. As usual we are getting ripped off!", "likes": 0, "published_at": "2022-03-06T02:42:36Z", "sentiment": 0.5411, "entities": []}, {"author": "@petermautner7052", "comment": "It is all a business.  Most people live paycheck to paycheck .  Enuf said .", "likes": 1, "published_at": "2022-03-05T22:43:45Z", "sentiment": 0.0, "entities": []}, {"author": "@salicia4800", "comment": "Many people fail to save adequately for retirement.  This is not because everyone is a spendthrift.  It's because the cost of living has increased exponentially  (think housing), medications, food, insurance, etc.  They work at jobs in which real wages have not increased to align with the cost of living.  They do not have adequate benefits.  They choose between taking their kids to the dentist and putting food on the table.  How are they supposed to save for retirement??   Many will be working until they die, just like in the past.  Extreme wealth disparity is real in Canada and elsewhere.", "likes": 3, "published_at": "2022-03-05T19:13:13Z", "sentiment": 0.6608, "entities": []}, {"author": "@mikeandlynnwemyss8907", "comment": "There are many truths not being mentioned . Cost of living increased.  Banks stopped giving good returns on savings.  Cpp has not increased with inflation . We use to get 4% cost of living increases from our jobs .", "likes": 0, "published_at": "2022-03-05T16:27:18Z", "sentiment": 0.8555, "entities": []}, {"author": "@arlenegojocco7518", "comment": "How does the CPP alleviate my poverty if I receive $168.70 and my rent is $1283? And what about food, etc.?", "likes": 1, "published_at": "2022-03-04T20:47:17Z", "sentiment": -0.5661, "entities": ["CPP"]}, {"author": "@shoreline780", "comment": "All I know is with the Cost of living along with inflation. NO ONE IS RETIREING", "likes": 3, "published_at": "2022-03-04T06:58:35Z", "sentiment": -0.4466, "entities": []}, {"author": "@johne1071", "comment": "Let's think about about how inflation has eroded the savings of retirees. \nThe cpp lost a huge amount of money through mismanagement over the years. Just take a look at the funds that the plan invests in.\nIts disgraceful.", "likes": 0, "published_at": "2022-03-03T23:19:01Z", "sentiment": 0.0, "entities": []}, {"author": "@crashk1955", "comment": "While respecting your idealistic view of retirement financing, it is far from realistic. Most people have enough income to sustain their lifestyles with little left over for retirement investing. So unique situations, like mine, places extreme burdens on retirement. I lost my job of 30 years, through no fault of my own. Then had a stroke. All of which occured when I was 50. As years went by I lived on disability cpp and my saving was wiped out. At 64, all disability income was stopped. Now I live on OAS and CPP only.", "likes": 1, "published_at": "2022-03-03T22:17:16Z", "sentiment": -0.2111, "entities": ["OAS", "CPP"]}, {"author": "@philosoraptorsalgoodman3072", "comment": "My wife is not working, not saving, not investing. She's 100% rely on me, I am so tired.", "likes": 0, "published_at": "2022-03-03T16:49:17Z", "sentiment": -0.5777, "entities": []}, {"author": "@Hunt-sl8if", "comment": "The greatest ponzi scheme  ( pensions and retirement ) will all end soon", "likes": 0, "published_at": "2022-03-03T14:45:10Z", "sentiment": 0.6369, "entities": []}, {"author": "@ImOnAnEffinBoat", "comment": "I don\u2019t think it is supposed to completely live on.. people need to invest for retirement", "likes": 0, "published_at": "2022-03-03T14:35:52Z", "sentiment": 0.0, "entities": []}, {"author": "@vtheb1299", "comment": "Marc, you are wise and kind. This is an extremely important video. I wish more people see it. I love love this channel. I'll consider the retirement course!", "likes": 1, "published_at": "2022-03-03T10:48:38Z", "sentiment": 0.965, "entities": []}, {"author": "@tomhickson2581", "comment": "Without CPP, where would you be?", "likes": 0, "published_at": "2022-03-03T07:04:48Z", "sentiment": 0.0, "entities": ["CPP"]}, {"author": "@zomgoose", "comment": "Real estate in Canada has destroyed the economy. There will be a retirement crisis because of this gross misallocation of resources.", "likes": 3, "published_at": "2022-03-03T04:21:03Z", "sentiment": -0.8984, "entities": []}, {"author": "@mitchgrenier", "comment": "Hopefully Bill C- 233 doesn't affect pensions", "likes": 0, "published_at": "2022-03-03T02:26:46Z", "sentiment": 0.4019, "entities": []}, {"author": "@mahmoodtabrizi6354", "comment": "Shame on government that retirees leaves on the streets. Shame", "likes": 1, "published_at": "2022-03-03T02:17:53Z", "sentiment": -0.7351, "entities": []}, {"author": "@Rotaris1", "comment": "We pay to help other Countries, time to look after Canadians!!!!!!  Billions spent on wars, another check to Ukraine, I know its bad, I need to eat as well", "likes": 0, "published_at": "2022-03-03T00:51:26Z", "sentiment": -0.7067, "entities": ["Countries"]}, {"author": "@alienwizards3246", "comment": "so i cant opt out and i have to just watch them mismanage the money they stole from me? lol 2.4% a year is garbage interest i make way way more on my savings and i could grow my cpp 10 times faster", "likes": 0, "published_at": "2022-03-02T23:17:11Z", "sentiment": 0.7003, "entities": []}, {"author": "@malkeitkaur3046", "comment": "Do you know if a grandparent leave a mortgage for her grandson and he cant afford the mortgage is it better to sell?", "likes": 0, "published_at": "2022-03-02T22:42:47Z", "sentiment": 0.4019, "entities": []}, {"author": "@bruce5895", "comment": "Inflation, carbon taxes, other gov. taxation, gov. debt, high interest rates, the cost of living eat away the buying power of the dollar and pretty soon you have a currency that is worthless, just look at the price of gasoline today. Hard assets to me are the only way to go.", "likes": 2, "published_at": "2022-03-02T22:23:51Z", "sentiment": 0.2732, "entities": []}, {"author": "@bruce5895", "comment": "Build Back Better, you will own nothing but you will be happy, living out on the streets having no bills to pay, this may be your future.", "likes": 1, "published_at": "2022-03-02T22:04:17Z", "sentiment": 0.5574, "entities": []}, {"author": "@PWingert1966", "comment": "If  CPP is designed to keep us out of poverty why is it so far below the poverty line? The poverty line is a good line to draw the limit at. Anyone living below the poverty line should be raised to the poverty line plus the inflation rate and then it should be indexed.", "likes": 1, "published_at": "2022-03-02T15:33:37Z", "sentiment": -0.9274, "entities": ["CPP"]}, {"author": "@PWingert1966", "comment": "Raising the rates also has the effect of transferring wealth from high-income earners to lower-income earners and providing more equality throughout society. With more low income earners having more money they can spend it and this cycles back to enhancing high-income earners income.", "likes": 0, "published_at": "2022-03-02T15:31:49Z", "sentiment": 0.204, "entities": []}, {"author": "@PWingert1966", "comment": "That's like being on ODSP. All these social support programs need to start at the poverty line and add the inflation rate and work from there. People on ODSP may have additional support required. People on OW need a transit pass to facilitate job search. But it must all start at the poverty line.", "likes": 0, "published_at": "2022-03-02T15:28:13Z", "sentiment": -0.4854, "entities": ["OW"]}, {"author": "@davidpiercey8173", "comment": "The average family man can not afford to put money into a retirement plan. And Justin is making it even worse with all his tax increases  he is working hard to destroy us", "likes": 0, "published_at": "2022-03-02T14:40:39Z", "sentiment": -0.7906, "entities": ["Justin"]}, {"author": "@mikeparrish3001", "comment": "Why, in the name of God, is the CPP taxed !  To get a refund, I need to have at least 27% taken off for tax, what's the point ?", "likes": 2, "published_at": "2022-03-02T09:40:22Z", "sentiment": 0.3382, "entities": []}, {"author": "@mckessa17", "comment": "The stock market sucks, if you take away inflation you are not making anything.", "likes": 0, "published_at": "2022-03-02T09:06:28Z", "sentiment": -0.3612, "entities": []}, {"author": "@shirleycrosner634", "comment": "Perhaps  - a lower income earner should think twice, about entering a relationship  / \nLifestyle and personal obligations will make a huge impact with savings /\nI'm speaking only for myself  ... it worked  out", "likes": 0, "published_at": "2022-03-02T07:29:38Z", "sentiment": 0.0258, "entities": []}, {"author": "@trent1615", "comment": "I don\u2019t like the CPP but I\u2019m glade we have it because I know many people have no idea on how to save and invest. It not a good plan for my wife and I but I do care about the community so I understand why we have it. My wife and I both work for the government so no issue with having a good pension. Saying that we are both very aggressive investors we invest 50% of our income in growth stocks because we are trying to retire early. My best advice for people is simple learn to live below your means and start investing early because compounding is the most powerful force. It\u2019s all about putting off wants for example my wife and I could easily afford a couple new cars around $40,000 each but we don\u2019t because we would rather put that money to work in the stock market. We share one car the kind of car a student would have lol. I work with a lot of people making around $100,000 a year and their spouses have good paying jobs and these guys are all working overtime and it\u2019s pretty simple they have no idea how to invest and manage money. Sometimes I wonder if our school system just did a better job at teaching people how to invest and save we would be a lot better off. It\u2019s sad because most middle class people don\u2019t even understand the purpose of money they don\u2019t have the simple understanding that money is actually capital and is a tool to leverage more capital with out trading your labour (time) for a pay check. Education would fix this problem not increasing the CPP. At the end of the day it\u2019s all about personal responsibility and the farther we get away from that the worse our communities will be.", "likes": 0, "published_at": "2022-03-01T22:05:46Z", "sentiment": 0.9609, "entities": ["CPP"]}, {"author": "@franklintheman8310", "comment": "we decided to take a different route by buying an income property. plan is to sell off our principal residence on retirement and move into the income property continuing to rent 2 units while being mortgage free. some investments and rrsp's but didn't start early enough!", "likes": 0, "published_at": "2022-03-01T17:05:02Z", "sentiment": 0.3489, "entities": []}, {"author": "@ChristophfromSchwiiz", "comment": "CPP has been bothering me for the last year + now, knowing how high cost of living has become and how low many wages are. A lot of people seem to be relying on CPP for retirement. I think there should be some basic finance taught in highschools, when I was there in 2013 there was none (Ontario). The best we had was one of our math teachers took 30 min to explain interest rates/how to use a credit card etc (she was an amazing teacher, truly cared). Half the class paid 0 attention because she said it was not in the curriculum/wont be tested on it. I fell that many countries are far ahead of us on this matter. Thank you for the distilled information and your views! Hopefully this helps more Canadians retire comfortably!", "likes": 3, "published_at": "2022-03-01T15:28:10Z", "sentiment": 0.9451, "entities": ["CPP", "CPP"]}, {"author": "@ddavidson5", "comment": "Contributions to CPP as a percentage of earnings are 5.7% by employees and 5.7% by employers (so 11.4%). To say that you are only contributing 5.7% is somewhat misleading. Of course you should also save on your own and/or participate in your employer's pension or savings plan if they have one. CPP is a solid DB pension plan, guaranteed by the government and inflation indexed, and personally I have chosen to defer taking my CPP until age 70 to maximize the monthly cashflow from that source. There is also OAS and if you qualify GIS  (and for sure low income earners will be hard pressed to save much after paying the rent and buying necessities.)", "likes": 0, "published_at": "2022-03-01T13:22:03Z", "sentiment": 0.4927, "entities": ["CPP", "CPP", "CPP", "OAS"]}, {"author": "@tazekowal5899", "comment": "my suggestion is to learn how to fish", "likes": 0, "published_at": "2022-03-01T06:05:36Z", "sentiment": 0.0, "entities": []}, {"author": "@dustyroads5811", "comment": "A person cant save on working man or woman wages.   Just the rich can put away for retirement  .", "likes": 1, "published_at": "2022-03-01T04:54:15Z", "sentiment": 0.2434, "entities": []}, {"author": "@dustyroads5811", "comment": "We should not be paying taxes on ccp and oas   allready been paying taxes for a lifetime.", "likes": 0, "published_at": "2022-03-01T04:51:29Z", "sentiment": 0.0, "entities": ["ccp"]}, {"author": "@pablo-9217", "comment": "Im 18 years old and i already have 12k invested  in my tfsa account !", "likes": 0, "published_at": "2022-03-01T02:10:34Z", "sentiment": 0.0, "entities": []}, {"author": "@tonemeister2318", "comment": "I believe the 10% savings rule is supposed to be based on top of CPp and OAS.  These benefits were put in place to subsidize one\u2019s retirement, not completely provide it.", "likes": 2, "published_at": "2022-02-28T18:03:20Z", "sentiment": 0.5267, "entities": ["OAS"]}, {"author": "@hempdog7545", "comment": "Don't have any debt when you retire. That should be your goal. Once your debt free, life truly isn't that expensive or difficult.", "likes": 10, "published_at": "2022-02-28T16:41:07Z", "sentiment": 0.7858, "entities": []}, {"author": "@sadiefrankie2752", "comment": "Is it better to contribute to CPP or just invest it to your RRSP?", "likes": 0, "published_at": "2022-02-28T15:30:59Z", "sentiment": 0.4404, "entities": ["RRSP"]}, {"author": "@maxmeshi1502", "comment": "thank you.", "likes": 0, "published_at": "2022-02-28T09:55:56Z", "sentiment": 0.3612, "entities": []}, {"author": "@monicaambs", "comment": "Everyone in the USA are so focused on their Roth IRA and other savings types. Here in Canada young people seem oblivious about retirement and how they will support themselves when they are aged. So each province has to supplement them in order for them to survive. We need to start talking about savings for retirement in school.", "likes": 1, "published_at": "2022-02-28T02:18:08Z", "sentiment": 0.7241, "entities": []}, {"author": "@joecruise3460", "comment": "A significant problem in my view is the government itself.  Retirement income sources such as government pensions and private pensions are taxable.  Even personal savings sources such as RRIF are taxable.  In an ironic twist of fate the government ends up helping to push seniors/retirees closer and closer towards poverty.", "likes": 1, "published_at": "2022-02-28T02:02:09Z", "sentiment": -0.5423, "entities": ["RRIF"]}, {"author": "@rb239rtr", "comment": "The best part of the CPP is that it is near bond like in its payouts, it will rise with inflation, the actuaries says that the CPP will be in good shape for decades to come, and that it can be a very imoprtant  and predictable part of your income.  With good tax planning, it can be even more valuable to the retiree", "likes": 0, "published_at": "2022-02-28T01:01:08Z", "sentiment": 0.9422, "entities": ["CPP", "CPP"]}, {"author": "@robertdeluca2372", "comment": "Except if you're a government worker and get a big fat pension", "likes": 1, "published_at": "2022-02-28T00:32:09Z", "sentiment": 0.0, "entities": []}, {"author": "@kenmallette6900", "comment": "It\u2019s not all gloom and doom. \nDue to certain circumstances I wasn\u2019t able to save for retirement, I\u2019m will be retiring in 5 yrs, 65, and I\u2019ll be moving to Mexico, been doing the research for the last 3 yrs. Due to the cost of living there our money is worth a little more than double. \ud83d\ude09\ud83d\ude42", "likes": 0, "published_at": "2022-02-27T18:06:36Z", "sentiment": 0.7524, "entities": ["\ud83d\ude09\ud83d\ude42"]}, {"author": "@grantdavidson1926", "comment": "This is a very good video. I will be sharing with my kids. Thanks!", "likes": 1, "published_at": "2022-02-27T13:22:34Z", "sentiment": 0.8475, "entities": []}, {"author": "@mbabcock111", "comment": "Even those living off basic public funded benefits in Canada are part of the 1%. They live a relatively good life compared to the vast majority of humans today. Consider yourselves lucky to have won the geographic birth lottery. And brilliant appeal to those not taking personal responsibility for their financial situation.", "likes": 1, "published_at": "2022-02-27T08:59:26Z", "sentiment": 0.9413, "entities": []}, {"author": "@mahmoodtabrizi6354", "comment": "Canada wake up.  See what Canadian government is doing to us", "likes": 0, "published_at": "2022-02-27T04:42:49Z", "sentiment": 0.0, "entities": []}, {"author": "@mahmoodtabrizi6354", "comment": "Canadian government should provide.  I have heard that retirement means homelessness.  But didn't believe it until now that I am retired.  Shame on government", "likes": 1, "published_at": "2022-02-27T04:15:57Z", "sentiment": -0.631, "entities": []}, {"author": "@robertbirch3074", "comment": "I get nothing but that's what I paid in. I'm so subsidized I don't have ever worry. O Canada!", "likes": 0, "published_at": "2022-02-27T03:04:18Z", "sentiment": 0.5269, "entities": []}, {"author": "@davecody5997", "comment": "I don't want luxury I want to live", "likes": 2, "published_at": "2022-02-27T01:03:25Z", "sentiment": -0.1139, "entities": []}, {"author": "@neolithic3", "comment": "Life expectancy is realistically longer than 80, because that statistic also accounts for younger people dying (eg. a 5 year old getting cancer, 25 year old killed in car crash, 40 year old dying of a brain aneurism etc). But when it comes to actual years of retirement we really need only look at people that reach their 60s and how likely they are to live to a certain age. I forget the numbers, but if you live to age 65 you have a very good chance of living much past 80. So it's even more important for people to plan to live long lives when they are calculating how much they will need for retirement. I hope that made sense to people.", "likes": 0, "published_at": "2022-02-27T00:20:25Z", "sentiment": 0.8337, "entities": []}, {"author": "@mikedennington8856", "comment": "No debt is the best way to go. Reduce stupid expenditure have the house paid off.", "likes": 0, "published_at": "2022-02-27T00:00:02Z", "sentiment": -0.4404, "entities": []}, {"author": "@amirchoudhury9507", "comment": "Cpp is a raw deal for my generation and the next. The fact is that my 5.7% contribution isn\u2019t all entirely going to fund my future benefit. When Cpp was first implemented, past service benefits were granted to those first retirees that didn\u2019t contribute during the entirety of their working career. So at least 1% of my contributions (2% when adding in the employer contribution) is going to find those past benefits for previous retirees. Inter-generational inequity at its finest!", "likes": 0, "published_at": "2022-02-26T21:12:27Z", "sentiment": 0.8588, "entities": []}, {"author": "@ItsBurnahMan", "comment": "you won\u2019t learn this in school", "likes": 0, "published_at": "2022-02-26T20:14:43Z", "sentiment": 0.0, "entities": []}, {"author": "@eddy563", "comment": "I am not a big fan of CPP.. but I do understand why it exists.. Marc we have tons of other problems that compound the issue of poverty.. like government overcrowding of the private sector, high cost of regulations, bloated public sector, raging inflation, population addicted to material consumption and an environment in general that discourages investment and growth.. unless we start tackling these issues, we won\u2019t have a turnaround on the poverty issue and this needs a mindset change.. I admire and share your optimism and your efforts to educate people as the deeper we go the more efforts the individual needs to do to stay afloat", "likes": 4, "published_at": "2022-02-26T19:51:59Z", "sentiment": -0.4554, "entities": ["CPP"]}, {"author": "@a7laro2ya", "comment": "Hello! Any videos on GIA\u2019s? Are they worth it", "likes": 0, "published_at": "2022-02-26T19:23:52Z", "sentiment": 0.2942, "entities": ["GIA"]}, {"author": "@1967MGC", "comment": "I'm a disabled veteran that gets an income replacement benefit plus other top-ups, and have received it for well over a decade now; however, CPP isn't deducted. To counteract the lack of CPP in retirement I've maximized my RRSP and TFSA. And I've managed to invest 69% of my income because I live WAY below my means. I've decided to forgo all comforts now for a better life when I'm more incapacitated due to old age. LOL, I hope I don't have a dirt nap when I start enjoying the fruits of my long-term planning!", "likes": 10, "published_at": "2022-02-26T19:13:59Z", "sentiment": 0.9499, "entities": ["CPP", "CPP", "RRSP", "LOL"]}, {"author": "@zoranlukic3391", "comment": "How much you can save and invest when living expenses (shelter, food etc. )is so high. For example average rent in Vancouver for one bedroom apartment is $2000 +food +utilities+ car etc. say total around $3500.If you work for $30 per hour you making $4800 per month after deductions for tax ;medical; pension etc. you can't safe nothing and people working for minimum wage are in more worse situation. Working as emigrant for 30 years supporting kids and society,  when you retiring (averaging $50,000 per year )you will get $800 working pension + $500 OAS +$200 to $400 Supplement totally around $1500 to $1700  in same time person that is born in Canada newer work when is 65 year old will get full OAS($600) and supplement of $800 or $900, totally around $1400 to $1500 + shelter .So in Canada working people paying taxes are in the worse situation when they retiring. The best solution will be if every Canadian 65 years old receive minimum pension of $1500 (people newer work receiving today )and people that work receive as bonus their working pension (average $700) plus affordable shelter and reduced cost of medication. Working people supporting this country and society deserve at list that. Canada is reach country helping everybody aboard (billions dollars) but it seems can't help own older citizens, especially people that worked at list most of life.", "likes": 1, "published_at": "2022-02-26T18:11:01Z", "sentiment": 0.4968, "entities": ["OAS"]}, {"author": "@millereats5836", "comment": "Great episode! This is key knowledge that I wish i had 20 years ago.", "likes": 3, "published_at": "2022-02-26T17:27:41Z", "sentiment": 0.7959, "entities": []}, {"author": "@iceguy1158", "comment": "If you have put in for 40 yrs  and a 5 percent return , you would  have a good  monthly amt .  Can i challenge the cdn govt and get my portion?", "likes": 0, "published_at": "2022-02-26T16:21:19Z", "sentiment": 0.4939, "entities": []}, {"author": "@willkeen5010", "comment": "Excellent advise. I have made my own pension plan with the help of an advisor since I don\u2019t have one through my employer. I always say do with a little less now and your investments will give you a little more in the future when needed. With the rate or inflation lately, it definitely does make it more difficult.", "likes": 0, "published_at": "2022-02-26T14:39:56Z", "sentiment": 0.7436, "entities": []}, {"author": "@leowilson4539", "comment": "I would be interested in seeing a video on RDSP (Registered Disability Savings Plan) and how to make the most of it. I understand it may not be relevant to the majority of your audience. I have a child who has type 1 diabetes and qualify for this account and grant from Canadian government.", "likes": 0, "published_at": "2022-02-26T05:56:19Z", "sentiment": 0.6369, "entities": []}, {"author": "@Ryedor", "comment": "You're right Marc.  Much of my money was spent on Booze , drugs and women.  The rest I just wasted !  \nBetter education is definitely needed.  Thx", "likes": 1, "published_at": "2022-02-26T05:55:04Z", "sentiment": 0.636, "entities": []}, {"author": "@ediddysmith2500", "comment": "I have been on disability cpp most of my life, so I have to live in poverty in retirement, which means my whole life  ,", "likes": 0, "published_at": "2022-02-26T05:21:23Z", "sentiment": -0.5106, "entities": []}, {"author": "@divyashow8682", "comment": "Great content, thanks father & son for your efforts \ud83d\ude4f", "likes": 0, "published_at": "2022-02-26T03:00:24Z", "sentiment": 0.7906, "entities": []}, {"author": "@MinnieOnCam", "comment": "ODSP is suppose to be income assistance for people with a disability, it does not keep up with inflation and more and more people with a disability are closer to being homeless.", "likes": 0, "published_at": "2022-02-26T01:56:07Z", "sentiment": 0.0, "entities": ["ODSP"]}, {"author": "@AimeePoppinBabies", "comment": "CPP isn't meant to retire on. You should have your home paid off (if wise) and a nest egg or retirement fund. Please be wise with your money! Thankfully there are a lot of jobs available and still options for seniors in the workforce as difficult as that is to swallow. I understand everyone's situation is different but I know a lot of seniors who complain about being on CPP but never made smart financial decisions.", "likes": 1, "published_at": "2022-02-26T01:12:28Z", "sentiment": -0.5543, "entities": ["CPP", "CPP"]}, {"author": "@bennyw.9716", "comment": "Hello Marc (and Brandon). This was a great video in providing information about CPP and its relation to retirement for the younger generation. The challenge I find with my young adult children  is that they are not financially literate and not interested in these important topics when compared with other things on social media. They live in the present and not really thinking of the future.  Personally, I find it fascinating (I just recently retired). I have been watching your channel for a while and I really trust the information that you both provide. Great job and future success with the channel and Academy.", "likes": 6, "published_at": "2022-02-25T23:21:56Z", "sentiment": 0.963, "entities": ["CPP", "Academy"]}, {"author": "@seankelly7481", "comment": "This is the kind of thing that should be taught in schools how to invest, save and not rely on things like the cpp", "likes": 42, "published_at": "2022-02-25T22:36:27Z", "sentiment": 0.6908, "entities": []}, {"author": "@KraftFamily", "comment": "Thank you again Mark! Videos like this are so great for the community. You are adding so much value to peoples\u2019 lives simply through your education and experience. These are the type of lessons that hopefully can reach more people so that future generations and our society as a whole can prosper.", "likes": 2, "published_at": "2022-02-25T21:01:28Z", "sentiment": 0.9434, "entities": []}, {"author": "@JasonMGrainger", "comment": "I live in a city, Where Judy LaMarsh was from and have been in the building named after her. To see what she was able to accomplish is good", "likes": 0, "published_at": "2022-02-25T18:50:23Z", "sentiment": 0.6908, "entities": []}, {"author": "@RC-xm4lj", "comment": "It is too easy to say \"you should save more and have the focus be on the individual\". The reality is our traditional education system teaches us to be employee and does not teach us anything about personal finance, taxes, accounting or any of the countless fundamental financial skills needed to manage your own retirement. If everybody was taught to be financially intelligent, we would have no employees because everyone would become independent contractors handling their own finances. This world is already starting to transition this reality and the line between employee and independent contractor are already being blurred. This is why the middle class is dying. In this world, the richer keep getting richer because of compounding wealth and the poor keep getting poorer because expenses outpace wages.", "likes": 5, "published_at": "2022-02-25T18:03:06Z", "sentiment": 0.9062, "entities": []}, {"author": "@brickman_", "comment": "I just checked my expected CPP at 70. Anyone know if the amount is in today's dollars?", "likes": 0, "published_at": "2022-02-25T15:47:06Z", "sentiment": 0.0, "entities": ["CPP"]}, {"author": "@saraht.8049", "comment": "Brendan, having your dad join your channel is not only genius, but also going to save a generation of millennials who do not have the benefit of a parent to show them the way.\n\nThank you!!!", "likes": 25, "published_at": "2022-02-25T15:38:26Z", "sentiment": 0.7786, "entities": []}, {"author": "@CanuckDividends", "comment": "Good video Marc.  Lots of good info.   I only wish that I had started investing earlier in life and invested smarter when I did start. Gotta do the best that I can now and in the future", "likes": 0, "published_at": "2022-02-25T15:35:45Z", "sentiment": 0.9403, "entities": []}, {"author": "@juanperez-gh8bl", "comment": "Gran video Marc, esa es la raz\u00f3n porque comenc\u00e9 a invertir! Siempre necesitamos dinero y yo no quiero trabajar hasta los 80! Todas las personas necesitan incrementa tus ganancias, evita demasiados gastos e invierte el dinero, podemos disfrutar ahora, por supuesto, pero tratando de ahorrar lo m\u00e1s posible. \n\n\"Great video Marc, that's the reason because I started to invest! We need always money and I don't want to work until 80! All of the people need increase your profits, avoid too many expenses and invest the money, we can enjoy now, of course, but trying to save as much as possible.\"", "likes": 0, "published_at": "2022-02-25T14:15:45Z", "sentiment": 0.8862, "entities": ["trabajar hasta los"]}, {"author": "@nighatnaqi6797", "comment": "Sorry but missed the point of this video.Not clear to me at least...", "likes": 0, "published_at": "2022-02-25T12:41:28Z", "sentiment": 0.1154, "entities": []}, {"author": "@roberttaylor3594", "comment": "Are you saying the bottom 20% is not saving for retirement because of cpp etc? I have been in that lower 20% and it\u2019s meeting day to day needs.  I needed that $200 a month for food and rent, no room for a retirement plan, as important as I knew that was.  I agree we can all do better, but it is just not always possible.", "likes": 0, "published_at": "2022-02-25T10:20:11Z", "sentiment": 0.2263, "entities": []}, {"author": "@TubeDeviant", "comment": "Great video, and a good reality check. \n\nI do feel that another part of the story is fractional reserve banking and how it creates the debt that exists, the inflation that exists is also critical as a reminder because I would say a lot of people aren't conscious of it. Then there's the largest wealth transfer in history that happened during the pandemic. It wasn't by accident. \n\nPeople can still make it, and I say that as a person who doesn't have his retirement planned out yet (it's definitely a scary thought and reality), but it's also a fact that a lot of people cannot make it by default. If people who make less than a living wage can't invest anything, are living paycheck to paycheck, while their salaries aren't keeping up with inflation, that also creates other problems in society such as the mental health crisis, drug, alcohol, tobacco addictions, addictions to other vices.. etc. Dysfunction in the family unit where abuse starts to take place. A loss of purpose in life which demoralizes the emotional/psychological self. And of course, it all affects the moral fabric in communities and in society in general. All of this isn't by accident either. \n\nSome people may say that I'm thinking too much into it, but if you ask \"why\" this happens, it comes down to money and the lack of it. I mean a large number of divorces are because of financial problems of some form. People's actions in their daily life are based around money. Of course, there are people who simply waste money, but there's a component of an obsessive compulsive element to that, so it's subjective.", "likes": 0, "published_at": "2022-02-25T07:55:10Z", "sentiment": -0.9764, "entities": []}, {"author": "@BigGroupHug", "comment": "Rate of rent outruns benefits and pension.   BoC is paying banks, with a few middle men taking a vig.", "likes": 1, "published_at": "2022-02-25T05:00:08Z", "sentiment": 0.3818, "entities": []}, {"author": "@anseal5681", "comment": "Ok, CPP doesn't pay out much but you still get GIS if your income is less then ~ $19,000/year for a single person over 65, for a couple it's around $25,000.", "likes": 0, "published_at": "2022-02-25T04:08:58Z", "sentiment": 0.1896, "entities": ["CPP", "GIS"]}, {"author": "@chadferreira6799", "comment": "Thanks again for the knowledge you and you son passes on. Thanks a million$ one day lol. Much love Saskatchewan Canada \ud83c\udde8\ud83c\udde6", "likes": 1, "published_at": "2022-02-25T04:03:31Z", "sentiment": 0.9153, "entities": []}, {"author": "@Carol8693", "comment": "THE MOST EYE OPENING ViDEO EVER. I am doing my part !!! Thanks to u two..  and I am doubling down lol my monthly contribution.", "likes": 0, "published_at": "2022-02-25T02:40:22Z", "sentiment": 0.7633, "entities": []}, {"author": "@wbr997", "comment": "Really enjoyed the episode, Marc.  One of the issue with increasing CPP is that it essentially channels money away from people who already save on their own.  More specifically, it reduces the amount they can leave to their beneficiaries.  If you pass away relatively young, and the money is in your RRSP, then your estate pays the applicable taxes and the rest goes to your heirs.  For money in CPP, your estate receives a small payment (I think it is $2,500 and is taxable) and the rest is gone.  So for people who invest on their own without being prompted the increase in CPP is detrimental.", "likes": 169, "published_at": "2022-02-25T02:38:19Z", "sentiment": 0.8932, "entities": ["CPP", "RRSP"]}, {"author": "@jasonduster4721", "comment": "This is a great video.  What happens if you contribute to CPP your whole life and all of sudden you pass away before you retire.  Say for instance you plan to retire at 65 and you pass away at 64, what happens to all those payments you made over the last 40+ years?", "likes": 1, "published_at": "2022-02-25T02:27:58Z", "sentiment": 0.6249, "entities": ["CPP"]}, {"author": "@brielleandquinn3281", "comment": "Ever since Marc gets involved in this channel this becomes more educational then ever before.", "likes": 7, "published_at": "2022-02-25T02:17:28Z", "sentiment": 0.0, "entities": []}, {"author": "@MaxsMotoShop", "comment": "This is a great video I feel everyone in Canada should watch this video and your next video should be about how to protect your savings from inflation and preserve your buying power for your retirement", "likes": 7, "published_at": "2022-02-25T02:15:05Z", "sentiment": 0.7717, "entities": []}, {"author": "@renzenker2526", "comment": "Marc, you have #1 twice in  your timestamp description", "likes": 0, "published_at": "2022-02-25T02:03:39Z", "sentiment": 0.0, "entities": []}, {"author": "@marylambros2149", "comment": "I wish, there was Y-Tube when I was younger...Thanks for the video!", "likes": 7, "published_at": "2022-02-25T02:02:44Z", "sentiment": 0.4574, "entities": []}, {"author": "@renzenker2526", "comment": "? your employer doubles the CPP contribution. \n\nSelf employed have to pay over 10% of their income. over $3500 to CPP! I would rather keep this money and invest it myself!", "likes": 1, "published_at": "2022-02-25T01:59:07Z", "sentiment": -0.2462, "entities": ["CPP", "CPP"]}, {"author": "@sigor2011", "comment": "We can make a law that you need to put money into an investment account that can not be withdrawn till 60... and avoid cpp issues and government bs management. This has been done in other developed countries.", "likes": 2, "published_at": "2022-02-25T01:52:20Z", "sentiment": -0.296, "entities": []}, {"author": "@Talkersofshit", "comment": "I will get $211 per month. A little scary, no?", "likes": 0, "published_at": "2022-02-25T01:22:59Z", "sentiment": -0.5898, "entities": []}, {"author": "@worzelgummage4245", "comment": "I wish my parents educated me about some basic money  - now im older   and started late  I have to catch up.   - for sure im going to educate my Son on the benefits", "likes": 2, "published_at": "2022-02-25T01:20:35Z", "sentiment": 0.765, "entities": []}, {"author": "@mikelmiles", "comment": "Great video Marc. this helps a lot of people, that don't have personal savings and just rely on CPP.", "likes": 5, "published_at": "2022-02-25T01:06:03Z", "sentiment": 0.7964, "entities": ["CPP"]}, {"author": "@chrisdubs121", "comment": "I feel like this was a more important video than the title. I am 27 and have been saving because of this knowledge. The facts have time and time dollar cost averaging into good quality ETFs or stocks will generate income for the future", "likes": 19, "published_at": "2022-02-25T00:58:10Z", "sentiment": 0.7574, "entities": []}, {"author": "@kelleyhaldorson209", "comment": "Thanks Marc.  I am a new investor, was always a saver but of course had no economic education and did think that CPP was a retirement income, also that TFSA and RRSP were just the same type of account as my savings but with a fancy name.  Thanks to you guys, when I started investigating about investments I have been educated, hopefully not too late!  Thankfully I did buy a house so at least some equity has been built up over the last 20 years.", "likes": 0, "published_at": "2022-02-25T00:43:37Z", "sentiment": 0.5919, "entities": ["CPP", "RRSP"]}, {"author": "@brianmcgrath5977", "comment": "For the algorithm", "likes": 2, "published_at": "2022-02-25T00:36:47Z", "sentiment": 0.0, "entities": []}, {"author": "@crazycatvids6346", "comment": "poor planning plain and simple", "likes": 0, "published_at": "2022-02-25T00:33:14Z", "sentiment": -0.4767, "entities": []}, {"author": "@derekcox6531", "comment": "Great episode Marc. So many people are missing knowledge when it comes to CPP and they need to be informed at the youngest age possible!!!. Financial information like this is absolutely needed (and critically so) within our education system. Financial literacy is just necessary if our kids are to be productive and secure in their later years. \ud83d\udc4d\ud83d\udc4d\ud83d\udc4d", "likes": 19, "published_at": "2022-02-25T00:26:01Z", "sentiment": 0.826, "entities": ["CPP"]}, {"author": "@Thomas-hl7cr", "comment": "Always appreciate your videos Mark.  I have many friends who have no pension savings and try to nag them as much as I can go get started ASAP!", "likes": 2, "published_at": "2022-02-24T23:57:13Z", "sentiment": 0.3382, "entities": []}, {"author": "@alreade8477", "comment": "Hi just a comment on the 5.7% contribution. It's a combination of employee and employer so only half is out of pocket (2.85) so need to save more than 4.3. The young folks need to hear this message because they will likely not have access to company pension benefits. I have drummed this in to my 25 year old daughter for a number of years. She is in her last year of university and had worked for the last 8 years. She has accumulated over 25k in her TFSA and learned the habit of saving 10% or more of her pay.", "likes": 5, "published_at": "2022-02-24T23:50:58Z", "sentiment": 0.6908, "entities": []}, {"author": "@ashishbhardwaj170", "comment": "With due respect. Please make short videos. I mean more knowledge with less words.\n\nAlso make videos in points.", "likes": 1, "published_at": "2022-02-24T23:45:45Z", "sentiment": 0.6597, "entities": []}, {"author": "@martinithechobit", "comment": "It'd definitely not enough.", "likes": 0, "published_at": "2022-02-24T23:35:07Z", "sentiment": 0.4019, "entities": []}, {"author": "@beaviswealth", "comment": "\ud83d\udcc8\ud83d\udcda Join The Investing Academy \u27a4 https://bit.ly/theinvestingacademy\n\r\nA lot of Canadians think that the Canada Pension Plan will provide a comfortable retirement for them, but that's not what it's designed to do.\nIn this video, I'll discuss the major things you should be aware of to ensure you are able to prepare properly for your retirement, and the role the CPP will play.\n\r\nThank you to Passiv for sponsoring today's video - https://passiv.com?ref=RGAMTXSUAM\n\r\n#stockmarket #canada #theinvestingacademy", "likes": 16, "published_at": "2022-02-24T23:29:19Z", "sentiment": 0.91, "entities": ["The Investing Academy", "the Canada Pension Plan", "CPP"]}]