[{"author": "@beaviswealth", "comment": "\ud83d\udcc8\ud83d\udcda As always, if you're a beginner to the Stock Market in Canada and you're looking for a step-by-step blueprint on how to get started... Find out more about our Investing Academy here - https://bit.ly/theinvestingacademy", "likes": 9, "published_at": "2021-09-08T17:03:14Z", "sentiment": 0.0, "entities": ["the Stock Market", "Investing Academy"]}, {"author": "@joelm6189", "comment": "I've been considering Brookfield recently, especially their renewables (BEP) and infrastructure (BIP). I'm confused though by which of the ticker options to buy. For example the renewables have BEP. PR.G; PR.M; PR.O and PR.R. I know the PR is preferred but what is best for a non-registered account?", "likes": 0, "published_at": "2022-08-31T22:00:35Z", "sentiment": 0.7311, "entities": ["BEP", "BIP", "BEP", "PR.G", "PR.O"]}, {"author": "@stevek9049", "comment": "Thank you Brandon. A beginner here. Very passionate about canadian business, and I appreciate your videos", "likes": 0, "published_at": "2021-11-17T03:19:28Z", "sentiment": 0.8357, "entities": []}, {"author": "@realTomJones435", "comment": "CARE on Tax most undervalued play in \ud83c\udde8\ud83c\udde6\u2026mom pops got hearts ripped out \u2026.i like it \u2026washed out", "likes": 0, "published_at": "2021-11-03T14:24:49Z", "sentiment": 0.8447, "entities": []}, {"author": "@omidriahi2147", "comment": "NOW on Oct 14, 2021, it's clear that Brandon was right about Cenovus and Aritzia. Good job man", "likes": 0, "published_at": "2021-10-15T00:39:43Z", "sentiment": 0.6705, "entities": ["Cenovus"]}, {"author": "@valveman12", "comment": "Cenovus CVE a near $4 increase since this video... Great pick Brandon.", "likes": 0, "published_at": "2021-10-08T19:20:21Z", "sentiment": 0.7506, "entities": ["Cenovus CVE a near"]}, {"author": "@kevinn1158", "comment": "I've been playing TSU.  This is another Brookfield company that was spun off.  Re: BAM, their weekly MACD crossed so I'm watching to see how far they will pullback.  Real estate in Canada is beyond crazy so yah keep it real.  A good place to buy would be a retest of 60 if it every gets there.  It's a long term support level.  \n\nRe: CVE.  Oil hit it's 76USD resistance. So expect a pullback now.  low 11s?  I had MEG for the first 5 months of 2021.  CVE is just under a long term resistance at 13.78 so be careful.   ;)", "likes": 0, "published_at": "2021-09-30T21:36:16Z", "sentiment": 0.7133, "entities": ["TSU", "MEG", "CVE"]}, {"author": "@kwamehall9576", "comment": "My brother did the husky deal", "likes": 0, "published_at": "2021-09-20T22:13:44Z", "sentiment": 0.0, "entities": []}, {"author": "@noahvanderaa493", "comment": "Can you make a video about where you see FOBI going in the future", "likes": 0, "published_at": "2021-09-17T16:45:51Z", "sentiment": 0.0, "entities": []}, {"author": "@nabeelalmaa2622", "comment": "hi  Brandon, I am quite beginner in the field however would you please talk about the best construction companies stocks in Canada, as I expect a bloom in the housing construction in the next few years with the promises of liberals and cons to build around 1 Million unit.", "likes": 0, "published_at": "2021-09-16T21:32:15Z", "sentiment": 0.8442, "entities": []}, {"author": "@oleandra3759", "comment": "I love a man covered in fur \ud83d\ude01", "likes": 0, "published_at": "2021-09-15T12:12:50Z", "sentiment": 0.6369, "entities": []}, {"author": "@ppi57", "comment": "Thanks Brandon, don't let the uranium plays slip by ;)", "likes": 0, "published_at": "2021-09-12T22:17:34Z", "sentiment": 0.7003, "entities": []}, {"author": "@lanceroberts1066", "comment": "What do you think of Canadian Airlines?", "likes": 0, "published_at": "2021-09-12T20:58:35Z", "sentiment": 0.0, "entities": ["Canadian Airlines"]}, {"author": "@mialomit", "comment": "People looking at fundamentals and balance sheets in this environment makes me laugh \ud83d\ude02 \ud83d\ude02\ud83d\ude02", "likes": 0, "published_at": "2021-09-12T20:11:33Z", "sentiment": 0.5574, "entities": []}, {"author": "@magradwan2516", "comment": "Love it man ..Now , BAM is on my radar..I never thought about it , but after some research after watching your video , I was astonished with their performance and their tack record ..A very good quity company \ud83d\udc4c  ..Thanks a lot ..keep up the good the work !", "likes": 0, "published_at": "2021-09-12T17:38:27Z", "sentiment": 0.942, "entities": ["BAM"]}, {"author": "@sgtSYKE", "comment": "(16:37) People's Republic of China companies listed in the U.S. stock exchange: https://youtu.be/RpwtZLzDM_o?t=356", "likes": 0, "published_at": "2021-09-12T14:33:52Z", "sentiment": 0.0, "entities": []}, {"author": "@fredfrond6148", "comment": "I have owned CVE but this is the end of oil in my opinion.  Lithium is the new oil in my opinion.  I have since bought the the Chinese car and battery manufacturer BYD because they make the lithium ferrous (iron) phosphate blade battery.  I also own Tesla.  Which brings me to my next point.  There are companies out there which plough money into R&D and appear to make no profit but have big and GROWING CASG FLOWS.  Tesla, palantir, Amazon (when it built out AWS from 2003 to now), apple (even now compare its cars flow to its net income)\u2026. The list goes on.  Would love to get your opinion.", "likes": 0, "published_at": "2021-09-12T13:58:21Z", "sentiment": 0.9193, "entities": ["BYD", "Tesla", "Tesla", "Amazon"]}, {"author": "@torenatkinson1986", "comment": "I'd be interested to know what green Canadian energy companies you would recommend. I'd like to get into investing but I dont want to support any fossil fuels, and it's quite difficult to find options", "likes": 0, "published_at": "2021-09-12T06:39:53Z", "sentiment": -0.4605, "entities": []}, {"author": "@MDDIRECT", "comment": "Thanks for the great video, but im worried that these oil and gas companies will struggle after the Canadian elections, seeing that all party leaders are campaigning to put a cap on the production of gas vehicles as well as adding higher carbon taxes..\nUnless conservative wins, then his plan for the trans mountain pipeline project would probably be a great boast for companies like this, as well as Enbridge\nBrandon, whats you take on this? Wouldn't we be better off looking for clean energy companies since its the near future boom?", "likes": 0, "published_at": "2021-09-11T19:54:37Z", "sentiment": 0.9776, "entities": ["Enbridge"]}, {"author": "@caroldanson5476", "comment": "Thank you for your suggestions", "likes": 0, "published_at": "2021-09-11T17:48:13Z", "sentiment": 0.3612, "entities": []}, {"author": "@BaldevSingh-bo7mi", "comment": "Brandon,can u pls analyze Veillion energy (Vet)", "likes": 3, "published_at": "2021-09-11T07:09:20Z", "sentiment": 0.34, "entities": []}, {"author": "@danielduan2134", "comment": "Idiot! Any investment in China will be sunk!", "likes": 0, "published_at": "2021-09-11T00:59:47Z", "sentiment": -0.5972, "entities": []}, {"author": "@meetjozo7993", "comment": "Brandon I am surprise you didnt include AT.TO. This is stock that has huge growth potential. Please look at their financials I am wondering if you share my opinion. Thank you!", "likes": 1, "published_at": "2021-09-11T00:15:51Z", "sentiment": 0.906, "entities": []}, {"author": "@amandaleen6735", "comment": "Hunk of meat he says!  Lol!  Love it!", "likes": 0, "published_at": "2021-09-11T00:15:26Z", "sentiment": 0.8349, "entities": []}, {"author": "@dariroch", "comment": "I\u2019m long on SU, CVE and MEG.  Have been in since last March and I\u2019ve been super happy so far. CNQ has been a super stud for my wife\u2019s portfolio as well.", "likes": 0, "published_at": "2021-09-10T23:38:38Z", "sentiment": 0.9274, "entities": ["CVE", "MEG", "CNQ"]}, {"author": "@quintomactv", "comment": "Hey Brandon, Would you rather put all your stocks in TFSA first? or Have some in personal account?", "likes": 0, "published_at": "2021-09-10T21:48:06Z", "sentiment": 0.0, "entities": []}, {"author": "@0043fasteddy", "comment": "Almost bought Bam back in February when I started my dividend portfolio instead went with Brookfield infrastructure Bip.un.\n Should have bought both.", "likes": 0, "published_at": "2021-09-10T20:32:44Z", "sentiment": 0.0, "entities": []}, {"author": "@drunkedupdiver", "comment": "exro", "likes": 0, "published_at": "2021-09-10T17:41:47Z", "sentiment": 0.0, "entities": []}, {"author": "@zakedmonds4354", "comment": "Haha intro had me laughing... 'Im not just a hunk of meat, but I guess I am so here we go!'... Lol your top-notch man. From Victoria, BC", "likes": 0, "published_at": "2021-09-10T16:40:51Z", "sentiment": 0.7177, "entities": ["BC"]}, {"author": "@GR-ye7bd", "comment": "I listen for educational purposes 100%. The stock advise is a bonus but still have to due diligence and I have to believe in the company so its a side note.", "likes": 1, "published_at": "2021-09-10T14:45:29Z", "sentiment": 0.3071, "entities": []}, {"author": "@bilalfa1993", "comment": "can you please do a review on national bank of canada platform. Apparently its free commission to USD and CAD stocks", "likes": 0, "published_at": "2021-09-10T14:41:16Z", "sentiment": 0.6808, "entities": ["national bank of canada", "CAD"]}, {"author": "@AgnesPelletier", "comment": "I'd really like to see stock valuations strategies videos and how to choose between ETF bonds that have similar holdings", "likes": 2, "published_at": "2021-09-10T02:32:43Z", "sentiment": 0.4201, "entities": ["ETF"]}, {"author": "@Mnogarithm", "comment": "Brandon bud you're covered in dog/cat hair haha", "likes": 1, "published_at": "2021-09-09T23:51:02Z", "sentiment": 0.4588, "entities": []}, {"author": "@alexschiller3967", "comment": "You're completely in line with my thoughts on Brookfield. Very hard to analyze, but the track record and management is impeccable.", "likes": 0, "published_at": "2021-09-09T23:18:58Z", "sentiment": -0.0891, "entities": []}, {"author": "@cougarangel123", "comment": "Awww Brandon I appreciate your different content. I'm still a beginner at this point and I'm going over some of the older videos to educate myself. I still have to learn more about \"investment terminology\", but I would love to learn where everyone finds info about companies to invest in. I know about TD, BMO, RBC ect., but I've never even heard of the two companies mentioned in this video. Does everyone just do a general google search under a certain industry and then find company names to read up on? Anyways thanks Brandon, you are greatly appreciated :)", "likes": 0, "published_at": "2021-09-09T21:08:03Z", "sentiment": 0.9763, "entities": ["TD", "BMO", "RBC"]}, {"author": "@kahleedmiller336", "comment": "Cenovus has cut their dividends 4x in the last 10yrs. Proceed with caution.", "likes": 0, "published_at": "2021-09-09T20:36:50Z", "sentiment": -0.2732, "entities": ["Cenovus"]}, {"author": "@RAIIYN", "comment": "I regret not buying more cenovus when I got in at $2-3, when oil was getting beat down \ud83e\udd26\u200d\u2642\ufe0f. The fud got to me", "likes": 0, "published_at": "2021-09-09T19:13:48Z", "sentiment": -0.5994, "entities": []}, {"author": "@alexandrapintea6053", "comment": "This was great! ty", "likes": 0, "published_at": "2021-09-09T19:05:34Z", "sentiment": 0.7901, "entities": []}, {"author": "@blackknight1427", "comment": "So your going to break your golden rule anyway concerning BAM ? With the stock price at a 52 week high which is double since last year, I would reconsider. It only has a stock price upside of 4.2% this coming year plus the dividend is less than 1% at 0.92%. compare this to a competitor like the royal bank which pays a dividend of 3.4% & an upside price target of 31.96%. Bam has a projected earnings growth of 7.83% and it's PE Ratio is 31.89 while the sector is at 14.38. Price to book is good at 0.71 and Price to sales is good at 1.4 while forward PE is 25.82 ? Net income was -134m while the royal bank was 8.5B. RB has a price to sales of 3.22 and a return on equity of 18.54% compared to Bam at 2.43%. Bam is also more volatile at a beta of 1.25 compared to RB at 0.97. Food for thought \ud83e\udd2b", "likes": 0, "published_at": "2021-09-09T18:36:42Z", "sentiment": 0.8823, "entities": ["BAM", "the royal bank", "PE Ratio", "PE", "RB", "RB"]}, {"author": "@jeffc9119", "comment": "Lol yup nice hunk of meat with penetratingly useful stock tips, not just the tip\ud83d\ude06", "likes": 0, "published_at": "2021-09-09T16:58:56Z", "sentiment": 0.8176, "entities": []}, {"author": "@dcosta1978", "comment": "Hunk of meat lmao, sounds like it\u2019s just a lot of people wanting you to do their homework for them", "likes": 0, "published_at": "2021-09-09T16:46:31Z", "sentiment": 0.7506, "entities": []}, {"author": "@TamerAzizz", "comment": "Brookfield is a straight gem. Dope video, Brandon!", "likes": 4, "published_at": "2021-09-09T15:03:29Z", "sentiment": 0.2942, "entities": []}, {"author": "@jamesbainton", "comment": "There is never a bad time to buy BAM.  It is my largest position and best performing stocks!", "likes": 0, "published_at": "2021-09-09T14:42:04Z", "sentiment": 0.8096, "entities": ["BAM"]}, {"author": "@pinkcandystripes", "comment": "I voted for education content but i\u2019m still happy because you packed a ton of education in how you picked these stocks so i\u2019m still learning! Thank you!", "likes": 0, "published_at": "2021-09-09T13:44:09Z", "sentiment": 0.8715, "entities": []}, {"author": "@MG-og5gf", "comment": "New office looking nice \ud83d\udc4c", "likes": 0, "published_at": "2021-09-09T09:16:17Z", "sentiment": 0.4215, "entities": []}, {"author": "@stevele5858", "comment": "I came to your channel because of the educational content. If you decided to go with the stock picking route then I might have to unsub", "likes": 0, "published_at": "2021-09-09T04:25:43Z", "sentiment": 0.0, "entities": []}, {"author": "@lokintpk10", "comment": "Hi! Brandon, Missing your regular music..I really like that music.", "likes": 0, "published_at": "2021-09-09T02:53:40Z", "sentiment": 0.2228, "entities": []}, {"author": "@shawnb7674", "comment": "You're not just a hunk of meat. Lots of love from Ottawa", "likes": 0, "published_at": "2021-09-09T02:21:19Z", "sentiment": 0.6369, "entities": []}, {"author": "@Adrian-cn5rk", "comment": "Although I didn't vote for this (I voted  for more father/son videos) I still appreciate it! Also, I wouldn't mind seeing the US stock picks!", "likes": 0, "published_at": "2021-09-09T01:28:58Z", "sentiment": 0.508, "entities": []}, {"author": "@therealant4844", "comment": "Can you make a video on how to do research on a stock for beginners? Like where exactly do we begin what stats do we look for etc", "likes": 0, "published_at": "2021-09-09T00:47:40Z", "sentiment": 0.3612, "entities": []}, {"author": "@mohammadpourmohammadbagher852", "comment": "Wonder if we can have a analysis video about Nikola please sometime?", "likes": 0, "published_at": "2021-09-09T00:46:22Z", "sentiment": 0.3182, "entities": []}, {"author": "@TemujinBC", "comment": "Let's be honest.  Marc is the \"hunk\" of meat in this channel\n\n:P  :D", "likes": 2, "published_at": "2021-09-09T00:40:22Z", "sentiment": 0.8877, "entities": []}, {"author": "@kelleyhaldorson209", "comment": "Stock picks are ok? I guess.  I really like our education video's myself but I would love to learn of a good way to invest in commodities for diversification purposes.  Do you have any picks for those as it helps to diversify with equities and bonds and commodities?  Thanks for your work Brandon(and Marc) you have the best Canadian investing channel.", "likes": 2, "published_at": "2021-09-09T00:35:20Z", "sentiment": 0.9809, "entities": []}, {"author": "@gush5465", "comment": "Thank you Brandon for this video! Brookfield is a great company for sure but Cenovus is a rocky business specially when I see their dividends it's like a rollercoaster and I believe you should invest in companies that have increased their dividends for a minimum of 5 years for me I would rather put my money in TRP or ENB because they're like utilities not a producer.", "likes": 1, "published_at": "2021-09-08T23:49:42Z", "sentiment": 0.9245, "entities": ["TRP"]}, {"author": "@willkeen5010", "comment": "Not a piece of meat Brandon, viewers just value your thoughts \ud83d\ude4f", "likes": 14, "published_at": "2021-09-08T23:41:16Z", "sentiment": 0.34, "entities": ["\ud83d\ude4f"]}, {"author": "@unnecessary982", "comment": "Bam  already all time high", "likes": 1, "published_at": "2021-09-08T23:40:00Z", "sentiment": 0.0, "entities": []}, {"author": "@TooGoodMann", "comment": "I don't personally own any BAM, mostly because I don't like their exposure to the commercial real estate, insurance, and industrials industries. I do however own both BIP (infrastructure partners) and BEP (renewables), and love them. I see them as amazing long-term holds, with decent dividends paid throughout.", "likes": 0, "published_at": "2021-09-08T23:20:49Z", "sentiment": 0.7839, "entities": ["BAM", "BIP", "BEP"]}, {"author": "@RG-gq3sh", "comment": "Love this segment Brandon!  I like how your channel has so much variety in your content. Both solid stock suggestions.", "likes": 0, "published_at": "2021-09-08T23:04:21Z", "sentiment": 0.8221, "entities": []}, {"author": "@knightcore8378", "comment": "Do you use Norbert's gambit to save money when buying US stocks?", "likes": 1, "published_at": "2021-09-08T23:02:28Z", "sentiment": 0.4939, "entities": []}, {"author": "@roberttaylor3594", "comment": "Cenovus seems like a good thing to get into early, since they are actually executing their plan. Not speculative; its a solid growth option. hmmm. I already own SU, MMP, PPL, ENS, and EQNR...so kinda heavy in 'oil\" right now.", "likes": 5, "published_at": "2021-09-08T22:50:01Z", "sentiment": 0.7399, "entities": ["Cenovus", "SU", "PPL", "ENS", "EQNR"]}, {"author": "@rosedsouza427", "comment": "Would love to learn more about how you pick a stock to buy and more educational content on investing.", "likes": 8, "published_at": "2021-09-08T22:43:35Z", "sentiment": 0.6369, "entities": []}, {"author": "@roberttaylor3594", "comment": "I like Brookfield EVERYTHING. I did well on BEP.Un for several years and BEPC with the share splits, etc last year, and BPY.UN...which BAM bought.  I sold BEPC-BEP.UN as they were falling earlier this year and BPY.Un as they were being bought... so I dont have any Brookfield right now, but anything brookfield is high on my watch list.  Brandon is making me want to buy some TODAY! LOL.", "likes": 0, "published_at": "2021-09-08T22:42:29Z", "sentiment": 0.8459, "entities": ["BAM", "LOL"]}, {"author": "@chadinvesting-stockscrypto1333", "comment": "Damn Brookfield is 112b lol. Crazy but probably not as crazy as seeing Visa as 500b \ud83d\ude02. Great education video as always brandon.", "likes": 0, "published_at": "2021-09-08T22:25:46Z", "sentiment": 0.8203, "entities": ["Visa"]}, {"author": "@bestknightmare", "comment": "CNA you talk about lspd and nvei It's not covered anywhere else", "likes": 0, "published_at": "2021-09-08T22:19:38Z", "sentiment": 0.0, "entities": ["CNA"]}, {"author": "@maxh1013", "comment": "I honestly would love tutorials or examples on how to really dissect a companies balance sheet and other fundamental analysis techniques", "likes": 98, "published_at": "2021-09-08T22:17:23Z", "sentiment": 0.802, "entities": []}, {"author": "@steffzq", "comment": "We love all of your videos!! The mix is always nice!", "likes": 1, "published_at": "2021-09-08T21:56:02Z", "sentiment": 0.8349, "entities": []}, {"author": "@commoner9835", "comment": "I had a suggestion for an 'other' subject you could tackle - and that is how you (and your dad!) approach the market psychology of being in a pretty frothy market right now. I know you aren't a swing trader or anything like that, but how do you deal with the temptation to take profits now after such great gains over the last year.", "likes": 1, "published_at": "2021-09-08T21:20:01Z", "sentiment": 0.9497, "entities": []}, {"author": "@mariacalma2535", "comment": "Awesome stocks pick..", "likes": 0, "published_at": "2021-09-08T21:13:35Z", "sentiment": 0.6249, "entities": []}, {"author": "@jcpcga", "comment": "Would love to hear more about your US stock picks!", "likes": 3, "published_at": "2021-09-08T20:59:57Z", "sentiment": 0.6696, "entities": []}, {"author": "@paob7580", "comment": "I like ur other vids too!", "likes": 0, "published_at": "2021-09-08T20:55:07Z", "sentiment": 0.4199, "entities": []}, {"author": "@MrMonozzz", "comment": "do you have a cat? ;)", "likes": 1, "published_at": "2021-09-08T20:35:39Z", "sentiment": 0.2263, "entities": []}, {"author": "@streetsmarts404", "comment": "Brandon please do an update on Tencent, Baba and DiDi please", "likes": 1, "published_at": "2021-09-08T20:35:24Z", "sentiment": 0.5574, "entities": []}, {"author": "@rp5339", "comment": "Thanks I own about 20000 dollars of shares since 2015. I have been bleeding red but now it's time to reap the rewards.", "likes": 0, "published_at": "2021-09-08T20:02:28Z", "sentiment": 0.7717, "entities": []}, {"author": "@seth3461", "comment": "Love your work! We enjoy the discussion videos with your dad, but this content never grows old as the market fluctuates constantly and we look for new options every month :)", "likes": 2, "published_at": "2021-09-08T19:45:59Z", "sentiment": 0.8398, "entities": []}, {"author": "@jcabral6231", "comment": "A handsome chunk of meat...lol", "likes": 1, "published_at": "2021-09-08T19:11:44Z", "sentiment": 0.4939, "entities": []}, {"author": "@yankeesnguyen9147", "comment": "Great video! It is amazing hearing you break down and analyze the finances of different companies, as well the management outlook. Something not too commonly found on youtube. I can definitely say your channel has taught me a lot about investing and analyzing companies. \n\nI discovered National Bank has recently introduced no commission fee trading on Canadian/U.S. stocks & ETFs and would love to hear your review about the platform. \n\nKeep up the great content!", "likes": 0, "published_at": "2021-09-08T18:47:11Z", "sentiment": 0.9656, "entities": ["National Bank", "Canadian/U.S. stocks & ETFs"]}, {"author": "@davea1831", "comment": "I'm very bullish on FTS", "likes": 1, "published_at": "2021-09-08T18:38:21Z", "sentiment": 0.0, "entities": ["FTS"]}, {"author": "@seolfor4797", "comment": "Great choices Brandon!! \nI got into Cenovus in May 2020 after the market crash - I\u2019ve made 400% returns since then !", "likes": 1, "published_at": "2021-09-08T18:12:44Z", "sentiment": 0.5067, "entities": []}, {"author": "@fomalhaut4", "comment": "BAM.A is possibly the best stock in the TSX60 people have never heard of. However, due to its complexity, it is more fit for advanced investors. Just my 2 cents but at the minimum, BAM.A is best kept in a RRSP account to reduce downstream taxation headache (e.g. try to figure out all the occasional spinoffs).", "likes": 2, "published_at": "2021-09-08T18:12:32Z", "sentiment": 0.8985, "entities": ["RRSP"]}, {"author": "@jonathangayas", "comment": "Just want to say dont be sad, and what makes you better than other content creators with regards to \"stocks to buy\" videos is the great detail and analysis that goes behind each stock. The videos are tailored in such a way that it's not like those motley articles that are click bait heavy and recycle lines to convince users on what to buy. It feels like personally, your videos are more thought provoking and makes me research more about a stock you recommended rather than just blindly following your recommendations, which I feel like other youtubers treat their audiences. Keep up the great work!", "likes": 2, "published_at": "2021-09-08T18:02:18Z", "sentiment": 0.9237, "entities": []}, {"author": "@History_Camel", "comment": "Lolololol \u2018I\u2019m not just a hunk of meat to pick stocks\u201d Lolol", "likes": 1, "published_at": "2021-09-08T18:00:13Z", "sentiment": 0.0, "entities": []}, {"author": "@elainezhu7780", "comment": "hi Brandon, when you mention core investment in your portfolio, you listed TD, and BMO, I wonder is there a reason you prefer those two out of other major banks like RBC? Just curious. Thank you! :)", "likes": 12, "published_at": "2021-09-08T17:54:49Z", "sentiment": 0.8622, "entities": ["TD", "BMO", "RBC"]}, {"author": "@stephennichol3620", "comment": "I like your stock pick videos but I would be interested on research videos as well.  For example make a video looking at comparing 5 different companies and deciding which one is a buy", "likes": 5, "published_at": "2021-09-08T17:51:11Z", "sentiment": 0.7876, "entities": []}, {"author": "@JustInvestToday", "comment": "I hope BAM crashes so i can get into it at a better price :(", "likes": 2, "published_at": "2021-09-08T17:49:33Z", "sentiment": 0.4404, "entities": ["BAM"]}, {"author": "@ab.4425", "comment": "Great picks buddy!! I own myself CVE!! Thank you so much for all the info bud!!", "likes": 0, "published_at": "2021-09-08T17:45:25Z", "sentiment": 0.8302, "entities": []}, {"author": "@NoobBoobie", "comment": "I made a learning mistake with Cenovus. I learnt they bought out husky and loved them, saw them rise very sharply and Opac isn't trustful and dividend cut. I took profit due to fear. Bam! continues without a hitch, live and learn. Don't time the market, hold strong.", "likes": 4, "published_at": "2021-09-08T17:44:14Z", "sentiment": 0.2819, "entities": ["Cenovus"]}, {"author": "@davidchen5661", "comment": "Thanks. Don\u2019t have time now, just to thumb up first, will watch later", "likes": 0, "published_at": "2021-09-08T17:39:26Z", "sentiment": 0.4404, "entities": []}, {"author": "@priyalata7592", "comment": "Can you do US stock next? Thanks", "likes": 2, "published_at": "2021-09-08T17:37:17Z", "sentiment": 0.4404, "entities": []}, {"author": "@chadpenton2071", "comment": "haha judging by that shirt, someone lives with a cat or dog :)\n\nAwesome that I only seen the poll last night and you're here with a video for the people already.  Nicely done!  We appreciate it.  Fingers crossed we end the year strong coming up to the last quarter.", "likes": 15, "published_at": "2021-09-08T17:27:31Z", "sentiment": 0.9601, "entities": []}, {"author": "@annehenderson7911", "comment": "Thank you.", "likes": 0, "published_at": "2021-09-08T17:23:00Z", "sentiment": 0.3612, "entities": []}, {"author": "@cesardrudi8238", "comment": "Oi mr chunk of meat! Give me stock picks...but seriously give me stock picks! =)", "likes": 3, "published_at": "2021-09-08T17:21:38Z", "sentiment": 0.4738, "entities": []}, {"author": "@ssss6572", "comment": "Nah man, I listen to you for educational purposes as well. Even on videos where you\u2019re recommending stocks, I learn a lot from the DD you provide. Keep up the good content!", "likes": 37, "published_at": "2021-09-08T17:19:22Z", "sentiment": 0.5983, "entities": []}, {"author": "@tylerwilson6842", "comment": "Another Great video! I've held Brookfield for some time now and the growth has been awesome. Keep up the amazing work and much love from Peterborough, Ontario", "likes": 3, "published_at": "2021-09-08T17:19:03Z", "sentiment": 0.9642, "entities": []}, {"author": "@beatrizjumawan8884", "comment": "Perfect timing! Putting these stocks on my watchlist and waiting for pull back. Thank you Brandon and team!", "likes": 0, "published_at": "2021-09-08T17:10:18Z", "sentiment": 0.7772, "entities": []}, {"author": "@pwong0227", "comment": "All Brookfield stocks like Bam, Bepc, Bamr, Bipc, Bpy  are good to hold long term...Bepc have been lagging in the renewable sectors.", "likes": 2, "published_at": "2021-09-08T17:09:43Z", "sentiment": 0.5106, "entities": []}, {"author": "@davidjr1365", "comment": "Stock reviews would be amazing as well. Specifically showing research for particular companies would be very informative", "likes": 1, "published_at": "2021-09-08T17:09:07Z", "sentiment": 0.7096, "entities": []}, {"author": "@a1738k", "comment": "No one makes better TSX stock picks than you, that's why everyone loves those videos.", "likes": 18, "published_at": "2021-09-08T17:09:07Z", "sentiment": 0.6597, "entities": ["TSX"]}]