[{"author": "@beaviswealth", "comment": "Hey everyone! I'd like to correct a statement I made in my recent Questrade Review Video - https://youtu.be/FTpYkbDRgFo. I spoke about the support being slow but it seems like they've TOTALLY ramped it up!!! Thank you to everyone in the comments who shared the new information for me. \n\nGet $50 in commission-free trades with Questrade - https://www.questrade.com/campaigns/qbaffl50t102?refid=ayiice9l\n\n\ud83d\udcc8\ud83d\udcda As always, if you're a beginner to the Stock Market in Canada and you're looking for a step-by-step blueprint on how to get started... Find out more about our Investing Academy here - https://bit.ly/theinvestingacademy", "likes": 3, "published_at": "2021-04-26T19:21:18Z", "sentiment": 0.9241, "entities": ["Questrade Review Video - https://youtu.be/FTpYkbDRgFo", "the Stock Market", "Investing Academy"]}, {"author": "@Tarapeutic", "comment": "they stepped up their game. I totally noticed a difference as well the last two times i needed help, it was nearly immediate!! before it was like 99 every single time lol", "likes": 0, "published_at": "2021-05-05T15:28:57Z", "sentiment": 0.8652, "entities": []}, {"author": "@bananahead44", "comment": "I haven't got through once in the last few weeks after waiting several times for over 30 minutes.", "likes": 0, "published_at": "2021-05-05T06:43:12Z", "sentiment": 0.0, "entities": []}, {"author": "@MrJamesDaniels", "comment": "I use Questrade myself. I have been quite satisfied with it! I have also signed up with TD too. It looks pretty good too. But, I try to stretch the dollars so I like Questrade\u2019s lower fees.", "likes": 0, "published_at": "2021-05-03T20:07:26Z", "sentiment": 0.7618, "entities": ["TD"]}, {"author": "@corrosivefeedback", "comment": "I just noticed the other day myself for a Norbert's Gambit request how fast I connected. Hope it stays this way! Better than the 3 hours I used to have to wait", "likes": 0, "published_at": "2021-05-02T04:06:30Z", "sentiment": 0.7263, "entities": []}, {"author": "@joeindo9174", "comment": "they must have heard my complaints on reddit lol", "likes": 0, "published_at": "2021-04-29T15:57:57Z", "sentiment": 0.0258, "entities": []}, {"author": "@jaymin68", "comment": "My housemate works for questrade as an online support agent. I showed this to him and he was so happy. He said that it's his colleague who was helping you!", "likes": 6, "published_at": "2021-04-27T20:33:42Z", "sentiment": 0.873, "entities": []}, {"author": "@Tameika", "comment": "Agreed! They're also super friendly too", "likes": 2, "published_at": "2021-04-27T18:07:54Z", "sentiment": 0.8588, "entities": []}, {"author": "@CanadianDividendInvesting", "comment": "Very cool stuff man, definitely looking into making a questrade account to buy and sell us stocks", "likes": 3, "published_at": "2021-04-27T14:11:32Z", "sentiment": 0.6478, "entities": []}, {"author": "@charlesburry7898", "comment": "how much did they pay you \ud83d\ude2d\ud83d\ude2d\ud83d\ude2d \ud83d\ude02 hahahha I'm joking =", "likes": 1, "published_at": "2021-04-27T13:32:04Z", "sentiment": 0.128, "entities": []}, {"author": "@speedyfeint", "comment": "the biggest con with questrade is not their customer service... it's their commission fees, especially if you want to sell cash secured puts or covered calls like me.. questrade will rip you off while my american friends make fortunes with zero commission platforms like robinhood...", "likes": 1, "published_at": "2021-04-27T06:43:12Z", "sentiment": 0.885, "entities": []}, {"author": "@SanchitGangar", "comment": "Brandon? Why is no kne talking about prices of Lumber & stocks\n RFP.TO, CFP.TO and WFG.TO are trading at crazy prices? Why no videos on this topic?", "likes": 1, "published_at": "2021-04-27T05:11:26Z", "sentiment": -0.7461, "entities": ["Lumber &"]}, {"author": "@kamikazee728", "comment": "Quick response does not equate to good service.  Biggest issue I have with Questrade is the repeat issues on incorrect ave cost basis when my spacs merged and had the ticker change.  Had I not been keeping a record, my ave cost basis would have always been wrong.  It happened to me twice wherein my cost became the current cost after ticker change, when it should have been the cost i bought pre-merger. This is a big red flag for me and makes me think if there are other incorrect data in my account.", "likes": 1, "published_at": "2021-04-27T04:56:59Z", "sentiment": -0.6711, "entities": []}, {"author": "@BrittaWang", "comment": "I recently did Norbert's gambit with Questrade, they responded pretty fast.", "likes": 3, "published_at": "2021-04-27T02:24:53Z", "sentiment": 0.4939, "entities": []}, {"author": "@Victoria-rw7zt", "comment": "I think they used to be really really slow so you were correct.  It\u2019s only recently they speeded things up", "likes": 2, "published_at": "2021-04-27T00:39:59Z", "sentiment": 0.0, "entities": []}, {"author": "@Flipo_99", "comment": "I can confirm I've chatted twice with almost no delay. Before, I had to wait more than 25 min sometimes!", "likes": 4, "published_at": "2021-04-27T00:19:44Z", "sentiment": -0.4974, "entities": []}, {"author": "@Grognon", "comment": "Funny thing ; I actually contacted them TODAY and had the exact same experience as you did. Last time I did in March, waited 2.5 hrs so... Something happened for sure!", "likes": 3, "published_at": "2021-04-26T23:11:24Z", "sentiment": 0.6696, "entities": []}, {"author": "@ShihabPersonalFinance", "comment": "Time means nothing if they cant help you", "likes": 4, "published_at": "2021-04-26T22:58:56Z", "sentiment": -0.3089, "entities": []}, {"author": "@chiragkamath8295", "comment": "The only updated they need now is an app revamp! Their app looks outdated when comparing with competitors like wealthsimple which is much more interactive IMO.", "likes": 2, "published_at": "2021-04-26T22:13:33Z", "sentiment": 0.4199, "entities": []}, {"author": "@ab.4425", "comment": "Thanks bud!!", "likes": 2, "published_at": "2021-04-26T21:56:54Z", "sentiment": 0.5399, "entities": []}, {"author": "@joannatran3608", "comment": "Hope this is true cuz I\u2019ve waited over 90 mins before...", "likes": 2, "published_at": "2021-04-26T21:48:24Z", "sentiment": 0.6908, "entities": []}, {"author": "@luisdemetrio3053", "comment": "Do the same test for Wealth Simple now. Thx", "likes": 2, "published_at": "2021-04-26T21:14:27Z", "sentiment": 0.6908, "entities": []}, {"author": "@auttrs5672", "comment": "Bruh I got a wealthsimple ad on this", "likes": 4, "published_at": "2021-04-26T21:02:19Z", "sentiment": 0.0, "entities": []}, {"author": "@davidrankin8880", "comment": "I was surprised when you mentioned that in that video! I spoke with the Questrade chat about a week ago about transferring some stocks from another broker to my Questrade RSP and it took maybe not even 2 minutes tops. And the rep wasn't in a rush and answered all my questions for probably almost 10 minutes. The crazy wait times might have been during peak moments like the GME stuff or March-April 2020.... Dunno!", "likes": 3, "published_at": "2021-04-26T20:49:42Z", "sentiment": -0.3151, "entities": ["GME"]}, {"author": "@xiaosin", "comment": "I did a Norbert gambit this morning. There were 7 people in front of me. Waited for less than a minute.\nThey did cut down on their wait time in their online chat.", "likes": 2, "published_at": "2021-04-26T20:27:06Z", "sentiment": -0.2732, "entities": []}, {"author": "@GurpreetSingh-vf7jw", "comment": "Commission fee is tooo much", "likes": 4, "published_at": "2021-04-26T20:16:51Z", "sentiment": 0.0, "entities": []}, {"author": "@canadiandividendgrowthinve3213", "comment": "\ud83d\udc4c", "likes": 2, "published_at": "2021-04-26T20:04:10Z", "sentiment": 0.0, "entities": []}, {"author": "@isma4219", "comment": "this is my experience as well I always contact them for norbet gambits and they are super fast !", "likes": 7, "published_at": "2021-04-26T20:00:14Z", "sentiment": 0.7424, "entities": []}, {"author": "@andrewsharpe7630", "comment": "Damn, much quicker than when I needed support a month ago. Good on them for stepping up.", "likes": 4, "published_at": "2021-04-26T19:43:33Z", "sentiment": 0.4404, "entities": []}, {"author": "@f3wbs", "comment": "Questrade Support SR any%", "likes": 1, "published_at": "2021-04-26T19:38:00Z", "sentiment": 0.4019, "entities": []}, {"author": "@vivafreinotofficialhighlig7828", "comment": "Lol. Nice update \ud83d\udc4d", "likes": 2, "published_at": "2021-04-26T19:36:33Z", "sentiment": 0.6808, "entities": []}, {"author": "@one_rich", "comment": "33 Seconds and you didn't even enter the queue until about 11 seconds in. the Response time to get to an agent was actually only 22 seconds. That's pretty darn quick!", "likes": 4, "published_at": "2021-04-26T19:30:31Z", "sentiment": 0.5411, "entities": ["Response"]}, {"author": "@turbofanlover", "comment": "Just curious.  How is Questrade when it comes to pulling money out?  How long does it typically take to get your money transferred to your bank account?  Have there been any significant issues with delays or \"lost money\" on this particular platform?", "likes": 3, "published_at": "2021-04-26T19:29:04Z", "sentiment": 0.327, "entities": []}, {"author": "@josepaul375", "comment": "Hey Brandon , could you talk about norbert gambit to convert cad to usd in questrade?", "likes": 2, "published_at": "2021-04-26T19:27:08Z", "sentiment": 0.0, "entities": []}, {"author": "@Bondanalloy", "comment": "i've never had a problem with their support. it's a meme that their support is crap but i love them. quest has margin power which is the only way i know to leverage your tfsa assets so i'll never leave them.", "likes": 2, "published_at": "2021-04-26T19:26:18Z", "sentiment": 0.9, "entities": []}, {"author": "@brenzyc8703", "comment": "Very happy to see they have improved this", "likes": 5, "published_at": "2021-04-26T19:23:03Z", "sentiment": 0.796, "entities": []}]