[{"author": "@beaviswealth", "comment": "\ud83d\udcc8\ud83d\udcda Join The Investing Academy \u27a4 https://bit.ly/theinvestingacademy\n\nThank you to Passiv for sponsoring today's video - https://passiv.com?ref=RGAMTXSUAM\r\n\r\n#stockmarket #canada #theinvestingacademy", "likes": 1, "published_at": "2022-04-26T22:24:15Z", "sentiment": 0.5719, "entities": ["The Investing Academy", "#canada #"]}, {"author": "@TheRobJob", "comment": "Love that you took part in the channel. I think you've been a fantastic asset to the page. Nice to see someone whos seen this stuff for his entire career. Thanks for taking the time, Marc.", "likes": 0, "published_at": "2022-06-03T17:37:47Z", "sentiment": 0.9432, "entities": []}, {"author": "@nuwanhettiarachchi3023", "comment": "Thanks Marc. One year ago, when I start watching Brandons channel, one of the biggest reasons why I kept coming back is your because of your input and the synergy it brings to the content.", "likes": 0, "published_at": "2022-04-30T12:57:23Z", "sentiment": 0.4404, "entities": []}, {"author": "@jayr8134", "comment": "Love your videos Marc, this is my go to investing channel\u270c", "likes": 1, "published_at": "2022-04-30T02:17:31Z", "sentiment": 0.6369, "entities": []}, {"author": "@anomanderrake8693", "comment": "When I began to invest on my own in 2019, Brandon was one of the first channel that I actually learned from, and subscribed! (all about tfsa and different basic stuff in the world of investing).  It was a channel from Canada and this made all the difference as I am from Canada (there are many US channels that are not always really useful for us...).  I was not a youngling either, I was 45 years old.  I was getting tired for years of getting nowhere with my investments (rrps) done by a financial advisor (and not really interested in them to be honest).  I have tried over the years so many different strategies (gained and lost much money) and I am still trying new ones right now.  I'm now 48 and will probably be retiring in 1-2 years.   Marc, I know I said it before as a comment, but you really are an exceptional treasure for us DIY investors when you make these videos.  Your input really is worth much.  Thanks again for doing this, and of course thanks to Brandon who had the original idea of the channel and the awesome idea to bring you in.  \ud83d\ude0a", "likes": 1, "published_at": "2022-04-30T01:10:21Z", "sentiment": 0.9584, "entities": ["DIY"]}, {"author": "@scottscriticalmass", "comment": "Congrats on one year with the channel Marc... I had a pretty good idea Brandon was starting something special early on and I think that's proved true.  While the channel was best in class prior to you joining, I think your addition has taken the channel above and beyond where it would have been otherwise.  That's saying a lot.  Looking forward to seeing where Brandon is able to take this business of his with your help.  \n\nOne more thing... I commented in one of Brandon's videos long ago that we'll one day have a market that exposes the frauds on YouTube and whenever that happens, this channel will be one of the last ones standing.  I'm very comfortable saying we're in the middle of that today.    \n\ud83e\udd1d", "likes": 0, "published_at": "2022-04-28T04:18:45Z", "sentiment": 0.967, "entities": ["YouTube"]}, {"author": "@dariroch", "comment": "I feel if you think a good content creator provides good content, promote them. As far as a finance related community on Youtube a rising tide raises all ships.", "likes": 0, "published_at": "2022-04-27T23:35:50Z", "sentiment": 0.8126, "entities": []}, {"author": "@davidt009", "comment": "Thank you Marc, your input this past year has added so much depth to Brandon\u2019s already awesome channel. Keep up the good content!", "likes": 0, "published_at": "2022-04-27T23:07:38Z", "sentiment": 0.8687, "entities": []}, {"author": "@marcusslade9804", "comment": "Spoken like the pro you are. I\u2019m one of those lucky ones who\u2019s had the privilege of knowing you for a long time. Keep up the greast work.", "likes": 0, "published_at": "2022-04-27T22:51:02Z", "sentiment": 0.7783, "entities": []}, {"author": "@psemchuk", "comment": "I would like to use the investor channel but I think the price is too much.", "likes": 0, "published_at": "2022-04-27T22:37:02Z", "sentiment": 0.1901, "entities": []}, {"author": "@taehwahong5824", "comment": "Marc. i really appreciate you and Brandon. its very rare to be exposed to Canadian context like yours. I dont mind ads or sponsorship as thats a part of business. i think we are helping the channel by watching those. And in turn. i enjoy your channel. Thank you again. You both well deserve praise for teaching us.", "likes": 0, "published_at": "2022-04-27T22:19:35Z", "sentiment": 0.9501, "entities": []}, {"author": "@mikepeacock660", "comment": "I don't mind the odd plug of a service you think could be helpful to your viewers, and I understand that it is a business but a plug of the same service on every video gets old quick. Keep up the good work guys.", "likes": 1, "published_at": "2022-04-27T20:04:20Z", "sentiment": 0.7376, "entities": []}, {"author": "@juanperez-gh8bl", "comment": "Ey Marc, si tenemos que ser muy selectivos con la informaci\u00f3n y entender que funciona para cada uno, he aprendido mucho gracias a Brandon y a ti, como alguna vez lo dije, no solo sobre inversiones, tambi\u00e9n respecto al ingles hahaha creo que el trabajo de las personas que comparten un buen conocimiento no tiene la visibilidad que deber\u00edan.\n\n\"Ey Marc, yes, we have to be very selective with the information and understand what works for each, I've learning a lot thanks to Brandon and you, as I once said, not only about invesments, also regarding english (I think hahahaha), I think that work of people who share good knowledge doesn't have the visibility that it should.\"", "likes": 0, "published_at": "2022-04-27T19:43:44Z", "sentiment": 0.872, "entities": ["muy", "un"]}, {"author": "@gvalam917", "comment": "I'm sorry that you felt the need to make this video\nCommon sense should prevail \nYou are providing a service and you're time.  For that you are entitled to be compensated.   Using the TV model, we don't pay you but the advertisers do via commercials.\nYour site speaks to your sponsors but do not push the product. \n\nI follow your site for the ideas and perspectives the I may not have had\n\nThis is just one opinion but I do not consider either of you a \"sell out\"\n\nFor those that do see it that way ... they can find another channel that more suits their interest\n\nThank you for your time and efforts\nGeorge Valam", "likes": 0, "published_at": "2022-04-27T19:39:48Z", "sentiment": 0.8479, "entities": []}, {"author": "@Victoria-rw7zt", "comment": "I really appreciate this father and son duo. Thank you Marc.", "likes": 1, "published_at": "2022-04-27T19:26:56Z", "sentiment": 0.6697, "entities": []}, {"author": "@OscarHanzely", "comment": "Funny thing about passiv is, that I totally missed the video where Brandon explained the platform, and I came across it in casual video where Marc was doing portfolio review and it blew my mind how much value it provided. They didn;t even plug in a sponsorship in that video and I started asking questions what is this great tool?  Then I was directed to the video itself explaining it. This is true value of the product, when people are eager to know about it, without creator putting an ad in. Love it nevertheless and now I am using it to have additional valuable insight into my questrade portfolio. Great job guys!", "likes": 0, "published_at": "2022-04-27T18:31:53Z", "sentiment": 0.9815, "entities": ["didn;t"]}, {"author": "@GetRightGameTight", "comment": "Marc your the best. I wish I had a dad like you!", "likes": 0, "published_at": "2022-04-27T15:05:50Z", "sentiment": 0.8655, "entities": []}, {"author": "@Mountainbabewoody", "comment": "Love the message and love your Channel! You guys are doing an amazing job sharing useful information and provide financial education to the mass. Myself is a financial professional too, and I can\u2019t agree more that there are a lot of bad advice out there that guide people to the wrong direction. Keep up the GREAT work, really appreciate creators/educators like you guys!!\ud83d\ude42", "likes": 0, "published_at": "2022-04-27T14:37:03Z", "sentiment": 0.9783, "entities": []}, {"author": "@johnshore1547", "comment": "Best financial channel!", "likes": 0, "published_at": "2022-04-27T13:16:56Z", "sentiment": 0.6696, "entities": []}, {"author": "@donzkietv168", "comment": "Tnx Marc for being transparency and honesty..", "likes": 0, "published_at": "2022-04-27T12:14:37Z", "sentiment": 0.2732, "entities": []}, {"author": "@briguys_adventures", "comment": "Hey Marc \nYour honesty is exceptional, great advice for new or seasoned investors. You are a true assett to the channel. Great work keep it up \nThanks", "likes": 1, "published_at": "2022-04-27T11:29:11Z", "sentiment": 0.9524, "entities": []}, {"author": "@donmcleod2235", "comment": "Marc, your passion and honesty shows in spades  Timely for a heart to heart video. Green Light to carry on carrying on! Thank you!  :)", "likes": 1, "published_at": "2022-04-27T07:48:44Z", "sentiment": 0.9059, "entities": []}, {"author": "@SharkandSloth", "comment": "Great video Marc.  Always love both the views you and Brandon bring to the table.", "likes": 0, "published_at": "2022-04-27T06:57:28Z", "sentiment": 0.8519, "entities": []}, {"author": "@AT-nc9ef", "comment": "great idea that you joined brandons channel. I am almost 50 years old and therefore i feel more connected to your content, though i like Brandon as well. It is sometimes difficult for older people like me (with my experiance) if we get the world explained by young youtubers even if they are right. :-)", "likes": 1, "published_at": "2022-04-27T05:00:46Z", "sentiment": 0.875, "entities": []}, {"author": "@AgnesPelletier", "comment": "You two are great. I really consider that Brandon sent me on the DIY investing path and I am truly grateful. You were an amazing addition to the channel, and how refreshing it is to see a dad join his son's business...", "likes": 0, "published_at": "2022-04-27T04:05:22Z", "sentiment": 0.9432, "entities": ["DIY"]}, {"author": "@chairmanmike5858", "comment": "Good to keep in mind; facts are facts, business is business, and haters hate - don't let them drag you down, just stay above. Cheers.", "likes": 0, "published_at": "2022-04-27T03:40:34Z", "sentiment": -0.0603, "entities": []}, {"author": "@vickymoorman3220", "comment": "Keep on keeping it real \ud83d\ude42. \u201cDo something you\u2019ll be proud of.\u201d\ud83d\udc4f\ud83c\udffb Take your time. Quality over quantity. Don\u2019t grow too fast. Know your audiences and what they want to see. Keep up the great work! \ud83d\ude4c\ud83c\udffb", "likes": 2, "published_at": "2022-04-27T03:36:23Z", "sentiment": 0.8313, "entities": []}, {"author": "@susanmcadam1700", "comment": "Thanks Marc", "likes": 0, "published_at": "2022-04-27T02:47:28Z", "sentiment": 0.4404, "entities": []}, {"author": "@kelleyhaldorson209", "comment": "Wow Marc!  Thank you again again for all your hard work.  Congratulations on being such a great father too.  You should be proud of what your son's have accomplished, and what you have accomplished in raising them.  You had me scared their that you were going to retire from \"Youtube\"!  I'm so glad I found Brandon's channel when I did a year and a half ago.  I was able to learn so much from your methods and thinking processes.  One of the things that really attracted me to Brandon's channel was how it always felt like he was trying to speak to \"me\".  Both of you have a teaching style on screen that makes it feel like you are just sitting across the table from me trying to guide me in a decision that ultimately I have to make myself.  But you help me to not panic and also to take into account some different scenario's so that I can think about my own situation and see what is going to work or what I would be more comfortable with.  Thank you so much for sharing your experience and education.  \n\nI hope others recognize the opportunity you have to get sponsorships in the way you do, it doesn't bother me in the least, I actually do like the features Passiv brings.  Took a bit to learn how to do what I wanted but now its great!  I have not yet tried Inverse but might in the future.   Sure it's an AD in the video, but really who hasn't come to expect that by now.  There are AD's plastered everywhere.  I once ought a pair of NIKE shoes and I counted up 13 Swooshes on each shoe!  To the ones that say you are sell out's, I contend that these same ones are just advertising their favorite brands for no reimbursement at all!  If they look at themselves they are literally billboards for someone else already and not getting paid to do it!  Like me and my NIKE shoes. I think you explained very eloquently the valid reasons advertisements exist and that it isn't a blanket \"sell out\" activity.   I look forward to your next video.", "likes": 1, "published_at": "2022-04-27T02:26:13Z", "sentiment": 0.9965, "entities": ["AD", "NIKE", "NIKE"]}, {"author": "@alicegiang8327", "comment": "Marc. I appreciated your Education and kind heart to remind us to watch out the wolfs! Critical thinking is the key and not blindly follow a YouTuber. At the end of the day, we r the one who will be gaining or losing our hard earned money. Your advice is a awesome guide for me and the community! May your wisdom be come an awesome Legacy for us. \u2764\ufe0f\u2764\ufe0f\u2764\ufe0f\u2764\ufe0f\ud83d\ude4f\ud83d\ude4f\ud83d\ude4f\ud83d\ude4f\ud83d\ude4f keep up your good work! Blessings!!", "likes": 6, "published_at": "2022-04-27T01:36:46Z", "sentiment": 0.976, "entities": ["YouTuber", "\ud83d\ude4f\ud83d\ude4f\ud83d\ude4f\ud83d\ude4f\ud83d\ude4f"]}, {"author": "@Carol8693", "comment": "I am so proud of you two. I am so glad you are great addition to the channel and  didn't retire at the time you mentioned. What honour having and trusting your expertise !  Brandon' s idea and you being supportive as dad that seems like was meant to be !", "likes": 0, "published_at": "2022-04-27T01:11:55Z", "sentiment": 0.9721, "entities": []}, {"author": "@andysgirlforever", "comment": "Thank you for your commitment to give us valuable content all the time. I feel like what you're getting is not enough for what you're giving. As gratitude I never skip your ads.", "likes": 1, "published_at": "2022-04-27T01:11:04Z", "sentiment": 0.9371, "entities": []}, {"author": "@TheSleeperMusic228", "comment": "I am a loyal follower since 6 months. I am from quebec. We don\u2019t have a French \u00e9quivalent of your channel. Since i have an okay english fluency i can watch your videos. Congratulations for the great work!", "likes": 2, "published_at": "2022-04-27T01:10:33Z", "sentiment": 0.923, "entities": []}, {"author": "@roberttaylor3594", "comment": "I have one criticism!  These free or almost free trading apps.  A 'devils advocate' show on how they actually make money, sell the trades to a third party, etc. would be good.  I kinda think they are set up to promote people to make trades to increase their revenues at the users expense.  \"If its free, I'm what is for sale\".", "likes": 0, "published_at": "2022-04-27T01:01:22Z", "sentiment": 0.92, "entities": []}, {"author": "@roberttaylor3594", "comment": "Nice video!  thanks.\n\nwatch a couple videos and you can tell where the presenter's interests are.  Sure, you guys are running a business so there is obvious 'self interest' going on, but not at the viewers expense.  I trust you guys and a few others, not just based on sincerity but also experience, logical thought processes, etc.  For example, I watch you guys, Passive Income Investing, Value Investing,  Learn to invest, and Ppcain.  Not a lambo or a G5 anywhere, no glitzy-glitz, just what I think is good information.\u00a0\n\nI don't take your advice willy nilly, though! I bought CP even though your CP-CN analysis put CN first...for what I thought was a bad reason!  And several I wish I had looked at more closely or even bought, that you recommended and they did very well....so far!  too bad for me! \u00a0\n\nSome of the ads that come up seem pretty sketchy, though! 'Crypto this!',  'retire now!', 'covered calls!',  blah blah blah...\n\nNice blue and yellow books on the shelf, btw.", "likes": 1, "published_at": "2022-04-27T00:50:15Z", "sentiment": 0.9639, "entities": []}, {"author": "@6Dicesare", "comment": "Thanks for the video, really importamt knowledge to share with the community. Would love to hear more from you Mark about bonds! Bond ETFs, what drives the price of bonds up and down, investing in bonds vs GICs. Have been looking to increase my exposure to fixed-income assets. Alot of bond ETFs have 3-5% yields but seem to decrease in value annually. Recently locked in a 2 year GIC with a favourable rate of 3.14% (Scotiabank). Would you say its a bad time to buy bonds since interest rates are likely to continue increasing, or is it important to continue purchasing bonds?", "likes": 1, "published_at": "2022-04-27T00:40:34Z", "sentiment": 0.8748, "entities": ["Bond", "GIC", "Scotiabank"]}, {"author": "@ecuasteelo", "comment": "We appreciate you Marc. You have brought great value to everyone watching. That's the thing of life, trying to get pass the fluff and focus on what is real, attainable without committing detrimental mistakes.", "likes": 2, "published_at": "2022-04-26T23:46:29Z", "sentiment": 0.8775, "entities": []}, {"author": "@mattskinner777", "comment": "Great video Marc! I really appreciate and enjoy the videos you and Brandon are making. Love from the east coast\ud83e\udd9e", "likes": 0, "published_at": "2022-04-26T23:44:44Z", "sentiment": 0.9437, "entities": []}, {"author": "@joannapatterson4625", "comment": "Love the channel. Thank you both \u2764\ufe0f\ud83d\udd25\ud83d\ude42", "likes": 1, "published_at": "2022-04-26T23:43:06Z", "sentiment": 0.7717, "entities": []}, {"author": "@advenvilla", "comment": "Thank you so much Marc! Always providing us with great wisdom and tips. Been with this channel for almost 3 years now. Don't have enough $ to pay for patreon group but once I do I'll join in a heartbeat.", "likes": 3, "published_at": "2022-04-26T23:42:30Z", "sentiment": 0.8122, "entities": []}, {"author": "@davidwilson9976", "comment": "Most people need to learn the hard way, that chasing high flyers with greedy eyes doesn't end well.", "likes": 0, "published_at": "2022-04-26T23:24:36Z", "sentiment": -0.5445, "entities": []}, {"author": "@gorfimus", "comment": "As long as don't start getting raid shadow legend ads... although it would be amusing to see a stock based, Brandon Beavis version advertising them.", "likes": 1, "published_at": "2022-04-26T23:20:19Z", "sentiment": 0.3818, "entities": []}, {"author": "@AceVenturaXii", "comment": "Marc, the highest compliment I can give you is that you\u2019re genuine, motives seem pure, and that I don\u2019t detect any guile in you when teaching us. That\u2019s a rare thing in the YouTube community as you point out in this video. Thank you from the bottom of my heart for your free insight. My children are learning these lessons as I learn them. They will impact them from an early age and will provide a solid financial foundation for them to build and will impact them greatly for generations. I\u2019m very grateful for your guidance.", "likes": 27, "published_at": "2022-04-26T23:03:18Z", "sentiment": 0.9152, "entities": ["YouTube"]}, {"author": "@jasonalexander5249", "comment": "Thank you so very much Marc and Brandon honestly, what I appreciate the most about your videos is that you are all down to earth people and you really allow us to see into your journeys with videos that touch on your experiences. Some viewers just want stock picks but I like to see more into who I\u2019m watching and what makes their teachings/advice so valuable", "likes": 9, "published_at": "2022-04-26T22:58:35Z", "sentiment": 0.9335, "entities": []}, {"author": "@MegsCarpentry-lovedogs", "comment": "Marc, as usual, a down to earth sincere presentation. Keeping it real!  Keep it up Marc!\u2714\ufe0f\u2714\ufe0f\u2714\ufe0f\ud83d\udc4d\ud83c\udde8\ud83c\udde6", "likes": 3, "published_at": "2022-04-26T22:56:24Z", "sentiment": 0.508, "entities": []}, {"author": "@Thomas-hl7cr", "comment": "Always appreciate your calm and grounded approach to investing, your channel is definitely one of my ones to keep!  Would be interested to hear your recommendations for other channels though!  Cheers boys!", "likes": 1, "published_at": "2022-04-26T22:50:24Z", "sentiment": 0.9243, "entities": []}, {"author": "@momo35444", "comment": "thanks for the great video Marc. great to hear about how you and Brandon have grown. and that you haven't lost the desire to help us before helping yourself. like other youtubers that don't really care about their audience.", "likes": 0, "published_at": "2022-04-26T22:40:44Z", "sentiment": 0.9367, "entities": []}, {"author": "@marvinpham5180", "comment": "First?", "likes": 0, "published_at": "2022-04-26T22:30:08Z", "sentiment": 0.0, "entities": []}, {"author": "@AceVenturaXii", "comment": "When a Brandon Beavis video drops\u2026 I drop everything else and run to watch it LOL \nThanks Marc! You\u2019re equally important to the YouTube channel community!", "likes": 6, "published_at": "2022-04-26T22:27:07Z", "sentiment": 0.7729, "entities": ["LOL", "YouTube"]}]