[{"author": "@cleofus2222-lc4cu", "comment": "TD share price is embarrassing  april 12 2024", "likes": 0, "published_at": "2024-04-13T18:10:12Z", "sentiment": -0.1027, "entities": ["TD"]}, {"author": "@ADobbin1", "comment": "High interest rates are hurting the poorerst canadians because they are the ones having to borrow money to get by. Its not a shock to anyone with two braincells to rub together, just the government and rich banker types. Surprise surprise... the banks are doing business with anyone willing to do business with them!! What's happening at tesla? The same thing at all the other makers of EV's. The EV bubble is popping.", "likes": 0, "published_at": "2024-02-23T21:44:56Z", "sentiment": 0.8302, "entities": ["EV", "EV"]}, {"author": "@Amkm-gh8xg", "comment": "TD Bank's FIU is garbage. Ever heard of the Cullen Commission? TD Bank was the main bank that processed dirty casino money. No fines but the Manager did snag herself a promotion.", "likes": 0, "published_at": "2024-02-14T00:55:45Z", "sentiment": -0.3716, "entities": ["TD Bank's", "the Cullen Commission", "TD Bank"]}, {"author": "@YahyaMarei", "comment": "In a world where politicians and bankers often engage in unethical practices, it's the everyday individual\u2014the hardworking person striving for a better future\u2014who ultimately bears the consequences.", "likes": 0, "published_at": "2024-02-10T12:41:45Z", "sentiment": 0.25, "entities": []}, {"author": "@TheRPM87", "comment": "It\u2019s a slap on the wrist", "likes": 0, "published_at": "2024-02-03T20:48:23Z", "sentiment": 0.1531, "entities": []}, {"author": "@svenhodaka9145", "comment": "Marc, I caution you to ensure you clarify what a Tesla \u201crecall\u201d means. In this case it\u2019s a software update that occurs overnight just like your iPhone.\nTesla also frequently does many OTA (over the air) software updates to improve features of their cars. Please don\u2019t add to the FUD. Thanks", "likes": 0, "published_at": "2024-01-31T18:14:53Z", "sentiment": 0.8544, "entities": ["Tesla", "Tesla", "OTA"]}, {"author": "@jassy583", "comment": "OSFI, FINTRAC,FCAC ,Financial regulators in Canada need to work together to stop mortgage income document fraud in Canada to solve housing supply. Canadian real estate is over valued to due mortgage income document fraud. Money is being laundered easily in Canada and huge deposits  at Canadian FI,s. This laundered money is being used as down payment to buy homes with fake income documents and that is why we have housing crisis in Canada and huge debt crisis among the g7 countries", "likes": 0, "published_at": "2024-01-31T03:50:42Z", "sentiment": -0.9313, "entities": ["OSFI", "FCAC"]}, {"author": "@momo35444", "comment": "thanks for the Video Marc!", "likes": 0, "published_at": "2024-01-31T00:15:26Z", "sentiment": 0.4926, "entities": []}, {"author": "@rossmacdonald3880", "comment": "Marc, this update is awesome. Your delivery is calm & detailed. Stay well, btw TD drop I. The bucket similar to all other comments. Stay well.", "likes": 1, "published_at": "2024-01-30T18:47:35Z", "sentiment": 0.8176, "entities": ["TD", "I."]}, {"author": "@AS-cx1ik", "comment": "11M is not even a rounding error\u2026should be at least an order of magnitude higher!", "likes": 0, "published_at": "2024-01-30T15:31:29Z", "sentiment": 0.0, "entities": []}, {"author": "@marcelmed4574", "comment": "Great info Marc, $10M fine seems like pocket change for any bank let alone TD.", "likes": 6, "published_at": "2024-01-30T15:29:23Z", "sentiment": 0.7506, "entities": ["TD"]}, {"author": "@Lpmeff", "comment": "TD or banker are criminal- not as a bad as government but close", "likes": 0, "published_at": "2024-01-30T15:26:54Z", "sentiment": -0.0708, "entities": ["TD"]}, {"author": "@andrewsharpe7630", "comment": "Wait, so WHO laundered money through TD? Hold on, I read an article: banks have to \"file a suspicious transaction report\" when banks are aware \"clients had been arrested and charged with criminal offences\" and I guess TD didn't.\nIf I really cared I'd look into what these individual cases are (not just with TD but RBC, CIBC, etc.) and if they have any merit. I think it could go both ways: Fintrac is basically Canadian Financial CIA- I don't trust Deep State adjacent organizations. For all I know Fintrac could be pressuring banks to go even harder against Dissidents like the Freedom Convoy folks. I imagine anyone who frequents \"far\" Right spaces could be brought up on the trumped-up charge of \"hate crimes\", and any money that person donated to a \"far\" Right website could be considered \"laundered for extremism/terrorism\". Conversely, legitimate money laundering would be done by people making shell accounts and moving drug money through said business accounts to make it look clean (I think).\nBut banks aren't without corruption either: laundered money put into an account would still count as \"deposit growth\" and look good on the balance sheet. Any other way banks profit from laundered money?", "likes": 0, "published_at": "2024-01-30T13:34:23Z", "sentiment": 0.8802, "entities": ["TD", "TD", "TD", "RBC", "CIBC", "Canadian Financial CIA-", "Deep State"]}, {"author": "@pennybags592", "comment": "Money laundering is large and well. Even had an old high school mate literally bragging about it on YouTube. Don\u2019t know why he done it seemed kinda dumb to me why make it known", "likes": 0, "published_at": "2024-01-30T13:20:07Z", "sentiment": -0.228, "entities": ["YouTube"]}, {"author": "@fasteddy-fd3kr", "comment": "Banks are used for money laundering??? \ud83d\ude02\ud83d\ude02\ud83d\ude02\nCRA pull your weight. Instead of going after low income Canadians.", "likes": 0, "published_at": "2024-01-30T13:07:47Z", "sentiment": -0.3899, "entities": ["CRA"]}, {"author": "@testingthewaters7541", "comment": "Banks are corrupt,no way", "likes": 0, "published_at": "2024-01-30T12:49:42Z", "sentiment": 0.0, "entities": []}, {"author": "@Snowman42376", "comment": "Tesla just a bump in the road. They get a lot of bad press as they are disruptive", "likes": 1, "published_at": "2024-01-30T07:55:38Z", "sentiment": -0.7003, "entities": ["Tesla"]}, {"author": "@zedawing", "comment": "That\u2019s an accounting error", "likes": 1, "published_at": "2024-01-30T07:21:27Z", "sentiment": -0.4019, "entities": []}, {"author": "@Rob-ob3sh", "comment": "I know from a friend who works at Canada life that a lot of upper management have been leaving TD to join Canada Life I\u2019m talking about a lot.   Thanks for the video Marc. Marc you never answered my question about NTR why the big drop on this company and would you buy it at this level ?  I think it\u2019s a great value pick up.", "likes": 0, "published_at": "2024-01-30T06:26:14Z", "sentiment": 0.9136, "entities": ["TD", "Canada Life I\u2019m", "NTR"]}, {"author": "@turbofanlover", "comment": "I wouldn't touch Tesla or TD with a ten foot pole, right now.  There are plenty of better places to put my money.", "likes": 2, "published_at": "2024-01-30T04:20:59Z", "sentiment": 0.4404, "entities": ["Tesla", "TD"]}, {"author": "@proshare99", "comment": "When accepted wire money from China,all looks like money laundering..as China has capital controls US$50k annually per person,so how those Chinese purchase muliti millions home? \ud83e\udd14 and has been how long? Over decades", "likes": 0, "published_at": "2024-01-30T03:48:53Z", "sentiment": 0.6072, "entities": []}, {"author": "@carloslinan88", "comment": "Marc this video series is amazing!!! Please keep up the solid work. Thanks", "likes": 5, "published_at": "2024-01-30T03:32:42Z", "sentiment": 0.8879, "entities": []}, {"author": "@Icecold0505", "comment": "If you\u2019re a T4 earning worker. You need to jump through hoops backwards to get a mortgage and everything needs to check out. Wish that was the case for non-citizens with wealth. Been proven across Canada that is not the case aka Brampton mortgages.", "likes": 3, "published_at": "2024-01-30T03:30:02Z", "sentiment": 0.7096, "entities": []}, {"author": "@TheDividendInvestorCPA", "comment": "Thanks for the update Marc - Honourable mention - One of my core holdings, and a Buffet favourite, American Express(AXP) released strong earnings, great guidance for 2024 and raised their dividend by 17% \ud83d\ude0a", "likes": 0, "published_at": "2024-01-30T03:10:45Z", "sentiment": 0.9246, "entities": ["Marc - Honourable", "Buffet", "American Express(AXP"]}, {"author": "@EL-kf9vi", "comment": "RY and CIBC were also penalized  no big deal", "likes": 0, "published_at": "2024-01-30T03:06:30Z", "sentiment": -0.296, "entities": ["RY", "CIBC"]}, {"author": "@SANJ0288", "comment": "Meanwhile KOHO soon to have a bank license and offer 5% interest in deposit. Bye bye banks", "likes": 1, "published_at": "2024-01-30T02:47:18Z", "sentiment": 0.4588, "entities": ["KOHO"]}, {"author": "@brexit9279", "comment": "The T.D.BANK is guilty of LAUNDERING BILLIONS OD $$$$$, but get fined $10 MILLION \u2026.. I THINK I SHOULD GO INTO THE LAUNDRY BUSINESS WITH RETURNS LIKE THAT!", "likes": 6, "published_at": "2024-01-30T02:38:48Z", "sentiment": 0.5778, "entities": ["LAUNDERING BILLIONS OD"]}, {"author": "@TheTttooom", "comment": "$10M is nothing for the bank, even $100M would just be cost of doing business. Corporations don't really have any regulations, barely any slaps here and there for companies in various sectors.", "likes": 4, "published_at": "2024-01-30T02:28:39Z", "sentiment": 0.0, "entities": []}, {"author": "@delia93010", "comment": "keep voting liberals", "likes": 0, "published_at": "2024-01-30T02:21:09Z", "sentiment": 0.0, "entities": []}, {"author": "@Scottieguru", "comment": "Fin Trac is a bloated dysfunctional government agency that lacks the appropriate manpower and authority to properly investigate the extreme money laundering activity that flows through Canada's housing market and small business industry. Canada is the largest money laundering market for criminal organizations and fraudulent corporate groups in the world.", "likes": 1, "published_at": "2024-01-30T02:17:03Z", "sentiment": -0.743, "entities": []}, {"author": "@Gary.g19", "comment": "bought 100 shares on Tesla Hope it works out  Long term I think it will", "likes": 2, "published_at": "2024-01-30T01:35:32Z", "sentiment": 0.6249, "entities": ["Tesla Hope"]}, {"author": "@Drucio1", "comment": "lol 10 Million? peanuts", "likes": 8, "published_at": "2024-01-30T01:00:45Z", "sentiment": 0.4215, "entities": []}, {"author": "@evadeanu1", "comment": "Thanks Marc. All eyes on earnings this week.", "likes": 2, "published_at": "2024-01-30T00:47:46Z", "sentiment": 0.4404, "entities": []}, {"author": "@aaronhall5715", "comment": "Tesla on its way to being valued as a car company.", "likes": 7, "published_at": "2024-01-30T00:33:59Z", "sentiment": 0.4404, "entities": []}, {"author": "@nerowolf1234", "comment": "GREAT, gonna start my position in TD this week lol", "likes": 9, "published_at": "2024-01-30T00:33:30Z", "sentiment": 0.824, "entities": ["TD"]}, {"author": "@RyH10", "comment": "TD is not catching a break here", "likes": 11, "published_at": "2024-01-30T00:31:51Z", "sentiment": 0.0, "entities": ["TD"]}, {"author": "@willkeen5010", "comment": "I always used to say you can\u2019t go wrong with any of the five big banks. I guess it\u2019s only true to a point as RY seems to be humming right along and BNS lagging as well lately. Either way, I feel buying these dips long term will be positive I believe.", "likes": 6, "published_at": "2024-01-30T00:29:29Z", "sentiment": 0.5106, "entities": ["RY", "BNS"]}, {"author": "@paulcarman269", "comment": "What the Tesla haters forget to mention is that the Tesla \u201crecalls\u201d get over the air updates to fix the problems kind of like an iPhone update \ud83e\uddd0", "likes": 2, "published_at": "2024-01-30T00:19:48Z", "sentiment": -0.6486, "entities": ["Tesla", "Tesla", "iPhone", "\ud83e\uddd0"]}, {"author": "@aaronwade3703", "comment": "Love it! Thanks Marc!", "likes": 1, "published_at": "2024-01-30T00:10:38Z", "sentiment": 0.8264, "entities": []}, {"author": "@roberttaylor3594", "comment": "Trump isn\u2019t going to like those US GDP numbers!", "likes": 0, "published_at": "2024-01-30T00:09:58Z", "sentiment": 0.4199, "entities": ["Trump"]}, {"author": "@roberttaylor3594", "comment": "Geeze\u2026 ALL the banks sound guilty of helping the terrorists!", "likes": 0, "published_at": "2024-01-30T00:04:34Z", "sentiment": -0.7177, "entities": []}, {"author": "@roberttaylor3594", "comment": "Someone at TD is gonna have a lotta s\u2019plainin to do!", "likes": 6, "published_at": "2024-01-30T00:03:41Z", "sentiment": 0.0, "entities": ["TD"]}]