[{"author": "@beaviswealth", "comment": "*Don't ask why there's a couch in the kitchen... Congrats to On the Road Fishing and Adventuring for winning an annual membership to our Stock Market Investing Group!*\n\nIf you'd like to participate in next month's giveaway:\n1. Give this video a LIKE\n2. Leave a comment down below\n3. Feel free to share this video with a friend (optional) \n\n\nThank you all for watching this month's video. I really hope you enjoy! :)", "likes": 6, "published_at": "2019-02-22T22:33:48Z", "sentiment": 0.9883, "entities": ["Stock Market Investing Group"]}, {"author": "@lorecportillo3061", "comment": "Great info Brandon Can you make some  recommendation on  Bonds to buy for 2019", "likes": 0, "published_at": "2019-04-12T01:31:28Z", "sentiment": 0.6249, "entities": []}, {"author": "@jpoclainburias5038", "comment": "I bought KO stocks when it went down last month. These are good picks for March esp. in an all time high market.  Greetings from South Vancouver!", "likes": 0, "published_at": "2019-03-22T01:58:05Z", "sentiment": 0.7177, "entities": ["KO", "Greetings"]}, {"author": "@Overbelaste_Belastingbetaler", "comment": "a next gen stock pumper", "likes": 0, "published_at": "2019-03-20T16:51:24Z", "sentiment": 0.0, "entities": []}, {"author": "@Thiago7Mr", "comment": "Brando first i would like to  congrats you for the amazing work you have done on youtube. The investor view and the way you explain are amazing. We need more young guys like you. Proud to be Canadian. :D Thanks \nMy question to you is; Where i can truck all my finance investment cause i have rrsp and tfsa at questrader but i do forex day trader e swings, you have any place the you truck all your investment ?", "likes": 0, "published_at": "2019-03-17T18:14:19Z", "sentiment": 0.9188, "entities": []}, {"author": "@ChaseMyles", "comment": "Appreciate all the advice !", "likes": 0, "published_at": "2019-03-14T02:58:31Z", "sentiment": 0.4574, "entities": []}, {"author": "@emiliewalker6852", "comment": "Awesome!", "likes": 0, "published_at": "2019-03-14T01:44:42Z", "sentiment": 0.6588, "entities": []}, {"author": "@__-ni1kz", "comment": "I the rumor of an MW4 + MW2 & 3 remake is true, their stock will rise again. They're also the publisher on From Software's Sekiro which releases on the 22nd.", "likes": 0, "published_at": "2019-03-13T02:29:03Z", "sentiment": 0.4215, "entities": ["Software"]}, {"author": "@R3dTide", "comment": "Will surely watch out for these! EA has been in my sight too,since Apex Legends is pretty successful.", "likes": 0, "published_at": "2019-03-11T12:16:25Z", "sentiment": 0.8805, "entities": ["EA", "Apex Legends"]}, {"author": "@MiguelVargas-my5kc", "comment": "Cool video; very informative!!", "likes": 0, "published_at": "2019-03-10T20:23:37Z", "sentiment": 0.4374, "entities": []}, {"author": "@chadroberts73", "comment": "Another great Video Brandon!", "likes": 0, "published_at": "2019-03-09T22:05:39Z", "sentiment": 0.6588, "entities": []}, {"author": "@edvincolakovic1778", "comment": "Good work, video is really well done!", "likes": 0, "published_at": "2019-03-07T02:24:49Z", "sentiment": 0.6793, "entities": []}, {"author": "@drewaz2318", "comment": "Great picks man, definitely going to be taking a closer look at Suncor. Been eyeing Coca Cola (KO) and Canada Goose (GOOS) after they made their dip. What's your take on GOOS?", "likes": 0, "published_at": "2019-03-05T15:54:40Z", "sentiment": 0.7783, "entities": ["Suncor", "Coca Cola (KO", "GOOS", "GOOS"]}, {"author": "@simons5793", "comment": "Im\u00a0considering buying some JD stock", "likes": 0, "published_at": "2019-03-05T13:57:46Z", "sentiment": 0.0, "entities": []}, {"author": "@amanda-zp7yk", "comment": "Great video! I've been learning a lot with your channel!", "likes": 0, "published_at": "2019-03-05T12:57:05Z", "sentiment": 0.6892, "entities": []}, {"author": "@kevinronnie7891", "comment": "Definitely KO with its dividend worth having I'm my Portfolio,  \nEA an awesome pick .\nNot Fan of any energy Stocks.gas n oil always up n down", "likes": 0, "published_at": "2019-03-05T07:42:50Z", "sentiment": 0.8333, "entities": ["EA", "Stocks.gas"]}, {"author": "@panemanager", "comment": "First time finding your channel. Blown away with the quality of the content and knowledge. Thanks Brandon :)", "likes": 0, "published_at": "2019-03-05T01:53:27Z", "sentiment": 0.7096, "entities": []}, {"author": "@HonoluluHawaiiGuy", "comment": "Thank you from Hawaii!!", "likes": 0, "published_at": "2019-03-04T03:39:29Z", "sentiment": 0.4738, "entities": []}, {"author": "@danieltan1181", "comment": "Teach me ur way, so we make money together", "likes": 0, "published_at": "2019-03-03T05:47:25Z", "sentiment": 0.0, "entities": []}, {"author": "@dust-o8720", "comment": "I like to coke cola stock.. I also heard they are in talks about thc or CBD infused drinks \ud83d\ude33", "likes": 0, "published_at": "2019-03-02T18:23:34Z", "sentiment": 0.3612, "entities": []}, {"author": "@charliedodd7377", "comment": "Keen", "likes": 0, "published_at": "2019-02-28T19:12:14Z", "sentiment": 0.3612, "entities": []}, {"author": "@dandaan", "comment": "SU rely heavily on oil sands, which is lot heavier crude... either way great vid! Thank you as always", "likes": 0, "published_at": "2019-02-28T13:38:06Z", "sentiment": 0.784, "entities": ["SU"]}, {"author": "@DavidTran-hf3hn", "comment": "Pick me , love your Tfsa and rrsp videos", "likes": 0, "published_at": "2019-02-28T08:24:39Z", "sentiment": 0.6369, "entities": []}, {"author": "@lolmasta12", "comment": "Thanks for the videos Brandon! It has helped a lot. You've made a huge difference with your content!", "likes": 0, "published_at": "2019-02-28T03:28:38Z", "sentiment": 0.6988, "entities": []}, {"author": "@AA-fz5zg", "comment": "Great video!!", "likes": 0, "published_at": "2019-02-27T22:55:48Z", "sentiment": 0.6892, "entities": []}, {"author": "@marksandor14", "comment": "Good vid, definitely going to be looking into these stocks!", "likes": 0, "published_at": "2019-02-27T22:17:42Z", "sentiment": 0.7088, "entities": []}, {"author": "@tonyboii", "comment": "great video love the EA n KO picks", "likes": 0, "published_at": "2019-02-27T07:54:50Z", "sentiment": 0.8519, "entities": ["EA n KO"]}, {"author": "@brydenhunter9276", "comment": "What are your thoughts on the molson-coors stock with the class action lawsuits going on?", "likes": 0, "published_at": "2019-02-26T18:16:14Z", "sentiment": -0.1531, "entities": []}, {"author": "@stevenbaker9139", "comment": "Hey luv the video.  Need to know how to invest in a privately own stock please need some help", "likes": 0, "published_at": "2019-02-26T12:21:29Z", "sentiment": 0.6124, "entities": []}, {"author": "@blainebradley1833", "comment": "Interesting ideas.  I definitely like Suncor and Coca Cola is a decent selection.  I am personally not a fan of the gaming stocks...\n\nI have recently purchased General Mills (GIS - NYSE) and Mondelez (MDLZ - Nasdaq) to have some exposure to Food/Packaged Food to my portfolio.  BCE (BCE-T) is a nice one for a conglomerate and Power Financial (POW-T) is a good financial trading low in it's range...\n\nThoughts?", "likes": 0, "published_at": "2019-02-26T03:38:16Z", "sentiment": 0.8604, "entities": ["Suncor", "Coca Cola", "General Mills", "GIS - NYSE", "Food/Packaged Food", "BCE", "Power Financial"]}, {"author": "@financialwolf", "comment": "My stocks have come up A LOT in the last few months and it\u2019s getting harder to find under valued businesses. The only company I own and really want to invest more into at its current price is FDX.", "likes": 1, "published_at": "2019-02-26T03:02:13Z", "sentiment": 0.5413, "entities": ["LOT"]}, {"author": "@rodrigoll13", "comment": "great content, thanks for the info. Greetings from Vancouver Island, cheers!", "likes": 0, "published_at": "2019-02-26T01:24:49Z", "sentiment": 0.9215, "entities": []}, {"author": "@brennanto5915", "comment": "i hope i win", "likes": 0, "published_at": "2019-02-25T22:40:10Z", "sentiment": 0.7717, "entities": []}, {"author": "@lewisclark5815", "comment": "Good choices! I currently own EA and KO", "likes": 0, "published_at": "2019-02-25T22:12:34Z", "sentiment": 0.4926, "entities": ["EA"]}, {"author": "@nolanperns9509", "comment": "can you explain defensive stock and how it would hold up during a recession? great video just would like know more about that.", "likes": 0, "published_at": "2019-02-25T19:37:29Z", "sentiment": 0.5994, "entities": []}, {"author": "@jeanfredmusic", "comment": "Good job Brandon", "likes": 0, "published_at": "2019-02-25T18:52:47Z", "sentiment": 0.4404, "entities": []}, {"author": "@elee123321", "comment": "Great video! Will def be following these", "likes": 0, "published_at": "2019-02-25T12:51:01Z", "sentiment": 0.6588, "entities": []}, {"author": "@TruemanJ18", "comment": "Great video! I prefer ETFs, but still enjoy your take on individual stocks!", "likes": 0, "published_at": "2019-02-24T21:57:53Z", "sentiment": 0.8143, "entities": []}, {"author": "@awesamvlogs", "comment": "Saw the dip in KO and had a feeling you would mention it somewhere lol", "likes": 0, "published_at": "2019-02-24T21:18:12Z", "sentiment": 0.5106, "entities": []}, {"author": "@wakonlee34", "comment": "\"E A sports, it's in my portfolio\" - me starting March 2019. You made solid points and the fact that they have the sports gaming world on lock is huge. If there is every a licensing agreement where they can get the college sports games back.... we gettin rich", "likes": 0, "published_at": "2019-02-24T20:36:52Z", "sentiment": 0.8658, "entities": []}, {"author": "@citizenoftheyearCC", "comment": "I always laugh when people say consumers want to eat/drink more healthier so no more Coke. Yea right if anything I see more people drinking Coke than ever before and obesity rates prove that.", "likes": 0, "published_at": "2019-02-24T18:57:21Z", "sentiment": 0.1789, "entities": ["Coke", "Coke"]}, {"author": "@jackfrost29", "comment": "great video, I always enjoy and appreciate your advice and perspective. thanks from a fellow cunuck", "likes": 0, "published_at": "2019-02-24T16:29:58Z", "sentiment": 0.9169, "entities": []}, {"author": "@danishirfan1558", "comment": "Great video \ud83d\udc4d", "likes": 0, "published_at": "2019-02-24T12:43:07Z", "sentiment": 0.6249, "entities": []}, {"author": "@remedywithin", "comment": "Do you seriously think the gaming space is a good investment area? I had some of that IQ and was thinking of Tencent but is the gaming that big of a area to place money? If a music junky... I know gaming is large and folks keep up with it but still.... How safe do you feel about this gaming area? It's not a \"SNAPCHAT\" right!?! Mine was \"Google\" but I didn't get in and I'm still to this day... Chasing Amy aka... Google. Look up Kevin Smiths movie. It seems every investor is trying or \"Chasing Amy\" but some find her and some just let her pass through their hands. Anyways... I hope all is well. \n\nSpotify... YO! lol", "likes": 0, "published_at": "2019-02-24T09:31:57Z", "sentiment": 0.9551, "entities": ["Tencent", "Google", "YO"]}, {"author": "@remedywithin", "comment": "Spotify... Enough said. yay baby!", "likes": 0, "published_at": "2019-02-24T09:16:19Z", "sentiment": 0.5707, "entities": []}, {"author": "@THEB3sTCLAN2011", "comment": "EA could be a great position to hold with the hype of Apex. I love that game lol", "likes": 0, "published_at": "2019-02-24T07:47:50Z", "sentiment": 0.9022, "entities": ["EA"]}, {"author": "@tamershahin2172", "comment": "Brandon it\u2019s the first time watching your videos, nice channel.", "likes": 0, "published_at": "2019-02-24T06:14:58Z", "sentiment": 0.4215, "entities": []}, {"author": "@DanyalRashid99", "comment": "Invested my first $1000 based on your beginner video on investing your first 1k. Would be super interesting to join on your course as a fellow Canadian", "likes": 0, "published_at": "2019-02-24T05:23:03Z", "sentiment": 0.8316, "entities": []}, {"author": "@asifhirani1213", "comment": "Thanks Brandon.. I like your weekend review videos as well. Can you please make a video on how to invest in Bonds both in US and Canada?", "likes": 0, "published_at": "2019-02-24T02:50:03Z", "sentiment": 0.8316, "entities": []}, {"author": "@ulysseperez4606", "comment": "I've enjoyed the video Bud! Hope I could win the giveaway! Can you make an update on the cannabis stocks hexo nbev or other?", "likes": 0, "published_at": "2019-02-24T01:43:08Z", "sentiment": 0.8906, "entities": []}, {"author": "@make500aday8", "comment": "Activision stocks are down by %50, Great buy!! screw EA\nI posted a video of my 3 profitable stocks of the month, Have you thought of doing something like this?", "likes": 0, "published_at": "2019-02-23T21:03:46Z", "sentiment": 0.8652, "entities": []}, {"author": "@gretabuenafe3437", "comment": "I\u2019m following you for the last couple months, want to get more information before buying stocks", "likes": 0, "published_at": "2019-02-23T20:10:26Z", "sentiment": 0.0772, "entities": []}, {"author": "@hafizkanji123", "comment": "3 companies in such different sectors. I can tell that you keep track of multiple sectors/stocks in the market. Subscribing was easy, because I know you'll cut down my research time!", "likes": 2, "published_at": "2019-02-23T19:03:17Z", "sentiment": 0.2714, "entities": []}, {"author": "@kevinjourneau8645", "comment": "Drinking my cold coke", "likes": 0, "published_at": "2019-02-23T18:51:30Z", "sentiment": 0.0, "entities": []}, {"author": "@scottscriticalmass", "comment": "Well done as always Brandon... Here's my quick take on your 3 picks for the month of March.\n\nSU - I don't know much about Suncor, but your reasoning sounded 'sound' enough.  Not to mention, Buffett knows a little something about investing as well.  I'll leave it at that.\n\nEA - I've mentioned before that gaming isn't a core competency of mine (just not my thing), but EA is one of the few I keep on my watch list.  EA has long been the one I've felt most comfortable with.  I don't game much, but when I do I prefer sport games.  ATVI @ sub-$40 and TTWO sub-$80 might result in me dipping my toes as well.  I agree that e-Gaming is just getting started.   I'm in your non-core GenX demographic, but I even heard about Apex Legends.  Come on man!!!\n\nKO - A buddy of mine just bought a chunk of KO following earnings.  He was looking to deploy some funds in a stock he plans on holding forever.  Can't disagree that KO fits the bill for that.  I hope to buy KO and/or PEP at some point, but I'm not ready to jump in just yet.  My preference of the two would likely be PEP only because I love the snack business.\n\nThanks as always for your picks.  Fun to hear what you're thinking and sometimes learn about a company I'm less familiar with.  Cheers...", "likes": 0, "published_at": "2019-02-23T18:17:27Z", "sentiment": 0.9879, "entities": ["Suncor", "EA", "EA", "TTWO", "KO", "KO", "KO and/or PEP"]}, {"author": "@AndreTradingJournal", "comment": "Great video!", "likes": 0, "published_at": "2019-02-23T17:52:36Z", "sentiment": 0.6588, "entities": []}, {"author": "@ETSsquirtleman", "comment": "Great vid! Just bought KO Thursday!", "likes": 0, "published_at": "2019-02-23T16:50:51Z", "sentiment": 0.6892, "entities": []}, {"author": "@whipcream_cs2", "comment": "I recently bought more activation stocks when it dipped down to 40 a share. Well everyone was jumping on the EA wagon due to there new title Apex Legends. I try not to follow the trends, I feel that activision has stronger titles such as Warcraft, Starcraft, diablo and of couse call of duty. And for activision to drop by 50% is a STEAL! I would stay away from EA, has such a bad rep. that even the makers of Apex told EA to stay out of there game lol\n\nAlso you were talking about defensive stocks, I own some Gold mining companies shares. would you consider that to be defensive stocks?", "likes": 4, "published_at": "2019-02-23T14:54:19Z", "sentiment": 0.2165, "entities": ["EA", "Warcraft, Starcraft", "EA", "EA"]}, {"author": "@anthonyt994", "comment": "Brooo hook it up with the membership!!! \ud83d\udcaf\ud83d\udcaf\ud83d\udcaf\ud83d\ude4f\ud83d\ude4f\ud83d\ude4f", "likes": 0, "published_at": "2019-02-23T14:14:26Z", "sentiment": 0.0, "entities": ["\ud83d\ude4f\ud83d\ude4f"]}, {"author": "@HoistTheSailsGentlemen", "comment": "Speaking of the video game space... Any thoughts on Nintendo stock? Ever since I got the Switch I haven't played on any other console.", "likes": 0, "published_at": "2019-02-23T13:44:18Z", "sentiment": -0.2584, "entities": ["Nintendo"]}, {"author": "@coryjiang2909", "comment": "I am bulish on gaming sector too, I own ATVI, I would like to own all 3 sometime in the future.", "likes": 0, "published_at": "2019-02-23T11:36:17Z", "sentiment": 0.3612, "entities": []}, {"author": "@danielcurtis1288", "comment": "I just bought Suncor\ud83d\ude02", "likes": 0, "published_at": "2019-02-23T07:44:34Z", "sentiment": 0.0, "entities": ["Suncor"]}, {"author": "@RaggedyAndy21", "comment": "Good point on EA and the new success of Apex Legends, has real potential for esports in 2019", "likes": 0, "published_at": "2019-02-23T06:37:59Z", "sentiment": 0.765, "entities": ["EA", "Apex Legends"]}, {"author": "@j4collect", "comment": "If you are into the esports industry, take a look at Enthusiast Gaming. Its ticker is EGLX on the TSXV and EGHIF on the OTC. I agree this industry has so much potential.", "likes": 0, "published_at": "2019-02-23T05:32:34Z", "sentiment": 0.6124, "entities": ["EGLX", "TSXV", "EGHIF"]}, {"author": "@imSwiftehhhh", "comment": "As a Canadian I\u2019m just so focused on the booming weed industry, KHRN up 40% this week. It\u2019s still on the risky side", "likes": 0, "published_at": "2019-02-23T05:01:20Z", "sentiment": 0.3749, "entities": ["KHRN"]}, {"author": "@MartinMcClellanGT", "comment": "I also own Suncor and Coca Cola, sold EA when it was $103. I agree that you cannot go wrong with Coca Cola and I will buy more going into the future.", "likes": 0, "published_at": "2019-02-23T03:51:27Z", "sentiment": 0.6192, "entities": ["Suncor", "Coca Cola", "EA", "Coca Cola"]}, {"author": "@Justice4able", "comment": "I love Coke $KO.", "likes": 0, "published_at": "2019-02-23T03:33:44Z", "sentiment": 0.6369, "entities": ["Coke"]}, {"author": "@JohnMaxTang", "comment": "Keep up with the monthly stocks to buy vids, love your insight Brandon!", "likes": 0, "published_at": "2019-02-23T03:11:15Z", "sentiment": 0.6696, "entities": []}, {"author": "@nskr160", "comment": "3 bottles of wine....yup, it\u2019s Friday. Enjoy bud!", "likes": 0, "published_at": "2019-02-23T02:30:47Z", "sentiment": 0.5411, "entities": []}, {"author": "@zae8425", "comment": "Do you use any value matrix to figure out what price to pay for a stock? Eventually could you do a vid on this topic?", "likes": 1, "published_at": "2019-02-23T02:14:42Z", "sentiment": 0.3313, "entities": []}, {"author": "@Kevin_Street", "comment": "Coca Cola is certainly a good pick for a defensive stock. And being around for more than a hundred years gives it a reputation that tends to be self-reinforcing. People looking for stability buy Coke stock, which makes it even more stable in a downturn. Kind of like how currency traders tend to buy US bonds when other currencies go down.", "likes": 0, "published_at": "2019-02-23T01:52:03Z", "sentiment": 0.8553, "entities": ["Coke"]}, {"author": "@DallasCanada", "comment": "Hey, could you do a video on Warrant Shares? I was given this option from TGOD recently and I'm really new at this. Would really appreciate it.", "likes": 0, "published_at": "2019-02-23T01:33:26Z", "sentiment": 0.6361, "entities": ["TGOD"]}, {"author": "@AsxZ19", "comment": "Thanks for the vide", "likes": 0, "published_at": "2019-02-23T01:27:59Z", "sentiment": 0.4404, "entities": []}, {"author": "@InvestingRobinhoodInvestor", "comment": "I'm following these stocks too. Great video Brandon!", "likes": 1, "published_at": "2019-02-23T01:21:08Z", "sentiment": 0.6588, "entities": []}, {"author": "@FikiNom", "comment": "Always grateful for this guidance.  Will pick up some suncor.", "likes": 0, "published_at": "2019-02-23T01:11:17Z", "sentiment": 0.4588, "entities": []}, {"author": "@zetter4013", "comment": "Canada has massive oil reserve. But it takes 1 barrel of oil to get out 2, esports players play games that are 7 years old", "likes": 0, "published_at": "2019-02-23T00:54:57Z", "sentiment": 0.4767, "entities": []}, {"author": "@nickfararis411", "comment": "Hey Brandon great video \nA+  picks large caps can't afford these caps ranks with  Dinner Auto's  kabobs but  great for who can and congrats \nFor the membership winner", "likes": 1, "published_at": "2019-02-23T00:49:12Z", "sentiment": 0.9638, "entities": ["Dinner Auto's"]}, {"author": "@f3wbs", "comment": "Suncor was the very first energy company I had ever heard of. I have been looking at it for a while because it fits my dividend yield range and is a large cap stock (and other reasons, such as the gamble on them going towards electricity in a few years.)\n\nGaming companies are usually a hit-or-miss. Look at Advanced Warfare. Look at WW2. Companies are usually aiming directly for revenue rather than what their customers/consumers want. I don't know of any Canadian gaming companies on the TSX so I tend to avoid them. For EA specifically, lately they've been... problematic... to say it best. Could be a good time to buy. \n\nEveryone likes coke. I don't know how I'd get by each day without my daily dose. I assume its the same for most people in my area.", "likes": 0, "published_at": "2019-02-23T00:48:14Z", "sentiment": 0.8725, "entities": ["Suncor", "TSX", "EA"]}, {"author": "@lavieenblocs", "comment": "Thanks Brandon! Will definitely look into Suncor! Already into Coca-Cola :)", "likes": 0, "published_at": "2019-02-23T00:31:15Z", "sentiment": 0.8475, "entities": ["Suncor", "Coca-Cola"]}, {"author": "@robeks567", "comment": "Like the KO and EA picks, I have been swing trading EA and PYPL lately. Thinking about adding a small KO position soon.", "likes": 0, "published_at": "2019-02-23T00:26:11Z", "sentiment": 0.3612, "entities": ["KO", "EA", "EA", "PYPL"]}, {"author": "@marcamphavannasouk8444", "comment": "What??? No Kraft-Heinz??? Kidding! Great as always Brandon, go E.A!!!", "likes": 0, "published_at": "2019-02-23T00:17:18Z", "sentiment": 0.7527, "entities": ["Kraft-Heinz", "E.A"]}, {"author": "@joygatewood8028", "comment": "KO does look attractive at this price point. Thanks for the tip.", "likes": 0, "published_at": "2019-02-23T00:11:10Z", "sentiment": 0.7003, "entities": ["KO"]}, {"author": "@joygatewood8028", "comment": "Can you comment on how/if sanctions or oil embargos of oil from Venezuela could affect oil prices? Is it part of the reason that oil prices are climbing?", "likes": 0, "published_at": "2019-02-23T00:03:14Z", "sentiment": 0.0, "entities": []}, {"author": "@amirich1485", "comment": "Great picks, I like them all. I'd prefer Suncor about 10% lower, but they (and their partnerships/joint ventures) hold leases on potentially the best oil sands locations. EA sports is a solid franchise, and KO is as safe as mud on a rainy day.", "likes": 0, "published_at": "2019-02-23T00:01:42Z", "sentiment": 0.93, "entities": ["Suncor", "EA"]}, {"author": "@Yilinbei0814", "comment": "Good picks!", "likes": 0, "published_at": "2019-02-22T23:41:35Z", "sentiment": 0.4926, "entities": []}, {"author": "@kingkang6877", "comment": "Great stuff.  Initiated a small position in KHC", "likes": 0, "published_at": "2019-02-22T23:38:52Z", "sentiment": 0.6249, "entities": ["KHC"]}, {"author": "@dyoon87", "comment": "Love the channel!", "likes": 0, "published_at": "2019-02-22T23:35:48Z", "sentiment": 0.6696, "entities": []}, {"author": "@ericktan4377", "comment": "4:34  wow that brings back my wonderful childhood memories.  But Brandon I'm curious why are you bullish on coke despite the fact that they have a huge amount of debt", "likes": 0, "published_at": "2019-02-22T23:25:01Z", "sentiment": 0.7506, "entities": []}, {"author": "@Mattoilers97", "comment": "I helped built Suncors fort hills worked at the refinery once what about the trans Mountain pipeline? Stocks looks fabulous today :)", "likes": 0, "published_at": "2019-02-22T23:24:42Z", "sentiment": 0.7506, "entities": []}, {"author": "@AussieMoneyMan", "comment": "So close to 10k...", "likes": 0, "published_at": "2019-02-22T23:04:11Z", "sentiment": 0.0, "entities": []}, {"author": "@practicalwealth7455", "comment": "The market is in a panic right now, I'm gonna be loading up heavy this March!", "likes": 3, "published_at": "2019-02-22T23:01:41Z", "sentiment": -0.5562, "entities": []}, {"author": "@ammardhoondia1431", "comment": "Hey you missed the dramatic intro like last time\ud83d\ude05 but glad you finally have KO in a video\ud83d\udc4d", "likes": 0, "published_at": "2019-02-22T23:01:37Z", "sentiment": 0.631, "entities": ["KO"]}, {"author": "@revolvingal3x", "comment": "Love the hoodie, flexing on us peasants :^)", "likes": 3, "published_at": "2019-02-22T22:38:30Z", "sentiment": 0.8074, "entities": []}, {"author": "@SwingTrading", "comment": "Coke stock isn\u2019t very fun. I like to swing trade stocks So I need the volatility", "likes": 1, "published_at": "2019-02-22T22:38:21Z", "sentiment": 0.7485, "entities": ["Coke"]}, {"author": "@revolvingal3x", "comment": "comment", "likes": 0, "published_at": "2019-02-22T22:37:12Z", "sentiment": 0.0, "entities": []}, {"author": "@affiliatewatch", "comment": "The market collapse is coming, would be good to see videos about shorting.  Buying is not smart right now.", "likes": 2, "published_at": "2019-02-22T22:34:40Z", "sentiment": -0.3732, "entities": []}]