[{"author": "@chadferreira6799", "comment": "Faf got delisted from Wealthsimple last week there goes my 350 shares \ud83d\ude3f\ud83d\ude3f\ud83d\ude3f\ud83d\ude3e", "likes": 0, "published_at": "2023-06-19T19:48:45Z", "sentiment": 0.296, "entities": []}, {"author": "@alainouellet7794", "comment": "Completely unrelated lol, no way FAF moves ATD share price lol", "likes": 1, "published_at": "2023-06-15T20:10:19Z", "sentiment": 0.7089, "entities": ["FAF", "ATD"]}, {"author": "@kathleen8092", "comment": "Thoughts on cannabis ownership by other entities? Thirty five percent is a lot considering the cannabis market not being the golden goose egg. Who made that decision?\ud83d\udc40", "likes": 0, "published_at": "2023-06-14T22:55:34Z", "sentiment": 0.0, "entities": []}, {"author": "@alijatt2020", "comment": "Yes or no. Should we buy it it now ?", "likes": 0, "published_at": "2023-06-14T06:51:10Z", "sentiment": 0.128, "entities": []}, {"author": "@MarVista90066", "comment": "Brandon, please! Stop pronouncing the name wrong. The letter \"D\" at the end is silent. To be pronounced \"tar\" like a tar pit. Tard in French means late, as in \"we close late in the evening\". Like 7-Eleven but our very own.", "likes": 4, "published_at": "2023-06-14T02:35:40Z", "sentiment": -0.2598, "entities": ["7-Eleven"]}, {"author": "@basseon", "comment": "ATD is one of all time favorite stock, one of the only individual stock I'm still buying. I already jumped on this little drop to add to my position.", "likes": 2, "published_at": "2023-06-14T01:04:16Z", "sentiment": 0.2944, "entities": ["ATD"]}, {"author": "@roberttaylor3594", "comment": "hmmmm; I still say ATD is a good company....sounds like a possible buying opportunity to me. can't win them all!", "likes": 1, "published_at": "2023-06-14T00:27:10Z", "sentiment": 0.6619, "entities": ["ATD"]}]