[{"author": "@beaviswealth", "comment": "\ud83d\udcc8\ud83d\udcda As always, if you're a beginner to the Stock Market in Canada and you're looking for a step-by-step blueprint on how to get started... Find out more about our Investing Academy here - https://bit.ly/theinvestingacademy\n\nI noticed at 1:25 it says \"Imp\".... that's supposed to say \"Important!\"... LOL Hope you guys enjoyed the insight! If you like videos like this leave a big THUMBS UP! :D", "likes": 3, "published_at": "2021-03-29T16:36:46Z", "sentiment": 0.9606, "entities": ["the Stock Market", "Investing Academy"]}, {"author": "@DgamesJ", "comment": "I liked this a lot man! Great video. Really shows me an example of what it's like being an investor. Keep it up :)", "likes": 0, "published_at": "2021-04-04T21:16:26Z", "sentiment": 0.9134, "entities": []}, {"author": "@rocelletiu7188", "comment": "Oh Brandon, that's how I feel with Shopify. I bought some shares  early 2019 for 200 and sold later that year for 500. Look where its at today \ud83e\udd2a.", "likes": 0, "published_at": "2021-04-04T04:12:23Z", "sentiment": 0.296, "entities": []}, {"author": "@marysimone5754", "comment": "This is some really good information about stock market. I like what you said about how you should have diversification. If you have trouble doing that it might be a good idea to think about getting a professional to help you", "likes": 17, "published_at": "2021-04-03T20:05:13Z", "sentiment": 0.8354, "entities": []}, {"author": "@kapanalex", "comment": "You give great advice to many new investors! Awesome work!!!!!!", "likes": 0, "published_at": "2021-04-03T18:07:11Z", "sentiment": 0.8852, "entities": ["Awesome"]}, {"author": "@cheynebest7028", "comment": "Tesla is just getting started... trim out of the energy and re enter Tesla on the dip. This is a great chance for that", "likes": 0, "published_at": "2021-04-03T05:44:08Z", "sentiment": 0.802, "entities": ["Tesla"]}, {"author": "@RagingBull1624", "comment": "I try to join the academy and you guys rejected me. Just wondering what base you guys select people. People with lots of money I guess.", "likes": 0, "published_at": "2021-04-02T18:15:59Z", "sentiment": -0.2732, "entities": []}, {"author": "@SturFishProduction", "comment": "Another great vid from my favourite investing YouTuber! Love to see you open up your portfolio to us a lil more, appreciate you sharing your experiences!", "likes": 0, "published_at": "2021-04-02T16:04:46Z", "sentiment": 0.9427, "entities": ["YouTuber"]}, {"author": "@bonezay5163", "comment": "I noticed the corporate address for Fans Unite Entertainment is 789 west pender street suite #1080. The thing is that, there are countless other companies that share the same address. \n\nIs this just an address for a company that brings companies to market. Seems a bit dodgy, what\u2019s your take?", "likes": 1, "published_at": "2021-04-02T09:08:48Z", "sentiment": 0.4767, "entities": ["Fans Unite Entertainment"]}, {"author": "@magradwan2516", "comment": "The best part for me to hear is :  70 % of your portfolio is the old and boring stocks ..we just need to keep reminding ourselves with that and not to keep running after trendy stocks so they get to  a higher percentage in our portfolio..Thx so much !", "likes": 1, "published_at": "2021-03-31T13:50:54Z", "sentiment": 0.4926, "entities": []}, {"author": "@BacheneAdel", "comment": "Hi Brandon, Love the video. Can you please share your thoughts about a company called Dialogue (ticker symbol CARE), they had their IPO yesterday.", "likes": 0, "published_at": "2021-03-31T13:48:11Z", "sentiment": 0.8271, "entities": ["IPO"]}, {"author": "@kwins.f6520", "comment": "Hi Brandon, Will u buy tesla again?", "likes": 0, "published_at": "2021-03-31T10:53:36Z", "sentiment": 0.0, "entities": []}, {"author": "@mohammadzia3929", "comment": "Honest man", "likes": 0, "published_at": "2021-03-31T02:28:26Z", "sentiment": 0.5106, "entities": []}, {"author": "@leonoravena9526", "comment": "I thought that you are always looking at company\u2019s fundamentals ...", "likes": 1, "published_at": "2021-03-30T20:22:53Z", "sentiment": 0.0, "entities": []}, {"author": "@KelechIwuaba", "comment": "Brandon like don't ask me why we were golfing in the worst weather possible cause I AINT GOT THE ANSWERS", "likes": 0, "published_at": "2021-03-30T20:17:40Z", "sentiment": -0.3818, "entities": ["AINT"]}, {"author": "@Alan-ck6fg", "comment": "You are still young~ find the next Tesla", "likes": 0, "published_at": "2021-03-30T18:53:37Z", "sentiment": 0.0, "entities": ["Tesla"]}, {"author": "@paulcarman269", "comment": "TSLA is a roller coaster \ud83c\udfa2 I bought in 2018/2019 with cost base avg of $49.50 (post split avg).  I\u2019m holding til at least 2025!!", "likes": 0, "published_at": "2021-03-30T17:27:36Z", "sentiment": 0.0, "entities": []}, {"author": "@king_wadey_productions", "comment": "More videos like this. Thanks", "likes": 0, "published_at": "2021-03-30T16:54:15Z", "sentiment": 0.7314, "entities": []}, {"author": "@AlpineDividends", "comment": "I put $3k into SunEdison a few years ago shortly before it went bankrupt, and held on until it was actually $0. Whoops! \ud83d\udcc9", "likes": 2, "published_at": "2021-03-30T15:54:55Z", "sentiment": -0.5983, "entities": ["SunEdison"]}, {"author": "@dennishowell3795", "comment": "Hi Brandon, i bought OVV and NFI before they drop, i average down on both, OVV is up 43% and NFI is up 32%.", "likes": 0, "published_at": "2021-03-30T15:27:57Z", "sentiment": -0.2732, "entities": ["OVV", "NFI", "OVV", "NFI"]}, {"author": "@user-is3dy7rp2e", "comment": "It\u2019s so windy everywhere in Canada right now and your friend has balls of steel to golf in it. Lol just bought some gold mine stocks as you said the part about oil and gold but love your Channel. Thank you sir", "likes": 0, "published_at": "2021-03-30T14:07:57Z", "sentiment": 0.9194, "entities": []}, {"author": "@charlesburry7898", "comment": "I also bought fansunite at nearly 2$ \ud83d\ude02\ud83d\ude2d\ud83d\ude2d\ud83d\ude02", "likes": 0, "published_at": "2021-03-30T13:59:25Z", "sentiment": 0.0, "entities": []}, {"author": "@jfrunnerCanada", "comment": "Exactly like you say...\nMy average is 3/4 stocks make around 15%/year and 1/4 make between -5%/+5%... that makes an average or 12-13%/year, which is excellent in a long run... \ud83d\udc4d\ud83c\udffb\ud83d\ude00 keep the good work!", "likes": 0, "published_at": "2021-03-30T13:38:19Z", "sentiment": 0.8553, "entities": []}, {"author": "@andytolle4352", "comment": "To be honest, this video actually reduced my confidence in your advice. \nMy intent is not to bash you or anything, so I hope you don't experience it like that, but I do want to give honest feedback about how this information made me feel: \n\nAfter seeing this video, I see three possible realities: \n- either you cherrypicked the \"I bought these in the covid-cash\", \n- or you don't have a long trading history \n- or you have a longer history and chose not to show the other rates of return... neither of these three scenario's bring me much confidence... \n\nAnyway, I realize this is not fair to draw any conclusions on this one video, so if my image I got from this is wrong, please explain why that is: I'm still open to reconsidering. \n\nPersonally I regard it as highly immoral to sell 'long term investment strategies' if you only ever traded in an extreme bull market. \n\nWhen it comes to knowledge and information, I consider the worst thing one can do with that is to be spreading 'theory', in the hope it will turn into 'truths'. To me  that's like selling grapes for the price of wine without ever having tasted wine yourself.\n\nSo please do correct me if I'm wrong, or if this is just one of the so many \"I'm documentation my process of learning and while I'm learning, I teaching and asking money for it\"-kind-of-channel, then please state it clearly... I don't mind that, but I'd want to know.", "likes": 0, "published_at": "2021-03-30T11:45:09Z", "sentiment": -0.0181, "entities": []}, {"author": "@ibabycocoon7343", "comment": "I hate when people throw numbers as percentage ... \"I'm up 129%\" .... Ookkiieee, it just mislead people like wow 200% gain must be crazy... \"scoff\"", "likes": 0, "published_at": "2021-03-30T11:15:33Z", "sentiment": 0.7184, "entities": []}, {"author": "@redcard3140", "comment": "Hey Brandon! I\u2019m always watching. Your videos on investing. I wanted to say a really unique thing, personally I am going back and forth from your Channel to watching videos about radar detectors and laser jammers from a person called \u2018Vortex radar\u2019 but they are in the US and the reason must be that it can save you money just like good investing can do. It would make my day if you did a video on laser jammers and radar detectors in Alberta. They are currently and have been legal there for a long time but there are some provinces in Canada that ban them. In the big picture the same as making speculative investing decisions radar detectors are definitely similar. If you see the Vortex radar videos you will know what I mean. Thanks for the great videos!", "likes": 0, "published_at": "2021-03-30T06:45:47Z", "sentiment": 0.9735, "entities": ["Vortex"]}, {"author": "@RouRoro", "comment": "Brandon you look like you just visited DTES el oh el", "likes": 0, "published_at": "2021-03-30T04:08:07Z", "sentiment": 0.3612, "entities": []}, {"author": "@S1nc3r3T34rz", "comment": "Biggest lost... $1200 sweater...lol kidding. SWAGgggggg", "likes": 1, "published_at": "2021-03-30T03:46:06Z", "sentiment": 0.1027, "entities": []}, {"author": "@lujanej", "comment": "What do you think of MOGO?", "likes": 0, "published_at": "2021-03-30T03:28:50Z", "sentiment": 0.0, "entities": []}, {"author": "@Deluxestone", "comment": "Seems pretty easy to be all green in this bull market, no? Hopefully, it continues, but do you make any adjustments when the market starts to cool down? How safe do you consider these picks to be? (-just some thoughts from a new and naturally pessimistic investor)", "likes": 0, "published_at": "2021-03-30T03:22:31Z", "sentiment": 0.8121, "entities": []}, {"author": "@lujanej", "comment": "Hi, Brandon, thank you for sharing your wins and losers, very inspiring. When Do you think it\u2019s time to sell oil shares? CJ is up 20x from its low. Scare if oil might go down any time. Will appreciate your reply.", "likes": 0, "published_at": "2021-03-30T03:21:24Z", "sentiment": 0.807, "entities": ["CJ"]}, {"author": "@marczappacosta3", "comment": "\u201cWhy are you even golfing in the first place\u201d lol", "likes": 1, "published_at": "2021-03-30T03:21:21Z", "sentiment": 0.4215, "entities": []}, {"author": "@88lamborghini", "comment": "Hi Brandon , dude your awesome , great videos , great advice , I would love to see you tell us when much more good companies are a good buy up to date \ud83d\ude03\ud83d\udc7b", "likes": 0, "published_at": "2021-03-30T03:05:43Z", "sentiment": 0.9747, "entities": []}, {"author": "@pierrecarldamours2258", "comment": "What is the best portfolio platform to follow all of our stock, takes graphic out etc.. Is it better to pay a montly service or stick with like free yahoo finance ?", "likes": 0, "published_at": "2021-03-30T02:53:09Z", "sentiment": 0.91, "entities": []}, {"author": "@David-ns2on", "comment": "All of your examples are from within +/- a few months of the market lows. Would have been more interesting to see some purchases from 2019 (I think that's when you said you started) or 2017 (when I think you said you started the YouTube channel). Would have been even more interesting if there was anything you held through a complete business cycle.", "likes": 0, "published_at": "2021-03-30T02:21:00Z", "sentiment": 0.6353, "entities": ["YouTube"]}, {"author": "@ryanp221", "comment": "Sick hoodie bro!", "likes": 0, "published_at": "2021-03-30T01:39:31Z", "sentiment": -0.5562, "entities": []}, {"author": "@nickfararis411", "comment": "Hello Brandon congrats its windy here in burnaby", "likes": 0, "published_at": "2021-03-30T01:32:21Z", "sentiment": 0.5267, "entities": []}, {"author": "@ItsBurnahMan", "comment": "could've had that sweater in every colour if u didn't sell TSLA LOL. excited for the new subscription brudda!", "likes": 1, "published_at": "2021-03-29T23:23:54Z", "sentiment": -0.1941, "entities": ["LOL"]}, {"author": "@johnd.rockefeller3304", "comment": "Dearest friend Brandon Beavis:\nAll this talk of wins and losses is well and Good. Most certainly, the wisest investor is he who knows where he is making money and where is he losing it. However, there is one stock where hitherto there has been no loss. Of course, this is the famous stock of the Standard Oil Company. As I once told a young man who inquired me for business advice: \u201cSell everything, even the shirt on your back, but hold on to your Standard Oil stock\u201d. Indeed, this stock has withstood even the harsh depression of \u201873 and continues to operate with a full Dividend. Good friend Mr. Beavis: With a heart full of generosity and confidence, I implore you to invest in our combination!", "likes": 0, "published_at": "2021-03-29T23:11:21Z", "sentiment": 0.9415, "entities": ["the Standard Oil Company", "Standard Oil", "Dividend"]}, {"author": "@Kodykenway", "comment": "Thank you for using \"beside the point\" correctly.  Not sure why but it bugs me, so many people say \"besides the point\". \nBesides the point means \"in addition to or aside from the point,\" while beside the point means \"irrelevant.\"", "likes": 0, "published_at": "2021-03-29T22:57:58Z", "sentiment": 0.0693, "entities": []}, {"author": "@gineisab9240", "comment": "Merci pour vos commentaires! Tanks", "likes": 0, "published_at": "2021-03-29T22:55:06Z", "sentiment": 0.0, "entities": []}, {"author": "@leemiller2243", "comment": "my worst was probably acb, my best flt or td lol . I was gonna buy gamestop cause i had a feeling  and i was just starting out however i held back sigh", "likes": 0, "published_at": "2021-03-29T22:49:39Z", "sentiment": 0.5423, "entities": []}, {"author": "@sandeepbrar4452", "comment": "Can you please share some info about day trading and which stocks to buy for day trade???", "likes": 0, "published_at": "2021-03-29T22:27:35Z", "sentiment": 0.6174, "entities": []}, {"author": "@adyk6604", "comment": "Do we have pay to taxes on US dividends holdings bought thru TFSA?", "likes": 0, "published_at": "2021-03-29T22:26:51Z", "sentiment": -0.1027, "entities": []}, {"author": "@mustafaal-humairi6477", "comment": "Brandon its so good you sold tsla at 349 because this one Is  overvalued and    It has  to go down in any ways\nOther than that, I really really really love your honesty\nAnd you will be up sooner or later in  Tencent company", "likes": 0, "published_at": "2021-03-29T22:25:29Z", "sentiment": 0.9223, "entities": []}, {"author": "@ab.4425", "comment": "Thank you so much bud!! Excellent Video!!", "likes": 0, "published_at": "2021-03-29T21:52:02Z", "sentiment": 0.824, "entities": []}, {"author": "@momo35444", "comment": "brandon, i loved how candid this video was!!! i love seeing you like that. plus extremely knowledgeable content. thank you", "likes": 0, "published_at": "2021-03-29T21:39:45Z", "sentiment": 0.9353, "entities": []}, {"author": "@MikeJacobMorrison", "comment": "Great video! Always appreciate youtubers with full transparency, showing losers as well as winners", "likes": 3, "published_at": "2021-03-29T21:23:56Z", "sentiment": 0.8356, "entities": []}, {"author": "@thegamingphile", "comment": "I\u2019m feeling that FANS pain brother. Looks like its found a bottom though.", "likes": 0, "published_at": "2021-03-29T20:17:08Z", "sentiment": -0.0772, "entities": []}, {"author": "@GammaLlama_", "comment": "I really enjoyed this video Brandon! Too bad you sold out of Tesla so early! Congrats on all of your winners though! Thanks for sharing!", "likes": 1, "published_at": "2021-03-29T20:13:48Z", "sentiment": 0.9292, "entities": ["Tesla"]}, {"author": "@tenorref", "comment": "To respond to your question, yes, it\u2019s worth it to see these wins/losses. I sold KEYS, LH and KTOS last March because I was leaning more towards dividend stocks. If you take a look at their tickers, they are doing very, very well. I left a lot of money behind there. Thanks for letting us know that we can make a bad move even with a gain.", "likes": 0, "published_at": "2021-03-29T20:04:44Z", "sentiment": 0.8431, "entities": ["KEYS", "KTOS"]}, {"author": "@scottscriticalmass", "comment": "Fun video Brandon... Thanks for the transparency.\n\nMy biggest 'opportunity loss'... I purchased NVDA in 2008 for <$13 per share, held for 2.5 years selling for a whopping $21.50 per share.  I choke a bit when looking how many shares I had.  Bit the bullet and purchased again 7 years later in $180 range...  Crazy thing is I could have bought it for <$13 again in 2013, but didn't.  Ouch!!", "likes": 1, "published_at": "2021-03-29T20:04:33Z", "sentiment": 0.6634, "entities": ["NVDA"]}, {"author": "@JonathanLaiYoutube", "comment": "Another great video!", "likes": 1, "published_at": "2021-03-29T20:03:19Z", "sentiment": 0.6588, "entities": []}, {"author": "@tenorref", "comment": "Perhaps a video addressing the buying and selling of OTC/pink sheet stocks. Have read they are risky due to illiquidity. Are they more difficult to buy/sell?", "likes": 0, "published_at": "2021-03-29T19:52:50Z", "sentiment": -0.5563, "entities": []}, {"author": "@JonathanElkoubi", "comment": "Make a video about the new stock: RBLX", "likes": 0, "published_at": "2021-03-29T19:52:23Z", "sentiment": 0.0, "entities": []}, {"author": "@jayplunks", "comment": "This guy is like a good book swinging in a hammick", "likes": 0, "published_at": "2021-03-29T19:44:58Z", "sentiment": 0.6597, "entities": []}, {"author": "@InvestingSolutions23", "comment": "Sold Tesla at 900 pre split and thought I was some sort of investing genius \ud83d\ude2d", "likes": 9, "published_at": "2021-03-29T19:36:57Z", "sentiment": 0.0, "entities": []}, {"author": "@ThatLegendRicoKing", "comment": "I sold FCEL sat $3", "likes": 0, "published_at": "2021-03-29T19:21:01Z", "sentiment": 0.0, "entities": ["FCEL"]}, {"author": "@Dracks67", "comment": "Ovintiv to the moon lol", "likes": 0, "published_at": "2021-03-29T19:01:37Z", "sentiment": 0.4215, "entities": []}, {"author": "@TheTttooom", "comment": "I had 155 SHOP shares at $65 in early 2017 and sold for $105. Sooo yeah, I feel you on that TSLA sell. You live and you learn though. Great video, keep it up !", "likes": 5, "published_at": "2021-03-29T18:59:07Z", "sentiment": 0.8313, "entities": ["SHOP"]}, {"author": "@JeanOfmArc", "comment": "I bought New Flyer (NFI.TO) a few months ago, and I still feel the company is undervalued even at its current price ($26.72), but I'm not 100% sure. What's your take on its current position?", "likes": 0, "published_at": "2021-03-29T18:19:01Z", "sentiment": -0.3491, "entities": []}, {"author": "@MrJamesDaniels", "comment": "As an Investor you have done very well. As a speculative trader you could have done a bit better \u270c\ufe0f\ud83d\ude0f ie Tsla. I noticed your LMT puck appears to be doing well \ud83d\ude0e\ud83d\udc4d.", "likes": 0, "published_at": "2021-03-29T18:12:49Z", "sentiment": 0.81, "entities": ["LMT"]}, {"author": "@geeta59", "comment": "Thoughts on Alibaba??", "likes": 2, "published_at": "2021-03-29T18:09:38Z", "sentiment": 0.0, "entities": []}, {"author": "@TheFlightofPheonix", "comment": "Hello Brandon I love your videos and I have a question about when to sell etfs? I invested in EWY - South Korea ETF during the COVID panic and the etf is 70% up and I don\u2019t know if I should keep it or sell it. Thank you. I know you don\u2019t really trade etf but your thoughts would be really helpful.", "likes": 0, "published_at": "2021-03-29T17:47:35Z", "sentiment": 0.7461, "entities": ["COVID"]}, {"author": "@orientdiversityinc9592", "comment": "What is your point re: cineplex ?", "likes": 1, "published_at": "2021-03-29T17:31:59Z", "sentiment": 0.0, "entities": []}, {"author": "@Victoria-rw7zt", "comment": "\ud83d\udc4d", "likes": 0, "published_at": "2021-03-29T17:24:58Z", "sentiment": 0.0, "entities": []}, {"author": "@milhouse7145", "comment": "Is it just me or does Brandon look a little high in this video?", "likes": 0, "published_at": "2021-03-29T17:20:34Z", "sentiment": 0.0, "entities": []}, {"author": "@NateCage", "comment": "Loved the video. For someone like me that's relatively new to this, it's cool to see some of the ups and downs of more experienced investors.", "likes": 7, "published_at": "2021-03-29T17:18:18Z", "sentiment": 0.8271, "entities": []}, {"author": "@kniknayme9865", "comment": "woulda, coulda, shoulda.   tough not to wonder what could have been- but a win is a win in my books. good vid.", "likes": 5, "published_at": "2021-03-29T16:58:06Z", "sentiment": 0.9432, "entities": ["woulda"]}, {"author": "@antonb5241", "comment": "I think it's time we invest in a time travel machine so we can all go back and not sell TSLA prematurely \ud83d\ude02\ud83d\ude02 I know the feeling buddy", "likes": 10, "published_at": "2021-03-29T16:52:44Z", "sentiment": 0.128, "entities": []}, {"author": "@CaseyBurnsInvesting", "comment": "I sold out of Tesla to pay a student loan. Huge fail.", "likes": 4, "published_at": "2021-03-29T16:45:02Z", "sentiment": -0.3818, "entities": ["Tesla"]}, {"author": "@CaseyBurnsInvesting", "comment": "Dude, congrats on Ovintiv. That\u2019s why we do our homework and average down. You\u2019ll kill it over time playing it safe.", "likes": 7, "published_at": "2021-03-29T16:41:16Z", "sentiment": 0.34, "entities": []}]