[{"author": "@beaviswealth", "comment": "\ud83d\udcc8\ud83d\udcda As always, if you're a beginner to the Stock Market in Canada and you're looking for a step-by-step blueprint on how to get started... Find out more about our Investing Academy here - https://bit.ly/theinvestingacademy", "likes": 6, "published_at": "2021-04-13T19:19:16Z", "sentiment": 0.0, "entities": ["the Stock Market", "Investing Academy"]}, {"author": "@MK-yt3ct", "comment": "Nah just set limit orders to buy larger and larger amounts at lower and lower prices. And reevaluate every few weeks.", "likes": 0, "published_at": "2022-03-09T12:30:30Z", "sentiment": -0.5859, "entities": []}, {"author": "@irenegutierrez271", "comment": "Is it good to check and buy low in good solid stocks?", "likes": 0, "published_at": "2022-03-04T01:59:36Z", "sentiment": 0.6486, "entities": []}, {"author": "@khuo0219", "comment": "What is the evidence showing that averaging into a position or multiple positions over time? I don't think you can necessarily  dismiss investing everything up front. What one should do is to re-balance the portfolio if one of your favorite stocks dipped for no good reason.  If you don't invest, your cash just sits there losing value. I agree with a lot of Brandon's takes, but I don't agree with this one of sitting on a lot of cash for no good reason. Spread the risk and re-balance when needed.", "likes": 0, "published_at": "2021-06-29T18:06:16Z", "sentiment": 0.6858, "entities": []}, {"author": "@khuo0219", "comment": "Everyone is different. If you have experienced lot of the highest and lows of the stock market, you may be de-sensitized with the daily or weekly movements. Someone said if you only look at your portfolio when it is going up and avoid to look when it is going down, you will have a lot more fun in life.", "likes": 0, "published_at": "2021-06-29T17:59:58Z", "sentiment": 0.1513, "entities": []}, {"author": "@sololeo908", "comment": "I think one of the hardest things about investing is being disciplined and patient enough to wait for that quarter to half a year to pass, especially with FOMO or fear that a specific stock will increase in value and become too expensive compared to when you could have gotten it for cheaper if you bought it way before. Thank you for the advice! It was a perfect lesson for a newbie who has the habit of checking it everyday!", "likes": 0, "published_at": "2021-06-10T00:20:34Z", "sentiment": 0.8065, "entities": ["FOMO"]}, {"author": "@feliciafang320", "comment": "You mention phasing in until you reach your desired position of a stock. How do you determine how much of a stock you want in your portfolio?", "likes": 0, "published_at": "2021-06-09T03:51:46Z", "sentiment": 0.3612, "entities": []}, {"author": "@salemkadu7583", "comment": "Great value imparted! I am also a newbie investor and your discussions and suggestions are mighty helpful! Keep'em  comin'!", "likes": 0, "published_at": "2021-05-27T15:27:43Z", "sentiment": 0.88, "entities": []}, {"author": "@robertbazso5053", "comment": "Holy smokes... I watch it so many times a day\ud83e\udd26\ud83c\udffb\u200d\u2642\ufe0f", "likes": 0, "published_at": "2021-05-20T22:47:11Z", "sentiment": 0.0, "entities": []}, {"author": "@DeFyPhYsiiCs", "comment": "I just purchased a few stocks and wanted to learn a lot more so here I am. Your video was really insightful , thanks! (I really need to stop looking at my portfolio often lol) \n\nYou mentioned doing your due diligence , research etc when looking at companies. Do you have any advice as to what you are looking for when you are doing your research ? for a newbie like myself lol \n\nThank you for your time (:", "likes": 0, "published_at": "2021-05-06T20:59:54Z", "sentiment": 0.9002, "entities": []}, {"author": "@investedinvestor2238", "comment": "Probably one of the most important lessons I\u2019ve had about the stock market.  Thanks, Brandon.", "likes": 0, "published_at": "2021-04-20T03:59:34Z", "sentiment": 0.6115, "entities": []}, {"author": "@oly2048", "comment": "Thanks for the insights Brandon. My question is what approach would it be for people who don't have as much time as you as I am nearing 50's. I couldn't afford to take much risks like young investors. Thanks!", "likes": 0, "published_at": "2021-04-19T21:47:32Z", "sentiment": 0.7574, "entities": []}, {"author": "@rochester3", "comment": "stonks only go up", "likes": 0, "published_at": "2021-04-17T22:00:27Z", "sentiment": 0.0, "entities": []}, {"author": "@slayshinimpact7108", "comment": "what do you mean by phasing?", "likes": 0, "published_at": "2021-04-16T19:56:34Z", "sentiment": 0.0, "entities": []}, {"author": "@TrevorLeeGodin", "comment": "Its so True, I Schedule when I check my portfolio so that it limits how many times I check. in terms of what I put for myself once a month, but sometimes I check in between if I am looking at something specific.", "likes": 0, "published_at": "2021-04-16T16:53:23Z", "sentiment": 0.2609, "entities": []}, {"author": "@medtonic", "comment": "I think we've all been guilty of this as investors in terms of checking our portfolio everyday. I have my tracker open but I only have it open to update my dividends and growth. I don't have a lot of money to invest right away so I do it in chunks throughout the year. Right now I own 12 stocks and every 2 months I add more to one of them. In which order I do it depends on a number of factors and trends in the market.", "likes": 2, "published_at": "2021-04-16T13:56:25Z", "sentiment": 0.4497, "entities": []}, {"author": "@lanceroberts1066", "comment": "I like to check my stocks monthly, I evaluate each month and decide what needs to be added to and what needs to be sold. I enjoy when I can get my principle back for the amount of money I put into the stock. Rather than cash I take my profits in free shares, than I take my principle and move it over to other companies. To be honest I let Brandon due his diligence and buy some of his picks.", "likes": 0, "published_at": "2021-04-15T22:43:56Z", "sentiment": 0.9468, "entities": []}, {"author": "@phillipjosh1499", "comment": "The best idea about money is; make it, invest most of it and manage whatever that remains expecting huge returns in nearest future.", "likes": 8, "published_at": "2021-04-15T19:20:08Z", "sentiment": 0.7579, "entities": []}, {"author": "@420StonerComedy", "comment": "Video suggestion: your method of doing DD or a live stream of you doing DD (the long format might be boring but it'll be more useful for adding insight)", "likes": 1, "published_at": "2021-04-15T16:44:45Z", "sentiment": 0.5632, "entities": []}, {"author": "@alanvadlakunta2576", "comment": "Hi Brandon, do you have any videos explaining how to find good stocks to buy?", "likes": 0, "published_at": "2021-04-15T15:24:09Z", "sentiment": 0.4404, "entities": []}, {"author": "@TekkLuthor", "comment": "I'm a hermit. Looking is fun so far (invested about 10 minutes ago for the 1st time) I write down the goals for each stock before I invest that way I'm not terribly worried upfront", "likes": 0, "published_at": "2021-04-15T14:20:21Z", "sentiment": 0.7971, "entities": []}, {"author": "@thickcheeks9603", "comment": "guilty!", "likes": 0, "published_at": "2021-04-15T09:31:07Z", "sentiment": -0.4753, "entities": []}, {"author": "@payotimeRamsYT", "comment": "Really appreciate the video Brandon! Been investing for a few months now and seen modest gains from stressful swing trades. (Mostly lost) my best stock has been Manulife which I bought and haven\u2019t looked at. Thanks for suggesting months ago when it was undervalued!", "likes": 0, "published_at": "2021-04-15T09:21:28Z", "sentiment": 0.8682, "entities": []}, {"author": "@ItsBurnahMan", "comment": "great topic, yeah i definitely checked my portfolio way too much at first. now that i have some positions built up that i\u2019m confident in, it\u2019s much easier to not check in", "likes": 1, "published_at": "2021-04-15T02:35:26Z", "sentiment": 0.9325, "entities": []}, {"author": "@daskit1983", "comment": "@Brandon - does this advice about $ cost avging into a position still apply when trading with TD (@$9.99 / trade fees) ? \n\nI live in Toronto and its hard to digest so much $$$ in trade fees.\nThanks!", "likes": 0, "published_at": "2021-04-15T02:17:54Z", "sentiment": 0.4199, "entities": ["TD", "@$9.99"]}, {"author": "@KelechIwuaba", "comment": "That Peter Lynch example.", "likes": 0, "published_at": "2021-04-15T02:06:25Z", "sentiment": 0.0, "entities": []}, {"author": "@SturFishProduction", "comment": "Great video, definitely the reality check I needed, it's a bad habit honestly practically like a gambling addiction in a way. I for one check it multiple times a day whenever I can.", "likes": 2, "published_at": "2021-04-14T22:12:29Z", "sentiment": 0.8316, "entities": []}, {"author": "@pwong0227", "comment": "Buy it and forget it....buy mid and large cap for long term hold.", "likes": 0, "published_at": "2021-04-14T20:49:31Z", "sentiment": -0.2263, "entities": []}, {"author": "@zanibz7994", "comment": "Hi Brandon, do you think Air Canada stock is worth getting now that they're getting government support/loan/ \"bailout\".", "likes": 0, "published_at": "2021-04-14T16:48:43Z", "sentiment": 0.2263, "entities": ["Air Canada"]}, {"author": "@sheilarementizoofficial7862", "comment": "Thanks for the comfort.", "likes": 0, "published_at": "2021-04-14T16:46:43Z", "sentiment": 0.6597, "entities": []}, {"author": "@tomv2302", "comment": "Your house analogy is great. Also like your stocks, you make investments in your home over time(ie kitchen or bathroom or...). Most are not able to do all of these improvements all at once. But with the additude of \"keep on building\" will give great results in the end.", "likes": 1, "published_at": "2021-04-14T14:34:47Z", "sentiment": 0.891, "entities": []}, {"author": "@VDubUploads", "comment": "Great vid! Totally leave my long term plays alone, they don't move much as they aren't that volatile. I do go in often due to some of the growth stocks I keep (EV and gaming) always looking to average down to maximize profits but trying to look a little less, it can build anxiety lol.", "likes": 0, "published_at": "2021-04-14T14:23:11Z", "sentiment": 0.7903, "entities": ["EV"]}, {"author": "@nellatadic2918", "comment": "Hi, do you have a podcast with the same content? I would prefer doing other things on my phone and/ or laptop while I listen to your videos.. YouTube is not really easy for multitasking.", "likes": 1, "published_at": "2021-04-14T13:43:27Z", "sentiment": -0.3865, "entities": ["YouTube"]}, {"author": "@nicoleselfe2126", "comment": "Can you easily switch stocks from questrade to Wealthsimple?", "likes": 0, "published_at": "2021-04-14T13:24:15Z", "sentiment": 0.34, "entities": []}, {"author": "@imperialzp", "comment": "Great video! I needed this", "likes": 0, "published_at": "2021-04-14T13:11:54Z", "sentiment": 0.6588, "entities": []}, {"author": "@NasirKhan1", "comment": "Harms could be losing a possession which took a dip for a week or so or your mood swings.", "likes": 0, "published_at": "2021-04-14T10:59:26Z", "sentiment": -0.7003, "entities": []}, {"author": "@chrisspurrell1534", "comment": "Great video.. Gives us all something to think about and practice!", "likes": 0, "published_at": "2021-04-14T10:25:50Z", "sentiment": 0.6588, "entities": []}, {"author": "@gavinrios968", "comment": "When it comes to the world of investing,most people don't know where to start.fortunately,great investors of the past and present can provide us with guidance", "likes": 1, "published_at": "2021-04-14T07:00:06Z", "sentiment": 0.0, "entities": []}, {"author": "@pranavpatel5237", "comment": "How to do management analysis \ud83e\uddd0?", "likes": 0, "published_at": "2021-04-14T06:52:37Z", "sentiment": 0.0, "entities": ["\ud83e\uddd0"]}, {"author": "@ErenDognn", "comment": "Hey Beavis Family, I just wanna know what do you think about this thought: \"Diversity in the portfolio reduces risk but also increases sector-based exposure.\" Thanks guys.", "likes": 0, "published_at": "2021-04-14T06:12:46Z", "sentiment": 0.5106, "entities": []}, {"author": "@nickfararis411", "comment": "Thank you! For a great video", "likes": 0, "published_at": "2021-04-14T06:06:43Z", "sentiment": 0.784, "entities": []}, {"author": "@AgnesPelletier", "comment": "I think it would be super helpful to have a video on how good entry points look like value wise. I made the mistake when I started to try to diversify right away so bought too many stocks for very little money each and the amount of fees killed me. It would have been better if I had used my first 500$ or 1k in a single company rather than split them over many, and put the next 1k into another (like the phasing you mentioned), etc...live and learn, but I wish I had understood splitting-diversification at a deeper level than bonds vs. equities. Also, I consider myself still building the portfolio. I haven't reached targets yet, so I look at the market regularly to buy more to reach targets for stocks I haven't bought in a while.", "likes": 1, "published_at": "2021-04-14T05:24:36Z", "sentiment": 0.8742, "entities": []}, {"author": "@fasttrackesl", "comment": "Hi Brandon. Is it true that an ETF portfolio beats most actively-managed ones in the long run? What are your thoughts on this?", "likes": 0, "published_at": "2021-04-14T05:06:45Z", "sentiment": 0.4871, "entities": []}, {"author": "@AndyinMTL", "comment": "great video thx B!", "likes": 0, "published_at": "2021-04-14T04:17:46Z", "sentiment": 0.784, "entities": []}, {"author": "@kayvonmotamed", "comment": "Sorry if im imstaken or i missed it, but numerous times you mentioned it would \"do more harm than good\" to check your portfolio too often, but you didn't really give examples of what those 'harms' would be? Fill me in, please", "likes": 0, "published_at": "2021-04-14T03:48:19Z", "sentiment": 0.066, "entities": []}, {"author": "@jasonstupak4535", "comment": "Watched and liked, thanks Brandon.  Yes, I trained myself not to look at my portfolio too often, and also remove YouTubers from my watchlist that are more interested in clickbait emotionally driven \"advice\".", "likes": 0, "published_at": "2021-04-14T03:47:41Z", "sentiment": 0.8858, "entities": ["YouTubers"]}, {"author": "@Gillutine", "comment": "@Brandon Beavis Investing, hmmm. I don't know, I feel like if your are someone that invests in big lump sums because you have the income to do so then yes, but if you are someone that invest every pay day maybe 200$ or so every 2 weeks, then dollar cost averaging in requires you to pay attention to the price of the stocks you own that you are trying to build up. At least that is my opinion for my current situation, please feel free to comment if you think this is wrong.", "likes": 0, "published_at": "2021-04-14T03:39:44Z", "sentiment": 0.3578, "entities": []}, {"author": "@AlphaNews101", "comment": "Impossible for me not to constantly check for the next couple hours after buying ! \ud83d\ude05", "likes": 1, "published_at": "2021-04-14T03:14:39Z", "sentiment": 0.0, "entities": []}, {"author": "@in-alee1997", "comment": "I am a beginner investor, too. This is the perfect video for me and I loved your analogy to growing plants! Thank you!", "likes": 0, "published_at": "2021-04-14T03:13:00Z", "sentiment": 0.9078, "entities": []}, {"author": "@MartinMcClellanGT", "comment": "That moment when Brandon Beavis uses the old Wealthsimple logo\u2026 \ud83d\ude09\ud83d\ude01", "likes": 1, "published_at": "2021-04-14T02:31:48Z", "sentiment": 0.0, "entities": []}, {"author": "@amiraliyousefli8615", "comment": "Lockheed Martin? Really????!!!!\nThat's disappointing....", "likes": 0, "published_at": "2021-04-14T02:14:33Z", "sentiment": 0.0, "entities": []}, {"author": "@gairikroy515", "comment": "Great topic. I keep watching my portfolio while I work and recently it's more as working from home. I used to forget about it while I was working in the office, had other people around me. These days I keep watching the stocks SOLR and NEXE more as they keep dropping!", "likes": 0, "published_at": "2021-04-14T02:01:23Z", "sentiment": 0.5411, "entities": ["SOLR", "NEXE"]}, {"author": "@larryd5152", "comment": "20+ years investing using the dollar cost average weekly without looking at all at the price and it work great for me 97% of my investment are with a firm and now that I feel comfortable with my earning I took 3% each week of my deposits to test my skill of managing my own portfolio and so far better return from the pro, but I still manage to beat the tsx.", "likes": 0, "published_at": "2021-04-14T01:28:09Z", "sentiment": 0.6993, "entities": []}, {"author": "@TwinworldGameReviews", "comment": "I have a few small cap stocks that pulled back quite a bit, even though there's been no bad news and they are undervalued according to morning star. These are in my non-reg luckily and I have cash in my TFSA.\r\n\r\nWhat's your thought about deploying capital into these down stocks in my TFSA to match my non-reg value of the stocks. Then once the 30 day waiting period has passed, I'd sell those non-reg stocks for tax-loss harvesting. This would let me cover my position should the stocks bounce up after I'll removed my non-reg funds. Provided the stocks don't bounce up much, I could then re-deploy the non-reg capital back into those stocks once another 30 days have past.", "likes": 0, "published_at": "2021-04-14T01:22:08Z", "sentiment": -0.0, "entities": ["non-reg", "non-reg"]}, {"author": "@derekcox6531", "comment": "Know what you have. 30 years ago,I started investing and over that time I made a few mistakes for sure,but what I learned is the truth that if you know what you have (meaning the quality of your holdings) then as long as you don\u2019t sell it when everyone is panicking,then you\u2019ll be able to increase your nest egg. Watch the market if that\u2019s what you enjoy,but just understand that markets move slowly over time and trends are easy to see if you\u2019re looking with an objective eye.", "likes": 0, "published_at": "2021-04-14T01:20:17Z", "sentiment": 0.6124, "entities": []}, {"author": "@santamartarock", "comment": "Thank you. Very informative. The analogy with the tree really hit me since I train bonsai and seasons/time is the most important factor in them. I have to let them grow healthy before I prune them back to shape the design. Never thought I could use the same techniques in investing.", "likes": 0, "published_at": "2021-04-14T00:54:07Z", "sentiment": 0.7425, "entities": []}, {"author": "@derekd1997", "comment": "Personally I enjoy watching my stocks, I check several times per day, I have no shame. It is a game that I enjoy playing. A story I enjoy reading. I only buy stocks, never sell until 25-30 years have passed. At least thats the plan. I've only been playing the game for 1.5 months.", "likes": 1, "published_at": "2021-04-14T00:38:07Z", "sentiment": 0.7845, "entities": []}, {"author": "@j.s.m.5351", "comment": "I'm just wondering if you have any ethical concerns about investing? Lockheed Martin is war profiteering isn't it?", "likes": 0, "published_at": "2021-04-14T00:32:32Z", "sentiment": -0.3736, "entities": []}, {"author": "@glenf4115", "comment": "Funny stuff - Earlier today this came up in conversation.   Someone suggested an escape route: Sell all assets, invest it all, and disappear into the woods.  Emerge once a year to file taxes and reinvest the dividends.  :)", "likes": 0, "published_at": "2021-04-14T00:22:26Z", "sentiment": 0.7506, "entities": []}, {"author": "@CanadianDividendInvesting", "comment": "Don't get emotional, that's when you panic sell and lose money! Buy and hold for long term gains!", "likes": 1, "published_at": "2021-04-14T00:17:13Z", "sentiment": -0.6836, "entities": []}, {"author": "@jasonwalsh3763", "comment": "Great lessons, wish I\u2019d seen this 6 months ago, lol. Live and learn", "likes": 2, "published_at": "2021-04-14T00:01:51Z", "sentiment": 0.8625, "entities": []}, {"author": "@momo35444", "comment": "really good video!! thanks for the knowledge.", "likes": 0, "published_at": "2021-04-14T00:00:39Z", "sentiment": 0.787, "entities": []}, {"author": "@ab.4425", "comment": "Great content buddy!! Excellent Video!! Thank you so much bud!!", "likes": 0, "published_at": "2021-04-13T23:54:56Z", "sentiment": 0.9094, "entities": []}, {"author": "@ghvimmigrationservices4110", "comment": "I laughed at that tree example and I realised I\u2019m looking at it everyday how my tree is performing!! This video is so meant to me. Thanks Brandon\u2764\ufe0f", "likes": 0, "published_at": "2021-04-13T23:39:15Z", "sentiment": 0.7568, "entities": []}, {"author": "@leah425", "comment": "I check my stocks/crypto a few times a day. I don\u2019t spend anything. I like to watch the charts and learn what is happening in there. Just something I find interesting.", "likes": 0, "published_at": "2021-04-13T23:35:54Z", "sentiment": 0.6369, "entities": []}, {"author": "@sergest-amand1164", "comment": "To get the important news about a company by \"chance\" in the medias... This applies only to huge companies, as I experienced. Like, I was owning Just Energy, which is not that small, but the price had to go down and down and down before I started to search for an explaination, no news showed up for me in the medias to let me know smthng was happening.", "likes": 1, "published_at": "2021-04-13T23:25:23Z", "sentiment": 0.1406, "entities": []}, {"author": "@roberttaylor3594", "comment": "looking at your stocks every day is a good way to get addicted to buying and selling.  That shot of endorphin you get when you hit that button.  Pavlov's dog, the addiction to the slot machine shiny lights and sounds when they pull that lever.  it might be worth it to look at your 'speculative-growth stocks often since they can rise and fall so radically, but I don't need to check my Telus stock every day.  Like Bandon says, if something major happens in the telecom sector, I will hear it on CBC News.  Like, I hear the govt of canada will probably take an ownership position in Air Canada...I am wondering what that will do!", "likes": 1, "published_at": "2021-04-13T22:50:44Z", "sentiment": 0.8478, "entities": ["CBC News", "Air Canada"]}, {"author": "@josephmallozzi9491", "comment": "Hey Brandon, would love to know the specifics of your buy and sell strategy and, specifically, your approach to consolidating a position.  Buying the dips is a solid approach, but in a worst case scenario, you're continuing to buy a continually dipping stock.  On the other hand, are you cost averaging up as well?  Is there a specific % that will see you make a move?  For instance, if a stock drops 10% buy?  If a stock rises 20%, sell a portion?  And if yes to the latter, how much?", "likes": 2, "published_at": "2021-04-13T22:36:56Z", "sentiment": 0.8276, "entities": []}, {"author": "@vinny6049", "comment": "Restraining my self not to look  on my portfolio for 1month makes me paranoid for sure, I rather look on it 2x a day for my mental health\ud83d\ude04", "likes": 10, "published_at": "2021-04-13T22:36:16Z", "sentiment": 0.0772, "entities": []}, {"author": "@Evan-vj2li", "comment": "To contrast this idea, how do you feel about dollar cost averaging?", "likes": 1, "published_at": "2021-04-13T22:22:24Z", "sentiment": 0.0, "entities": []}, {"author": "@safwanhussaini3381", "comment": "set price target, buy at good entry, set your limit and forget about it until the order fills.", "likes": 2, "published_at": "2021-04-13T22:19:27Z", "sentiment": 0.25, "entities": []}, {"author": "@rexx4166", "comment": "great video thank you, your channel is like a investor book of itself the way you record things every video is like a new chapter on how to grow or help us grow our portfolio. i have a follow up question do you think you should rush and put in the $6000 contribution limit even if you must take money out of your savings just so you can have more money for the future to invest or is that something i can avoid. because I'm currently sitting at $2000 and i do have a lot of time but I'm a young investor and don't actually have all the money i need but i feel as of I'm rushing myself to put in the $6000 so I don't fall short of the contribution", "likes": 0, "published_at": "2021-04-13T22:01:46Z", "sentiment": 0.7227, "entities": []}, {"author": "@kniknayme9865", "comment": "I look everyday (for opportunities).If you are disciplined I don't see the harm.", "likes": 0, "published_at": "2021-04-13T22:00:38Z", "sentiment": 0.431, "entities": []}, {"author": "@Azel247", "comment": "Don't touch your stocks, stupid.\n- Mother Teresa", "likes": 1, "published_at": "2021-04-13T21:36:44Z", "sentiment": -0.5267, "entities": []}, {"author": "@ShameerRavji", "comment": "Thx for the vid. Just purchased some stocks and been finding myself doing that lately, lol. I keep telling myself I need to stop doing that \ud83d\ude02", "likes": 0, "published_at": "2021-04-13T21:36:35Z", "sentiment": 0.4767, "entities": []}, {"author": "@acdatz6222", "comment": "If you do in fact just \"buy and hold\" than I don't see any harm in checking or following along. Eventually the novelty will wear off.", "likes": 2, "published_at": "2021-04-13T21:34:46Z", "sentiment": 0.431, "entities": []}, {"author": "@davidchen5661", "comment": "Oh, I watched every single minute", "likes": 0, "published_at": "2021-04-13T21:32:55Z", "sentiment": 0.0, "entities": []}, {"author": "@ericharding92", "comment": "Great vid. Keep up the good work!", "likes": 0, "published_at": "2021-04-13T21:25:49Z", "sentiment": 0.807, "entities": []}, {"author": "@MrBizteck", "comment": "As the saying goes \nCant see the forrest for the trees.\n\nGood for me as I have a bit of cash and a very ichy trigger finger.", "likes": 0, "published_at": "2021-04-13T21:24:08Z", "sentiment": 0.4404, "entities": []}, {"author": "@AbsoluteFunction", "comment": "I found that conviction really helps me not continue to constantly check my portfolio. I would always check to see how the ones that someone told me to buy were doing good which was a rookie mistake and ended up making me lose like 200 dollars so i just sold everything. Did my own DD and bought a handful of stocks and a lot of VFV lol and now i can go without looking for days until i get paid.", "likes": 0, "published_at": "2021-04-13T21:13:44Z", "sentiment": 0.7178, "entities": ["VFV"]}, {"author": "@cunliffest", "comment": "Great house analogy", "likes": 3, "published_at": "2021-04-13T21:09:36Z", "sentiment": 0.6249, "entities": []}, {"author": "@jbainbridge22", "comment": "I very much disagree I don't see how looking at your portfolio regularly stops you from being able to do phase investing if it makes that big of a deal it's more about your own self control rather than a desire to look at the numbers.  I like to look at it every day just as a way to remind myself of what my goal is and it reinforces my mindset even though I invest for the long-term plus it really helps with my OCD just to peek in and see the numbers.  I think this is a biased thought and it is COMPLETELY different from person to person and shouldn't be used as a blanket statement.\n\nPlus I don't trust companies to deliver investment returns without me confirming they paid properly safety first lol.\nSTAY SAFE EVERYONE :P", "likes": 2, "published_at": "2021-04-13T21:00:25Z", "sentiment": 0.9038, "entities": ["COMPLETELY"]}, {"author": "@smithjan1409", "comment": "I think you miss explained, you can watch it, take a look at it, but don\u2019t touch it at least there\u2019s a bad news.", "likes": 1, "published_at": "2021-04-13T21:00:14Z", "sentiment": -0.7227, "entities": []}, {"author": "@timkaercher2459", "comment": "What\u2019s your thinking of the imminent inflation of CAD? There are reports it could be very high with all of the money printing. Is there anything we should do as investors to protect ourselves from inflation?", "likes": 0, "published_at": "2021-04-13T20:52:13Z", "sentiment": 0.4515, "entities": ["CAD"]}, {"author": "@joellenlin1212", "comment": "In addition to what Brandon mentioned, I would recommend recording the reasons why you decided to enter a position, might it be based on a fundamental analysis (i.e. AAPL), because you love the product and believed in the company and its leadership (i.e. TSLA), or because it's a Brandon pick, you liked his analysis and wanted to try it out (i.e. LMT), or you want in on the fun with a meme stock (i.e. GME), or maybe it's a pure technical play based on pattern & chart analysis (i.e. SPOT below MA200). Same for the reasons for exist, for example partial exit to take profit or you made the wrong move and exist as a stop lost. These information is personal and unique to you, and will help you have a record of lessons learned along the way every time you revisit your portfolio 3 or 6 months from now :)", "likes": 37, "published_at": "2021-04-13T20:48:25Z", "sentiment": 0.9477, "entities": ["LMT", "GME"]}, {"author": "@yeoldebaccyfarm3081", "comment": "I like to follow what happens with the companies I have bought but personally I dont like to do quick decisions on stock market. I dont even have the money to properly invest that often. Its more like I follow whats happening and when I have the money I invest in what I see promising and reasonable value at that time.", "likes": 0, "published_at": "2021-04-13T20:47:54Z", "sentiment": 0.9313, "entities": []}, {"author": "@ericchan7988", "comment": "What is your recommendation when you would add more shares to a stock? Example if a fund is up x percentage vs down x percentage?.", "likes": 0, "published_at": "2021-04-13T20:43:33Z", "sentiment": 0.4316, "entities": []}, {"author": "@patrickbelanger6253", "comment": "So, from what I understand, if you have 10K, it's better to build up a position by purchasing a certain amount, then purchase later to average down the cost. And, most importantly, take the time need to build up your position. No need to rush.", "likes": 1, "published_at": "2021-04-13T20:38:28Z", "sentiment": 0.659, "entities": []}, {"author": "@f3wbs", "comment": "Just bought EMP.A because my local FreshCo might be growing. I feel like this video is for me lol.", "likes": 0, "published_at": "2021-04-13T20:37:22Z", "sentiment": 0.7184, "entities": []}, {"author": "@Cfp-sx2vs", "comment": "I like to set alerts on all my positions and ones that I want to buy into for specific prices that are important so if they ever hit either a point that I feel is a buying or selling opportunity then I see the notification and then look more into the pricing change whether up or down more closely over the day or week.", "likes": 0, "published_at": "2021-04-13T20:30:44Z", "sentiment": 0.7506, "entities": []}, {"author": "@StasTalksStocks", "comment": "Amen bro!", "likes": 0, "published_at": "2021-04-13T20:25:45Z", "sentiment": 0.0, "entities": []}, {"author": "@monirm1930", "comment": "Brandon, Do you put stop loss when you buy  stocks?", "likes": 0, "published_at": "2021-04-13T20:21:51Z", "sentiment": -0.5423, "entities": []}, {"author": "@NatePolmateer", "comment": "Brandon, ten minutes ago was looking at a post that showed a zoomed-in look at the week of a stock. then zooming out it showed how much it had increased. There is so much wisdom in this video! thanks, for sharing. It's not about here and now it's about the future! :)", "likes": 3, "published_at": "2021-04-13T20:18:58Z", "sentiment": 0.9333, "entities": []}, {"author": "@jfrunnerCanada", "comment": "Yes! You check to see if the stock drops... and then you buy more since it is a good stock! \ud83d\ude03\ud83d\udcaa\ud83c\udffb", "likes": 1, "published_at": "2021-04-13T20:17:55Z", "sentiment": 0.7339, "entities": []}, {"author": "@sdhsfbrules", "comment": "Nah, I have nothing better to do. I\u2019ll keep looking at my portfolio.", "likes": 2, "published_at": "2021-04-13T20:15:00Z", "sentiment": -0.4226, "entities": []}, {"author": "@prudencek7087", "comment": "Thank you for this video. It was very necessary.", "likes": 0, "published_at": "2021-04-13T20:13:06Z", "sentiment": 0.3612, "entities": []}, {"author": "@qp9vp", "comment": "But, its fun to see blue numbers :-/  I have a hard time keeping myself from looking. Im actually better at it when its in a downturn...", "likes": 1, "published_at": "2021-04-13T20:09:44Z", "sentiment": 0.7096, "entities": []}, {"author": "@BrittaWang", "comment": "maybe check after 1 quarter or even 1 year for rebalancing", "likes": 1, "published_at": "2021-04-13T20:02:48Z", "sentiment": 0.0, "entities": []}, {"author": "@Mag1c4lyfe", "comment": "During red days like these, I always look for opportunities to buy into the companies I like, great opportunity today, and then just leave it as is and let it ride.", "likes": 1, "published_at": "2021-04-13T20:00:52Z", "sentiment": 0.9231, "entities": []}, {"author": "@Lopersen", "comment": "You described me... everyday...:)", "likes": 3, "published_at": "2021-04-13T19:55:37Z", "sentiment": 0.0, "entities": []}, {"author": "@khaledbenali5736", "comment": "I 100% relate to this one  hehe", "likes": 1, "published_at": "2021-04-13T19:53:31Z", "sentiment": 0.0, "entities": []}, {"author": "@crash7098", "comment": "Any thoughts about Brookfield buying Interpipline?", "likes": 0, "published_at": "2021-04-13T19:49:17Z", "sentiment": 0.0, "entities": ["Brookfield buying Interpipline"]}, {"author": "@davidluong5651", "comment": "After a buy a stock, I sit on it until it provides a meaningful pot of profits.", "likes": 2, "published_at": "2021-04-13T19:47:20Z", "sentiment": 0.6369, "entities": []}, {"author": "@matty686801", "comment": "Make a video on\u00a0Topicus(TOI), Converge Technology Solutions(CTS) and Next Green Wave(NGW)", "likes": 2, "published_at": "2021-04-13T19:41:44Z", "sentiment": 0.0, "entities": ["Next Green"]}, {"author": "@emiliefrenette6552", "comment": "Me watching this video while checking my portfolio \ud83d\ude05", "likes": 76, "published_at": "2021-04-13T19:40:59Z", "sentiment": 0.0, "entities": []}, {"author": "@zelonelywolf6240", "comment": "Me listing for Brandon saying not checking my portfolio too often. Me checking my portfolio for the 4th time today while listening XD. I have a question/suggestion for a video. I'm currently thinking about maxing my tfsa and I'm playing with dividend calculators trying to project what I could expect for the long run. It would be interesting to see what calculator you would use and what metric seem acceptable. Dividend, dividend growth, stock growth etc.", "likes": 0, "published_at": "2021-04-13T19:40:48Z", "sentiment": 0.9386, "entities": []}, {"author": "@annehenderson7911", "comment": "Great idea\ud83d\udc4d", "likes": 0, "published_at": "2021-04-13T19:40:16Z", "sentiment": 0.6249, "entities": []}, {"author": "@connormcdavid4426", "comment": "Almost every day? You gotta pump those numbers up, those are rookie numbers in this racket", "likes": 4, "published_at": "2021-04-13T19:35:47Z", "sentiment": 0.0, "entities": []}, {"author": "@annehenderson7911", "comment": "An important video. Thanks so much for this.", "likes": 0, "published_at": "2021-04-13T19:34:36Z", "sentiment": 0.5719, "entities": []}, {"author": "@robertyoung406", "comment": "2:02 \"the best things we can do is step back and NOT check our portfolio.\"\n\nWhat perfect timing, I've been reading the Intelligent Investor (ch 8), and yesterday got to the part where the author says the same thing", "likes": 15, "published_at": "2021-04-13T19:25:29Z", "sentiment": 0.8979, "entities": []}, {"author": "@carndacier", "comment": "I've decided to build up my positions I believe the most. In this order : best dividend growth rate, until I get 100$ dividend yearly on it, on move onto the next one. Then I'll do it again for 200$ a year, etc.", "likes": 0, "published_at": "2021-04-13T19:21:45Z", "sentiment": 0.7783, "entities": []}, {"author": "@0830007", "comment": "Such an important topic! \nFor me, as a young investor, I only have one state of mind really which is: Before I buy a stock. Because as soon as I do buy it, I'm back to the process of learning more about other companies or studying more entry levels etc. in order to make another purchase. So like you said Brandon, as soon as you are completely convinced that what you bought is a great company (good is not good enough), then your next job is to find the next great company and save the money that's gonna be needed for that next buy. And that could take a long time! Months, quarters! So there's never an \"after buying\" state of mind I believe. Again, I'm young and I'm currently not in a \"take profit\" mindset but probably so are your audience. \nThanks Brandon!", "likes": 1, "published_at": "2021-04-13T19:21:35Z", "sentiment": 0.9202, "entities": []}, {"author": "@michaeltanquiza8960", "comment": "This is what I need bro Brandon. Your timing is so perfect \ud83d\udc4c. Thank \ud83d\ude47", "likes": 0, "published_at": "2021-04-13T19:20:16Z", "sentiment": 0.8179, "entities": []}, {"author": "@mackvolvo9700", "comment": "Good Topic!", "likes": 0, "published_at": "2021-04-13T19:19:51Z", "sentiment": 0.4926, "entities": []}, {"author": "@carndacier", "comment": "I need to find the microphone you've put in my house... your videos keep answering my questions these days ! :D", "likes": 8, "published_at": "2021-04-13T19:19:28Z", "sentiment": 0.6514, "entities": []}, {"author": "@beaviswealth", "comment": "\ud83d\udcc8\ud83d\udcda As always, if you're a beginner to the Stock Market in Canada and you're looking for a step-by-step blueprint on how to get started... Find out more about our Investing Academy here - https://bit.ly/theinvestingacademy", "likes": 6, "published_at": "2021-04-13T19:19:16Z", "sentiment": 0.0, "entities": ["the Stock Market", "Investing Academy"]}]