[{"author": "@beaviswealth", "comment": "\ud83d\udcc8\ud83d\udcda As always, if you're a beginner to the Stock Market in Canada and you're looking for a step-by-step blueprint on how to get started... Find out more about our Investing Academy here - https://bit.ly/theinvestingacademy\n\nWealthsimple Trade: Get $25 sign up bonus - wealthsimple.sjv.io/zQ1d6\nQuestrade: Get $50 in commission-free trades with Questrade - https://www.questrade.com/campaigns/qbaffl50t102?refid=ayiice9l", "likes": 2, "published_at": "2021-06-26T22:14:13Z", "sentiment": 0.5423, "entities": ["the Stock Market", "Investing Academy"]}, {"author": "@priayief", "comment": "I'm watching this on Sept. 4 - that's about 39 days later. Your (and my) investment in CNR just skyrocketed! That caught me by surprise, especially because my rather conservative investments rarely jump that much (at least in the right direction - last I looked ... up more than 15%", "likes": 0, "published_at": "2021-09-04T23:32:23Z", "sentiment": 0.3382, "entities": ["CNR"]}, {"author": "@oliviaplese234", "comment": "How does this video only have 18K views, I love this stuff!", "likes": 0, "published_at": "2021-09-03T02:13:35Z", "sentiment": 0.6696, "entities": []}, {"author": "@topoisomerace", "comment": "If the goal of the portfolio is to balance all of the sectors then we would just buy an index ETF. I get the desire to have representation from each sector, but ultimately betting on which sectors will perform best is part of the job as an investor.", "likes": 0, "published_at": "2021-08-23T17:20:04Z", "sentiment": 0.8248, "entities": []}, {"author": "@roberttaylor3594", "comment": "Ok, I put an order in for CHB. Very responsible!  Then I put an order in for a little CMC...speculative!", "likes": 0, "published_at": "2021-07-14T08:13:05Z", "sentiment": 0.6572, "entities": ["CHB", "CMC"]}, {"author": "@carolynbennett1923", "comment": "what is your goal of diversification, globally, US, Canada and asset allocation goal", "likes": 0, "published_at": "2021-07-02T18:05:58Z", "sentiment": 0.3612, "entities": []}, {"author": "@camrussell7046", "comment": "Go Bruins!!", "likes": 0, "published_at": "2021-07-02T15:48:59Z", "sentiment": 0.0, "entities": []}, {"author": "@glennalbertaguado1017", "comment": "Thanks Brandon and Marc!", "likes": 0, "published_at": "2021-07-02T04:32:43Z", "sentiment": 0.4926, "entities": []}, {"author": "@sannepink6114", "comment": "hey Brandon I was looking at your Manulife stock and I have the question of: does the increasing debt which is quite high already not worry you for the future even though interest is low right now but not guaranteed in the future? Thank you!", "likes": 2, "published_at": "2021-07-01T10:53:36Z", "sentiment": 0.6053, "entities": []}, {"author": "@jean-lucbouchard5967", "comment": "You seem distracted today Brandon. You are fine ?", "likes": 0, "published_at": "2021-06-29T16:04:52Z", "sentiment": -0.1531, "entities": []}, {"author": "@kniknayme9865", "comment": "Another animal?  Gotta love those parental jabs", "likes": 0, "published_at": "2021-06-29T12:57:20Z", "sentiment": 0.6369, "entities": []}, {"author": "@trenttonnellier2344", "comment": "I met the cheif! Johnny Bucyk he has a summer hone down the road from my grandfather. He gave me my first set of golf clubs!", "likes": 0, "published_at": "2021-06-29T05:07:06Z", "sentiment": 0.0, "entities": []}, {"author": "@eva-xu2cl", "comment": "This was a particularly helpful discussion, thank you!", "likes": 2, "published_at": "2021-06-29T03:02:20Z", "sentiment": 0.731, "entities": []}, {"author": "@ab.4425", "comment": "Great video guys!! Excellent content!!", "likes": 1, "published_at": "2021-06-28T23:07:07Z", "sentiment": 0.8741, "entities": []}, {"author": "@trevordick8683", "comment": "Being in the age that falls in between you both I like the fact that you have bought your father on board.  You both have a similar philosophy but, I believe, investing when you are 20 as opposed to when you are 60 can be different.   One comment/idea that you might address in the future is the currency conversion that occurs buying/selling us stocks from a Canadian account.  I recently experienced as situation where I got into and out of a position in a fairly short time frame and after factoring in the currency conversion it was definitely not worth my time.  To be clear the vast majority of my buys are for long term holds but I have a very small stake where I trade in a company for a short term gain.  Don\u2019t know if you would find it worth talking about but just an idea.  Love your videos.", "likes": 0, "published_at": "2021-06-28T20:07:15Z", "sentiment": 0.9524, "entities": []}, {"author": "@NarrBitaYarr", "comment": "Congrats Brandon! Another great video, thanks guys", "likes": 2, "published_at": "2021-06-28T12:25:12Z", "sentiment": 0.8932, "entities": []}, {"author": "@MaximGarantRousseau", "comment": "Except for the comments of Marc on the Habs, Great episode!", "likes": 0, "published_at": "2021-06-28T11:28:05Z", "sentiment": 0.6588, "entities": []}, {"author": "@s-h-f", "comment": "Hello, thank you for making these useful videos. I have one silly question. I have decided to go with Questrade for US stocks and I am wondering that if I purchase some stocks and sell them in an RSP account, would RSP be a good option?", "likes": 2, "published_at": "2021-06-28T11:02:57Z", "sentiment": 0.8126, "entities": ["RSP", "RSP"]}, {"author": "@jayr8134", "comment": "I can invest a max of 100 to 150$ weekly onto stock market. What kind of returns or growth should I be expecting long term? Or do you need to pile in huge amounts of money to reap benefits down the line?", "likes": 2, "published_at": "2021-06-28T01:37:54Z", "sentiment": 0.782, "entities": []}, {"author": "@CanadianDividendInvesting", "comment": "Awesome video update, thanks for sharing!", "likes": 2, "published_at": "2021-06-28T00:40:08Z", "sentiment": 0.8777, "entities": []}, {"author": "@sonnyminhas2006", "comment": "Great video as always gentlemen. Would appreciate your opinion on BYD aka BYDDF.", "likes": 2, "published_at": "2021-06-28T00:20:51Z", "sentiment": 0.7783, "entities": ["BYD"]}, {"author": "@TM-is6tx", "comment": "Congrats Brandon. Nothing wrong with added personal news.  Thanks Marc.  Great video once again from you both!", "likes": 3, "published_at": "2021-06-27T22:05:26Z", "sentiment": 0.9223, "entities": []}, {"author": "@scottscriticalmass", "comment": "High quality portfolio in the works... Love it! \nFull disclosure - I happily own GOOGL, DIS, AAPL, LMT, CLX and recently purchased BABA that Brandon mentioned as well...", "likes": 3, "published_at": "2021-06-27T22:02:17Z", "sentiment": 0.8439, "entities": ["DIS", "AAPL", "LMT", "CLX", "BABA"]}, {"author": "@kelleyhaldorson209", "comment": "Question: If you are buying an investment for 10-20 years how much do you care about your entry point for a stock?  I hear about Discounted cash flow ect. and building in a Margin of safety but won't you end up missing out on great companies that never \"fully correct\" and miss out on those returns if you don't just buy it and then Dollar cost average? Or is that more your strategy?", "likes": 2, "published_at": "2021-06-27T20:56:23Z", "sentiment": 0.7347, "entities": []}, {"author": "@kelleyhaldorson209", "comment": "Thanks for talking about the different bonds.  It can be challenging when new to the markets to know the importance of bonds but also the differences in them.  To be honest I just bought a BMO ETF and hoped it was the right one.  Haha.  Then you showed me Qtips and I chose somthing very similiar for myself.  I didn't really know what the high yield bonds were and didn't pick them as I wanted a safer option but now that I know a little bit more about them I might be tempted to add them in sometime.", "likes": 1, "published_at": "2021-06-27T20:47:13Z", "sentiment": 0.9615, "entities": ["BMO"]}, {"author": "@iROChakri", "comment": "Too much information. Trading stock is so easy and simple, its mostly common sense. When Shopify came out in 2015, its sooooooo predictable that it'd skyrocket becuase it's just like Amazon. Putting $100k in Spotify in 2015 would make you become multimillionaires now lol", "likes": 0, "published_at": "2021-06-27T20:33:13Z", "sentiment": 0.8671, "entities": ["Amazon"]}, {"author": "@donaldtruong6955", "comment": "Where can I find the sheet to input my holdings", "likes": 2, "published_at": "2021-06-27T20:24:55Z", "sentiment": 0.0, "entities": []}, {"author": "@alexzabiuk1361", "comment": "what's your opinion on selling covered calls? I've been selling them against some of my positions for the past couple months and ive been enjoying the income boost coming into my portfolio", "likes": 2, "published_at": "2021-06-27T17:26:33Z", "sentiment": 0.7269, "entities": []}, {"author": "@larsen7682", "comment": "I struggle incorporating fixed income in my portfolios since covid hit because I can\u2019t see a scenario where interest rates don\u2019t climb back up in 2-3 year (hurting bond prices). Would you look into floating rate funds or alternative funds that generate income from options as a substitute for bonds?", "likes": 0, "published_at": "2021-06-27T16:57:06Z", "sentiment": 0.1779, "entities": []}, {"author": "@henjer2150", "comment": "Congrats Brandon, long time subscriber here. Great (CANADIAN) content you guys put out there. Your dad looks proud of you.....", "likes": 2, "published_at": "2021-06-27T16:50:41Z", "sentiment": 0.891, "entities": []}, {"author": "@carlosarceo7283", "comment": "Love the duo! Would you guys be able to do a \"day in life\" of stock research, stock buying, etc \" I.e. what does it look like when you do research, what programs you use, how do you pin down a stock you'll add to your portfolio etc.", "likes": 17, "published_at": "2021-06-27T16:44:05Z", "sentiment": 0.7901, "entities": []}, {"author": "@jamesbainton", "comment": "PFE also has the little blue pill which will always help the stock to rise.", "likes": 3, "published_at": "2021-06-27T16:42:53Z", "sentiment": 0.4019, "entities": ["PFE"]}, {"author": "@peoplepeople6938", "comment": "where is your dad thou?", "likes": 0, "published_at": "2021-06-27T15:53:38Z", "sentiment": 0.0, "entities": []}, {"author": "@brettbarnes9406", "comment": "I got a YouTube ad for your channel while watching your video.  Lol.\n\nI subscribed after watching Marc.  Thanks for bringing an an older fella for me to relate to. :)", "likes": 2, "published_at": "2021-06-27T15:34:15Z", "sentiment": 0.8271, "entities": ["YouTube"]}, {"author": "@annehenderson7911", "comment": "Great point that long term investing is not exciting.", "likes": 0, "published_at": "2021-06-27T15:01:49Z", "sentiment": 0.3553, "entities": []}, {"author": "@annehenderson7911", "comment": "A huge congratulations on your engagement, Brandon.", "likes": 9, "published_at": "2021-06-27T15:01:17Z", "sentiment": 0.8481, "entities": []}, {"author": "@ZazouHD", "comment": "go habs go!!", "likes": 1, "published_at": "2021-06-27T14:49:26Z", "sentiment": 0.0, "entities": []}, {"author": "@jonisousa-guthrie3121", "comment": "Can you explain why stock prices go down during the ex dividend date ?  Thx", "likes": 1, "published_at": "2021-06-27T12:37:57Z", "sentiment": 0.3612, "entities": []}, {"author": "@imkarthickc686", "comment": "Great video as always. I am hoping you guys will cover portfolio rebalancing strategies when time comes.", "likes": 1, "published_at": "2021-06-27T12:25:52Z", "sentiment": 0.7845, "entities": []}, {"author": "@meetingmsme8855", "comment": "I really enjoy watching both of you, especially I love your daddy! He is such a nice and gentle person!  His input into these videos are priceless! Thank you for the great video!", "likes": 7, "published_at": "2021-06-27T09:36:30Z", "sentiment": 0.97, "entities": []}, {"author": "@cesardrudi8238", "comment": "I agree with you, now is not the time to go heavy unless you have high conviction on a specific stock. Im slowly buying an etf called with the ticket XACTHDIV, its a nordic high dividend fund", "likes": 2, "published_at": "2021-06-27T06:07:09Z", "sentiment": 0.3612, "entities": []}, {"author": "@willkeen5010", "comment": "Buying in this market at all time highs makes this series very interesting! I will look back at this in 5-10 years and say\u2026 see, for longs, it was a good time to buy \ud83d\udc4d", "likes": 5, "published_at": "2021-06-27T03:46:43Z", "sentiment": 0.7339, "entities": []}, {"author": "@robertbazso5053", "comment": "Mark show the \u2764\ufe0f for Canada\u2019s Team\u2026 go Habs go\u2026 I have 29 companies including ETF\u2019s\u2026 happy with your 30 security target\u2026. Good point Brandon about keeping cash in the account\u2026 I will keep my dividends for increasing my positions\u2026. Super add with the ETF\u2026 I will definitely make CHB my 30th security\u2026 Will start holding my dividends to invest during the fall\u2026 for good deals\u2026 Congratulations on the engagement\u2026", "likes": 2, "published_at": "2021-06-27T03:46:15Z", "sentiment": 0.9698, "entities": ["CHB"]}, {"author": "@momo35444", "comment": "im so happy for you brandon!!!\nand to both of you, thanks for the video. so insightfull!!! as always.", "likes": 2, "published_at": "2021-06-27T03:26:36Z", "sentiment": 0.8427, "entities": []}, {"author": "@kayvonmotamed", "comment": "Brandon, what's going on with your camera? It used to be so crisp! Or is it a WiFi issue... Consider an Ethernet cable for stability =P", "likes": 1, "published_at": "2021-06-27T03:15:31Z", "sentiment": 0.5147, "entities": ["P"]}, {"author": "@mingtu7187", "comment": "Go Habs Go! +1 (Sry Mark)", "likes": 1, "published_at": "2021-06-27T03:01:22Z", "sentiment": 0.0, "entities": []}, {"author": "@DaveMallari", "comment": "Since your portfolio is based on long term investment, do you place a stop loss on any of your picks?", "likes": 2, "published_at": "2021-06-27T02:21:25Z", "sentiment": -0.5423, "entities": []}, {"author": "@jt8280", "comment": "The Fed will be slow to increase interest rates for years to come even if inflation is on the horizon.", "likes": 4, "published_at": "2021-06-27T02:05:52Z", "sentiment": 0.6486, "entities": ["Fed"]}, {"author": "@krystlejoyce4427", "comment": "Congrats on the engagement, Brandon!", "likes": 6, "published_at": "2021-06-27T01:56:58Z", "sentiment": 0.7712, "entities": []}, {"author": "@priayief", "comment": "I'm confused how to chart and compare ETF's with respect to total returns. I'm able to graph and compare the price of particular ETF's over time but the chart never reflects the price plus dividends and or distributions. Using Questrade, I compared the performance of MUB vs XSB and based on price only, it looks like XSB is better than MUB. Is there some way I can chart and compare total returns between two or more investments?\n\nLove your helpful and informative videos. Thanks.", "likes": 4, "published_at": "2021-06-27T01:24:41Z", "sentiment": 0.9728, "entities": ["MUB", "XSB", "XSB", "MUB"]}, {"author": "@patassion", "comment": "I meant a five year income statement comparison as you showed", "likes": 1, "published_at": "2021-06-27T01:23:30Z", "sentiment": 0.0, "entities": []}, {"author": "@matheusiglessiasmazzochi4204", "comment": "I am learning so much from you guys. Thank you so much. I am pretty sure everyone is enjoying and learning. All the best and success for you.", "likes": 4, "published_at": "2021-06-27T01:23:28Z", "sentiment": 0.9616, "entities": []}, {"author": "@patassion", "comment": "We\u2019re do I go to look at a five comparison of income statements like you showed for maderna", "likes": 1, "published_at": "2021-06-27T01:22:53Z", "sentiment": 0.3612, "entities": []}, {"author": "@yfrr3060", "comment": "Congrats! And thanks very much for the many videos and knowledge you both generously share. Have a great weekend!", "likes": 2, "published_at": "2021-06-27T01:21:38Z", "sentiment": 0.9431, "entities": []}, {"author": "@olimer1980", "comment": "Since you're helping us so much with our finance, I would be more than happy to help you fix your hockey... gonna help Marc appreciate Montreal Canadiens XD No harm done Marc, still like what you bring to the table :) Keep up the good work guys!", "likes": 0, "published_at": "2021-06-27T00:59:13Z", "sentiment": 0.9674, "entities": []}, {"author": "@StaffordScarlett", "comment": "Great video guys! I using Vector Vest to put in stop orders on my portfolio for when market goes back down. Another thing you can do is take profits on some of your winners to take off some risk. Where is a good place to gain some interest on your cash position? When do you know when to sell for a profit? Thanks!", "likes": 1, "published_at": "2021-06-27T00:58:10Z", "sentiment": 0.9714, "entities": []}, {"author": "@andyscheid3041", "comment": "Thank you for this update!  I appreciate your explanation and leaning towards bonds.  What percentage bonds do you intend to hold?  And cash (now 40ish)?  \n\nGo Habs Go.  Marc, glad you won't be wearing a Bruins cap in the next few vids lol!", "likes": 3, "published_at": "2021-06-27T00:28:11Z", "sentiment": 0.8989, "entities": []}, {"author": "@WeReno", "comment": "I appreciate you two going through this all! Thank you.", "likes": 6, "published_at": "2021-06-27T00:00:47Z", "sentiment": 0.6696, "entities": []}, {"author": "@maxlapointe7538", "comment": "One of the very good things I learned from my grad studies, it's how to get the information pushed towards you instead of always pulling.  Go and subscribe on the companies' news, put alerts and re-assert every couple of weeks those alerts.", "likes": 6, "published_at": "2021-06-26T23:52:23Z", "sentiment": 0.4927, "entities": []}, {"author": "@FellatioHoratio", "comment": "What are your guys thoughts on just keeping a large portion of your cash available (ex. half) in the low risk fixed income like MUB.TO for volatile periods where you likely wont spend all your cash available. You gain monthly dividends and can sell the shares when need be. If you have enough invested where monthly dividends are greater than the fees and better than what banks offer in savings accounts, I dont see much downside.", "likes": 5, "published_at": "2021-06-26T23:47:47Z", "sentiment": 0.8762, "entities": []}, {"author": "@squishtomar1676", "comment": "the hot weather is brutal in the lower mainland. I'm sweating and sweating. I relate :)", "likes": 1, "published_at": "2021-06-26T23:12:08Z", "sentiment": -0.5106, "entities": []}, {"author": "@ajinabraham", "comment": "Great videos, love the Dad-Son duo.  In this video, I saw that you keep around 10k for buying at dips or opportunities. Isn't it a bit too much of money to let that sit in WS Trade account doing nothing in short term? I assume you plan to get it invested in 3-6 months. Even in that case, why don't you keep a major chunk of it in a high interest savings account like Neo Financial (1.30%) or EQ Bank (1.25%) etc. And get around 10$ per month on the principal. Sure it's peanuts, but still better than nothing. Also you could quickly pull that into WealthSimple. (Instant - 2 days depending on the plan you use)", "likes": 0, "published_at": "2021-06-26T23:08:25Z", "sentiment": 0.9217, "entities": ["WS Trade", "Neo Financial", "EQ Bank", "WealthSimple"]}, {"author": "@oahktran51", "comment": "I have a question about the entry price in long-term investment. Did you buy your stock at any price or we should wait for a reasonable entry price? thank you", "likes": 1, "published_at": "2021-06-26T23:01:10Z", "sentiment": 0.3612, "entities": []}, {"author": "@la1930", "comment": "Ontario here \ud83c\udde8\ud83c\udde6 found you guys a few weeks ago. Downloaded WESTSIMPLE. Holding $5k TFSA there. Waiting for crash to buy ..... CONGRATULATIONS \ud83c\udf89\ud83d\udc8d", "likes": 0, "published_at": "2021-06-26T23:00:28Z", "sentiment": 0.4466, "entities": []}, {"author": "@brunogazaille1592", "comment": "Hey Marc. A Bruins fan, I guess nobody is perfect. By the way, since you were born, your team won how many Stanley Cups? I rest my case. \"Cause you see my team won about 12 of them...", "likes": 3, "published_at": "2021-06-26T22:56:15Z", "sentiment": 0.9246, "entities": ["Bruins", "Stanley Cups"]}, {"author": "@mikeandrew9055", "comment": "Hey guys, love your channel!\n\nWould you please look at Cielo Waste Solutions,  CMC.V. \n\nJust uplisted to TSXV and I've been in since $0.10\n\nIt's a green canadian  company with an amazing  future. \n\nPlease check it out I'm not a bot lol\n\nThanks", "likes": 2, "published_at": "2021-06-26T22:52:37Z", "sentiment": 0.7937, "entities": ["Cielo Waste Solutions", "TSXV"]}, {"author": "@albanshala3830", "comment": "\ud83d\udc4c", "likes": 1, "published_at": "2021-06-26T22:50:51Z", "sentiment": 0.0, "entities": []}, {"author": "@Marco-qc9yu", "comment": "HEAT DOME: a stationary ridge of High Pressure which traps hot air parcel in the low to mid atmosphere causing stagnant air mass that gains heat from surface conditions. Associated with poor air quality.. dangerous as there is little cooling relief during nighttime hours as heat is not dissipated to space as usual.", "likes": 1, "published_at": "2021-06-26T22:43:37Z", "sentiment": -0.6461, "entities": []}, {"author": "@GVL1", "comment": "Bucyk, Orr, Esposito, Cashman, Sanderson, ect & Coach Don Cherry. Now, that was a team with personality, talent & grit. Brings back some great childhood memories.", "likes": 2, "published_at": "2021-06-26T22:37:54Z", "sentiment": 0.7845, "entities": []}, {"author": "@Exokris", "comment": "Go Habs Go, gotta cheer for the only canadian team", "likes": 1, "published_at": "2021-06-26T22:28:07Z", "sentiment": 0.5106, "entities": []}, {"author": "@erik1856", "comment": "Good video", "likes": 1, "published_at": "2021-06-26T22:25:43Z", "sentiment": 0.4404, "entities": []}, {"author": "@XenoHere", "comment": "Yessir, Go Habs Go! Montreal going crazy so glad they finally made it and have a chance to bring it back home after 28 years", "likes": 14, "published_at": "2021-06-26T22:24:18Z", "sentiment": 0.5801, "entities": []}, {"author": "@kartiksharma-bw7is", "comment": "Love your videos keep up the good work", "likes": 1, "published_at": "2021-06-26T22:19:49Z", "sentiment": 0.7964, "entities": []}, {"author": "@TedGetsBread", "comment": "I live in Texas, I am definitely familiar with the Heat \ud83d\ude02", "likes": 4, "published_at": "2021-06-26T22:15:55Z", "sentiment": 0.4019, "entities": []}, {"author": "@seanshi2036", "comment": "First", "likes": 1, "published_at": "2021-06-26T22:14:12Z", "sentiment": 0.0, "entities": []}, {"author": "@244lifekobe", "comment": "first!", "likes": 1, "published_at": "2021-06-26T22:14:05Z", "sentiment": 0.0, "entities": []}, {"author": "@seanshi2036", "comment": "First", "likes": 1, "published_at": "2021-06-26T22:13:58Z", "sentiment": 0.0, "entities": []}]