[{"author": "@beaviswealth", "comment": "Feel free to let me know your thoughts below this video.. Especially if you DISAGREE! Thanks for watching! :D", "likes": 7, "published_at": "2019-07-02T23:36:53Z", "sentiment": 0.8031, "entities": []}, {"author": "@joeypeteza3554", "comment": "Long term Investing seems better for me to I dont wanna have a heart attack everyday", "likes": 1, "published_at": "2021-03-10T16:39:31Z", "sentiment": -0.0516, "entities": []}, {"author": "@joeypeteza3554", "comment": "40k geez", "likes": 0, "published_at": "2021-03-10T16:36:06Z", "sentiment": 0.0, "entities": []}, {"author": "@dylanfernandes342", "comment": "Thanks Brnadon for the lovely videos. \nCan I do day trading in rrsp. What are the disadvanatges or even in tfsa", "likes": 0, "published_at": "2021-03-06T23:02:06Z", "sentiment": 0.7717, "entities": []}, {"author": "@josephjeon804", "comment": "U need more subscribers", "likes": 1, "published_at": "2020-05-26T04:11:57Z", "sentiment": 0.0, "entities": []}, {"author": "@LMCEK", "comment": "Discovered your channel this week and really enjoying your \ud83c\udde8\ud83c\udde6 content. I saw your Dad join in one of your vids. No doubt he is very proud of you.", "likes": 1, "published_at": "2020-04-08T16:00:08Z", "sentiment": 0.6794, "entities": []}, {"author": "@darrylb4048", "comment": "Only day trade with what you can afford to lose. \nLike life, its all a gamble, even investing, to a lesser degree.\nEven more important, take your profits.\nMaybe you should try Doing again now that you are more skilled?\nGood vid.", "likes": 0, "published_at": "2020-03-27T01:04:48Z", "sentiment": 0.7889, "entities": []}, {"author": "@meandme8049", "comment": "Thank you Brandon. Awesome content!", "likes": 0, "published_at": "2020-01-12T15:46:44Z", "sentiment": 0.784, "entities": []}, {"author": "@GhOnAu", "comment": "Hi Brandon, thanks for sharing your thoughts just wondering if do you use stop loses when you are investing long term ?", "likes": 0, "published_at": "2019-12-28T00:59:45Z", "sentiment": 0.296, "entities": []}, {"author": "@werunguns", "comment": "Great tips, although I enjoy day trading and have done fairly well so far (12 months and counting)", "likes": 0, "published_at": "2019-12-12T03:49:56Z", "sentiment": 0.8555, "entities": []}, {"author": "@bagelskins", "comment": "where did you get the monopoly light?", "likes": 0, "published_at": "2019-11-15T09:23:21Z", "sentiment": 0.0, "entities": []}, {"author": "@swingingforgold5743", "comment": "Are there any good Canadian consumer staple companies that you could suggest taking a look at that", "likes": 0, "published_at": "2019-08-14T04:47:06Z", "sentiment": 0.4404, "entities": []}, {"author": "@swingingforgold5743", "comment": "Funny how the commercial for this video was get rich quick daytrading", "likes": 0, "published_at": "2019-08-12T01:30:34Z", "sentiment": 0.7579, "entities": []}, {"author": "@AllAboutaProphet", "comment": "Day Trade Or Die  #DTOD", "likes": 1, "published_at": "2019-07-29T03:03:48Z", "sentiment": -0.5994, "entities": []}, {"author": "@alfer9784", "comment": "Good advice thank you for your knowledge", "likes": 1, "published_at": "2019-07-21T21:30:17Z", "sentiment": 0.6597, "entities": []}, {"author": "@Khanfuzed1", "comment": "It's all about picking your spots and your goals. It also depends on your portfolio size. I wouldn't suggest Day Trading your whole net worth if you're medium to large sized investor. It is incredibly risky for you to do that. However, say you're worth 500k-1mil. Day Trading with an account of 30-50k is not going to change the course of your life should you destroy it. The beauty of day trading is your ability to take advantage of movements in the market without exposure to the market when you are not in front of the computer. \n\n\n\n\nThat said, if you're only worth a few thousand dollars to sub 50k and you have a job to support yourself outside of the market then multipliers are much quicker earned on your dollars day trading than the standard long term investment game. That's assuming you can master the time, energy, and exposure to risk to see that plan through. The fact is 2-4% (or the magical 7% average quoted by every person talking on the subject investing ETF long term) a year from 3000$ isn't going to get you anywhere fast. However, it is totally reasonable to 10x that day trading in a year's time. Downside of 3000$ also shouldn't deter you if Day Trading is part of your plan. You will pay to learn. Every one does it.", "likes": 0, "published_at": "2019-07-08T22:52:47Z", "sentiment": 0.7584, "entities": []}, {"author": "@gabrielmoraes4516", "comment": "How about swing trade?\u00a0\nHolding a stock for a couple weeks does not seem a bad idea to maximize profits.\u00a0\nWhat financial indicators can we use to reduce risk?\nThanks again for making the video on day trading! Super helpful!", "likes": 0, "published_at": "2019-07-08T01:47:07Z", "sentiment": 0.9348, "entities": []}, {"author": "@imitatioDei", "comment": "Did u look at any charts b4 buying the gold stock?", "likes": 0, "published_at": "2019-07-06T16:05:32Z", "sentiment": 0.0, "entities": []}, {"author": "@ThePlainBagel", "comment": "Reggie! Leave the thing alone!", "likes": 1, "published_at": "2019-07-06T14:08:05Z", "sentiment": -0.4184, "entities": []}, {"author": "@MichaelJosephJr934", "comment": "Very good video.", "likes": 0, "published_at": "2019-07-06T14:01:29Z", "sentiment": 0.4927, "entities": []}, {"author": "@MichaelJosephJr934", "comment": "Day trading is tough.  You must have a great platform for starters.  I feel Level 2 isn't accurate due to fake orders and most day traders don't enter orders showing placement till they make the buy or sell.  I feel like it's gambling.   My biggest losers came from day trading.  My platform does not allow for stops in premarket which kills your position if the stock crashes.  I considered switching to Lightspeed.  I stuck with Swing and long term trading and I'm up 30 percent in 2019.", "likes": 0, "published_at": "2019-07-06T13:58:03Z", "sentiment": -0.7288, "entities": []}, {"author": "@s3nchou", "comment": "Man love your contents... and your cat lol.", "likes": 1, "published_at": "2019-07-05T18:55:50Z", "sentiment": 0.7906, "entities": []}, {"author": "@minutfilm1497", "comment": "I been day trading myself for 7 months. I lost all 3k. It sucked at the time but I wasn't educated enough in order to be profitable consistantly. (Robinhoob is a terrible platform to use for daytrading btw) Until recently last month It was the first profitable month I had since I started. It's defintally a huge learning curve and no need to give up because that's where 100% traders fail and lose money but those 5% DONT GIVE UP and end up being successful. Day trading is the most emotionally included thing you'll have to deal with. Failure is your best friend in this game becuase you will live and learn and improve. Trust me once you learn you will make back everything plus more if your smart and disciplined", "likes": 1, "published_at": "2019-07-05T00:15:37Z", "sentiment": 0.9574, "entities": []}, {"author": "@panemanager", "comment": "Definitely a polarizing topic haha. I could tell by the title there would be a few hot under the collar lol. Thanks for taking that on and sharing your two cents, with a disclosure I might add. Funny how people forget that before they comment. Cheers brother. \ud83d\ude09\ud83d\udc4d\ud83c\udffc", "likes": 0, "published_at": "2019-07-04T15:29:31Z", "sentiment": 0.9538, "entities": []}, {"author": "@imadeddineaziez7585", "comment": "Nice video, thanks!", "likes": 0, "published_at": "2019-07-04T01:51:24Z", "sentiment": 0.7177, "entities": []}, {"author": "@remedywithin", "comment": "I\u2019m curious and I\u2019ve just been wondering... We do people use banks rather than credit unions? It\u2019s not a stock market question but it seems like a good question. I can\u2019t see staying with a bank or any place that has hidden fees or bank atm fees. The credit union just seems better than a bank. So why don\u2019t use them more? Also does Canada have anything like a credit union? I opened a account with a credit union and was given money for joining so... I\u2019m just curious to why folks seem more comfortable with a bank taken their money rather than giving them or holding the more valuable as a member. Also is Uber going to show more gains than it has? Would you say that beyond meat is the (google of 2019?) I\u2019m thinking they\u2019ll hit $200 be Christmas.... You?", "likes": 0, "published_at": "2019-07-03T20:52:53Z", "sentiment": 0.9935, "entities": []}, {"author": "@StasTalksStocks", "comment": "I agree day trading is quite difficult.  Swing trading on the other hand is much more attainable IMO", "likes": 11, "published_at": "2019-07-03T19:41:33Z", "sentiment": 0.4417, "entities": []}, {"author": "@ShihabPersonalFinance", "comment": "covered calls ALL THE WAY", "likes": 1, "published_at": "2019-07-03T19:32:40Z", "sentiment": 0.0, "entities": ["WAY"]}, {"author": "@angelaguirre8534", "comment": "Everything I experience with Trading,\nYou have said it very well. \nIt\u2019s Very risky. \nThat\u2019s why I only trade the \u201c Dip \u201c \nNothing else. \nI encourage new T. To practice and remember patters before goin on the battlefield : )", "likes": 4, "published_at": "2019-07-03T17:15:44Z", "sentiment": -0.6126, "entities": ["T."]}, {"author": "@Takoyakisan7", "comment": "Usually good videos, however this was a terrible video. Do not discuss a topic you are not knowledgeable about, trading = gambling (seriously?). You made 1 terrible trade without first educating yourself on how to do it properly. I think this is actually doing people a disservice who want to learn/educate themselves on how to swing/day trade. A better move would have been to refer them to  trading books and/or groups (chartguys.com, nugget news) who can actually start teaching them how to go about it.", "likes": 1, "published_at": "2019-07-03T16:31:20Z", "sentiment": -0.0258, "entities": []}, {"author": "@scottscriticalmass", "comment": "Interesting topic Brandon... It's said 95% of day traders lose money, so huge applaud to the 5% on the other side of that equation.  I've known a few true day traders over the years and I've found they don't truly measure their results accurately.  I'm all for making some quick cash, but day trading... Not for me!  Cheers Brandon!", "likes": 0, "published_at": "2019-07-03T16:16:02Z", "sentiment": -0.198, "entities": []}, {"author": "@UnbreakableHonor", "comment": "Solid points", "likes": 2, "published_at": "2019-07-03T08:04:02Z", "sentiment": 0.1531, "entities": []}, {"author": "@IshfaaqPeerally", "comment": "I'm a long-term value investor but also do some arbitrage trades and sometimes, I do make take my profits in less than a day on these. Arbitrage trades are mostly based only on fundamental analysis and even Warren Buffett has been doing them for years but I would not recommend it to a beginner.", "likes": 2, "published_at": "2019-07-03T07:31:35Z", "sentiment": 0.4376, "entities": []}, {"author": "@winyoutube", "comment": "excellent video thank you Brandon  \ud83d\udc4d\u270c\ufe0f", "likes": 0, "published_at": "2019-07-03T06:45:06Z", "sentiment": 0.7351, "entities": []}, {"author": "@LukieEl", "comment": "Not a lot of people want to be a long term investor nowadays. Evryone one want to be rich quickly and fast! They like Fast food, Fast cars, fast  girlfriend/wives and the most important FAST WEALTH. Welcome to 2019!", "likes": 0, "published_at": "2019-07-03T05:47:35Z", "sentiment": 0.9483, "entities": []}, {"author": "@laxistgaming3030", "comment": "Good points. It takes a lot of focus and dedication to the market to day trade. Long term is better for most investors and safer. \ud83d\udc4d", "likes": 1, "published_at": "2019-07-03T05:13:34Z", "sentiment": 0.8344, "entities": []}, {"author": "@jonathanjankowski", "comment": "the way you went about doing that trade was hilarious that 2k deserved to go sorry", "likes": 0, "published_at": "2019-07-03T04:54:39Z", "sentiment": 0.34, "entities": []}, {"author": "@Liban-dp8nf", "comment": "Truth be told, spoken like a wiseman... you can\u2019t go wrong going long with blue chip babies!", "likes": 0, "published_at": "2019-07-03T04:44:57Z", "sentiment": 0.2481, "entities": []}, {"author": "@DeparturesCapital", "comment": "great video B!", "likes": 0, "published_at": "2019-07-03T04:33:06Z", "sentiment": 0.6588, "entities": []}, {"author": "@adammesheia", "comment": "u can do both different games but  both work", "likes": 0, "published_at": "2019-07-03T03:54:13Z", "sentiment": 0.0, "entities": []}, {"author": "@IPONerd", "comment": "Spongebob lol. Not for me. I\u2019m a long-term investor. I heard rumors of a 200 men Battle Royal in the new COD by the way. Chaos made a video about it.", "likes": 1, "published_at": "2019-07-03T03:05:37Z", "sentiment": -0.5423, "entities": ["Battle Royal", "COD"]}, {"author": "@taylaca", "comment": "Immediately after the picture of Gandhi, there was an ad for some kind of \"increase your financial abundance with healing energy\" thing lol. It is like that ad was made specifically for the exact situation that a spiritual person is referenced in a finance video.", "likes": 0, "published_at": "2019-07-03T03:03:40Z", "sentiment": 0.813, "entities": []}, {"author": "@alima.9722", "comment": "Brandon: do you also get youtube harassed by \"Petra Picks\" from youtube publicity ??  Oh God I m tired of her adds on youtube !", "likes": 0, "published_at": "2019-07-03T02:58:30Z", "sentiment": -0.7142, "entities": ["Petra Picks"]}, {"author": "@nem8685", "comment": "My style is swing trading but what I look for is companies that have a solid financial base for example have growing profits year after year, low debt, etc but there has been an event that has made the stock drop a large percentage and people have overreacted and sold it causing it go to extremely low levels. I will take a position knowing the company is solid and this is just a temporary event and hold. This strategy has worked out great for me when I have used it.", "likes": 0, "published_at": "2019-07-03T01:55:51Z", "sentiment": 0.1531, "entities": []}, {"author": "@ulysseperez4606", "comment": "I totally agree with Brandon. I have been doing some day trading at work it's was sucky!! Lost 2k while doing it. And don't listen to all that bullsht of Petra or the raging bull.bullsht. be rich and it's free. Bla bla", "likes": 3, "published_at": "2019-07-03T01:43:31Z", "sentiment": 0.3973, "entities": ["Petra"]}, {"author": "@johnd.rockefeller3304", "comment": "Day trading is easy for me. Get good! Or, better yet, invest in stocks of the Standard Oil for a certain gain.", "likes": 1, "published_at": "2019-07-03T01:01:12Z", "sentiment": 0.9259, "entities": ["the Standard Oil"]}, {"author": "@chrisbouchard4780", "comment": "What are your thoughts on Bevcanna IPO", "likes": 0, "published_at": "2019-07-03T00:56:58Z", "sentiment": 0.0, "entities": []}, {"author": "@marrsinvestments8459", "comment": "so I use robinhood I have 29k in my account ! I can day trade as much as I want . am I wrong?", "likes": 1, "published_at": "2019-07-03T00:42:33Z", "sentiment": -0.4753, "entities": []}, {"author": "@gabrielmoraes4516", "comment": "Really great video! Thank you for talking about day trading! From the beginning of my studies I saw a lot of gambling like strategies and that\u2019s a bit scary!", "likes": 2, "published_at": "2019-07-03T00:32:40Z", "sentiment": 0.8091, "entities": []}, {"author": "@danielcurtis1288", "comment": "My dad started day trading a little over 6 months ago. He would have a couple negative weeks when the market would have an odd day or two, but he would always make it back the next week and even more. Only some people can day trade", "likes": 0, "published_at": "2019-07-03T00:21:50Z", "sentiment": -0.4588, "entities": []}, {"author": "@mptheentrepreneur", "comment": "AGREE \ud83d\udcaf% day trading is way to risky \u2757\ufe0f", "likes": 1, "published_at": "2019-07-03T00:21:39Z", "sentiment": 0.347, "entities": ["AGREE"]}, {"author": "@heisenburgarginine7799", "comment": "I notice many people lump *speculators* and *day traders* into the same. The former loses money, but the latter doesn't. A day trader (not a speculator) does their due diligence, just as any long term investor would. Its just doing  different type of homework (ie. analytics vs fundamentals).\n\nYes the statistics are against day traders, but thats only because majority of  *speculators* (who mistakenly identify themselves as day traders) didn't do their homework and jumped right in. \n\nBtw, Former day trader turned long term here", "likes": 5, "published_at": "2019-07-03T00:10:46Z", "sentiment": 0.0258, "entities": []}, {"author": "@hansandinvestments3990", "comment": "lol ricky dont know how to trade.He makes money selling his course.\nThen use high capital daytrading a very small profit % but brags winning 1k.\ntry ask him what happened in his discord last year lol", "likes": 7, "published_at": "2019-07-03T00:10:32Z", "sentiment": 0.8289, "entities": []}, {"author": "@informedtradez", "comment": "Day trading is very risky. Need to have the right mindset to do it effectively.", "likes": 2, "published_at": "2019-07-03T00:00:59Z", "sentiment": 0.204, "entities": []}, {"author": "@OCDXN", "comment": "Please make a video on the most profitable savings account for 2019!\nAlterna & Tangerine have high interest rates right now..\nAlso please Brandon is you could create a discord for your community so every Canadian millennials like us can join and discuss finance. Here\u2019s an example of a good discord.\nhttps://discordapp.com/invite/GuBSjSn", "likes": 1, "published_at": "2019-07-02T23:47:51Z", "sentiment": 0.9244, "entities": ["Alterna & Tangerine"]}, {"author": "@NickPeitsch", "comment": "Definitely not a fan either - long term investors unite!", "likes": 10, "published_at": "2019-07-02T23:43:24Z", "sentiment": 0.257, "entities": []}]