[{"author": "@beaviswealth", "comment": "Thank you to Passiv for sponsoring today's video! :)  - https://passiv.com?ref=RGAMTXSUAM\n\n\ud83d\udcc8\ud83d\udcda As always, if you're a beginner to the Stock Market in Canada and you're looking for a step-by-step blueprint on how to get started... Find out more about our Investing Academy here - https://bit.ly/theinvestingacademy", "likes": 2, "published_at": "2022-02-09T23:09:06Z", "sentiment": 0.6996, "entities": ["the Stock Market", "Investing Academy"]}, {"author": "@hughcourchesne4351", "comment": "Great topic. Which are the best metrics are best for div investors??", "likes": 0, "published_at": "2022-04-03T15:17:14Z", "sentiment": 0.9308, "entities": []}, {"author": "@DoOPAm33nGaming", "comment": "Is wealth simple safe?", "likes": 0, "published_at": "2022-03-20T06:59:25Z", "sentiment": 0.7269, "entities": []}, {"author": "@Mrdest211", "comment": "From Investopedia:\n\n\"A stock trades ex-dividend on and after the ex-dividend date (ex-date). If a trader purchases a stock on its ex-dividend date or after, they will not receive the next dividend payment. Since buyers aren't entitled to the next dividend payment on the ex-date, the stock will be adjusted lower by the amount of dividend by the exchange. [...] On average, a stock can be expected to drop by a little less than the dividend amount. Given that stock prices move on a daily basis, the fluctuation caused by small dividends may be difficult to detect. The effect on stocks from larger dividend payments can be easier to observe.\"\n\nYour stock price drops by around the amount of the dividend paid some weeks before the dividend is paid out. It's important to distinguish between income and gains. A dividend is not a gain on the day it is paid out, it compensates a loss a few weeks earlier on the ex-dividend date. Dividends, especially tax advantaged ones, are good returns, but they're not free money \"on top\" of your share price gains.", "likes": 0, "published_at": "2022-03-06T19:43:39Z", "sentiment": 0.541, "entities": []}, {"author": "@WiseOwl_1408", "comment": "Jesus Brando. You support some evil corps. How many child slaves has Nike used over the decades?\n\nHalf of you investors are immoral", "likes": 0, "published_at": "2022-02-26T12:16:04Z", "sentiment": -0.6908, "entities": ["Nike"]}, {"author": "@davidrobinson4119", "comment": "Some companies pay out more in dividends than they earn in profit.  Some say that the portion of fividends grester than their profit comes from \"cash flows\".  I don't really u derstand this, and this eould be a good topic gor review on your chNnel.", "likes": 0, "published_at": "2022-02-22T17:27:02Z", "sentiment": 0.8074, "entities": []}, {"author": "@giorgiot9293", "comment": "Great video! How would any investor set up their portfolio to earn dividends weekly TSX stocks only.", "likes": 0, "published_at": "2022-02-19T10:16:15Z", "sentiment": 0.6588, "entities": ["TSX"]}, {"author": "@ofelialimos9520", "comment": "Brandon , i started Wealthsimple a week ago and i am losing money that I invested in RRSP. I tried to buy those you suggested to buy but still losing money. What will I do?", "likes": 0, "published_at": "2022-02-16T17:22:22Z", "sentiment": -0.6369, "entities": ["RRSP"]}, {"author": "@stephenst.pierre4636", "comment": "What is the best way to determine if a stock I am interested in buying pays out dividends? Thanks for all your investing advice. Stephen.", "likes": 0, "published_at": "2022-02-14T15:23:17Z", "sentiment": 0.8689, "entities": []}, {"author": "@wong6983", "comment": "will there be a correction in the stock market? Ukrainian war?", "likes": 0, "published_at": "2022-02-13T19:41:58Z", "sentiment": -0.644, "entities": []}, {"author": "@halabira5807", "comment": "Stocks & stuck \"SUCKS\"", "likes": 1, "published_at": "2022-02-13T15:27:18Z", "sentiment": -0.25, "entities": []}, {"author": "@henjer2150", "comment": "Hey Brandon, Do you think NIKE is a good buy today???", "likes": 1, "published_at": "2022-02-13T14:44:59Z", "sentiment": 0.533, "entities": ["NIKE"]}, {"author": "@dhawal7476", "comment": "Holding Shopify until it (hopefully) hits the peak of $2000 CAD again. 1 month, 3 months, 6 months.... Doesn't matter!", "likes": 1, "published_at": "2022-02-13T08:28:52Z", "sentiment": -0.0941, "entities": []}, {"author": "@sensationaldenny", "comment": "I'm a newer investor in the market and learning as I go along, I;m happy with my results so far and set aside 50 bucks every month from my cheque that goes into ETFs. The funny thing I realized though about dividends and living off them, is that I would need to buy half a million Dollars worth to generate the monthly income needed to live lol. If I had 500 k right now, I wouldn't need to invest at all lol", "likes": 0, "published_at": "2022-02-12T19:43:44Z", "sentiment": 0.9201, "entities": []}, {"author": "@thereverendramirez", "comment": "how bout a vid on covered calls?", "likes": 0, "published_at": "2022-02-12T00:12:48Z", "sentiment": 0.0, "entities": []}, {"author": "@mr.gregory6768", "comment": "Better to buy  Quality Canadian dividend stocks.  The dividends are higher !", "likes": 0, "published_at": "2022-02-11T06:17:16Z", "sentiment": 0.4926, "entities": []}, {"author": "@tejlehal429", "comment": "Hey Brandon now that you're a dad can you make a video about RESP", "likes": 0, "published_at": "2022-02-11T05:25:36Z", "sentiment": 0.0, "entities": []}, {"author": "@BusinessTipsWithYulianna", "comment": "My advice to new investors - buy good companies stocks, companies you believe in and hold them as long as they are good companies. Just do this and ignore the forecasts and market views which are at the best entertaining but completely useless.", "likes": 5, "published_at": "2022-02-11T05:11:09Z", "sentiment": 0.1432, "entities": []}, {"author": "@Shortfilmsyou", "comment": "Check you out! Nice hair\ud83d\ude4c", "likes": 0, "published_at": "2022-02-11T02:56:02Z", "sentiment": 0.4753, "entities": []}, {"author": "@johnd.rockefeller3304", "comment": "Dear Friend; There is only one legitimate dividend stock on the market right now. Of course, it is that of the Standard Oil. As I say, sell everything but the shirt on your back, but keep the Standard Stock! One dollar today and you shall make your money back fortnightly.", "likes": 0, "published_at": "2022-02-11T01:21:23Z", "sentiment": 0.4926, "entities": ["Dear Friend"]}, {"author": "@cb4354", "comment": "Not a fan of dividends. They get double taxxed", "likes": 0, "published_at": "2022-02-10T19:43:06Z", "sentiment": -0.2411, "entities": []}, {"author": "@NickPeitsch", "comment": "INVRS! They also sponsor my channel. Great company!", "likes": 2, "published_at": "2022-02-10T19:39:49Z", "sentiment": 0.6892, "entities": []}, {"author": "@LE-BILLION", "comment": "Hi Brandon just wanted to know if are you going to be making a tutorial video about passive?", "likes": 0, "published_at": "2022-02-10T18:45:04Z", "sentiment": 0.2023, "entities": []}, {"author": "@millyk5685", "comment": "Awesome video man! Do you suggest copy trading as good approach for beginner to start with trading or should I just invest long term while I learn things on how day trading works?? Thank you!", "likes": 0, "published_at": "2022-02-10T16:46:26Z", "sentiment": 0.8871, "entities": []}, {"author": "@idellameyer7411", "comment": "This is the second time watching your video..good one. Anyway, I\u2019m a dividend investor but it\u2019s a slow and steady growth. I\u2019m 39 with a $300k portfolio and plan to retire at 60. My goal is to reach 2 million by then...I  repositioned some of my dividend stocks using a broker. Now, I\u2019m  buying fractional shares of TSLA, AMC ,NIO ,NVR again. Before I was after dividends for passive income but it\u2019s slow growth so i took my chances on high growth stocks and I've gotten a 120% increase this year but hopefully I\u2019ll reach a million sooner", "likes": 0, "published_at": "2022-02-10T16:44:15Z", "sentiment": 0.9738, "entities": ["TSLA", "AMC", "NIO", "NVR"]}, {"author": "@isaiahc2994", "comment": "Hey Brandon would love to see a video on stocks that provide great dividends but also have great opportunity for growth, thanks and love the content", "likes": 0, "published_at": "2022-02-10T16:37:06Z", "sentiment": 0.9827, "entities": []}, {"author": "@edwardr9782", "comment": "Canadians owning Canadian companies paying dividends entitles you to get a dividend tax credit. This makes the after tax return even better than what you could make after taxes on a similar yielding bonds or GICs.", "likes": 0, "published_at": "2022-02-10T15:51:06Z", "sentiment": 0.6705, "entities": []}, {"author": "@jfrunnerCanada", "comment": "Dividend stocks are king \ud83d\udc51!\n4.3% average for me, always growing income! I can sleep at night too \ud83d\ude34\n100% Canadian stocks : 6 canadian banks, Manulife, Power, Telus, BCE, Fortis, Canadian Utilities, Algonquin\u2026 \nGreat video, as always!\n\ud83d\ude03\ud83e\udd13", "likes": 0, "published_at": "2022-02-10T12:46:48Z", "sentiment": 0.7701, "entities": ["Dividend", "Telus", "BCE", "Canadian Utilities", "\ud83e\udd13"]}, {"author": "@madeleinewinterdown3256", "comment": "You don't look tired. When's the baby coming \u2764\ufe0f", "likes": 0, "published_at": "2022-02-10T11:22:59Z", "sentiment": 0.3412, "entities": []}, {"author": "@roberttaylor3594", "comment": "Nice clear explanation!\nI want to thank your channel for a few good stock ideas over the last year.  PPL as a monthly dividend and CHB as a fixed income option come to mind.  I think I own CP from a review of yours as well.  I get 200-300 a month in dividends or disbursements a month, all of which gets put into more stocks, every few months, partially due to your videos. It\u2019s not a lot, but it\u2019s like getting a day or two of net wages a month, and I can see the amounts going up a bit every quarter.", "likes": 1, "published_at": "2022-02-10T08:45:09Z", "sentiment": 0.8639, "entities": ["PPL", "CHB"]}, {"author": "@proteus404", "comment": "I find that many people focus too heavily on the yield and/or the frequency of the dividends paid out while deciding what to buy, and over look the red flags about a stock or they don't buy a stock because the yield is too low compared to other dividend stocks. I just hope people are aware of the dividend yield traps out there. I know I bought some when I started investing.", "likes": 0, "published_at": "2022-02-10T07:11:37Z", "sentiment": 0.2023, "entities": []}, {"author": "@streamingzone9571", "comment": "Awesome brandon", "likes": 0, "published_at": "2022-02-10T06:38:08Z", "sentiment": 0.6249, "entities": []}, {"author": "@kartiksharma-bw7is", "comment": "Great video brother \ud83d\udc4d", "likes": 2, "published_at": "2022-02-10T05:30:19Z", "sentiment": 0.6249, "entities": []}, {"author": "@annonm6634", "comment": "Brandon how much do you roughly make on dividends yourself? and how long did it take you to get to this amount?", "likes": 2, "published_at": "2022-02-10T05:15:17Z", "sentiment": 0.0, "entities": []}, {"author": "@Jaime_Abondano", "comment": "What\u2019s the difference between Basic and Diluted shares?", "likes": 0, "published_at": "2022-02-10T05:14:55Z", "sentiment": 0.296, "entities": ["Basic and Diluted"]}, {"author": "@RyanThomasWoods", "comment": "WOW! Needed this breakdown of statements and would love a video breaking down \u201cgood payout ratios for different sectors\u2026 banks, utilities, telecomms, etc\u201d", "likes": 1, "published_at": "2022-02-10T05:09:36Z", "sentiment": 0.8757, "entities": ["WOW"]}, {"author": "@BURGATRON", "comment": "Glad I found this channel. It made me realize Canada has so many good dividend paying companies (TD, manulife, Fortis, QSR, Telus,etc). Thanks so much!", "likes": 3, "published_at": "2022-02-10T03:21:08Z", "sentiment": 0.8545, "entities": ["TD", "Telus"]}, {"author": "@rudykatwaroo8260", "comment": "Thank you for teaching us.  I would like to see that explanation of free cash flow generation please.", "likes": 0, "published_at": "2022-02-10T02:39:48Z", "sentiment": 0.8625, "entities": []}, {"author": "@nicolesmith5597", "comment": "Uh oh griffy gonna copy your content \ud83d\ude2c", "likes": 1, "published_at": "2022-02-10T01:58:23Z", "sentiment": 0.0, "entities": []}, {"author": "@momo35444", "comment": "Thanks for the video brandon. Great dividends information.", "likes": 0, "published_at": "2022-02-10T01:54:32Z", "sentiment": 0.7906, "entities": []}, {"author": "@chueey14", "comment": "Does the amount of dividends received depend more on the number of shares you own or the value of each share you own? So 1 share at $100 vs 100 shares at $1 each. Sorry just started learning all these in the past month \ud83d\ude05", "likes": 0, "published_at": "2022-02-10T01:44:01Z", "sentiment": 0.8578, "entities": []}, {"author": "@Carol8693", "comment": "You are awesome Brandon! You and your dad are really changing people's lives for the better, educating us  sharing your expertises.  Thank you so much .", "likes": 0, "published_at": "2022-02-10T01:43:12Z", "sentiment": 0.9117, "entities": []}, {"author": "@pwong0227", "comment": "I enroll all dividends earned in the DRIP  with Canadian equities but the bank does not allow DRIP with US stocks. Good info with this video.", "likes": 1, "published_at": "2022-02-10T01:16:56Z", "sentiment": 0.4312, "entities": ["DRIP", "DRIP"]}, {"author": "@turbofanlover", "comment": "Good vid, dude.", "likes": 0, "published_at": "2022-02-10T01:13:18Z", "sentiment": 0.4404, "entities": []}, {"author": "@KraftFamily", "comment": "Thanks for the informative and educational content as always. Videos like this were what drew me into your channel over a year ago and although I really love your stock pick videos, learning from you and your dad is truly what I look forward to. Thank you again and I hope your family and the baby are doing great.", "likes": 1, "published_at": "2022-02-10T01:12:25Z", "sentiment": 0.9694, "entities": ["Videos"]}, {"author": "@thruthelens2011", "comment": "Do you have a video showing the best dividend stocks to buy in Canada for 2021 or 2022?", "likes": 1, "published_at": "2022-02-10T00:43:46Z", "sentiment": 0.6369, "entities": []}, {"author": "@samuelsamsamu", "comment": "Compagnies that give dividends are taking the choice to not put that money into R&D, which can lead to the stock price not going up as much in the long run\u2026 What are your thoughts on that?", "likes": 2, "published_at": "2022-02-10T00:42:10Z", "sentiment": 0.0, "entities": []}, {"author": "@gary9158", "comment": "As someone on a limited income, I've been able to save around 800$ since mid 2020. Where should someone in my position look to start to try and even begin to build wealth? IM very tempted to just go all in on something for dividends like CNR or a etf like xeqt/xgro", "likes": 12, "published_at": "2022-02-10T00:23:37Z", "sentiment": 0.8591, "entities": ["CNR"]}, {"author": "@BonezJones", "comment": "You\u2019re the GOAT! Merci from Montreal, QC!", "likes": 2, "published_at": "2022-02-10T00:07:05Z", "sentiment": 0.0, "entities": ["QC"]}, {"author": "@dividean", "comment": "Great video Brandon.  It would be interesting to do a video discussing the different payout ratios like you suggested.  I get confused with it all especially pipeline ones like Enbridge where they base it on the Discounted cash flow calculation.  Thanks", "likes": 2, "published_at": "2022-02-10T00:05:28Z", "sentiment": 0.9118, "entities": ["Enbridge", "Discounted"]}, {"author": "@kirstenhunter125", "comment": "Another great video! I can't believe the amount of content you are putting out knowing that you have a newborn. Hats off!", "likes": 0, "published_at": "2022-02-10T00:00:27Z", "sentiment": 0.6892, "entities": []}, {"author": "@MegsCarpentry-lovedogs", "comment": "Hi Brandon and Marc, super important idea might be to also show that not all dividends are the same. Some dividends are 100% eligible for the dividend tax credit, some are partly and have capital gain and or Return of Capital. Some dividends are not eligible for the dividend tax credit and have a Return of Capital (ROC) part to them. ROC part to a dividend is NOT ideal for an investor. Would you please consider explaining dividends in even more depth including ROC and what ROC means? Because ROC means you are not getting a piece of the profits but something else, correct? Thanks for this clear and visual presentation. It was needed. \ud83d\udca1\ud83d\udc4d\ud83c\udde8\ud83c\udde6\ud83d\ude00", "likes": 12, "published_at": "2022-02-09T23:55:42Z", "sentiment": 0.943, "entities": []}, {"author": "@edh6062", "comment": "Great video. I have always loved dividends as well. In the last year I've started selling puts for extra income. It's a strategy that not too many investors know about. It can be highly profitable, as long as you manage your risk.", "likes": 1, "published_at": "2022-02-09T23:39:46Z", "sentiment": 0.9041, "entities": []}, {"author": "@Vincemdlix", "comment": "Appreciate videos like this Brandon! \ud83d\udd25\ud83d\ude4c", "likes": 0, "published_at": "2022-02-09T23:31:33Z", "sentiment": 0.6696, "entities": []}, {"author": "@ab.4425", "comment": "Great content buddy!! Thank you so much!!", "likes": 1, "published_at": "2022-02-09T23:28:55Z", "sentiment": 0.8302, "entities": []}, {"author": "@nevillejames2200", "comment": "Great video. So detailed and easy to follow. Keep up the great work.", "likes": 0, "published_at": "2022-02-09T23:27:09Z", "sentiment": 0.9074, "entities": []}, {"author": "@NorthPoleInvesting", "comment": "Brandon I want to thank your for this content. I am 18 and it was because of your channel and others like Andrei Jikh, Jeremy, etc that I discovered that I love the stock market. Especially dividends. I can\u2019t thank you enough and you really have helped me discover my passion. I am now enrolled in business administration and hope to become a financial advisor or something similar in the future. Keep up the great content!", "likes": 37, "published_at": "2022-02-09T23:22:30Z", "sentiment": 0.9694, "entities": []}, {"author": "@papytofu3796", "comment": "Brandon: I have a baby guys, I won't be posting as much for a few days\nAlso Brandon: I'm posting more frequently than ever before.\n\nThanks for the great content, your dedication is super appreciated! Make sure you take some time for yourself too!", "likes": 17, "published_at": "2022-02-09T23:09:50Z", "sentiment": 0.9523, "entities": []}]