[{"author": "@beaviswealth", "comment": "\ud83d\udcc8\ud83d\udcda As always, if you're a beginner to the Stock Market in Canada and you're looking for a step-by-step blueprint on how to get started... Find out more about our Investing Academy here - https://bit.ly/theinvestingacademy\n\nSorry for the audio issues... luckily it's only my parts of the video that sounds weird! Thanks for understanding.", "likes": 3, "published_at": "2022-01-24T17:50:25Z", "sentiment": 0.6696, "entities": ["the Stock Market", "Investing Academy"]}, {"author": "@JungleEddie", "comment": "I picked up BAM.A when it dipped under $60.  I am getting more next week on payday for hopefully $57.", "likes": 0, "published_at": "2022-06-22T16:30:16Z", "sentiment": 0.4019, "entities": []}, {"author": "@ed2023bc", "comment": "Nice company overview! But it looks like you use day trading indicators (RSI,  MA) for value investing. Do you guys ever do any valuations on this channel (e.g., Discounted Cash Flow, PE, revenue)?", "likes": 0, "published_at": "2022-02-13T14:27:48Z", "sentiment": 0.8335, "entities": []}, {"author": "@chwrt", "comment": "Just bought Thomson stocks while they're in a dip \ud83d\udc4d", "likes": 0, "published_at": "2022-02-08T15:09:00Z", "sentiment": 0.0, "entities": ["Thomson"]}, {"author": "@menelek16bc", "comment": "The addition of Marc to your channel is like having a stock with special dividends every month.", "likes": 0, "published_at": "2022-02-08T10:54:45Z", "sentiment": 0.6369, "entities": []}, {"author": "@worzelgummage4245", "comment": "reuters  very interesting  I never would have looked at this stock    and would be a great diversification  to add  to a portfolio    TRI for the win", "likes": 1, "published_at": "2022-02-02T19:05:50Z", "sentiment": 0.8977, "entities": ["reuters", "TRI"]}, {"author": "@PenguinVideos88", "comment": "TRI!", "likes": 0, "published_at": "2022-01-31T05:18:14Z", "sentiment": 0.0, "entities": ["TRI"]}, {"author": "@alexschiller3967", "comment": "Great presentations, gotta side with BAM.", "likes": 0, "published_at": "2022-01-28T22:51:12Z", "sentiment": 0.6249, "entities": ["BAM"]}, {"author": "@noahr3216", "comment": "With a bunch of large cap american stocks getting listed on the neo exchnage in cad will that change how you use wealthsimple? Excited to get a shot at apple and tesla without the currency fee", "likes": 0, "published_at": "2022-01-28T09:54:38Z", "sentiment": 0.34, "entities": []}, {"author": "@andrewmckenzie164", "comment": "BIG THUMBS UP \ud83d\udc4d \nBAM for the win! \ud83d\udcc8\nThanks again for another great video!\nMarc's presentation was on point. \ud83d\udc68\u200d\ud83d\udcbb. Great effort.", "likes": 0, "published_at": "2022-01-28T02:44:30Z", "sentiment": 0.9476, "entities": ["BIG THUMBS UP", "BAM"]}, {"author": "@emanuelmercier3059", "comment": "Bam for me !", "likes": 0, "published_at": "2022-01-28T00:38:58Z", "sentiment": 0.0, "entities": []}, {"author": "@rockcrg3492", "comment": "Please Dad I want to hear your son. You have had too much time.", "likes": 0, "published_at": "2022-01-27T20:28:16Z", "sentiment": 0.3818, "entities": []}, {"author": "@juneperez6284", "comment": "BAM.A is my pick as well. Can you touch the new instrument equity called CDR (CANADIAN DEPOSITORY RECEIPTS). Thanks.", "likes": 0, "published_at": "2022-01-27T11:47:29Z", "sentiment": 0.6124, "entities": ["CDR"]}, {"author": "@chrisbrug7924", "comment": "I will add BAM to my portfolio. Suck a great company.", "likes": 0, "published_at": "2022-01-26T18:59:28Z", "sentiment": 0.296, "entities": ["BAM"]}, {"author": "@jamesbainton", "comment": "BAM is my largest holding for a reason.", "likes": 0, "published_at": "2022-01-26T18:23:35Z", "sentiment": 0.0, "entities": ["BAM"]}, {"author": "@winnjc9154", "comment": "BAM is great for diversity... has my vote.", "likes": 0, "published_at": "2022-01-26T07:24:49Z", "sentiment": 0.6249, "entities": ["BAM"]}, {"author": "@jimmbboe", "comment": "I have a  position in BAM.A !", "likes": 0, "published_at": "2022-01-26T03:24:23Z", "sentiment": 0.0, "entities": []}, {"author": "@hkassam2", "comment": "Very impressive presentations by both.  The facts and figures presented on TRI were awesome.  Thank you.", "likes": 0, "published_at": "2022-01-26T03:20:49Z", "sentiment": 0.8805, "entities": ["TRI"]}, {"author": "@MaryAnn20able", "comment": "Best Father/Son YouTube team! Thanks as always \ud83d\ude09", "likes": 2, "published_at": "2022-01-26T02:10:42Z", "sentiment": 0.8122, "entities": []}, {"author": "@Mixolydian74", "comment": "BAM!", "likes": 0, "published_at": "2022-01-26T01:46:06Z", "sentiment": 0.0, "entities": []}, {"author": "@propriospecinspectionenbat5444", "comment": "Bam For me!", "likes": 0, "published_at": "2022-01-25T20:03:56Z", "sentiment": 0.0, "entities": []}, {"author": "@biomolecologo", "comment": "Amazing analysis by Marc, thorough, detailed and very very clear! My vote goes to BAM (super tough choice though).", "likes": 0, "published_at": "2022-01-25T18:28:25Z", "sentiment": 0.7759, "entities": ["BAM"]}, {"author": "@haywatmorales4311", "comment": "Very good video, Mark gave us a master class explaining his thoughts about TRI, and Brandon had a good explanation for a BMA.A.TO too. Thanks!", "likes": 1, "published_at": "2022-01-25T18:03:35Z", "sentiment": 0.8617, "entities": ["TRI"]}, {"author": "@lucasmastelarocunha1670", "comment": "nice video, next battle do a Metrovancouver based company :P", "likes": 0, "published_at": "2022-01-25T17:31:45Z", "sentiment": 0.516, "entities": [":P"]}, {"author": "@khuo0219", "comment": "My vote goes to Marc on this one!", "likes": 0, "published_at": "2022-01-25T15:49:23Z", "sentiment": 0.0, "entities": []}, {"author": "@juanperez-gh8bl", "comment": "Esta vez estoy con Brandon, porque me encanta BAM, creo que tiene un gran potencial a largo plazo como dijo Brandon y que el crecimiento de Canad\u00e1 favorecer\u00e1 a BAM.\n\n\"This time I'm with Brandon, Because I love BAM, I think it has a big long-term potential like Brandon said and that Canada's growth will favor to BAM.\"", "likes": 1, "published_at": "2022-01-25T15:45:30Z", "sentiment": 0.9001, "entities": ["BAM", "BAM", "BAM", "BAM"]}, {"author": "@ohbhoi", "comment": "Great minds think alike Hehe. Just bought BAM. Added more to my vfv and td. Bought jpm and costco. Bought Microsoft too before the blizzard acquisition, hopefully it'll be good for us. I'm like a kid in a toy store. I've been on a buying spree.  It's like going  to best buy and everything is 50 percent off.  Ive learned my lesson. Didn't buy a single thing last March 2020, now I wish I have more cash.  I'm here for the long term.\n\n\"fearful when others are greedy, and greedy when others are fearful.\"   W. Buffet", "likes": 0, "published_at": "2022-01-25T12:27:20Z", "sentiment": 0.93, "entities": ["Hehe", "BAM", "Microsoft"]}, {"author": "@kenrehill8775", "comment": "12 hours later, do you feel them same?", "likes": 0, "published_at": "2022-01-25T06:32:59Z", "sentiment": 0.0, "entities": []}, {"author": "@patassion", "comment": "I don\u2019t understand the Thompson Reiters is a 2.8 to hold not buy?", "likes": 0, "published_at": "2022-01-25T05:14:09Z", "sentiment": 0.0, "entities": ["the Thompson Reiters"]}, {"author": "@superjedi14", "comment": "Solid names. Looking at the financials however I see declining Revenue, Net Income (if we question the big jump from 2020 to 2021), and FCF over the past 5 years for TRI (data from morningstar). I don't know the company enough to understand that so I'll skip for now.\nI think BAM is slightly better with more stable Revenue, Net Income, and FCF. Nevertheless P/E and P/FCF are still a bit high for me and the number of shares continually increasing is something I don't like about BAM at the moment.", "likes": 3, "published_at": "2022-01-25T03:54:45Z", "sentiment": 0.7261, "entities": ["FCF", "TRI", "BAM", "FCF", "P/FCF"]}, {"author": "@canpin", "comment": "Always good to see you together.\nOn a minor and separate note. No disrespect Brandon, but your dads background and lighting is always looking really good \ud83d\ude0e", "likes": 2, "published_at": "2022-01-25T03:20:10Z", "sentiment": 0.5106, "entities": []}, {"author": "@vigneshwarthulasirangan2323", "comment": "TRI new stock in my watchlist. Thank you", "likes": 0, "published_at": "2022-01-25T02:45:36Z", "sentiment": 0.3612, "entities": ["TRI"]}, {"author": "@matssvensson5752", "comment": "Great video, thanks. The stock I own had a real dip due to all the talk about a market crash. Now I really hope that the FDA approves the NDA application and that their drug Stenoparib really works against Covid otherwise it will hurt.", "likes": 0, "published_at": "2022-01-25T01:34:04Z", "sentiment": 0.7778, "entities": ["FDA", "NDA"]}, {"author": "@jonathanseverson9331", "comment": "whats your views on aqn? its in the 17ish another good buy :)", "likes": 5, "published_at": "2022-01-25T01:27:52Z", "sentiment": 0.7096, "entities": []}, {"author": "@nelfaria91", "comment": "Marc did a better job at his analysis so bonus points there, but as a stock pick, BAM is the way to go so have to give it to Brandon.  Great job guys.", "likes": 9, "published_at": "2022-01-25T01:24:25Z", "sentiment": 0.8846, "entities": ["BAM"]}, {"author": "@DeCharsi", "comment": "The in depth breakdown of TRI was absolutely amazing and informative. I learned so much from this video. Thanks Marc and Brandon!", "likes": 14, "published_at": "2022-01-25T01:18:28Z", "sentiment": 0.8066, "entities": ["TRI"]}, {"author": "@johnkobialko4765", "comment": "Tri\ud83d\ude02\ud83d\ude02\ud83d\ude02", "likes": 0, "published_at": "2022-01-25T01:07:37Z", "sentiment": 0.0, "entities": []}, {"author": "@jagjitparhar214", "comment": "Brookfield. No doubt", "likes": 0, "published_at": "2022-01-25T00:52:58Z", "sentiment": -0.5719, "entities": []}, {"author": "@RG-gq3sh", "comment": "love these episodes! thanks. I need to add some Thomson.", "likes": 0, "published_at": "2022-01-25T00:35:46Z", "sentiment": 0.8122, "entities": []}, {"author": "@hectorchan4166", "comment": "Can you please use Discounted Cash Flow to estimate the intrinsic value of the stocks in the next analysis video? Thanks", "likes": 1, "published_at": "2022-01-25T00:35:01Z", "sentiment": 0.7783, "entities": []}, {"author": "@676gman", "comment": "Loved the detail on TRI. I will be watching BAM and TRI. Leaning to TRI at the moment between the two.", "likes": 0, "published_at": "2022-01-25T00:34:30Z", "sentiment": 0.5994, "entities": ["TRI", "BAM", "TRI", "TRI"]}, {"author": "@DabloEscobud", "comment": "Keep em coming Brandon, you been on a roll! As always, super appreciate it!", "likes": 2, "published_at": "2022-01-25T00:29:09Z", "sentiment": 0.8011, "entities": []}, {"author": "@BigGroupHug", "comment": "\"Buying selectively throughout the year\"  so... Timing The Market ???", "likes": 0, "published_at": "2022-01-25T00:12:02Z", "sentiment": 0.0, "entities": []}, {"author": "@MurrMan23", "comment": "Apple actually hit 14% dip today from its all time high. Then rebounded by end of day.", "likes": 2, "published_at": "2022-01-25T00:01:33Z", "sentiment": 0.0, "entities": ["Apple"]}, {"author": "@TheMooingMouse", "comment": "I always love it when you talk about BAM, because they do so much that I feel like my DD is never enough haha It didn't occur to me until this video that most of their debt might just be a ton of mortgages; is that fair to say?\n\nGlad that Marc talked about TRI, I didn't know that they have accounting services too :O", "likes": 5, "published_at": "2022-01-24T23:51:27Z", "sentiment": 0.6832, "entities": ["BAM", "TRI"]}, {"author": "@engelzman", "comment": "BAM has been on my watchlist for a while and I do like them especially with this recent pullback, I'll probably nibble at it, but my vote has to go with Marc and his pick because of his amazing DD and showing the process and thoughts behind it. Adding TRI to my watchlist immediately!", "likes": 2, "published_at": "2022-01-24T23:39:09Z", "sentiment": 0.8043, "entities": ["BAM", "TRI"]}, {"author": "@ab.4425", "comment": "Thanks for the video guys!!", "likes": 1, "published_at": "2022-01-24T23:31:03Z", "sentiment": 0.5399, "entities": []}, {"author": "@SRROYALCITY1", "comment": "Whats everyones opinion on LNR?", "likes": 1, "published_at": "2022-01-24T22:58:49Z", "sentiment": 0.0, "entities": ["LNR"]}, {"author": "@momo35444", "comment": "great video, awesome battle. i love BAM and own it, adding every month, regardless of the swings. never heard of TRI but ill keep it on my watch list. thanks for the concrete advice from both of you.", "likes": 0, "published_at": "2022-01-24T22:38:56Z", "sentiment": 0.7227, "entities": ["BAM", "TRI"]}, {"author": "@xcom5121", "comment": "Hi thanks for the info! I'm invested in BIP-C (Brookfield Infrastructure Partners LP) Do you think I should get some BAM too or my exposure to BIP is enough? It's a large position in my folio. Thanks!", "likes": 0, "published_at": "2022-01-24T22:09:03Z", "sentiment": 0.7494, "entities": ["BIP-C", "Brookfield Infrastructure Partners LP", "BAM", "BIP"]}, {"author": "@jayf3562", "comment": "Gotta give it to Marc on a solid presentation. But both are great picks", "likes": 0, "published_at": "2022-01-24T22:04:18Z", "sentiment": 0.7876, "entities": []}, {"author": "@MegsCarpentry-lovedogs", "comment": "Marc, I own Thomson-Reuters Corporation....but as part of a \"basket of stocks.\" Brandon, Brookfield asset...is OK of course...but the dividend just isn't high enough to help with adding to income and...it isn't part of the 16 basket of stocks in the cover call play. You both did an excellent job in your presentations though...\ud83d\udcaf\u2b50\ufe0f\ud83d\udc4d. The basket of stocks are part of the cover call play...so....the Canadian Dividend Tax credit is in play with a fantastic dividend yield due to the cover call play....and....the basket of stocks producing dividends do not have any of it as a Return of Capital...which is a 'no-no\" if one wants a \"real\" dividend producing stock.The basket of stocks portfolio represents 4 Canadian sectors that have international exposure.", "likes": 1, "published_at": "2022-01-24T21:49:56Z", "sentiment": 0.9603, "entities": ["Thomson-Reuters Corporation"]}, {"author": "@clarifyingquestions", "comment": "Why does morning side have TRI.TO and BAM.TO as a non buy?", "likes": 0, "published_at": "2022-01-24T21:40:42Z", "sentiment": 0.0, "entities": ["TRI.TO"]}, {"author": "@user-zy4tf9id1m", "comment": "Let's go Brandon (just being funny", "likes": 0, "published_at": "2022-01-24T21:09:14Z", "sentiment": 0.4404, "entities": []}, {"author": "@MegsCarpentry-lovedogs", "comment": "YES....Canadian companies that have global exposure....these are a sample of the wonderful Canadian stocks we are so fortunate to have access to buying...with no \"foreign income\" issue come the income tax reporting time. Next step guys....same sort of companies but with Bigger dividend paying  with Cdn Dividend tax credit...now that would be an AWESOME presentation and challenge for BOTH of you. Cheers, Meg, DIY investor and enjoying your presentations...glad Marc is now part of the presentations\ud83d\udcaf\ud83d\udc4d\ud83c\udde8\ud83c\udde6\ud83c\udf41", "likes": 1, "published_at": "2022-01-24T20:58:24Z", "sentiment": 0.9685, "entities": ["Cdn Dividend", "Meg", "DIY"]}, {"author": "@roberttaylor3594", "comment": "I vote BAM.  Anything Brookfield is quality and has international exposure.  TRI review was very informative and I learnt a lot, so I would consider them.  My issue with both are the low dividend...I am getting used to the idea of looking at the total return to shareholders ( price increase and divided), not just dividend.", "likes": 2, "published_at": "2022-01-24T20:50:47Z", "sentiment": 0.0516, "entities": ["BAM", "TRI"]}, {"author": "@vinithvarghese", "comment": "Wow! Great perspectives on TRI.\nBAM is on my portfolio. I keep adding them.", "likes": 1, "published_at": "2022-01-24T20:14:55Z", "sentiment": 0.8478, "entities": ["TRI", "BAM"]}, {"author": "@davecorcoran7492", "comment": "Good video. I like BAM as I\u2019m familiar with it and own shares and I believe it may be a better inflation hedge but the TRI presentation was good and provides food for thought.", "likes": 0, "published_at": "2022-01-24T20:00:14Z", "sentiment": 0.8442, "entities": ["BAM", "TRI"]}, {"author": "@pauljones4457", "comment": "I'm pretty sure I saw some other guy on youtube recommend BAM. Did you copy him?", "likes": 1, "published_at": "2022-01-24T19:59:07Z", "sentiment": 0.7906, "entities": ["BAM"]}, {"author": "@davidbarron8918", "comment": "Both are good choices. TRI comes out the best. I hold BAM", "likes": 0, "published_at": "2022-01-24T19:57:27Z", "sentiment": 0.7964, "entities": ["TRI", "BAM"]}, {"author": "@seolfor4797", "comment": "Hey Everyone! Wow quite the day in the markets!! \nThanks guys for Stock Battle!\nToday I bought TD and RY on the dip - this is a long-term hold for me.", "likes": 3, "published_at": "2022-01-24T19:51:52Z", "sentiment": 0.7405, "entities": ["TD", "RY"]}, {"author": "@turbofanlover", "comment": "Been a fun day in the markets.  I actually did juuuuuuuuust a bit of nibbling, today.  Gasp!...lol.  I actually have both TRI and BAM.A on my watch list.  They were NOT two of the stocks that I nibbled at...but both are getting more tempting, every day.\n\nP.S.  Well, we finally got the expected dead cat bounce, today.  At least some of that is short covering, IMO.  Stay tuned to see how much higher that poor old cat can go.", "likes": 0, "published_at": "2022-01-24T19:14:46Z", "sentiment": -0.5093, "entities": ["TRI", "IMO"]}, {"author": "@stellabella1896", "comment": "I have Brookfield, it\u2019s been very good to me.  I will look more into Thompson", "likes": 0, "published_at": "2022-01-24T19:13:39Z", "sentiment": 0.4927, "entities": ["Thompson"]}, {"author": "@leebodkin8358", "comment": "Hey Brandon, What are your thoughts on Waste Management ticker WM?", "likes": 2, "published_at": "2022-01-24T18:45:57Z", "sentiment": -0.4215, "entities": ["Waste Management"]}, {"author": "@valveman12", "comment": "Thank you for the picks.  I have been watching BAM and most likely will put that in my portfolio.  Never considered Thomson Reuters Corp. Another stock I will most likely add to my portfolio.  I hope this crash ends soon...", "likes": 0, "published_at": "2022-01-24T18:39:56Z", "sentiment": 0.3127, "entities": ["BAM", "Thomson Reuters Corp."]}, {"author": "@tanguyhoundolo4827", "comment": "I love Marc\u2019s analysis on TRI. Didn\u2019t  know much about this company and I\u2019m glad it\u2019s now on my radar. And seeing how you break it down is absolutely awesome. Lots to learn as far as doing research on a company! So my vote goes to Marc and TRI in this battle. As always great stuff gentlemen!", "likes": 6, "published_at": "2022-01-24T18:39:19Z", "sentiment": 0.9358, "entities": ["TRI", "TRI"]}, {"author": "@ntm9670", "comment": "I think that a video with you and your father talking about the stock market like you did yesterday will be appreciated", "likes": 3, "published_at": "2022-01-24T18:37:01Z", "sentiment": 0.7003, "entities": []}, {"author": "@web3tel", "comment": "Both companies look interesting, thank you!", "likes": 0, "published_at": "2022-01-24T18:34:39Z", "sentiment": 0.6696, "entities": []}, {"author": "@aaryandeshpande469", "comment": "Thoughts on AQN? Didn\u2019t have the best 2021 but there\u2019s a lot of optimism with the renewables sector.", "likes": 11, "published_at": "2022-01-24T18:21:36Z", "sentiment": 0.81, "entities": ["AQN"]}, {"author": "@hutzy3607", "comment": "Best notification to see", "likes": 4, "published_at": "2022-01-24T17:50:28Z", "sentiment": 0.6369, "entities": []}, {"author": "@kartiksharma-bw7is", "comment": "I am first", "likes": 1, "published_at": "2022-01-24T17:49:56Z", "sentiment": 0.0, "entities": []}]