[{"author": "@anicejohnson4721", "comment": "Thanks for this, Marc. \nIt was so nice to have a review, I know I've seen those older videos with your explanations, but today was good to hear again.\nI can see why the question using some of these metrics and times do change unpredictably. But I do think that they still hold validity. I am still learning, so I am just listening with not too much input, lol", "likes": 0, "published_at": "2024-01-31T20:50:01Z", "sentiment": 0.8958, "entities": []}, {"author": "@Rob-ob3sh", "comment": "QUESTION.  Hi Mark.  Could please do a review on NTR.  Why is this stock down about 16% in the 6 months and 6% in the last 5 days and do you think this is a good buying opportunity?  Potash is a product needed to grow food and feel this stock could be back up to $80 levels in the summer or higher as Russia controls a large part of this market and with the ongoing issues this product will be in demand as I\u2019m not understanding the big drop in NTR stock price?", "likes": 1, "published_at": "2024-01-16T16:54:55Z", "sentiment": 0.6966, "entities": ["NTR", "NTR"]}, {"author": "@evadeanu1", "comment": "This video is by far the best Economy class I\u2019ve ever taken. Thanks Marc.", "likes": 0, "published_at": "2024-01-13T14:18:41Z", "sentiment": 0.7964, "entities": []}, {"author": "@James-mb5jr", "comment": "I\u2019ve followed your mkt bottom series and commented very early on why, given the big move to 0DTE, the traditional VIX is no longer as good a signal. With experts providing feedback to you wrt this episode, hopefully you can use those pointers to better refine your mkt bottom signals. This will lead to more clicks and $$$ for you. Smart business move. All the very best.", "likes": 0, "published_at": "2024-01-12T15:10:34Z", "sentiment": 0.9259, "entities": ["VIX"]}, {"author": "@tivertontom", "comment": "plese record a bit louder please (old boomer here!)", "likes": 0, "published_at": "2024-01-12T11:08:03Z", "sentiment": 0.3802, "entities": []}, {"author": "@MM-qv5lf", "comment": "Nothing to worry about, it will be a soft landing... .. before the hard landing hits. \ud83d\ude02", "likes": 1, "published_at": "2024-01-11T04:02:25Z", "sentiment": 0.2514, "entities": []}, {"author": "@dimmychow8970", "comment": "Marc updates are a necessary part of investing in 2024. \ud83d\udc4c", "likes": 0, "published_at": "2024-01-11T02:28:18Z", "sentiment": 0.0, "entities": []}, {"author": "@Tobi_Jones", "comment": "thanks for the update. a lot to think about", "likes": 0, "published_at": "2024-01-11T01:49:01Z", "sentiment": 0.4404, "entities": []}, {"author": "@user-wr6pd3ce2n", "comment": "Mark, love your show.  I think we are going to experience only a technical recession because of the demographics that are play.  The boomers are retiring while immigration is stimulating demand.  This is unique sc\u00e9nario not seen before.", "likes": 1, "published_at": "2024-01-11T01:38:16Z", "sentiment": 0.7351, "entities": []}, {"author": "@ceelili2159", "comment": "Why are you asking your viewers their opinions on your metrics??? You're supposed to be the expert.. Also just admit you missed the bottom. it's pretty obvious now.", "likes": 1, "published_at": "2024-01-10T22:23:47Z", "sentiment": 0.5171, "entities": []}, {"author": "@epictetus3406", "comment": "Hi Marc - hoping you can answer / do a video on this if its a reasonable request. Would love to hear your thoughts on investing in canadian stocks vs US stocks for the next decade. With canada's gdp flat and being propped up by mass immigration, increasing regulation and taxation (recent increase and regulation on canadian dividend buybacks on canadian banks).\n\nI know the US typically outperforms but there are advantages to investing in Canada such as the dividend tax credit. But that advantage can only take us so far.", "likes": 0, "published_at": "2024-01-10T22:11:00Z", "sentiment": 0.9231, "entities": []}, {"author": "@user-dk9qw6xo8c", "comment": "1) Yield Curve: Not yet, need to wait, both curve still below zero. 2) 200 Day Moving Average: May be Yes, its started at the initial stage, 3) VIX: May be Yes, its started at the initial stage, 4) US jobless claim: May be Yes, its started, its difficult to say as the present situation is different compare to previous recession time. 5) BDI: Yes, its started, 6) PMI: Need 3-4 months more to take a decision. Overall, I think, it will be a light recession that will affect only few industries.", "likes": 2, "published_at": "2024-01-10T21:18:10Z", "sentiment": 0.4019, "entities": []}, {"author": "@markj4306", "comment": "Thanks for making me think a bit more \u2013 more educational that way. A quick reminder of where I can look up these metrics myself may also be helpful. \ud83d\udcc8\ud83d\udcc9\ud83d\udcca", "likes": 0, "published_at": "2024-01-10T20:07:22Z", "sentiment": 0.6908, "entities": []}, {"author": "@Joej1871", "comment": "Awesome stuff Mark! Love the updates!", "likes": 1, "published_at": "2024-01-10T19:44:54Z", "sentiment": 0.8715, "entities": []}, {"author": "@MountainFinance", "comment": "Hi Marc, I am expecting a very weak technical recession that is not called and I think the market will begin to show real signs of recovery in the second half.", "likes": 1, "published_at": "2024-01-10T19:15:20Z", "sentiment": -0.7397, "entities": []}, {"author": "@Lopersen", "comment": "Thanks Marc! Will you invest in crypto if SEC approves the ETF's?", "likes": 0, "published_at": "2024-01-10T18:52:19Z", "sentiment": 0.7088, "entities": ["SEC", "ETF"]}, {"author": "@djayjp", "comment": "We'll still see if there's a recession. Soft landing...? \ud83e\udd37\u200d\u2642\ufe0f\n\nCan't say until rates \"normalize\" such that they reach equilibrium with (the intended rate of) inflation.", "likes": 0, "published_at": "2024-01-10T16:53:30Z", "sentiment": -0.4019, "entities": []}]