[{"author": "@beaviswealth", "comment": "Have you used the Rule of 72 before?  Leave a like if you learned something new! Thanks for watching :D\n\n\ud83d\udcc8\ud83d\udcda As always, if you're a beginner to the Stock Market and you're looking for a step-by-step blueprint on how to get started... Find out more about our Investing Academy here - http://bit.ly/InvestingAcademy.", "likes": 4, "published_at": "2019-11-08T21:54:16Z", "sentiment": 0.8599, "entities": ["the Stock Market", "Investing Academy"]}, {"author": "@brightful5", "comment": "Jeremy from Jersey just subscribed", "likes": 0, "published_at": "2021-04-08T02:58:53Z", "sentiment": 0.0, "entities": []}, {"author": "@GoodLife_TV", "comment": "Good job!", "likes": 0, "published_at": "2020-10-23T03:38:18Z", "sentiment": 0.4926, "entities": []}, {"author": "@zenfeb9532", "comment": "What is the  ROR of tesla?", "likes": 0, "published_at": "2020-08-21T01:59:44Z", "sentiment": 0.0, "entities": []}, {"author": "@schfaunharrington8245", "comment": "I put $10,000 in the stock mark at the end of February. I currently have over $60,000. Feed your wealth off others fears and/or stupidity. Of course knowing it will drop eventually that's when you pull out wait for the market to bottom out and reinvest at that point. The goal is to be patient yeah at some point I wanted to pull out when I was -3000 but that's why you either invest with other people's money or money that you weren't going to use to pay bills in the first place. Slow and steady wins the race", "likes": 7, "published_at": "2020-06-09T05:32:19Z", "sentiment": 0.5789, "entities": []}, {"author": "@samisilverman7272", "comment": "red > black", "likes": 0, "published_at": "2020-01-19T07:17:32Z", "sentiment": 0.0, "entities": []}, {"author": "@jacksonhanner6872", "comment": "Are you going to buy CLX because of the discount", "likes": 1, "published_at": "2019-11-13T00:40:24Z", "sentiment": 0.0, "entities": ["CLX"]}, {"author": "@SchoolOfDropshipping", "comment": "The safest way to double your money is to fold it over and put it in your pocket.", "likes": 5, "published_at": "2019-11-12T07:25:07Z", "sentiment": 0.4019, "entities": []}, {"author": "@vietxsoul", "comment": "How does someone get a higher return rate when most banks only offer a small percentage", "likes": 0, "published_at": "2019-11-11T23:07:50Z", "sentiment": 0.0, "entities": []}, {"author": "@scottscriticalmass", "comment": "Love the 'Rule of 72'... Compounding is magic!  And always remember... when you double your double, that's 4-times from where you started!  That means 8% annual returns delivers a double in 9 years, a quadruple in 18 years, 8-times return in 27 years and 16-times over 36 years.  Factor in new money and we're talking real money!!!  Start early folks!", "likes": 3, "published_at": "2019-11-11T16:47:38Z", "sentiment": 0.7482, "entities": []}, {"author": "@dividendincome9685", "comment": "That\u2019s dependent on the position(s) you selected and at what price you entered. \n\nIn about a year I made about a 200% return on AMD, in 2 months I\u2019ve made about a 30% return on ABBV and in about 8 months I\u2019ve made about 100% return on Switch.... there\u2019s no real time table for returns, it just depends on what you select and when you entered.", "likes": 5, "published_at": "2019-11-10T01:40:06Z", "sentiment": -0.296, "entities": ["AMD", "ABBV", "Switch"]}, {"author": "@Celestial1000", "comment": "Interesting topic \ud83d\ude31", "likes": 0, "published_at": "2019-11-09T08:51:53Z", "sentiment": 0.4019, "entities": []}, {"author": "@Kevin_Street", "comment": "So if I put all my money in a CIBC chequing account which has an interest rate of about 0.05 percent...\n\n72/0.05 = 1440 years!\n\nOh dear. This is going to require some financial discipline. Have to avoid spending any of that cash until the year 3460 AD.", "likes": 13, "published_at": "2019-11-09T04:13:27Z", "sentiment": 0.5707, "entities": ["CIBC"]}, {"author": "@NickPeitsch", "comment": "Unless we're Jeremy from Financial Education...\n\n\nWe can only hope to get 150%+ returns in 6 months! LOL", "likes": 4, "published_at": "2019-11-08T23:56:08Z", "sentiment": 0.7734, "entities": ["Jeremy from Financial Education", "LOL"]}, {"author": "@thewongmindset451", "comment": "Interesting. Never knew there was a rule for that. Time to double that money...", "likes": 0, "published_at": "2019-11-08T22:35:40Z", "sentiment": 0.4019, "entities": []}, {"author": "@justintaylor-moneymindset4073", "comment": "Something about the number 72 is just so magical", "likes": 0, "published_at": "2019-11-08T22:02:25Z", "sentiment": 0.0772, "entities": []}]