[{"author": "@beaviswealth", "comment": "\ud83d\udcc8\ud83d\udcda As always, if you're a beginner to the Stock Market in Canada and you're looking for a step-by-step blueprint on how to get started... Find out more about our Investing Academy here - https://bit.ly/theinvestingacademy\n\nWhat are your thoughts on FANS stock?? Do your own due diligence!!!! Enjoy the video! :)", "likes": 6, "published_at": "2021-02-22T15:02:03Z", "sentiment": 0.8284, "entities": ["the Stock Market", "Investing Academy"]}, {"author": "@Jayfoxpox", "comment": "you should do an update since their recent acquisition", "likes": 0, "published_at": "2021-11-25T16:04:18Z", "sentiment": 0.0, "entities": []}, {"author": "@socketyellow3", "comment": "Wow you bought the peak, it\u2019s .85 now", "likes": 0, "published_at": "2021-09-25T03:04:30Z", "sentiment": 0.5859, "entities": []}, {"author": "@kenpower888", "comment": "Trading at 93 cents today. Are you still high on this one? I might have a sniff.", "likes": 0, "published_at": "2021-07-07T21:32:19Z", "sentiment": 0.0, "entities": []}, {"author": "@jindtv8967", "comment": "Why I listen \ud83d\udc42 to u \ud83e\udd72", "likes": 0, "published_at": "2021-05-27T02:32:46Z", "sentiment": 0.0, "entities": []}, {"author": "@jindtv8967", "comment": "Yo man it\u2019s totally down", "likes": 0, "published_at": "2021-05-27T02:32:26Z", "sentiment": 0.0, "entities": []}, {"author": "@lukeylovestrains3151", "comment": "0.73 cents today", "likes": 1, "published_at": "2021-05-15T13:20:07Z", "sentiment": 0.0, "entities": []}, {"author": "@jasonlam8945", "comment": "only down 50% from when I bought this recommendation... how low can I go?", "likes": 0, "published_at": "2021-03-30T21:14:43Z", "sentiment": -0.2732, "entities": []}, {"author": "@manpreetbrar3291", "comment": "Am going to create whatsup group  to help ourselves where we all can talk about stokes to buy!! please drop down your number to add up.\nThanks \ud83d\ude4f", "likes": 0, "published_at": "2021-03-04T05:29:40Z", "sentiment": 0.8309, "entities": ["\ud83d\ude4f"]}, {"author": "@kacpermajkiejtyn8961", "comment": "its 1.3 per share currently. Btw, does anyone know where I can find more information about that company?", "likes": 0, "published_at": "2021-03-03T19:09:56Z", "sentiment": 0.296, "entities": []}, {"author": "@ninosore134", "comment": "Tower One baby!", "likes": 0, "published_at": "2021-03-02T02:06:19Z", "sentiment": 0.0, "entities": []}, {"author": "@ShekarSaminathan", "comment": "The best Canadian stocks to get this week are Sparta Capital Ltd $SAY.V and Therma Bright Inc $THRM.V. Both of these stocks will go pass 400% this week. $SAY.V is around 20 cts a share and $THRM is around 40 cts. Both these companies already entered into Clinical Trial Agreement for its AcuVid(TM) COVID-19 Rapid Saliva-Based Antigen Testing.", "likes": 0, "published_at": "2021-03-02T01:59:02Z", "sentiment": 0.91, "entities": ["Sparta Capital Ltd", "Therma Bright Inc", "Clinical Trial Agreement", "COVID-19 Rapid Saliva-Based Antigen Testing"]}, {"author": "@allamb3872", "comment": "I bought FANS for $0.93 last fall and sold a few weeks ago for $2.20. It\u2019s been going down since", "likes": 0, "published_at": "2021-02-28T00:16:05Z", "sentiment": 0.0, "entities": []}, {"author": "@Benisjamin55", "comment": "Damn that shirt \ud83d\udd25\ud83d\udd25", "likes": 0, "published_at": "2021-02-27T16:29:58Z", "sentiment": -0.4019, "entities": []}, {"author": "@MurrMan23", "comment": "Love the content and stock tips. Subscribed", "likes": 0, "published_at": "2021-02-27T15:39:17Z", "sentiment": 0.6369, "entities": []}, {"author": "@iiiii655", "comment": "Algernon Pharmaceuticals, AGN, going to pop soon on Covid Treatment advance to Phase 3 and likely EUA.", "likes": 0, "published_at": "2021-02-27T06:34:59Z", "sentiment": 0.0, "entities": ["Algernon Pharmaceuticals", "AGN", "EUA"]}, {"author": "@PAIP_Studio", "comment": "Dude is you have 100 bucks to invest find 20 random stocks in the 5 dollar range that pay dividend and buy one of each... Your returns are going to be close to the same with the average of the market... 7 to 13% return per year.", "likes": 0, "published_at": "2021-02-26T20:09:35Z", "sentiment": -0.1027, "entities": []}, {"author": "@PakiPrince28", "comment": "OnlyFANS", "likes": 0, "published_at": "2021-02-26T09:52:26Z", "sentiment": 0.0, "entities": []}, {"author": "@reindeerpunisher", "comment": "Interesting pick, I never even knew about this company and after missing out on SCR I may put a few bones in this guy. My spec stock is FLT.V at the moment :D Drone Delivery Canada baby! They also have 39 million is cash and no debt, I like the no debt part in companies :D\n\n\nEdit: spelling error", "likes": 0, "published_at": "2021-02-26T07:24:23Z", "sentiment": 0.3089, "entities": []}, {"author": "@Alex-cn9rs", "comment": "Awesome video man thanks! Check out kraken robotics!!! Canadian company gonna blow up watch their 2021 symposium", "likes": 1, "published_at": "2021-02-25T22:28:34Z", "sentiment": 0.8469, "entities": ["Awesome"]}, {"author": "@jordand1222", "comment": "Hey man who do u bank with? Im in Vancouver as well with Td thinking of opening a tfsa with them but unsure.", "likes": 0, "published_at": "2021-02-25T18:21:29Z", "sentiment": -0.2382, "entities": []}, {"author": "@findependencejourney7727", "comment": "Thanks for sharing the info! I like e-sports and believe the growth of the online betting market.", "likes": 0, "published_at": "2021-02-25T03:47:55Z", "sentiment": 0.8777, "entities": []}, {"author": "@syuuzke08", "comment": "Hey Brandon, I seem to be unable to find FANS in wealthsimple trade. Can you help? Thanks.", "likes": 0, "published_at": "2021-02-24T23:41:24Z", "sentiment": 0.6808, "entities": []}, {"author": "@weltondisk9402", "comment": "Can Canadian buy stock in the UK? which platform is best to use to purchase dividends in the UK?", "likes": 1, "published_at": "2021-02-24T08:52:49Z", "sentiment": 0.6767, "entities": []}, {"author": "@thynadoung1627", "comment": "Hi Brandon, Wealth simple is asking me to input a referral code. Where do I get your code from? I\u2019m sorry I didn\u2019t use your link but I did join wealth simple because of your videos. Thanks!", "likes": 0, "published_at": "2021-02-24T07:44:16Z", "sentiment": 0.9215, "entities": []}, {"author": "@freaksforum2248", "comment": "For those in the USA it's OTC by the ticker FUNFF............", "likes": 0, "published_at": "2021-02-24T04:15:41Z", "sentiment": 0.0, "entities": ["FUNFF"]}, {"author": "@bhawan_IT", "comment": "It is 12+ % down today. Is it a good time to pick this up? or should we wait and look?", "likes": 0, "published_at": "2021-02-24T03:05:53Z", "sentiment": 0.504, "entities": []}, {"author": "@GG-ki9gk", "comment": "I tried finding it on wealth trade and I can\u2019t find it", "likes": 0, "published_at": "2021-02-24T01:38:41Z", "sentiment": 0.4939, "entities": []}, {"author": "@GG-ki9gk", "comment": "What stock app do you prefer? I heard wealthtrade is slow to buy and sell", "likes": 0, "published_at": "2021-02-24T01:35:45Z", "sentiment": 0.0, "entities": []}, {"author": "@K_H-Channel", "comment": "Hey there. I have been watching all your videos. I have a question if you don\u2019t mind. I\u2019m currently with IA financial for my RRSP. They charge 1.368% in fees. I wanted to move to Questrade after watching your videos since Questrade charge only 0.25% in fees or even get into DIY method. But if I leave them I lose my employer contribution of 3500$ per year. What should I do?  Thank you.", "likes": 0, "published_at": "2021-02-24T00:35:38Z", "sentiment": -0.1531, "entities": ["RRSP", "DIY"]}, {"author": "@samirheib1019", "comment": "can you do video of Delta 9 Cannabis inc? company is doing very well \ud83d\ude01But the stock need more volume to climb higher price \u2197\ufe0f\u2197\ufe0f", "likes": 0, "published_at": "2021-02-23T23:31:43Z", "sentiment": 0.3384, "entities": ["Delta 9 Cannabis inc?"]}, {"author": "@samwanyoike1195", "comment": "Hi Brandon, what about QBTC and QETH.U.TO? have you considered buying shares on each? Or compared to BITC as among the great ones for Canadians to add on portfolio.", "likes": 0, "published_at": "2021-02-23T19:34:13Z", "sentiment": 0.7691, "entities": ["QETH.U.TO", "BITC"]}, {"author": "@CanadianDividendInvesting", "comment": "Awesome speculation! Love the picks!", "likes": 0, "published_at": "2021-02-23T17:13:36Z", "sentiment": 0.8715, "entities": []}, {"author": "@MrChrisG10", "comment": "Is it possible to buy this in my TFSA since it\u2019s on the CNSX?? It\u2019s not allowing me on questrade", "likes": 0, "published_at": "2021-02-23T15:51:15Z", "sentiment": 0.0, "entities": ["CNSX"]}, {"author": "@wint2905", "comment": "How about ESE entertainment?", "likes": 0, "published_at": "2021-02-23T12:27:05Z", "sentiment": 0.4215, "entities": ["ESE"]}, {"author": "@LATHPATH", "comment": "FLWR is a good spec play :)", "likes": 1, "published_at": "2021-02-23T11:50:32Z", "sentiment": 0.8074, "entities": ["FLWR"]}, {"author": "@aslamvalliani4373", "comment": "Where we can buy this ?", "likes": 1, "published_at": "2021-02-23T07:58:58Z", "sentiment": 0.0, "entities": []}, {"author": "@stoopid8833", "comment": "Sadly they are not an option on wealthsimple as it's not listed on tsx", "likes": 0, "published_at": "2021-02-23T07:48:27Z", "sentiment": -0.4215, "entities": []}, {"author": "@vanessaaventura", "comment": "Which exchange do you use", "likes": 0, "published_at": "2021-02-23T07:06:49Z", "sentiment": 0.0, "entities": []}, {"author": "@scottscriticalmass", "comment": "Interesting idea Brandon... I\u2019m definitely looking to add a spec in the eSports/Gambling space, so thanks for giving me something to think about.  Best of luck with your new spec investment.", "likes": 1, "published_at": "2021-02-23T03:51:42Z", "sentiment": 0.9584, "entities": []}, {"author": "@jasonstupak4535", "comment": "Watched and liked, thanks Brandon!", "likes": 1, "published_at": "2021-02-23T03:30:02Z", "sentiment": 0.7177, "entities": []}, {"author": "@charlesrobert5833", "comment": "Love your shirt buddy", "likes": 0, "published_at": "2021-02-23T03:26:42Z", "sentiment": 0.6369, "entities": []}, {"author": "@pizz104", "comment": "You mention you recently covered a similar stock in the U.S market, what was that one ? Also - thanks for the great content ! Love the channel.", "likes": 2, "published_at": "2021-02-23T03:18:10Z", "sentiment": 0.9098, "entities": []}, {"author": "@Jman3teen", "comment": "Great video \ud83d\udc4dits nice having a speculation put forward so we can do our own DD rather than sorting through crap stocks", "likes": 0, "published_at": "2021-02-23T01:58:24Z", "sentiment": 0.6486, "entities": []}, {"author": "@bushybashy3386", "comment": "\ud83d\udc97", "likes": 0, "published_at": "2021-02-23T01:37:22Z", "sentiment": 0.0, "entities": []}, {"author": "@xtcfreaxx", "comment": "On the topic of esports I have EGLX ( A company that manages luminosity gaming as well as a lot of streamers, I think they participate in a few other aspects of the esports scene as well) as well as SCR (which is focused on both sports and esports but they take more of a media and sort of journalism/news stance on it) on my watchlist. I personally watch a lot of thescoreesports videos on youtube myself but i'm still hesitant to buy either as i'm not really sure how to analyze or gauge an investment where a lot of the data is missing or just non existent.\n\nAlso another lesser known company i've been looking at is cph.to (cipher pharmaceuticals) they have really great fundamentals so i'm still trying to understand why the price is so low, one guess is just that they have pretty low market cap.", "likes": 0, "published_at": "2021-02-23T00:05:32Z", "sentiment": -0.0006, "entities": ["EGLX", "SCR"]}, {"author": "@BenoitProvencher", "comment": "Sonos (SONO) is one of my speculative stock that is doing great.\nNEXE is my latest addition.", "likes": 0, "published_at": "2021-02-22T23:44:14Z", "sentiment": 0.6705, "entities": ["SONO", "NEXE"]}, {"author": "@benchandblunts9229", "comment": "I live this stock. 20%+ of my portfolio", "likes": 2, "published_at": "2021-02-22T22:12:26Z", "sentiment": 0.0, "entities": []}, {"author": "@benmillaud7800", "comment": "Add MVY$ !!! Hurrryyyyy", "likes": 0, "published_at": "2021-02-22T22:07:53Z", "sentiment": 0.0, "entities": []}, {"author": "@JohnPaul-pc3ei", "comment": "$LUCK.V is also a good one and some might say better than $FANS ;)", "likes": 0, "published_at": "2021-02-22T21:58:11Z", "sentiment": 0.7717, "entities": []}, {"author": "@jbainbridge22", "comment": "Where do you find out about more speculative up and coming possibility stocks?", "likes": 1, "published_at": "2021-02-22T21:54:40Z", "sentiment": 0.1761, "entities": []}, {"author": "@type2life396", "comment": "I went into BETS instead of FANS but will take a closer look.", "likes": 0, "published_at": "2021-02-22T21:52:04Z", "sentiment": 0.0, "entities": []}, {"author": "@AuntieMoMo05", "comment": "I bought FANS at 1.00 but could have gotten in much earlier....but I sat and watched it.  DOH!  This is just the beginning!  FANS was a VST (Victory Square Technologies) spinoff company!  The management team at VST are brilliant!  FANS too.  Both are just in their infancy.", "likes": 0, "published_at": "2021-02-22T21:42:22Z", "sentiment": 0.811, "entities": ["DOH", "VST", "VST"]}, {"author": "@VDubUploads", "comment": "I have been in FANS since 0.71 so Happy to see the 170% jump in the last week", "likes": 9, "published_at": "2021-02-22T21:39:45Z", "sentiment": 0.6948, "entities": []}, {"author": "@engelsmoller", "comment": "How would this compare with SCR?", "likes": 1, "published_at": "2021-02-22T20:42:20Z", "sentiment": 0.0, "entities": []}, {"author": "@kayvonmotamed", "comment": "I know this isn't related to the current video, but you spoke about this in a recent one... But I have owned ATD.b for a little while and I just realized, based on their long-term potential I also have an opportunity to purchase the ATD.a shares. I was thinking I could sell half the \"b\" and buy that back in \"a\" or convert all of them over? Just wondering if you had an opinion on that. Based on my minimal research it looks like 'a' shares were primarily for founders and insiders (at least initially) and hold a 10 vote per share power whereas the 'b' shares are subordinate and carry a 1-vote per share. Also, I heard they may be recombining the 2 share classes so what would that do to existing shares? Looking forward to hearing your input! Thanks", "likes": 0, "published_at": "2021-02-22T20:34:03Z", "sentiment": 0.9835, "entities": []}, {"author": "@epicgaming7228", "comment": "Thoughts in luck.", "likes": 1, "published_at": "2021-02-22T20:26:44Z", "sentiment": 0.4588, "entities": []}, {"author": "@epicgaming7228", "comment": "Holding gratomic rn.", "likes": 2, "published_at": "2021-02-22T20:22:07Z", "sentiment": 0.0, "entities": []}, {"author": "@davidsitarek4107", "comment": "You want a good spec stock. FLT.V. Surprised you haven't done any drone reviews.", "likes": 3, "published_at": "2021-02-22T20:21:36Z", "sentiment": 0.6249, "entities": []}, {"author": "@jordanmakesfinancevideos650", "comment": "Interesting video to watch Brandon", "likes": 2, "published_at": "2021-02-22T20:13:45Z", "sentiment": 0.4019, "entities": []}, {"author": "@Chris-fo9lq", "comment": "Tell that to ESE entertainment ticker ESE.v\nHuge potential", "likes": 0, "published_at": "2021-02-22T20:03:02Z", "sentiment": 0.6249, "entities": ["ESE"]}, {"author": "@fokana1", "comment": "Quick question --- If you ever get paid to promote a stock you would let us know right? Noticed some youtubers disclose when they're getting paid by company to promote a stock but other don't", "likes": 0, "published_at": "2021-02-22T19:22:21Z", "sentiment": 0.3818, "entities": []}, {"author": "@JaelenGames", "comment": "Great to see you're dabbling in this space as well! Been holding Score Media and Gaming since September and it's done very well for me. Wish FANS was on WS. Sports betting and gambling will be huge", "likes": 0, "published_at": "2021-02-22T19:04:23Z", "sentiment": 0.9117, "entities": []}, {"author": "@justinpriest399", "comment": "Brandon, thoughts on the first Canadian Bitcoin ETF,  BTCC.B?", "likes": 3, "published_at": "2021-02-22T18:46:32Z", "sentiment": 0.0, "entities": []}, {"author": "@adrianbrodie7829", "comment": "Hey, I\u2019m a big fan of yours! Take a look at the stock high tide inc. great fundamentals, aggressive ceo making strategic acquisitions. Earnings report coming out March 1st. They are the largest Canadian weed retailer by revenue and have recently acquired the #1 and #2 e commerce platforms for weed accessories in the world. They have recently applied to be on the nasdaq. Would love for you to do your dd and see you do a video on it", "likes": 0, "published_at": "2021-02-22T18:42:42Z", "sentiment": 0.8832, "entities": []}, {"author": "@silm632", "comment": "FANS ! Added as well \ud83d\udd25\ud83d\udd25\ud83d\udd25", "likes": 5, "published_at": "2021-02-22T18:39:36Z", "sentiment": 0.3382, "entities": []}, {"author": "@Kai-um8oy", "comment": "Best intro in the game", "likes": 0, "published_at": "2021-02-22T18:26:06Z", "sentiment": 0.6369, "entities": []}, {"author": "@turbofanlover", "comment": "Down 10% on the day.  Yeah, this one's definitely not for the faint of heart.  ;)", "likes": 9, "published_at": "2021-02-22T17:38:54Z", "sentiment": 0.7003, "entities": []}, {"author": "@ab.4425", "comment": "Thanks bud!!", "likes": 1, "published_at": "2021-02-22T17:35:32Z", "sentiment": 0.5399, "entities": []}, {"author": "@canadianenglishschool1929", "comment": "Anyone know the difference between the Canadian Bitcoin Fund QBTC and the Bitcoin ETF ?", "likes": 0, "published_at": "2021-02-22T17:29:32Z", "sentiment": 0.0, "entities": ["the Canadian Bitcoin Fund QBTC"]}, {"author": "@StanHopson", "comment": "Amazing video \"again\" Hard truth is not everyone will take the truth of the trade market for real, I'm just grateful to have picked up the proper traits and advise on getting into the market on time, I'm slowly building a small fortune for myself.", "likes": 2, "published_at": "2021-02-22T17:23:12Z", "sentiment": 0.875, "entities": []}, {"author": "@zetter4013", "comment": "Already bought and sold.lol Had to take profits.  You like the score? You said in your last video they hold alot of debt. The score going to Nasdaq a good idea? Great video you rock!", "likes": 0, "published_at": "2021-02-22T17:01:45Z", "sentiment": 0.8898, "entities": ["Nasdaq"]}, {"author": "@jeremypryde4602", "comment": "Had this since $0.99 so happy about that pick and I\u2019m definitely long on this company", "likes": 1, "published_at": "2021-02-22T16:54:26Z", "sentiment": 0.8147, "entities": []}, {"author": "@deedarali1336", "comment": "You had me at high risk.", "likes": 6, "published_at": "2021-02-22T16:50:26Z", "sentiment": -0.2732, "entities": []}, {"author": "@FinancialFutureGuideAlexCourt", "comment": "KAWAI FROM THE CORNER!!! I was downtown Toronto for that game and the streets went wild. So lucky to experience that once-in-a-lifetime memory.", "likes": 4, "published_at": "2021-02-22T16:44:50Z", "sentiment": 0.7763, "entities": ["KAWAI"]}, {"author": "@darrenr1194", "comment": "EGLX is another great canadian gaming company to look into. Long term a good investment DD everyone", "likes": 1, "published_at": "2021-02-22T16:43:00Z", "sentiment": 0.7906, "entities": ["EGLX"]}, {"author": "@JayceTheDefender", "comment": "Do you guys think this is a by zone rn at 2.09", "likes": 5, "published_at": "2021-02-22T16:28:11Z", "sentiment": 0.0, "entities": []}, {"author": "@NoobBoobie", "comment": "Canada is stepping up! \ud83c\udde8\ud83c\udde6 Gambling, EV mineral, EV recycling, Psychedelics, Marijuana, Cyber Security. Our economy has a bright future ahead.", "likes": 37, "published_at": "2021-02-22T16:25:31Z", "sentiment": 0.68, "entities": ["EV", "Psychedelics", "Cyber Security"]}, {"author": "@bradleyheights8764", "comment": "Cantex Mine Development (CD) has a massive silver discovery in Canada", "likes": 1, "published_at": "2021-02-22T16:11:08Z", "sentiment": 0.0, "entities": ["Cantex Mine Development"]}, {"author": "@kurts3779", "comment": "Any thoughts on Magna International (MG.TO)", "likes": 0, "published_at": "2021-02-22T16:08:49Z", "sentiment": 0.0, "entities": ["Magna International"]}, {"author": "@torontorealtordk4201", "comment": "Ayyeee a Vancouver based Corp. thanks for the insights Brandon, I\u2019m gonna look more into this one.", "likes": 12, "published_at": "2021-02-22T16:07:55Z", "sentiment": 0.4404, "entities": []}, {"author": "@kurts3779", "comment": "Just bought 500 shares for $1.99. Lets see where this goes. Will hold for a few years. Most of my money has been made on speculation this past year. Yes, I know...Crazy, but made myself a small fortune so far.", "likes": 2, "published_at": "2021-02-22T16:03:02Z", "sentiment": 0.3506, "entities": []}, {"author": "@Weirdopwner", "comment": "how do you know that there won't be another company out there than can do the same thing as FansUnite and outcompete them. this company also doesn't seem to earn any revenue either...", "likes": 0, "published_at": "2021-02-22T16:00:17Z", "sentiment": 0.0, "entities": ["FansUnite"]}, {"author": "@darc3098", "comment": "I am holding small amount FANS and SCR. I bought FANS because compare to other penny stock their financial seems okay.", "likes": 1, "published_at": "2021-02-22T15:58:24Z", "sentiment": 0.2263, "entities": []}, {"author": "@Loyalsurly", "comment": "BRANDON, CHECK OUT MRS.V", "likes": 3, "published_at": "2021-02-22T15:55:29Z", "sentiment": 0.0, "entities": ["BRANDON"]}, {"author": "@DeCharsi", "comment": "Type FANS.CN on questrade. Not sure if available on WS", "likes": 2, "published_at": "2021-02-22T15:53:19Z", "sentiment": -0.2411, "entities": []}, {"author": "@a1738k", "comment": "Can't buy this on TD", "likes": 0, "published_at": "2021-02-22T15:30:05Z", "sentiment": 0.0, "entities": ["TD"]}, {"author": "@anne-mariel3256", "comment": "Can\u2019t find it on WS nor Questrade \ud83e\udd14", "likes": 3, "published_at": "2021-02-22T15:28:09Z", "sentiment": 0.0, "entities": []}, {"author": "@welditful", "comment": "Hey man, do you think in the near future you could do a episode on semiconductor companies? Apparently there's supposed to be a large shortage.", "likes": 0, "published_at": "2021-02-22T15:27:06Z", "sentiment": -0.25, "entities": []}, {"author": "@SB-cz5ku", "comment": "Can't find this company on Wealth Simple.", "likes": 4, "published_at": "2021-02-22T15:26:16Z", "sentiment": 0.4939, "entities": []}, {"author": "@jatindersahni4441", "comment": "Hi\nWhat are your views on BTCC.B", "likes": 48, "published_at": "2021-02-22T15:23:53Z", "sentiment": 0.0, "entities": []}, {"author": "@jordanlane7389", "comment": "wish this was on wealthsimple ..", "likes": 48, "published_at": "2021-02-22T15:21:40Z", "sentiment": 0.4019, "entities": []}, {"author": "@TheZobi8520z", "comment": "Love the small cap picks, MTRX/Loop is also one that you mentioned before and it's doing great. Good fun for a small piece of the portfolio!", "likes": 1, "published_at": "2021-02-22T15:19:38Z", "sentiment": 0.9412, "entities": ["MTRX/Loop"]}, {"author": "@JonathanLaiYoutube", "comment": "Like it", "likes": 0, "published_at": "2021-02-22T15:17:27Z", "sentiment": 0.3612, "entities": []}, {"author": "@smithjan1409", "comment": "Well done!\nSomeone told me we\u2019re not allowed to buy CNSX from TFSA, is it true? \nThank you man for sharing.", "likes": 4, "published_at": "2021-02-22T15:13:29Z", "sentiment": 0.8588, "entities": []}, {"author": "@yogiohmonsters", "comment": "Love the diversity in your content", "likes": 3, "published_at": "2021-02-22T15:12:38Z", "sentiment": 0.6369, "entities": []}, {"author": "@hobbies222", "comment": "taat is also are good one too", "likes": 0, "published_at": "2021-02-22T15:10:24Z", "sentiment": 0.4404, "entities": []}, {"author": "@micamacha", "comment": "Is IT possible to Start invest for our kid with their information", "likes": 0, "published_at": "2021-02-22T15:10:14Z", "sentiment": 0.0, "entities": ["Start"]}, {"author": "@hobbies222", "comment": "check out luckbox", "likes": 1, "published_at": "2021-02-22T15:10:03Z", "sentiment": 0.0, "entities": []}, {"author": "@Tony_8", "comment": "Why does their logo resemble Onlyfans tho? haha", "likes": 3, "published_at": "2021-02-22T15:09:18Z", "sentiment": 0.4588, "entities": []}, {"author": "@chowdavarapusandeep6296", "comment": "Can you do a video on growth etf's", "likes": 2, "published_at": "2021-02-22T15:08:17Z", "sentiment": 0.3818, "entities": []}, {"author": "@hirockblink", "comment": "its not on wealthsimple..i guess FANS didnt meet WS criteria to be listed yet.", "likes": 7, "published_at": "2021-02-22T15:08:01Z", "sentiment": 0.0, "entities": []}, {"author": "@a1738k", "comment": "Sounds like bootleg $GAN", "likes": 3, "published_at": "2021-02-22T15:06:40Z", "sentiment": 0.3612, "entities": ["GAN"]}, {"author": "@j.p.6228", "comment": "Loving the t shirt buddy haha. Brings back memories", "likes": 26, "published_at": "2021-02-22T15:03:15Z", "sentiment": 0.7845, "entities": []}, {"author": "@beaviswealth", "comment": "\ud83d\udcc8\ud83d\udcda As always, if you're a beginner to the Stock Market in Canada and you're looking for a step-by-step blueprint on how to get started... Find out more about our Investing Academy here - https://bit.ly/theinvestingacademy\n\nWhat are your thoughts on FANS stock?? Do your own due diligence!!!! Enjoy the video! :)", "likes": 6, "published_at": "2021-02-22T15:02:03Z", "sentiment": 0.8284, "entities": ["the Stock Market", "Investing Academy"]}]