[{"author": "@beaviswealth", "comment": "What do you think of Wealthsimple Trade with all of the new features? Leave a comment below! :) Also, if you decide to sign up you can get a $50 bonus when you deposit and trade $150 or more, OR get 2 free stocks when you sign up! \n\n$50 Cash Bonus - https://wealthsimple.sjv.io/zQ1d6\n2 Free Stocks - https://wealthsimple.sjv.io/BX29X1\n\n\ud83d\udcc8\ud83d\udcda As always, if you're a beginner to the Stock Market in Canada and you're looking for a step-by-step blueprint on how to get started... Find out more about our Investing Academy here - https://bit.ly/theinvestingacademy", "likes": 18, "published_at": "2021-08-31T17:16:26Z", "sentiment": 0.9535, "entities": ["Wealthsimple Trade", "the Stock Market", "Investing Academy"]}, {"author": "@normanbenjamin9739", "comment": "Wow I though you was going to show us how to use there app to transfer Crypto from an exchange ! But I guess Not !", "likes": 0, "published_at": "2023-11-16T22:12:45Z", "sentiment": 0.4559, "entities": []}, {"author": "@klavdiyalapina2806", "comment": "Best way to make money in 2023", "likes": 0, "published_at": "2023-09-17T14:40:51Z", "sentiment": 0.6369, "entities": []}, {"author": "@AceVenturaXii", "comment": "August 2023\nAny updates on this? I\u2019ll be opening a TFSA for my 18yr old daughter and I\u2019m considering WealthSimple. \nAny info to add to this video?", "likes": 0, "published_at": "2023-08-20T03:50:12Z", "sentiment": 0.0, "entities": ["WealthSimple"]}, {"author": "@user-ch6ev9cp4m", "comment": "very straight forward speaking thx", "likes": 0, "published_at": "2023-07-28T09:50:41Z", "sentiment": 0.5709, "entities": []}, {"author": "@kriskafowlski4463", "comment": "Hi Brandon. Thanks for video.  Do you know why you can\u2019t trade Lira with Wealthsimple trade.  I know you can with Questtrade and Qtrade", "likes": 0, "published_at": "2023-03-24T02:49:33Z", "sentiment": 0.4404, "entities": []}, {"author": "@shubhamgurjar28698", "comment": "Does opening a tfsa with wealth simple runs a credit check?", "likes": 0, "published_at": "2023-03-16T16:04:09Z", "sentiment": 0.7003, "entities": []}, {"author": "@mozmagic", "comment": "awesome video. I have a question regarding TFSA account if i Max out my account and receive dividends in that account is that a over-contribute to your TFSA? Or can i reinvest them right into new stocks / etf even tough I am now at a higher amount than what was my max ?", "likes": 0, "published_at": "2023-03-10T20:02:37Z", "sentiment": 0.6072, "entities": []}, {"author": "@shareeplayle2693", "comment": "Its only good for canada stocks. I want to buy some temu stock and not be charged.", "likes": 0, "published_at": "2023-03-03T08:04:43Z", "sentiment": 0.5848, "entities": []}, {"author": "@mozmagic", "comment": "awesome video! Quick question: with a dividend payment do they go right to your bank account? or how is it handled?", "likes": 0, "published_at": "2023-02-28T16:15:26Z", "sentiment": 0.6958, "entities": []}, {"author": "@VileStorms", "comment": "For me wealth simple is far above the competition, Canada's been in a monopolistic economy for far too long and it's finally getting a bit of competition that the big guys aren't used to and won't get used to. I highly doubt TD will drop their fees to 0 and RBC has a 0% chance of dropping them much at all. My dad is up to 7% fees with RBC now and has been with them for years and he's been fighting with them to no end for them to lower the fees. For me I don't care about DRIP in fact I'd rather have the dividends in cash so I can put them elsewhere. I do wish they had good charts though, their simplistic one looks good and everything but it shows no information on whether the stock is going up or down over the next minute even if you have the premium account all you get is a line graph with no candle sticks or Bollinger's.", "likes": 1, "published_at": "2023-02-17T09:10:35Z", "sentiment": -0.6663, "entities": ["TD", "RBC", "RBC"]}, {"author": "@Vanfinity88", "comment": "This platform will swallow all your gain and loss. Stay away from shark! Canada monopolize  business, stay away! That why Canada kick out binance. Government and banks try to swallow all your savings", "likes": 0, "published_at": "2023-01-13T23:14:51Z", "sentiment": 0.2225, "entities": []}, {"author": "@tintinlol7881", "comment": "Hi Brandon, I have one question for you. I heard that  Questrade is covered by CIPF. What about Wealthsimple Trade? Are our investments are protected by CIPF? When I do Google, it says no, but when I open the page, it says yes. Please confirm. Thanks. Maybe you can make a whole video about IIROC and CIPF. Thanks.", "likes": 0, "published_at": "2022-11-26T16:44:54Z", "sentiment": 0.9424, "entities": ["Google"]}, {"author": "@PrickPaintsPot", "comment": "Absolutely a concise, straight forward analysis video on WS. Well done  !", "likes": 0, "published_at": "2022-11-15T16:43:32Z", "sentiment": 0.553, "entities": []}, {"author": "@Honeybatger", "comment": "Hi Brandon u got a subscriber. Is wealthsimple different than wealthsimple trade app ? Sorry I'm behind lol", "likes": 0, "published_at": "2022-11-02T15:09:01Z", "sentiment": 0.3612, "entities": []}, {"author": "@bobernst6693", "comment": "Can you easily transfer $ from your current RRSP account to a RRSP account with Wealthsimple Trade?", "likes": 0, "published_at": "2022-10-29T21:07:47Z", "sentiment": 0.34, "entities": ["RRSP", "RRSP", "Wealthsimple Trade"]}, {"author": "@samuelmancusa7059", "comment": "Is this app still available? I cannot find the trade app on the appstore", "likes": 0, "published_at": "2022-09-29T23:26:06Z", "sentiment": 0.0, "entities": []}, {"author": "@nathanumar1914", "comment": "What's your net worth", "likes": 0, "published_at": "2022-09-21T21:01:32Z", "sentiment": 0.2263, "entities": []}, {"author": "@elephantmoney", "comment": "Having to pay 3% every time you trade a US stock is a major con", "likes": 0, "published_at": "2022-09-09T17:40:31Z", "sentiment": -0.1027, "entities": []}, {"author": "@Omni-knight", "comment": "Which brokerage here in Canada is closely similar to Webull?", "likes": 0, "published_at": "2022-08-18T20:35:17Z", "sentiment": 0.0, "entities": []}, {"author": "@Boza5070", "comment": "SCAM... keep calling.. big mistake to register... dont used is a scam", "likes": 0, "published_at": "2022-07-19T12:35:41Z", "sentiment": 0.1526, "entities": []}, {"author": "@MrFernandoBedoya", "comment": "Hello,\nGreat video.\nOne question. If the reinvesting option is not available, then how do you reinvest when you have earnings on a given share? Thanks.", "likes": 0, "published_at": "2022-07-16T19:57:56Z", "sentiment": 0.8481, "entities": []}, {"author": "@freedom888888", "comment": "I am researching on wealth simple mormally I just invest through my bank.", "likes": 1, "published_at": "2022-04-16T12:30:42Z", "sentiment": 0.4939, "entities": []}, {"author": "@donnacudoy1368", "comment": "Hello new to your channel..i want to start investing in wealtgsimple..", "likes": 0, "published_at": "2022-04-14T03:19:06Z", "sentiment": 0.0772, "entities": []}, {"author": "@michaelcarroca9181", "comment": "Great info great video...I've never invested cause I don't know much about the market trade.I'll be signing up I'll let u all how it went God Bless...", "likes": 1, "published_at": "2022-04-11T14:32:52Z", "sentiment": 0.8834, "entities": []}, {"author": "@codypaul3313", "comment": "this is not a tutorial...", "likes": 0, "published_at": "2022-03-24T19:46:02Z", "sentiment": 0.0, "entities": []}, {"author": "@jeffl4909", "comment": "to much talking, not demo - bye", "likes": 0, "published_at": "2022-03-18T06:31:48Z", "sentiment": 0.0, "entities": []}, {"author": "@Figgy20000", "comment": "I only invest in Canadian dividend stocks so Wealthsimple was a no brainer above every other app.  0$ trading means my first months of dividends aren't immediately eaten by fees which removes the entire point in the first place and sell whenever I want to without restrictions. \n\nThere is absolutely no reason as a Canadian I need to invest in the US market, we have tons of amazing high paying options that don't need to be effected by a conversion rate.", "likes": 4, "published_at": "2022-03-05T18:15:47Z", "sentiment": 0.0445, "entities": []}, {"author": "@DarthMajora", "comment": "I used your referral link for WealthSimple..unfortunately, I think k because I did it on my phone something screwed up and it didn't work. Anyone know if it just takes a little time or should I co tact their support?", "likes": 0, "published_at": "2022-03-04T02:20:29Z", "sentiment": -0.128, "entities": ["WealthSimple"]}, {"author": "@AbdullahJirjees", "comment": "Hi and thank you for the video, I want to ask is it safe to share the personal details with Wealthsimple?", "likes": 0, "published_at": "2022-02-28T18:05:00Z", "sentiment": 0.7845, "entities": []}, {"author": "@thebethadjsalah2598", "comment": "Does the platform allow commodities trading?", "likes": 0, "published_at": "2022-02-20T07:51:33Z", "sentiment": 0.2263, "entities": []}, {"author": "@shayfeshiphrah4058", "comment": "I think they now have the Disney stock hedged by a canadian company. Got one yesterday. \n\nLove this video by the way. In 2021 I watched the video where you first compared both questtrade and wealthsimple. I decided to wait till I gathered $1000 to invest in using questrade because at the time wealth simple did not offer tfsa accounts. Glad I waited \ud83d\ude03.", "likes": 0, "published_at": "2022-02-16T19:03:52Z", "sentiment": 0.886, "entities": ["Disney"]}, {"author": "@theDrPhilshow", "comment": "lF WEALTHSIMPLE IS NOT A TRAP WHY IS THERE NO YOUTUBE VIDEO SHOWING HOW TO CLOSE AC C", "likes": 1, "published_at": "2022-02-16T05:35:06Z", "sentiment": -0.11, "entities": []}, {"author": "@robwells230", "comment": "THANS  Great info.   However,  you don't compare  margin rates which can be a huge difference. \nScotia iTRADE charges currently 3.70 percent, \nTD  as low as 2.75 percent  etc.      I don't mind commissions as much as high margin interest.  \nAppears I'm paying 60,000 to 80,000 more over the next 10 years, so I'm going to leave iTRADE's.", "likes": 0, "published_at": "2022-02-14T12:08:36Z", "sentiment": 0.7184, "entities": ["THANS", "Scotia", "TD"]}, {"author": "@LarissaVeloso-Planttubber", "comment": "Thanks for such a complete analysis! It's great to get these videos targeted to the Canadian investors =)", "likes": 1, "published_at": "2022-02-09T18:03:35Z", "sentiment": 0.8883, "entities": []}, {"author": "@saiborg3992", "comment": "Dude seriously, thanks!", "likes": 1, "published_at": "2022-02-06T10:46:59Z", "sentiment": 0.3595, "entities": []}, {"author": "@mafina", "comment": "Is there some way to call wealth simple", "likes": 0, "published_at": "2022-01-31T18:48:16Z", "sentiment": 0.4939, "entities": []}, {"author": "@sawsanalshaibani1287", "comment": "i did order 300 chairs they made 200 only ???? lemit buy", "likes": 0, "published_at": "2022-01-26T15:55:15Z", "sentiment": 0.0, "entities": []}, {"author": "@vanbuddha1", "comment": "do I need to transfer my account with funds before I view stocks ? I made it into signing in two step verification and wanted to view stocks before adding to my account and it seems non functional the option that says \"find a stock \"", "likes": 0, "published_at": "2022-01-17T02:01:50Z", "sentiment": 0.0, "entities": []}, {"author": "@hxxro9950", "comment": "It\u2019s not a good app. Don\u2019t even download lmao.", "likes": 0, "published_at": "2022-01-10T21:06:38Z", "sentiment": 0.3599, "entities": []}, {"author": "@madiab21", "comment": "What about \"Plus\" version for $10/month? What are you thoughts on that? Worth it?", "likes": 1, "published_at": "2022-01-06T06:36:45Z", "sentiment": 0.3485, "entities": []}, {"author": "@hadiabdulsalam77", "comment": "You answered all my questions! Thank you so much \ud83d\ude0a", "likes": 0, "published_at": "2022-01-02T21:04:35Z", "sentiment": 0.4199, "entities": []}, {"author": "@elwynpeters499", "comment": "Great review!", "likes": 0, "published_at": "2022-01-02T16:32:30Z", "sentiment": 0.6588, "entities": []}, {"author": "@jgra", "comment": "Is that a Rhude tee?", "likes": 0, "published_at": "2022-01-02T16:21:09Z", "sentiment": 0.0, "entities": []}, {"author": "@cesarthephysio", "comment": "Thanks for sharing this info. Very informative and practical.", "likes": 0, "published_at": "2022-01-02T01:04:39Z", "sentiment": 0.6908, "entities": []}, {"author": "@j4jimmydsouza", "comment": "Very Good Explanation. \ud83d\ude4f", "likes": 0, "published_at": "2021-12-27T03:44:51Z", "sentiment": 0.4927, "entities": ["\ud83d\ude4f"]}, {"author": "@210901398", "comment": "how do we trade index options in canada. which broker allows us to do that?", "likes": 0, "published_at": "2021-12-19T11:16:18Z", "sentiment": 0.0, "entities": []}, {"author": "@AceFinance420", "comment": "I like wealthsimple but weird they dont  have Disney stock", "likes": 0, "published_at": "2021-12-13T19:28:38Z", "sentiment": -0.0772, "entities": ["Disney"]}, {"author": "@KimJilene", "comment": "Every time I watch a Brandon video, I just think \"This boy was raised right\" \ud83d\ude06 I am 38 years old and have never invested. This video sold it for me and I will be opening up a WealthSimple account TODAY. Time for the wealth building to begin!", "likes": 18, "published_at": "2021-12-12T13:44:20Z", "sentiment": 0.5411, "entities": ["WealthSimple"]}, {"author": "@luxmark", "comment": "Hopefully this forum is still active? Very informative video BUT there is one topic that is not talked about is record keeping, monthly statements, buy/sell conformations, receiving year end documents for income taxes, ability to link to CRA to simplify Income Tax filing.If anyone has comments or knowledge on this subject please respond.Also your experiences with money transfers and closing the account. Often it is very easy to transfer money to these accounts but taking money out is sometimes a tricky process, any view appreciated.", "likes": 0, "published_at": "2021-12-06T00:07:07Z", "sentiment": 0.9472, "entities": ["CRA"]}, {"author": "@sapphiregarden5", "comment": "Hi there, how does simplewealth works?  What to do with a gain or loss? What can you buy on it besides stock?", "likes": 0, "published_at": "2021-11-30T13:41:03Z", "sentiment": 0.3899, "entities": []}, {"author": "@emilylee8156", "comment": "Gosh people would say anything to make money, this app is actually the worst!  If you don't mind losing $300 out of $4000 in under a week then can't get your money out right away because the app can't even do their math correctly then go ahead.  I am SO DONE with this crappy app!", "likes": 0, "published_at": "2021-11-26T18:37:27Z", "sentiment": -0.8294, "entities": []}, {"author": "@juancruz6023", "comment": "Thank you for your value information, i am just learning about wealthsimple just open an account and i am very interested to learn more, thank you again!!!!", "likes": 0, "published_at": "2021-11-24T02:38:33Z", "sentiment": 0.8969, "entities": []}, {"author": "@mialarssen2627", "comment": "Weathsimple is a market maker, it means most of the traders lost their money. Mainly if you trade in the Canadian Market. Would you please show the dark side of it.", "likes": 1, "published_at": "2021-11-23T16:32:41Z", "sentiment": 0.0, "entities": []}, {"author": "@rs4619", "comment": "Can anyone let me knownif Wealth Simple allows CSP continous savings plan. I want to be able to invest say $100 every paycheck into my RRSP. Would appreciate this info.", "likes": 0, "published_at": "2021-11-22T00:15:20Z", "sentiment": 0.7351, "entities": ["CSP", "RRSP"]}, {"author": "@jsnjsn2113", "comment": "Shiba inu. To the moon.", "likes": 0, "published_at": "2021-11-20T07:28:46Z", "sentiment": 0.0, "entities": []}, {"author": "@macioluko9484", "comment": "@3:10 Yes. The reason being: 99% of wealth managers suck! @5:23 Uuuuuuuh\u2026 if they want to retain their clients\u2026 Yeah!\n@11:22 Bless your patient heart.", "likes": 0, "published_at": "2021-11-14T22:11:32Z", "sentiment": 0.8353, "entities": ["Uuuuuuuh"]}, {"author": "@PhuongBui-dc1hw", "comment": "Hi Brandon.Cuold you help me how to open the wealth simple please. Thank you so much.", "likes": 0, "published_at": "2021-11-10T02:29:58Z", "sentiment": 0.8658, "entities": []}, {"author": "@alyvia97", "comment": "How much  wealth  simple  trade charge when you sell the stock?", "likes": 0, "published_at": "2021-11-09T23:46:28Z", "sentiment": 0.4939, "entities": []}, {"author": "@vangua306", "comment": "Thank you for the information. Could you do video on best on where parents can teach their kids to start learning about investments and buying stocks in Canada? I have been researching and I keep getting Stockpile. What do you think of Stockpile?", "likes": 1, "published_at": "2021-11-08T19:19:23Z", "sentiment": 0.7941, "entities": ["Stockpile", "Stockpile"]}, {"author": "@55metalmonkey", "comment": "I retired at 42, currently working out of boredom, own my own house and have been investing (through my bank) since I was 17. My long term financial security is higher than most.\n I opened a Wealthsimple account because I want to direct my own investments with extra cash I have....if I loose a bit its not a big deal since I'm only investing money I'd probably piss away on dumb stuff anyway. I don't day trade or jump on hyped up stock tips or even buy on the spur of the moment, If I buy a stock its because I'm confident that I've done my research and I'll be holding it for the long haul. The cons of a 15 min update delay and 3 day hold on transferred funds are actually a pro in my mind.... it forces me to be take an extra bit of time before I commit.\nThe only downside for me is the inability for DRIPs since I gravitate towards dividend stocks", "likes": 2, "published_at": "2021-11-07T22:49:26Z", "sentiment": -0.8176, "entities": []}, {"author": "@Pinsquare", "comment": "Hi Brandon, just want to ask if I open a TFSA account and put 100 to invest on wealthsimple. So , what if the market lost that 100, will the market cost more than 100 that I invest?", "likes": 0, "published_at": "2021-11-07T16:46:21Z", "sentiment": -0.25, "entities": []}, {"author": "@nepaldee", "comment": "Hi Brandon,\nI have recently sign up Wealth simple and deposited money and invested as well. \n\nHow can I get $50 bonus?", "likes": 0, "published_at": "2021-11-05T04:33:15Z", "sentiment": 0.8316, "entities": []}, {"author": "@Mrgueffects", "comment": "Hey Brandon, talk about CDR's on Wealthsimple in a future video. Awesome video \ud83d\udc4c", "likes": 1, "published_at": "2021-10-30T19:43:49Z", "sentiment": 0.6249, "entities": ["CDR"]}, {"author": "@williammg9135", "comment": "Hi Brandon, really appreciate your straight forward explanations. Very clear and easy to follow. Thank you.", "likes": 1, "published_at": "2021-10-29T11:47:29Z", "sentiment": 0.9138, "entities": []}, {"author": "@alaadekhili9229", "comment": "I moved a big chunck of stocks out of wealthsimple recently and i got an email saying USD accounts are coming very soon!!!", "likes": 0, "published_at": "2021-10-18T01:57:05Z", "sentiment": 0.0, "entities": []}, {"author": "@Hardikpatel-td5he", "comment": "It's safe to invest student gic in TFSA ? As it's not beneficial in bank account because bank don't give much interest. And when i can withdraw my money?", "likes": 0, "published_at": "2021-10-17T03:59:46Z", "sentiment": -0.3283, "entities": []}, {"author": "@aashishpednekar7119", "comment": "What's the percentage we get of dividend stock ? Why does 6 percent has a value of x 0.006 and why not x 0.06. ?", "likes": 0, "published_at": "2021-10-14T01:03:46Z", "sentiment": 0.4137, "entities": []}, {"author": "@AndyinMTL", "comment": "Awesome video B. Say Hi to your dad for me I hope he's doing well!!!!", "likes": 0, "published_at": "2021-10-10T13:54:11Z", "sentiment": 0.8469, "entities": ["Awesome"]}, {"author": "@nazmussakibpassion", "comment": "Hey Brandon, you just spot on, can I do trading from outside Canada through this app?", "likes": 0, "published_at": "2021-10-06T09:53:17Z", "sentiment": 0.0, "entities": []}, {"author": "@alexandrosachilleas7162", "comment": "TD Broker is losing big by not putting US and canadian securities 0$ commission and allowing fractional shares and dividends.National Bank ..Questrade....Wealthsimple and Desjardins is on the game. Im transfering my full portfolio this month to National Bank  and leaving my Wealthsimple trade portfolio untouch. I love Wealthsimple trade. TD will have to adjust ....or die with the old.", "likes": 0, "published_at": "2021-10-02T16:35:51Z", "sentiment": 0.2732, "entities": ["National Bank", "National Bank", "TD"]}, {"author": "@cree8vision", "comment": "I see Wealthsimple doesn't have real time quotes which doesn't work for me. I also can't see that they don't offer options trading.", "likes": 0, "published_at": "2021-10-02T13:20:40Z", "sentiment": 0.0, "entities": []}, {"author": "@angelaclarke8624", "comment": "Hi Brandon... I have a question I hope you can assist me please. I'm looking into trading stock options can you tell me the best broker to use here in Canada because from the looks of it it doesn't appear that Wealth Simple offers this based on what I see on their website. Your assistance is greatly appreciated thank you.", "likes": 0, "published_at": "2021-10-02T05:56:06Z", "sentiment": 0.9208, "entities": []}, {"author": "@angelaclarke8624", "comment": "Hi there ..would you also recommend TD Investing as a reputable broker to use for trading stock options?", "likes": 1, "published_at": "2021-10-01T18:23:57Z", "sentiment": 0.3612, "entities": ["TD Investing"]}, {"author": "@jvalue7204", "comment": "Great stuff!", "likes": 0, "published_at": "2021-09-30T00:59:07Z", "sentiment": 0.6588, "entities": []}, {"author": "@judgesmith2658", "comment": "Am no more a debtor , am now an investor,thank God for this platform", "likes": 0, "published_at": "2021-09-29T01:46:32Z", "sentiment": -0.0258, "entities": []}, {"author": "@19733665", "comment": "Hello guys,\nIam a new  in a wealthsimple  trade.  How much supposed to be to buy?  for example in Apple.", "likes": 0, "published_at": "2021-09-28T05:37:10Z", "sentiment": 0.0, "entities": ["Apple"]}, {"author": "@Prabh892", "comment": "Wealthsimple don\u2019t have options and some stocks tickers not available and no day trading platform \ud83d\ude2c", "likes": 0, "published_at": "2021-09-26T00:42:53Z", "sentiment": 0.2235, "entities": []}, {"author": "@gilles2448", "comment": "Thanks Brandon, but I like A Canadian base trader where will have access to an agent or an account rep.  !", "likes": 0, "published_at": "2021-09-25T00:32:34Z", "sentiment": 0.6696, "entities": []}, {"author": "@teresa4565", "comment": "Can I buy ENS Class A using wealthsimple?", "likes": 0, "published_at": "2021-09-18T15:35:44Z", "sentiment": 0.0, "entities": []}, {"author": "@kingtsik", "comment": "Eh brandon.. i am a beginner, 40 at age, interested about investing. Worried about my retirement, i got 20k and unsure where to invest? Thinking of indexes.. any advice as which, index, broker or bank to invest? Your reply would be much appreciated. Thanks", "likes": 0, "published_at": "2021-09-13T20:09:45Z", "sentiment": 0.7236, "entities": []}, {"author": "@mariazapata1534", "comment": "Thats awesome I really like like you keep it honest aweosme keep it up .:)", "likes": 0, "published_at": "2021-09-11T00:02:46Z", "sentiment": 0.9183, "entities": []}, {"author": "@Prabh892", "comment": "Can you do options yet", "likes": 0, "published_at": "2021-09-10T04:48:56Z", "sentiment": 0.0, "entities": []}, {"author": "@abelscryptogang3871", "comment": "Wow, that's impressive!!! Let's go Cryptogang!\ud83d\ude08", "likes": 0, "published_at": "2021-09-08T08:09:53Z", "sentiment": 0.8507, "entities": []}, {"author": "@crippledgenius", "comment": "I think wealth simple is great for those starting out. The lack of options and usd accounts are very underwhelming. just moved to interactive brokers as I was spending 100 a month on commissions my commissions in the last month was 32 hard to use but worth it", "likes": 0, "published_at": "2021-09-08T07:39:32Z", "sentiment": 0.631, "entities": []}, {"author": "@sabrinan.4180", "comment": "I laughed at the \"idk who would buy mutual funds by CHOICE unless you're uneducated\" so backhanded \ud83d\ude02", "likes": 3, "published_at": "2021-09-08T02:00:57Z", "sentiment": 0.3818, "entities": []}, {"author": "@lynxacresb5331", "comment": "I actually like that it doesn\u2019t have options trading. Also, I\u2019m not sure why you would want to invest in mutual funds\u2026", "likes": 0, "published_at": "2021-09-07T23:49:15Z", "sentiment": 0.2115, "entities": []}, {"author": "@ryannorman8900", "comment": "For September they\u2019ve increased my limit to $5000", "likes": 0, "published_at": "2021-09-07T00:07:24Z", "sentiment": 0.2732, "entities": []}, {"author": "@darrylramsackal1253", "comment": "I think sooner rather than later, WealthSimple will address all of the cons you listed. However, I think they may tie some of those features to their paid tier. As long as that remains low, I might go for that. Been using that platform since May 2021 and watching your videos since then too and feeling more confident in investing. Thanks", "likes": 0, "published_at": "2021-09-06T05:51:03Z", "sentiment": 0.6997, "entities": ["WealthSimple"]}, {"author": "@brybry111", "comment": "no auto deposit is annoying on WS too.", "likes": 0, "published_at": "2021-09-06T02:02:19Z", "sentiment": -0.5994, "entities": []}, {"author": "@capitalzgrowth2147", "comment": "Love wealthsimple for Canadian divi stocks!", "likes": 1, "published_at": "2021-09-06T00:05:42Z", "sentiment": 0.6696, "entities": []}, {"author": "@tigray4858", "comment": "Why Is  mutual fund investment  not good? I am so much interested  please need  clearty why?", "likes": 0, "published_at": "2021-09-05T20:32:53Z", "sentiment": 0.5417, "entities": []}, {"author": "@dividean", "comment": "I usually do a norberts gambit on questrade to convert larger sums to usd.  Have you looked into doing this on wealthsimple trade Brandon?", "likes": 0, "published_at": "2021-09-05T04:02:04Z", "sentiment": 0.0, "entities": []}, {"author": "@madeleinewinterdown3256", "comment": "WS has a nice interface. I like it.\n\nBut I need a drip for my big dividend portfolio. \n\nI also need USD holding account. I am NOT paying WS a round trip conversion fee.\n\nI have USD. I like to trade in that currency, buy and sell in that currency. I will happily pay commission (6.99) for that w/ RBC.\n\nIf WS does USD account and also drips, I'm in. Of course! But then they won't make money on the USD conversion (round trips)!!!\n\nI still use it for dabbling but only in CND", "likes": 1, "published_at": "2021-09-04T18:54:08Z", "sentiment": 0.9075, "entities": ["USD", "WS", "CND"]}, {"author": "@abrhaleyyemane3144", "comment": "Which brokerag  is free commsion in canada?", "likes": 2, "published_at": "2021-09-04T18:41:00Z", "sentiment": 0.5106, "entities": []}, {"author": "@davidyuli", "comment": "Right now National Bank is a better choice as it offer 0 commission for any canada / us trades", "likes": 0, "published_at": "2021-09-03T23:23:00Z", "sentiment": 0.4404, "entities": ["National Bank"]}, {"author": "@wrentube", "comment": "Curious why you don't mention that Wealthsimple Trade is perfect for index investing? One can buy and rebalance each index freely or just buy an asset allocation ETF no cost and minimal MER? Aka VEQT or the sub ETF's inside.", "likes": 0, "published_at": "2021-09-02T17:22:59Z", "sentiment": 0.8611, "entities": ["Wealthsimple Trade"]}, {"author": "@TamerAzizz", "comment": "Dope overall summary on WST Brandon. Keep it up \ud83d\ude4c\ud83d\udd25", "likes": 0, "published_at": "2021-09-02T17:14:00Z", "sentiment": 0.0, "entities": []}, {"author": "@ivxample", "comment": "I'm a Robinhood user as well as Wealthsimple. Commission free is not entirely accurate. They make their profit on payment to order flow. What does that mean for the retail investor? Not much. But if you're a day trader and making calls on milli second trading, the cash flow transaction delay can cost thousands or millions depending on your bankroll. \nLet's say you purchase a market buy at $100 and by the time your trade is executed the market price is $100.02. Because of the order flow delay you still get it at $100. That 2 cent loss is nothing for the average investor but you add that up over millions of transactions, it's substantial. That all said I love the simplicity of Wealthsimple but when you look under the hood, every WS customer is still paying a fee, just not fixed on the transaction.\n\nAlso side note, fractional trading is only applicable to specific stocks on WS. Robinhood has fractional investing on all US stocks.", "likes": 1, "published_at": "2021-09-02T11:42:28Z", "sentiment": 0.5859, "entities": ["WS", "WS"]}, {"author": "@noahr3216", "comment": "The conversion fee hits hard if you day trade. Not a big deal for a long term investor", "likes": 2, "published_at": "2021-09-02T10:06:05Z", "sentiment": -0.1027, "entities": []}, {"author": "@applecrumbleee", "comment": "Can you do a video on options trading?", "likes": 0, "published_at": "2021-09-02T04:42:56Z", "sentiment": 0.0, "entities": []}, {"author": "@yisroelnissanoff7994", "comment": "Can you tell me , with the Questrade,  when you buy a US stock,  they convert your Canadian currency into US but when you sell it , I understand you get to keep it in US currency , but when you withdraw your money, you would have the only option is to have it converted Into Canadian for fee before you can withdraw your funds ?", "likes": 1, "published_at": "2021-09-02T03:09:38Z", "sentiment": 0.0, "entities": []}, {"author": "@abenaoteng2912", "comment": "Hey can someone explain why mutual funds are bad?", "likes": 0, "published_at": "2021-09-01T21:44:33Z", "sentiment": -0.5423, "entities": []}, {"author": "@shivamchadha207", "comment": "Waiting for options play soon on Wealthsimple", "likes": 0, "published_at": "2021-09-01T20:58:20Z", "sentiment": 0.34, "entities": []}, {"author": "@ilocke2007", "comment": "IMHO new investors can build a semi-decent growth and very-decent dividend portfolio with Wealthsimple on the Canadian markets. Things get more interesting and complex with USD. One thing to consider is, if you're thinking about your RSP, you can have a USD RSP account and you can get USD in an RSP from a USD cash account without converting it. There's a few steps, you can do this on TD. Potentially lucrative for long term RSP growth and dividend portfolios. Not sure if this topic has come up on your channel.", "likes": 0, "published_at": "2021-09-01T19:25:00Z", "sentiment": 0.7376, "entities": ["IMHO", "RSP", "USD RSP", "RSP", "TD", "RSP"]}, {"author": "@ClawDaddyUwU", "comment": "Also its instant deposits upto 5k now \ud83d\ude0e", "likes": 1, "published_at": "2021-09-01T19:20:29Z", "sentiment": 0.0, "entities": []}, {"author": "@ClawDaddyUwU", "comment": "Wealthsimple>Questrade>Banks", "likes": 3, "published_at": "2021-09-01T19:11:57Z", "sentiment": 0.0, "entities": []}, {"author": "@chrisbrug7924", "comment": "Sadly...not available in Finland", "likes": 0, "published_at": "2021-09-01T14:47:58Z", "sentiment": 0.0, "entities": []}, {"author": "@gabadrouyel", "comment": "Hi Brandon! I am a fairly young investor and I got in CNR some months ago. After the recent boom, I am wondering what are the things I should consider when reevaluating my position in the company? Love the new intro style btw!", "likes": 1, "published_at": "2021-09-01T14:18:30Z", "sentiment": 0.6988, "entities": ["CNR"]}, {"author": "@jonisousa-guthrie3121", "comment": "You have just convinced me about Wealth Simple.  Thank you. \ud83d\udc4d", "likes": 0, "published_at": "2021-09-01T13:31:05Z", "sentiment": 0.8126, "entities": []}, {"author": "@humblehooligan", "comment": "My thoughts on the comment on inability to hold US stocks: the easiest (and IMO the best) way to get into any foreign market is by buying Index fund ETF. This can be bought with 0 conversion fee and no complexity the a foreign currency would bring to the table since there are quite a number of index funds that track the global markets and most are available in Wealthsimple.\n\nI'm only adding this comment because your video is meant for viewers who are total beginners and may not know this. And the video gives an impression that there's no way for wealthsimple users to get exposed to US markets without being hit by the 1.5% conversion fee.\n\nApart from that, this is a useful video and will certainly help people who want to try trading in Canada. Cheers", "likes": 4, "published_at": "2021-09-01T13:12:41Z", "sentiment": 0.8516, "entities": []}, {"author": "@johnkobialko4765", "comment": "Great platform", "likes": 0, "published_at": "2021-09-01T05:42:16Z", "sentiment": 0.6249, "entities": []}, {"author": "@jekken333", "comment": "I would love to know your thoughts/review on magnet forensics stock.", "likes": 2, "published_at": "2021-09-01T05:31:13Z", "sentiment": 0.6369, "entities": []}, {"author": "@bglee7035", "comment": "What do you think about national bank new $0 commission for Canada and USA stocks", "likes": 1, "published_at": "2021-09-01T05:31:00Z", "sentiment": 0.0, "entities": ["national bank"]}, {"author": "@user-vs8wu9bj6e", "comment": "I have been using Wealthsimple for 2 months and like it very much. The issue of no DRIP is no big deal as it forces you to pay attention  to where you reinvest  your dividend . enjoy your vids  a lot.", "likes": 1, "published_at": "2021-09-01T04:40:58Z", "sentiment": 0.2263, "entities": []}, {"author": "@smokey8400", "comment": "I am with WealthSimple Invest and I have a spousal RRSP and LIRA so I would say it is coming to Trade soon.", "likes": 0, "published_at": "2021-09-01T02:54:23Z", "sentiment": 0.0, "entities": ["WealthSimple Invest", "RRSP", "Trade"]}, {"author": "@roberttaylor3594", "comment": "Is it really free? Exactly how do they make their money? Usually if it\u2019s free, I\u2019m the thing that\u2019s being sold.  It may be a lot cheaper, but there is no way it\u2019s free, regardless of any celebrity endorsement.\n\nI gotta say I really like the tools Qtrade has, and a commission makes me think twice about potential trades.", "likes": 4, "published_at": "2021-09-01T02:50:52Z", "sentiment": 0.9285, "entities": []}, {"author": "@BURGATRON", "comment": "Is it available for foreigners or just for Canadians?", "likes": 0, "published_at": "2021-09-01T01:20:59Z", "sentiment": 0.0, "entities": []}, {"author": "@johnnyv5995", "comment": "Once again, very well detailed and 'sponsor free' opinion provided on the Pros/Cons - Thanks Brandon!", "likes": 12, "published_at": "2021-09-01T01:20:53Z", "sentiment": 0.8353, "entities": ["the Pros/Cons - Thanks"]}, {"author": "@lekang8179", "comment": "IBKR is best in Canada right now. No broker is even close.", "likes": 1, "published_at": "2021-08-31T23:48:41Z", "sentiment": 0.4588, "entities": ["IBKR"]}, {"author": "@derrickc3693", "comment": "New to investing, currently have my kids RESP in mutual funds. And mutual fund RRSP. Any advice where to start? Thanks", "likes": 0, "published_at": "2021-08-31T23:41:32Z", "sentiment": 0.4404, "entities": ["RRSP"]}, {"author": "@danoliver9852", "comment": "I also would like to see wealth simple incorporate an account that can hold usd so there is no continous converting from cad to usd and back again. I think that would be a game changer for wealth simple. I would imagine that there are alot of swing traders that would like this feature. Not sure about day traders but that may be a good thing for them as well if the buy and fill times are great.", "likes": 2, "published_at": "2021-08-31T23:09:55Z", "sentiment": 0.9488, "entities": []}, {"author": "@carollshelby500", "comment": "RESP would be awesome", "likes": 0, "published_at": "2021-08-31T23:05:38Z", "sentiment": 0.6249, "entities": []}, {"author": "@speedyfeint", "comment": "i closed my questrade account.. only reason i had both questrade and wealthsimple accounts was because wealthsimple doesn't have options trading.. but questrade will rip you off with commission fees so i said enough is enough.. now i'm just waiting for wealthsimple to implement options trading and us dollar account.", "likes": 0, "published_at": "2021-08-31T21:50:51Z", "sentiment": 0.0, "entities": []}, {"author": "@gidifihrer3966", "comment": "Conversion fees are not an issue if you use CDRs", "likes": 0, "published_at": "2021-08-31T20:59:00Z", "sentiment": 0.0, "entities": []}, {"author": "@bff1586", "comment": "Brandon you SAY have no experience IBKR, NOVICE, AMATEUR, CANNABIS GAMBLER OPINION.", "likes": 0, "published_at": "2021-08-31T20:50:18Z", "sentiment": -0.296, "entities": ["IBKR", "AMATEUR"]}, {"author": "@BANlKS", "comment": "I love everything about Wealthsimple except the forign exchange fee.. I really hope they add USD account", "likes": 0, "published_at": "2021-08-31T20:45:25Z", "sentiment": 0.8122, "entities": []}, {"author": "@rudykatwaroo8260", "comment": "I got started back in Apr of this year.  it's been an interesting journey. when do the management fees for those funds come out?  Do they take it directly out of your TFSA?  does that mean you need to keep some cash in there for those purposes?", "likes": 2, "published_at": "2021-08-31T20:41:10Z", "sentiment": 0.5007, "entities": []}, {"author": "@jacks7ven265", "comment": "hey brandon, can u maybe talk about TD, I'm really confused about its drop. Is it the government regulation; is it caused by the upcoming election, or other reasons?", "likes": 0, "published_at": "2021-08-31T20:37:49Z", "sentiment": -0.5709, "entities": []}, {"author": "@SpursandFlames", "comment": "Guys do not use wealth simple I can\u2019t believe \ud83e\udd26\u200d\u2642\ufe0f Brandon your advertising for them , you actually never own stocks you buy from wealthsimple, so meaning wealthsimple can sell your stocks for you without you knowing,", "likes": 1, "published_at": "2021-08-31T20:02:29Z", "sentiment": -0.3875, "entities": []}, {"author": "@Bigbarry889", "comment": "Man, you're green now ...xD", "likes": 0, "published_at": "2021-08-31T19:41:11Z", "sentiment": 0.0, "entities": []}, {"author": "@derekcox6531", "comment": "One thing I\u2019d point out with respect to those WealthSimple users who want to avoid currency exchange and still hold foreign stocks,is the ETF route. One can buy various ETF products in Canadian dollars on the tsx,which hold some of the great international companies that people love to own. Again,it\u2019s not a perfect solution ,but definitely a solid option!  Also, I wouldn\u2019t hold my breath waiting for the big 4 Canadian banks to give us free trading. After all,they have very little competition in Canada and pretty much do whatever they want and Canadians just pay for it. Now, if tomorrow, TD started offering free trading? We MIGHT see a move by the other banks,but it might be like watching a glacier move.", "likes": 28, "published_at": "2021-08-31T19:20:30Z", "sentiment": 0.9784, "entities": ["WealthSimple", "ETF", "TD"]}, {"author": "@jazzy6136", "comment": "Hey Brandon. How much is the investing academy for the beginners level? I\u2019m interested in joining and starting my investing journey!", "likes": 3, "published_at": "2021-08-31T19:06:12Z", "sentiment": 0.4574, "entities": []}, {"author": "@Nethermane", "comment": "Have you considered doing a video on CDRs? They're pretty new to the Canadian market and there isn't that much info about them that is easily digestible. I am really curious how they (the custodians) make their money and your and/or your father's opinion on them as an alternative to fractional trading which doesn't require conversion fees or executing Norbert's gambit.", "likes": 0, "published_at": "2021-08-31T18:56:23Z", "sentiment": 0.8016, "entities": []}, {"author": "@brianmason5500", "comment": "Brandon thank you for the review. At 67 yrs I opened a TFSA trading account with WS earlier this summer to see what it is all about. I use it to deposit small sums and then buy a high dividend split share fund FFN. I plan to reinvest the monthly dividends and let it grow for 15 to 20 years. Most of my investing is with TD and it is not viable to make small trades on their platform.\nThe biggest downside to WS is not having a USD account. Just think of the possibilities of no trade costs used in conjunction with Norbert's Gambit. What a wonderful world that would be.", "likes": 1, "published_at": "2021-08-31T18:41:44Z", "sentiment": 0.6369, "entities": ["WS", "FFN", "TD", "Norbert's Gambit"]}, {"author": "@reptilianskin", "comment": "The ability to buy and hold USD should be standard. I like to see my US holdings in US dollars, I want my US dividends to be paid in US dollars and not converting, and if I want to sell a US position and buy another US position, I want it all to be in US funds.", "likes": 35, "published_at": "2021-08-31T18:38:26Z", "sentiment": 0.6908, "entities": ["USD"]}, {"author": "@patassion", "comment": "Isn\u2019t it better to have US dollar account we\u2019re you deposit US dollars into. Then the buy and sell is all in USA dollars.", "likes": 1, "published_at": "2021-08-31T18:37:57Z", "sentiment": 0.4404, "entities": []}, {"author": "@filb", "comment": "I use both Wealthsimple for Canadian stocks and Questrade for my US stocks. Both compliment each other. The only way I would invest in US stocks is if it's on a growth stock with no dividend that's expensive and I want to buy it on fractional shares....from what I understand, dividends are also charged the 1.5% currency conversion fees on WS. But since I'm more of a dividend investor, the US stocks will remain with Questrade.", "likes": 10, "published_at": "2021-08-31T18:32:08Z", "sentiment": 0.25, "entities": ["WS"]}, {"author": "@khuo0219", "comment": "I asked them to add the \"1 month\" option to the price chart while transferring some funds from another account, and they implemented it a week later. I like that.", "likes": 15, "published_at": "2021-08-31T18:27:45Z", "sentiment": 0.3612, "entities": []}, {"author": "@neildbarker", "comment": "Great review and I'm a new user of Wealthsimple. The no commission trading is great and I'm much more active investing with them than my TD account. I'm a new investor with a small portfolio and am not a fan of paying fees everytime I buy/sell in my TD TFSA. Thanks for sharing.", "likes": 3, "published_at": "2021-08-31T18:19:15Z", "sentiment": 0.9291, "entities": ["Wealthsimple", "TD"]}, {"author": "@tysonmou1", "comment": "I love Wealthsimple Trade, it serves my purposes with what I need to do with it. If I get charged $15 for each $250 trade twice a month... that's significant.\nBut one thing I can't get out of my mind is that they may be scalping my trades. Do some platforms allow trading with 4 decimal places to the dollar?\n\nAlso, thoughts on the First Home Saving Account? Will it live up to all the hype they're giving it?", "likes": 1, "published_at": "2021-08-31T18:17:26Z", "sentiment": 0.822, "entities": ["Wealthsimple Trade"]}, {"author": "@khuo0219", "comment": "Brandon, please do a comprehensive review of Questrade vs. National Bank Direct Brokerage. I am intrigued by the National Bank offering and wonder if I should transfer my Questrade Accounts over (all over the minimum to avoid annual account fees).", "likes": 8, "published_at": "2021-08-31T18:16:01Z", "sentiment": 0.2732, "entities": ["National Bank Direct Brokerage", "the National Bank"]}, {"author": "@okayman2057", "comment": "WOAH!!!! Are you saying I can actually transfer over my TFSA direct investing account without selling my shares?? This is the first time hearing about the In-Kind option. Ie Can I move an TD TFSA direct investing to WS or maybe CIBC?", "likes": 0, "published_at": "2021-08-31T18:12:54Z", "sentiment": -0.5568, "entities": ["CIBC"]}, {"author": "@tc5991", "comment": "Looks like National Market Q platform is similar TOS platform. Having Canadian and US accounts and options at $1.25 they will be contending with Wealth Simple by the looks of it.", "likes": 0, "published_at": "2021-08-31T18:01:20Z", "sentiment": 0.6908, "entities": ["TOS"]}, {"author": "@ab.4425", "comment": "Thanks for the update Brandon!!", "likes": 0, "published_at": "2021-08-31T17:58:51Z", "sentiment": 0.5399, "entities": []}, {"author": "@khaledbenali5736", "comment": "How about NBC now with their 0 commission offer ?", "likes": 3, "published_at": "2021-08-31T17:58:00Z", "sentiment": 0.0, "entities": ["NBC"]}, {"author": "@AndroidBugler", "comment": "On Reddit, someone got an email from Wealthsimple and support told em that they are in the final stages testing of USD accounts.", "likes": 1, "published_at": "2021-08-31T17:31:42Z", "sentiment": 0.4019, "entities": ["Wealthsimple"]}, {"author": "@upsetter0596", "comment": "Wealthsimple trade is awesome for Canadian stocks. Use it with my pocket change building my portfolio slowly. The commission free trades help a lot.", "likes": 11, "published_at": "2021-08-31T17:27:38Z", "sentiment": 0.8779, "entities": []}, {"author": "@davidjr1365", "comment": "Wealthsimple is actually amazing. Would love to have a US account integrated in the future \ud83d\udc4d", "likes": 41, "published_at": "2021-08-31T17:25:39Z", "sentiment": 0.8402, "entities": []}, {"author": "@beaviswealth", "comment": "What do you think of Wealthsimple Trade with all of the new features? Leave a comment below! :) Also, if you decide to sign up you can get a $50 bonus when you deposit and trade $150 or more, OR get 2 free stocks when you sign up! \n\n$50 Cash Bonus - https://wealthsimple.sjv.io/zQ1d6\n2 Free Stocks - https://wealthsimple.sjv.io/BX29X1\n\n\ud83d\udcc8\ud83d\udcda As always, if you're a beginner to the Stock Market in Canada and you're looking for a step-by-step blueprint on how to get started... Find out more about our Investing Academy here - https://bit.ly/theinvestingacademy", "likes": 18, "published_at": "2021-08-31T17:16:26Z", "sentiment": 0.9535, "entities": ["Wealthsimple Trade", "the Stock Market", "Investing Academy"]}]