[{"author": "@beaviswealth", "comment": "I'm really sorry about the audio today! For some reason, my mic didn't seem to capture my voice properly... (I must've had to settings wrong!) It will be fixed for the next video. Thanks for watching! :)\n\n\ud83d\udcc8\ud83d\udcda As always, if you're a beginner to the Stock Market in Canada and you're looking for a step-by-step blueprint on how to get started... Find out more about our Investing Academy here - https://bit.ly/theinvestingacademy\n\nWealthsimple Trade: Get $50 sign up bonus - wealthsimple.sjv.io/zQ1d6\nQuestrade: Get $50 in commission-free trades with Questrade - https://www.questrade.com/campaigns/qbaffl50t102?refid=ayiice9l", "likes": 9, "published_at": "2021-10-18T14:22:03Z", "sentiment": 0.8652, "entities": ["the Stock Market", "Investing Academy"]}, {"author": "@kirandeepkaur1582", "comment": "Hello Brandon it's showing IP address banned on my wealthsimple account. So what I can do now to resolve it .", "likes": 0, "published_at": "2021-11-09T16:46:48Z", "sentiment": -0.1027, "entities": ["IP"]}, {"author": "@targetram2807", "comment": "I just came across your channel while researching stocks, I've read tons of success stories of people that became millionaires from stocks, I'm quite new and I\u2019ve set asides $500k to begin. I'd love to know what practical steps to take to 5x my capital in 3years.", "likes": 15, "published_at": "2021-10-26T08:35:56Z", "sentiment": 0.836, "entities": []}, {"author": "@hermandavid6813", "comment": "I enjoy watching your videos Beavis, I'm picking a few stocks I'd love to hold for a few years, do you think these stocks will do well in the long run, I've set out $250k to begin.", "likes": 11, "published_at": "2021-10-26T08:34:52Z", "sentiment": 0.8591, "entities": []}, {"author": "@SnDHitman", "comment": "Hey Brandon, really appreciate everything you've done the past year since I started managing my own portfolio, was wondering if you or anyone in the comments could give me their thoughts on general motors stock? \n\nIt's doubled in price in a year. But just like all other automakers, they can't make vehicles fast enough for the demand. Their p/e ratio is super low. Eps is like 8 bucks I believe, everything point to this stock being super cheap", "likes": 0, "published_at": "2021-10-26T03:56:01Z", "sentiment": 0.9501, "entities": []}, {"author": "@jfunk1978", "comment": "Brandon& Marc, I appreciate your efforts in producing this content and do enjoy it. I am interested in knowing what tools you use to evaluate your investment sellection list, in consideration of the companies ESG performance or intentions. I understand that  a Company like RepRisk does cater to industry players but am unaware of any brokerage offerings have a resource within in them to evaluate them. Other than reviewing the internet or company produced information, how do you investigate this aspect of a potential investment candidate??", "likes": 0, "published_at": "2021-10-25T20:55:31Z", "sentiment": 0.5733, "entities": ["Brandon& Marc", "RepRisk"]}, {"author": "@renzenker2526", "comment": "How much do you add to each portfolio each month?", "likes": 1, "published_at": "2021-10-21T22:27:36Z", "sentiment": 0.0, "entities": []}, {"author": "@renzenker2526", "comment": "Hi you started at $20K each...but how much did you add each month?!", "likes": 0, "published_at": "2021-10-21T22:21:57Z", "sentiment": 0.0, "entities": []}, {"author": "@BobBob-fe2po", "comment": "Hi Marc and Bradon. Why is BTI a buy and what is your short and long term price targets? Thanks.", "likes": 0, "published_at": "2021-10-21T05:50:25Z", "sentiment": 0.4404, "entities": ["BTI"]}, {"author": "@roberttaylor3594", "comment": "What to buy is strategic.  When to buy is tactical; so that\u2019s where those short term indicators come in, like RSI", "likes": 0, "published_at": "2021-10-21T05:14:23Z", "sentiment": 0.3612, "entities": ["RSI"]}, {"author": "@roberttaylor3594", "comment": "Somewhere you guys have a video about a safe etf\u2026 CHB.  What about this is one; BCF?  Not very exciting but that graph and those consistent unchanging dividends look like a good place to park money!", "likes": 0, "published_at": "2021-10-21T04:47:57Z", "sentiment": 0.8136, "entities": ["CHB", "BCF"]}, {"author": "@BadBrucey", "comment": "I never know when to sell at a loss. I always think \"It'll go back up\" and then I'm just left with hanging onto losers that either go down or are just stagnant for several months.", "likes": 1, "published_at": "2021-10-21T04:46:45Z", "sentiment": -0.6908, "entities": []}, {"author": "@barbaramartins9942", "comment": "I always enjoy your insight into your stock buys. Why did you change the way you present your buys? Previously you showed the quantity and purchase price of your stock buys. This time just the total cost was displayed.", "likes": 1, "published_at": "2021-10-21T03:07:33Z", "sentiment": 0.4939, "entities": []}, {"author": "@ItsBurnahMan", "comment": "Brandon & Marc, I recently bought into Facebook as well, but it was a fractional share. I could be wrong but when you buy a fractional share, you aren\u2019t actually a share owner in the company (all fractional trades are fulfilled at the end of the trading day because they need to pool money in order to buy full shares). Do you guys know if you become a real share owner once you\u2019ve reached a full share in wealthsimple? Hoping to hear from one of you soon", "likes": 2, "published_at": "2021-10-21T00:50:56Z", "sentiment": 0.9545, "entities": ["Brandon & Marc"]}, {"author": "@Kello1231", "comment": "I think you FedEx valuation is skewed. Their 2021 numbers massively distort the valuation. For example, the 10 prior years, it was growing at CAGR 3% vs 8.5% after the pandemic. If your thesis is that the pandemic business will persist into the future then sure, but discounting 2021, the IRR over 10 years is 12% at current valuation (around 230).", "likes": 0, "published_at": "2021-10-20T23:13:13Z", "sentiment": 0.09, "entities": ["IRR"]}, {"author": "@CanadianDividendInvesting", "comment": "Great update and stock picks, thanks for sharing as always!", "likes": 2, "published_at": "2021-10-20T16:29:03Z", "sentiment": 0.8777, "entities": []}, {"author": "@Svtmustangboy28", "comment": "Very interesting analysis ! :)  Question : in a long term (20-25years) investing strategy, what do you think about a balance TFSA portfolio base on a new mortgage. Let say you have a good equity on your house, the low interest rate right now make me think its a solid strategy to put a big amount and pay the mortgage over investing a small amount per year. Thank you", "likes": 0, "published_at": "2021-10-20T14:14:12Z", "sentiment": 0.9193, "entities": []}, {"author": "@tylerwilson6842", "comment": "Hey Guys what are your thoughts on the crypto market? Do you hold any crypto in your portfolio and what percentage of crypto would you recommend for a portfolio?", "likes": 1, "published_at": "2021-10-20T03:09:21Z", "sentiment": 0.4329, "entities": []}, {"author": "@ajflegar", "comment": "why are there no REITs or other real estate related stocks in either portfolio?", "likes": 5, "published_at": "2021-10-20T01:28:39Z", "sentiment": -0.296, "entities": []}, {"author": "@cancampus1", "comment": "Hi Brandon and Marc, do you guys think CLX is going to bounce back? It seems to keep going down, debating if I should sell or give it more time to come up. Thanks", "likes": 1, "published_at": "2021-10-20T01:03:10Z", "sentiment": 0.4404, "entities": ["CLX"]}, {"author": "@XInfinity2024", "comment": "Good series as always. Could you guys make a video on a monthly dividend portfolio but instead of going with monthly paying stocks you go with stocks that pay every 3 months", "likes": 1, "published_at": "2021-10-20T00:14:14Z", "sentiment": 0.09, "entities": []}, {"author": "@acraig316", "comment": "Could financial institutions have more cash on-hand to account for potential tax changes, special dividends \nor dividend increases?", "likes": 0, "published_at": "2021-10-19T21:52:22Z", "sentiment": 0.4019, "entities": []}, {"author": "@MrHotdogz1234", "comment": "(", "likes": 0, "published_at": "2021-10-19T21:05:57Z", "sentiment": 0.0, "entities": []}, {"author": "@momo35444", "comment": "great video guys. truly appreciate these example of true investments. all around good knowledge. thank you", "likes": 0, "published_at": "2021-10-19T21:04:21Z", "sentiment": 0.9509, "entities": []}, {"author": "@susanmcadam1700", "comment": "I really enjoyed this presentation.", "likes": 0, "published_at": "2021-10-19T18:45:09Z", "sentiment": 0.5563, "entities": []}, {"author": "@sdhsfbrules", "comment": "What do you guys think about CIBC\u2019s CDRs that are trade on the Neo Exchange?", "likes": 0, "published_at": "2021-10-19T17:45:51Z", "sentiment": 0.0, "entities": ["CIBC", "the Neo Exchange"]}, {"author": "@krystlejoyce4427", "comment": "I'm a small business owner and I definitely missed access Facebook and Instagram on that blackout, haha but Marc's reaction was funny!", "likes": 1, "published_at": "2021-10-19T17:28:59Z", "sentiment": 0.75, "entities": []}, {"author": "@juanperez-gh8bl", "comment": "Hola Brandon y Marc, gran video, creo que las acciones que han elegido son buenas acorde su estrategia, aunque no invierto en FB porque en general pienso que el consumidor en internet puede cambiar muy r\u00e1pido en redes sociales, eso es solo mi opini\u00f3n, igual FB es una compa\u00f1ia solida. Gracias por su conocimiento!!\n\n\"Hi, Brandon and Marc, great video, I think stocks that you both have chosen are good according to your strategy, although I dont invest in FB because in general I think that the consumer in the internet can change very fast in social medias, that is just my opinion, same FB is a solid company. Thaks for you both knowledge!\"", "likes": 0, "published_at": "2021-10-19T15:48:51Z", "sentiment": 0.8061, "entities": []}, {"author": "@arigutman", "comment": "Chiming in to say great video and insightful information even though I am a US investor with US stocks... I foresee a bit of a runup before more volatility will surely be on the way, especially heading to November with the tapering from the FED... However, 2021 will end in the green..", "likes": 1, "published_at": "2021-10-19T13:30:24Z", "sentiment": 0.8055, "entities": ["FED"]}, {"author": "@Lopersen", "comment": "Always informative. Thank you!", "likes": 0, "published_at": "2021-10-19T13:10:22Z", "sentiment": 0.4199, "entities": []}, {"author": "@dariroch", "comment": "Speaking of value, volatility, and risk,  Su.to has chronically underperformed vs their competition since the covid crash. Looking at Suncor and their fundamentals, they seem to be pretty undervalued relative to the rest of the Canadian oil and gas sector. I've made solid gains on MEG, CNQ, and CVE over the last year. What is your opinion on SU with the rising oil prices?", "likes": 1, "published_at": "2021-10-19T12:48:58Z", "sentiment": 0.5859, "entities": ["Suncor", "MEG", "CNQ", "CVE", "SU"]}, {"author": "@jimmbboe", "comment": "Thanks for the discussion!", "likes": 0, "published_at": "2021-10-19T05:42:05Z", "sentiment": 0.4926, "entities": []}, {"author": "@NorthPoleInvesting", "comment": "Your videos have taught me so much, I am now fairly knowledgable on stocks, and I am invested now at 18! Keep up the great content!", "likes": 0, "published_at": "2021-10-19T05:41:03Z", "sentiment": 0.6892, "entities": []}, {"author": "@dougadama", "comment": "Another great episode guys. Just a minor comment about doubling up on TD in QT And WS. If you are building a dividend portfolio with DRIP in mind then it would make more sense to hold a good dividend stock like TD under a single account.  This would allow you to take advantage of the DRIP option in the future sooner as your stocks aren't split across platforms. (I do recall that one of you mentioned in a past episode that you weren't a fan of DRIP). Cheers", "likes": 0, "published_at": "2021-10-19T03:45:44Z", "sentiment": 0.9522, "entities": ["TD", "DRIP", "TD", "DRIP", "DRIP"]}, {"author": "@vintuh", "comment": "Hey Marc and Brandon! Considering the scenario where I want to optimize the cost avoiding some taxes, I understand that I should use the TFSA to buy Canadian stocks (even better with high yields). If I select an ETF with a % of US stocks, am I paying 15% tax on this percentage? For example, CHB (100% US) or ZMI (37% Canadian + 39% US). What do you suggest in this case? Focus on buying ETFs that invest only 100% Canadian in a TFSA and 100% US in a RRSP?", "likes": 1, "published_at": "2021-10-19T02:59:10Z", "sentiment": 0.7033, "entities": ["CHB", "ZMI", "RRSP"]}, {"author": "@RG-gq3sh", "comment": "What a month! Awesome episode.", "likes": 0, "published_at": "2021-10-19T00:51:02Z", "sentiment": 0.6588, "entities": []}, {"author": "@smallmj2886", "comment": "Thanks for answering my question.", "likes": 1, "published_at": "2021-10-19T00:10:56Z", "sentiment": 0.4404, "entities": []}, {"author": "@kzukez", "comment": "Question I had when you guys were talking about the near/short term money around the 41 min mark. For my \"emergency fund\" (6 months expenses worth) I just have it sitting in the laughable high interest rate savings account. Where would you recommend storing that money?\nLeaving it in there and take the L on the loss on the potential time in the market? or..?", "likes": 0, "published_at": "2021-10-19T00:10:26Z", "sentiment": 0.327, "entities": []}, {"author": "@jonoliver5143", "comment": "My man, back with jbb intro good shit", "likes": 1, "published_at": "2021-10-19T00:09:54Z", "sentiment": -0.1779, "entities": []}, {"author": "@michaelgagne5001", "comment": "I'm still new here so i have a question, i have a \" LIRA \" account and a \" TFSA \" , witch one is the best for dividend investment.", "likes": 1, "published_at": "2021-10-18T23:57:30Z", "sentiment": 0.4019, "entities": []}, {"author": "@maxdessureault", "comment": "not a huge fan of Facebook as a company, I don't use it that much either but I often use it to sign up on some websites / web services. During the outage I was unable to sign up on those account which made me realize how embedded in our life it is without even realizing it! \n\nI'm a bit nervous about ad revenues due to the new iPhone update where you can tell an app to not track you, it is definitely a big hit on targeted ads and I'm curious to see how it will impact their profits.\n\nNot worried long term though and I might start a position", "likes": 0, "published_at": "2021-10-18T23:04:16Z", "sentiment": 0.8542, "entities": ["iPhone"]}, {"author": "@streetsmarts404", "comment": "Value wise Alibaba and Tencent look very very attractive. Risk ratio reward is not something you can overlook. Whats your view on these two giants?", "likes": 0, "published_at": "2021-10-18T22:51:41Z", "sentiment": 0.8759, "entities": ["Alibaba and Tencent"]}, {"author": "@neilhickey497", "comment": "Thanks for the video ,this is off topic but I want to ask if you have any opinions on buying (now say 2021 early 2022)Canadian Oil and Gas Royalties like Arc REsources AETUF,Freehold(Royalties)FRHLF, Prarie Sky PREKF Also Osiko Gold Royalties  OR    and  Sandstorm Royalties SAND.Not sure if ARC is a royalty but still inerested in your opinion and generally on buying Canadian gas and oil stocks now as investments.", "likes": 0, "published_at": "2021-10-18T22:51:39Z", "sentiment": 0.8225, "entities": ["ARC"]}, {"author": "@furkan2640", "comment": "I also got some FB and FDX last month however fdx is under big pressure(labor, oil, amazon)  it still can dip a little more waiting for it patiently.", "likes": 0, "published_at": "2021-10-18T21:23:10Z", "sentiment": 0.0, "entities": []}, {"author": "@jvalue7204", "comment": "I love your decision process \ud83d\udc4d\ud83c\udffc", "likes": 0, "published_at": "2021-10-18T21:14:23Z", "sentiment": 0.6369, "entities": []}, {"author": "@jfrunnerCanada", "comment": "Even if you have 20% of your portfolio in cash, and you are lucky to buy the dip, and then the market sees a 10% rise, you\u2019ll only make 2% of total gain\u2026 not much for so much cash aside\u2026", "likes": 1, "published_at": "2021-10-18T21:06:46Z", "sentiment": 0.4215, "entities": []}, {"author": "@tomisking18", "comment": "CCL.B thoughts?", "likes": 0, "published_at": "2021-10-18T21:02:07Z", "sentiment": 0.0, "entities": []}, {"author": "@mozzer920", "comment": "Brandon and Marc- I\u2019m starting to invest in dividend stocks(live in \ud83c\udde8\ud83c\udde6) do you put more emphasis into Canadian dividend stocks because of currency etc\u2026 or you just find the best dividends and feel the best US dividend stocks are worth it? Awesome content. \ud83d\udd25\ud83d\udd25", "likes": 2, "published_at": "2021-10-18T20:32:24Z", "sentiment": 0.9371, "entities": []}, {"author": "@kartikparashar2883", "comment": "Is it better to invest in industry specific ETF than to invest in stocks for a beginner retail investor?", "likes": 2, "published_at": "2021-10-18T20:17:50Z", "sentiment": 0.4404, "entities": []}, {"author": "@JJS432", "comment": "When investing for long term and specifically on dividend stocks - how often should you reinvest the growth/dividend shares back into the same stock?", "likes": 8, "published_at": "2021-10-18T18:20:19Z", "sentiment": 0.296, "entities": []}, {"author": "@AmarSingh-gr9fz", "comment": "Incredible information, thanks for doing this.\nI would appreciate your thoughts about adding crypto to your portfolio moving forward. Thanks", "likes": 0, "published_at": "2021-10-18T17:57:55Z", "sentiment": 0.8176, "entities": []}, {"author": "@j-pletourneau6926", "comment": "Thank you for your videos!", "likes": 1, "published_at": "2021-10-18T17:57:40Z", "sentiment": 0.4199, "entities": []}, {"author": "@TheTttooom", "comment": "I was surprised that you guys did not average down on Clorox given the recent dip. Any reason for that?", "likes": 2, "published_at": "2021-10-18T17:06:27Z", "sentiment": 0.2263, "entities": []}, {"author": "@filb", "comment": "I actually bought both FB and FDX today, I had my eyes on them for awhile. FB always has some sort of scandal like in 2018. I missed the boat on the last one, but I wasn't going to miss it this time.", "likes": 0, "published_at": "2021-10-18T16:57:43Z", "sentiment": -0.1096, "entities": []}, {"author": "@hamiltonmayers5510", "comment": "This is amazing content.. as a proud Canadian this is truly valuable \u2026", "likes": 3, "published_at": "2021-10-18T16:43:05Z", "sentiment": 0.9169, "entities": []}, {"author": "@skylerdelaurier713", "comment": "Hey Brandon! Was curious why you didn't consider buying the Facebook CDR listed on the nio exchange rather than buying Facebook on the nasdaq exchange, saving exchange fees.", "likes": 3, "published_at": "2021-10-18T16:21:00Z", "sentiment": 0.3802, "entities": ["CDR"]}, {"author": "@perchristiansen6822", "comment": "Great as always. I would like your opinion on fb long term. I have 2 sons age 15 and 17 and no one in their generation is into facebook. So Will the use of fb slowly fade out ?", "likes": 0, "published_at": "2021-10-18T16:15:52Z", "sentiment": 0.6597, "entities": []}, {"author": "@ab.4425", "comment": "Great video guys!! Excellent information!! Thank you so much!!", "likes": 0, "published_at": "2021-10-18T16:01:45Z", "sentiment": 0.9094, "entities": []}, {"author": "@Happygirldiary2222", "comment": "Great content, always very informative. Would you please talk about crypto investment and how important it is to keep a mix of crypto in portfolio.", "likes": 0, "published_at": "2021-10-18T15:59:36Z", "sentiment": 0.802, "entities": []}, {"author": "@seankelly7481", "comment": "As a FedEx worker just wanted to say we haven't delivered Amazon fire a while now since we never renewed the contract when we found out they were spying on our logistics and they never made a big cut is what we delivered I'd say the issue is more the backlog of shipping in general that the us is dealing with", "likes": 4, "published_at": "2021-10-18T15:53:00Z", "sentiment": 0.3252, "entities": ["Amazon"]}, {"author": "@plda123", "comment": "Thanks for addressing my comment. :) It helped me clarify my view of things.\n\nI myself don't use Facebook either, but I could not hold myself, had to buy the dip. My average is $345 since I didn't buy enough around $320. I was hoping for a bigger dip than that.", "likes": 0, "published_at": "2021-10-18T15:43:16Z", "sentiment": 0.7684, "entities": []}, {"author": "@tanguyhoundolo4827", "comment": "Great video gentlemen! I particularly loved the Q&A part (great questions!) and the in depth breakdown of the decision process that went into buying FB. \ud83d\udc4d\ud83c\udfff", "likes": 0, "published_at": "2021-10-18T15:30:28Z", "sentiment": 0.8713, "entities": []}, {"author": "@khuo0219", "comment": "For the high beta stocks that do not swing together, I would switch my winners from my TFSA to my regular account and switch my losers to my TFSA account to collect taxable capital losses. This one way to take advantage of the \"choppiness\" of the market.", "likes": 0, "published_at": "2021-10-18T15:22:50Z", "sentiment": -0.25, "entities": []}, {"author": "@JonathanElkoubi", "comment": "Thank you, guys! I consider your arguments about risk, maybe older people can't stomach the volatility, but when you look at older investors, such as Warren and Charlie, they still use this long term approach, they don't care about the short term, even though they probably won't be alive to see their wonderful returns in 10-20 years, which is sad. I believe you need this long-term lens to see the world of investments through, to be successful in your investing indevours.", "likes": 2, "published_at": "2021-10-18T15:21:28Z", "sentiment": 0.1341, "entities": []}, {"author": "@khuo0219", "comment": "I think we should just use volatility and potential for capital loss as ways to distinguish the concepts. Jonathan's definition of risk is not used in academic circles and the definition of risk (volatility) in academics is not used by many practitioners. Often we talk about risk as a risk to the business which for a business like Coinbase is higher than businesses like JP Morgan or Visa.  If we can talk about risk without mentioning the current stock price it would be easier. If we include the stock price we should just use overvalued or undervalued to avoid conceptual confusion.  Another great episode!", "likes": 1, "published_at": "2021-10-18T15:01:27Z", "sentiment": 0.1343, "entities": ["Visa"]}, {"author": "@CyclingDad", "comment": "Did the same with FB, FDX and TD. Managed to get the recent dips.", "likes": 0, "published_at": "2021-10-18T14:54:55Z", "sentiment": 0.0, "entities": ["TD"]}, {"author": "@GubeTube19", "comment": "I agree with Jonathan's comment. Risk is the probability of permanent loss of capital. What Marc is mentioning from his financial training in Canada are the two Risk attributes: capacity to take on risk and risk tolerance. Just because you can afford to take on high risk (capacity) and you have the willingness (tolerance) doesn't mean you always should expose yourself to a time where you can permanently lose capital. I agree with John because buying a severely undervalued company (cash flow wise) is inherently lower risk than buying a speculative, volatile asset like a crypto currency. Yes you may get a crazy high return with the speculative asset, but you could sometimes argue that the undervalued company has potential for much greater appreciation (depending on purchase price) and has the benefit of much lower risk.", "likes": 0, "published_at": "2021-10-18T14:50:28Z", "sentiment": 0.4404, "entities": []}, {"author": "@jeremyaficionadoFR", "comment": "Great video ! CP should also have a deep DD, with the acquisition. Also, it's less overvalued than CN.", "likes": 1, "published_at": "2021-10-18T14:37:48Z", "sentiment": 0.6588, "entities": []}]