[{"author": "@sapanbanerjee5003", "comment": "What do you think if I  invest some TFSA money in US stocks? What are the  benefits or drawbacks?", "likes": 0, "published_at": "2024-02-12T20:20:56Z", "sentiment": 0.4515, "entities": []}, {"author": "@user-pv4rf8pt7t", "comment": "(2 months later) Timely advice, Brandon - I was going to sell my BNS come Monday. I've been holding on to that prospect of a high %age because the next dividend payment date is 29 Jan. BTW, I see the %age is now 6.76 - not to be sneezed at. But...", "likes": 0, "published_at": "2024-01-12T06:07:16Z", "sentiment": 0.296, "entities": ["BNS"]}, {"author": "@SUPERCIVILIAN44", "comment": "Absolutely a great pick! Also, i subscribed thx for the great content just opened my wealth simple app cheers", "likes": 0, "published_at": "2024-01-06T16:17:39Z", "sentiment": 0.9576, "entities": []}, {"author": "@david888a", "comment": "BNS is not a loved banking stock by lots of investors , it will surprised these investors moving forward into 2024 -25 once Scott Thompson\u2019s plan to deploy more capitals into Canada,US n Mexico n not into Latin America n BNS is hiring a few hundreds of FAs to boost  sales.", "likes": 0, "published_at": "2023-12-29T20:25:46Z", "sentiment": 0.1164, "entities": ["BNS", "BNS"]}, {"author": "@blaizerb", "comment": "Both TD and RY on my watchlist. RY seems the better if the two and the stock I will keep adding. FM not a banking stock but massively discounted thanks to market over reaction. Will keep an eye on BNS going forward. Cheers", "likes": 0, "published_at": "2023-12-20T03:52:46Z", "sentiment": 0.882, "entities": ["TD", "BNS"]}, {"author": "@billyjohnson9166", "comment": "RY, MFC and BNS my Canadian stocks", "likes": 0, "published_at": "2023-12-10T10:28:38Z", "sentiment": 0.0, "entities": ["RY", "MFC", "BNS"]}, {"author": "@billyjohnson9166", "comment": "Beavis Butthead how have you been doing?", "likes": 0, "published_at": "2023-12-10T10:16:56Z", "sentiment": 0.0, "entities": []}, {"author": "@checkacola", "comment": "BNS just lost a ton of money! Don't buy!", "likes": 0, "published_at": "2023-11-28T18:42:17Z", "sentiment": -0.4374, "entities": ["BNS"]}, {"author": "@xkrimzonxrsps", "comment": "Damn man amc and gme is junk stock? No  lambo confirmed? No moon? Im down 57%. Should I sell a ITM cc 2 3 years away?", "likes": 0, "published_at": "2023-11-25T04:38:02Z", "sentiment": -0.7941, "entities": ["ITM"]}, {"author": "@grazeblaze", "comment": "Seemingly simple question (and I cannot find the answer): when can a new permanent resident open a TFSA? Say, someone became a PR on Dec, 1 2023. Can they open a TFSA in 2023 and contribute the entire 2023 allowance (which is 6,500)? Or should this amount be pro-rated for 2023? Cheers for the video!", "likes": 0, "published_at": "2023-11-22T21:15:23Z", "sentiment": 0.6036, "entities": []}, {"author": "@EscanorMasterSun", "comment": "ENCC or ENS are top tier. Enbridge is going nowhere, it\u2019ll be here when you die.", "likes": 1, "published_at": "2023-11-13T01:42:57Z", "sentiment": -0.4767, "entities": ["ENS", "Enbridge"]}, {"author": "@MarVista90066", "comment": "I know that your Dad, Marc, does not like BNS. He says it's the worst. So I am glad that you disagree with him. I hold BNS and add to my position when it goes lower. I find it is a good way to invest in South America's economy in part through a Canadian stock that pays Canadian dividiends!", "likes": 0, "published_at": "2023-11-11T18:44:23Z", "sentiment": -0.6278, "entities": ["BNS", "BNS"]}, {"author": "@zyn6389", "comment": "W w new format", "likes": 0, "published_at": "2023-11-09T06:47:35Z", "sentiment": 0.0, "entities": []}, {"author": "@heavybrowncranes", "comment": "Your audio is way to quiet with this new studio", "likes": 1, "published_at": "2023-11-08T16:55:11Z", "sentiment": 0.0, "entities": []}, {"author": "@garthgiles516", "comment": "I highly agree now is the time to buy during these rocky periods and it will climb so keep collecting dividends, but as always do your own research.", "likes": 0, "published_at": "2023-11-08T15:27:44Z", "sentiment": 0.2255, "entities": []}, {"author": "@clintscott3300", "comment": "We no longer have a mortgage, my husband is now retired and wants to travel back to Thai. We don\u2019t splurge or anything like that. Inflation has hit hard and want to relocate while dca-ing into his TTSA which is less than 400k at the moment. I'm cautious than ever with rising costs. Also because of the insecurities taking place I have really discouraged the idea", "likes": 1, "published_at": "2023-11-08T02:53:15Z", "sentiment": -0.7178, "entities": ["TTSA"]}, {"author": "@harveyoulton7573", "comment": "i agree, rode it up $90, and  rode it down from $90 buying more", "likes": 0, "published_at": "2023-11-07T19:56:22Z", "sentiment": 0.3612, "entities": []}, {"author": "@BRY__BRY", "comment": "these channels wouldnt exist if they told you to buy index's instead of gambling on single stocks lol", "likes": 1, "published_at": "2023-11-07T18:56:04Z", "sentiment": 0.4215, "entities": []}, {"author": "@psp785", "comment": "this guy is such a grifter bank of nova scotia lol", "likes": 2, "published_at": "2023-11-07T01:06:25Z", "sentiment": 0.4215, "entities": []}, {"author": "@johntsang447", "comment": "Do not trust this guy, remember he recommended AQN.  Very bad.", "likes": 1, "published_at": "2023-11-04T14:31:46Z", "sentiment": -0.6903, "entities": ["AQN"]}, {"author": "@jasontodd3819", "comment": "In the past I\u2019ve always viewed Canadian banks as solid steady as they go investments. The lending tightening and the exposure some of these banks exposure to the Chinese market worries me. Should the Chinese debt bubble pop the Canadian banks with exposure over there could be in trouble.", "likes": 1, "published_at": "2023-11-04T13:11:36Z", "sentiment": -0.7506, "entities": []}, {"author": "@arturj.1649", "comment": "I have two banks in my portfolio from more then 1 year. One is BNS(I love international character of this bank) and other is TD Bank(other kind of biznes). It is some kind of diversification. Now i have 11 stocks in my portfolio and i want more at least 50. Greetings.", "likes": 0, "published_at": "2023-11-04T12:37:49Z", "sentiment": 0.8074, "entities": []}, {"author": "@JustusRio", "comment": "Great points here Brandon,I know a very successful trader who has worked with several top prop firms. And she is just like Brandon, she always shares and helps others without expecting anything in return. I love this video.", "likes": 1, "published_at": "2023-11-03T17:01:33Z", "sentiment": 0.9661, "entities": []}, {"author": "@evadeanu1", "comment": "I like bns. Thanks Brandon", "likes": 0, "published_at": "2023-11-03T13:03:24Z", "sentiment": 0.6597, "entities": []}, {"author": "@chrisskyllas1309", "comment": "Hard pass on BNS. Better buys are TD, RY, or NA.", "likes": 2, "published_at": "2023-11-03T13:01:37Z", "sentiment": 0.3612, "entities": ["BNS", "TD", "RY", "NA"]}, {"author": "@Thegreenbarade", "comment": "Thanks man, great choice \ud83e\udd1f", "likes": 1, "published_at": "2023-11-03T12:11:04Z", "sentiment": 0.7906, "entities": []}, {"author": "@reptilianskin", "comment": "I own all Canadian banks indirectly via ETF.  Directly I own BMO, RY. TD is on my watch list. My portfolio weighting to Financial sector is already high so I have been adding new dollars to other sectors to smooth out the concentration.", "likes": 1, "published_at": "2023-11-03T11:24:25Z", "sentiment": 0.0, "entities": ["BMO", "RY", "TD"]}, {"author": "@nelsonw1267", "comment": "Considering writing puts on some of the Canadian banks.", "likes": 0, "published_at": "2023-11-03T09:34:05Z", "sentiment": 0.0, "entities": []}, {"author": "@JHM52", "comment": "I believe all the banks are exposed to significant credit default risk in the current environment and that will weigh on their stock prices. The Canadian banks will survive but it may be a while before they thrive. I would prefer to dollar-cost-average into an ETF that invests in Canadian banks - rather than holding the stocks themselves.", "likes": 4, "published_at": "2023-11-03T08:43:24Z", "sentiment": 0.128, "entities": []}, {"author": "@Rob-ob3sh", "comment": "I hold TD", "likes": 1, "published_at": "2023-11-03T04:52:32Z", "sentiment": 0.0, "entities": ["TD"]}, {"author": "@situzifeng", "comment": "Your dad disagrees with you\n\nhttps://www.youtube.com/watch?v=kyAgcX4ePIs&t=29s&ab_channel=BrandonBeavisInvesting", "likes": 1, "published_at": "2023-11-03T04:14:06Z", "sentiment": -0.3182, "entities": []}, {"author": "@Northern_Squirrel", "comment": "I love your pick Brandon, I own all top 6 banks, my own version of ZEB, why bother paying an etf fee that holds 6 stocks. My weighting is almost equal, a bit less NA and a bit more TD.", "likes": 3, "published_at": "2023-11-03T03:48:18Z", "sentiment": 0.5574, "entities": ["NA", "TD"]}, {"author": "@roberttaylor3594", "comment": "Hmm. Every time I look at banks, BNS looks less enticing than the others, but that is a pretty sweet dividend.  I own BMO and a Canadian bank ETF.  All those past dips are easy to see as opportunities; the trick for me is to see the current dip as the same!", "likes": 0, "published_at": "2023-11-03T03:41:28Z", "sentiment": 0.948, "entities": ["BNS", "BMO"]}, {"author": "@Chahlie", "comment": "Over 40 years ago in high school English class I chose Roger's Sugar as a top stock pick. If I'd been able to put a lousy 200 bucks in I'd be rich right now. No one in my family was interested in finance and it wasn't as easy to invest as it is now. Just pick one (or two or three) and stick your money in and leave it. In my case I knew sugar would never go out of style.", "likes": 3, "published_at": "2023-11-03T03:25:45Z", "sentiment": -0.0531, "entities": []}, {"author": "@TemujinBC", "comment": "I've been buying BNS since the covid lows.  It's been a wild ride the past three and a half years but I'm in agreement with you that in the long run 10+ years I will look back on these times and the only regret will be \"Why didn't I buy more?\"", "likes": 17, "published_at": "2023-11-03T03:25:26Z", "sentiment": 0.0516, "entities": ["BNS"]}, {"author": "@AceVenturaXii", "comment": "Been missing you, Brandon\u2026\n\ud83e\udd79\ud83e\udd79\ud83e\udd79\nI know you\u2019re on to new things right now but the little people you left behind need our fix!\nMore Brandon content!\nYour dad is holding down the Fort well so we\u2019re in good hands.", "likes": 0, "published_at": "2023-11-03T03:23:46Z", "sentiment": 0.7833, "entities": []}, {"author": "@JAMGAR369", "comment": "I have 13 Canadian and 9 US stocks I own about 50K of BNS \nI sold 9 positions and I\u2019m going to be buying ETFs with the proceeds \nI just took over from my portfolio manager who was charging ridiculous fees \nI probably join blossom", "likes": 6, "published_at": "2023-11-03T03:04:30Z", "sentiment": -0.0772, "entities": ["BNS"]}, {"author": "@vicvin64", "comment": "Banks in general will be at a sweet discount for a while. Unrealized losses ahead. Economy wont turn around for some time. No one's taking out loans for big ticket items anymore. IMO theres better ways to play the market than be frustrated at negligible results for the next 6 months.", "likes": 3, "published_at": "2023-11-03T02:55:05Z", "sentiment": 0.0, "entities": ["IMO"]}, {"author": "@davidjr1365", "comment": "Thank you for sharing this great example. From my perspective I would rather keep buying what I believe to be top businesses globally and lets the markets go through these cycles especially when it comes to my retirement accounts. As for personal accounts I would definitely pay more attention to month 2 month + annual swings/news", "likes": 0, "published_at": "2023-11-03T02:30:24Z", "sentiment": 0.9228, "entities": []}, {"author": "@willkeen5010", "comment": "Bns and Ry are some of my biggest holdings. Handed down from my parents and will be handed down to my daughter when I\u2019m done \ud83d\ude4f", "likes": 7, "published_at": "2023-11-03T02:28:05Z", "sentiment": 0.0, "entities": []}, {"author": "@TheDividendInvestorCPA", "comment": "Great points here Brandon - I prefer TD and RY as well - I specifically hold TD and NA but all of the big Canadian banks are always worth considering \ud83d\udc4d", "likes": 4, "published_at": "2023-11-03T02:14:31Z", "sentiment": 0.6652, "entities": ["TD", "RY", "TD", "NA"]}, {"author": "@smmj45", "comment": "Umm no thanks", "likes": 0, "published_at": "2023-11-03T02:10:40Z", "sentiment": 0.1779, "entities": []}, {"author": "@fernandodoria8717", "comment": "Thanks for telling us that the new TFSA for 2024 is $7000.", "likes": 9, "published_at": "2023-11-03T02:05:34Z", "sentiment": 0.4404, "entities": []}, {"author": "@DK-jl9hw", "comment": "Long time investor in BNS. Love this stock and dividends. 4 days ago was a time to buy again.", "likes": 7, "published_at": "2023-11-03T01:51:03Z", "sentiment": 0.6369, "entities": ["BNS"]}, {"author": "@iantc1622", "comment": "I will wait some time to guage the impact of their new CEO on profits and dividends.", "likes": 2, "published_at": "2023-11-03T01:25:30Z", "sentiment": 0.4404, "entities": []}, {"author": "@AlpineDividends", "comment": "Niceee. Most of my investments are in my TFSA, so the extra room will be great! I like keeping my dividend stocks in the TFSA rather than unregistered so that dividend income is not taxed \ud83d\udc4c", "likes": 6, "published_at": "2023-11-03T01:06:24Z", "sentiment": 0.784, "entities": []}, {"author": "@itayyahel", "comment": "Thanks for sharing however Always I'm buyung and enjoy roc that we can get with many great ETFs that are trading on tsx \nSo who need TFSA?\nBTW as you could see what's going down few day can go up and erase the losses in one day\n\nI prefer buying 6 big not only one bank\nThanks a lot \ud83d\udc4d", "likes": 0, "published_at": "2023-11-03T01:00:32Z", "sentiment": 0.9217, "entities": []}, {"author": "@momo35444", "comment": "thanks for the video Brandon!!! Glad to see you. hope your family is well. This was great shared knowledge.", "likes": 0, "published_at": "2023-11-03T00:35:23Z", "sentiment": 0.9537, "entities": []}, {"author": "@bulrogexe", "comment": "BNS is the 2nd worst from the big banks of Canada. I pray nobody blindly follows your recommendations.", "likes": 0, "published_at": "2023-11-03T00:31:47Z", "sentiment": -0.4215, "entities": ["BNS"]}, {"author": "@Kanseal", "comment": "Honestly i look at Latin countries and i see growth\nTheir demographics look good and they are emerging economies. I know these countries super well and i have faith in BNS", "likes": 2, "published_at": "2023-11-03T00:15:57Z", "sentiment": 0.946, "entities": ["BNS"]}, {"author": "@macdiver4007", "comment": "BNS, hold that for a year already.\n Down for 17 percent. As said the dividend is still attractive. Plan to average down.", "likes": 1, "published_at": "2023-11-03T00:14:07Z", "sentiment": 0.4404, "entities": ["BNS"]}, {"author": "@gidifihrer3966", "comment": "Its always important to be aware of the market ignoring a very high yield. It is likely that the market believes that either the equity will grossly underperform such that the yield is a bad value proposition and or the market believes that the yield is unsustainable. Otherwise they would not allow the yield to remain that high .", "likes": 5, "published_at": "2023-11-03T00:08:05Z", "sentiment": -0.6774, "entities": []}, {"author": "@paulpoco22", "comment": "What if you are retired and need your capital for an income? I.e. selling for income?  Or do you treat it like you bought a 7.55% return and don't touch the capital unless it is above your cost?", "likes": 1, "published_at": "2023-11-03T00:06:14Z", "sentiment": 0.6946, "entities": []}, {"author": "@bobjuuno", "comment": "Exporting the stable Canadian banking market to growing economies benefiting from nearshoring could play out well in the long-term", "likes": 2, "published_at": "2023-11-03T00:02:53Z", "sentiment": 0.7506, "entities": []}, {"author": "@themusic6808", "comment": "I mean you bought shares of BNS 10 years ago you\u2019re actually at a 11 percent loss right now\u2026.that\u2019s an atrociously bad ROI and this isn\u2019t close to being the strongest bank in Canada entering into what looks look a decade of high interest rates and inflation. Unfortunately a lot of the TSX looks like a value & yield trap right now. Makes a pretty good case for money markets & GIC\u2019s giving 4-5% currently lol dividend yields over 6 & 7% on large cap equities would be a big red flag to me", "likes": 3, "published_at": "2023-11-02T23:59:57Z", "sentiment": 0.9153, "entities": ["BNS", "TSX", "GIC"]}, {"author": "@angelocardoc", "comment": "Market Cap \tis       68.10B.\nTotal Debt (mrq)\t236.74B. \nOperating Cash Flow (ttm)\t-32.81B\nQuarterly Earnings Growth (yoy)\t-13.70%\n5 year dividend growth (24.7%) is the weakest of all the big 6 Canadian banks.\n5 years ago the stock was $70-71 / share....today it's $58-59\nThe market sees this and this is why the stock is down.  \nThere are far better investments out there....even on the Canadian market.", "likes": 7, "published_at": "2023-11-02T23:53:38Z", "sentiment": 0.3182, "entities": ["Quarterly Earnings Growth"]}, {"author": "@bradleytalksmoney", "comment": "Financials are a hard industry to recommend because it's a very hard industry to understand.\nPersonally I think there are more digestible businesses in the retail sector that are on sale right now. \n\nGreat time to be in your accumulation phase either way!", "likes": 3, "published_at": "2023-11-02T23:44:22Z", "sentiment": 0.7263, "entities": []}, {"author": "@fedvvvv", "comment": "I don't like Bank of Nova Scotia's investments in Latin America specifically. That is a very volatile region which I try to steer away from. But that's just me.", "likes": 2, "published_at": "2023-11-02T23:43:18Z", "sentiment": -0.1419, "entities": ["Bank of Nova Scotia's"]}, {"author": "@roberttaylor3594", "comment": "Glad to see you re still talking about stocks and such, even if you are not active in actually buying anything yourself!", "likes": 14, "published_at": "2023-11-02T23:35:33Z", "sentiment": 0.2579, "entities": []}, {"author": "@ChrisB-sr5be", "comment": "First", "likes": 0, "published_at": "2023-11-02T23:30:48Z", "sentiment": 0.0, "entities": []}, {"author": "@beaviswealth", "comment": "\ud83d\udcc8\ud83d\udcda Join The Investing Academy \u27a4 https://bit.ly/theinvestingacademy \r\n\r\nThe TFSA limit for 2024 just got increased to $7,000. Let's talk about a stock to buy in your TFSA now - BNS, Bank of Nova Scotia, with the 7.55% dividend. \nWant to keep up to date with the latest financial news?  Sign up for our weekly newsletter, Pulse.  https://www.theinvestingacademy.ca/pulse", "likes": 3, "published_at": "2023-11-02T22:42:53Z", "sentiment": 0.5574, "entities": ["The Investing Academy", "BNS", "Bank of Nova Scotia"]}]