[{"author": "@beaviswealth", "comment": "See y'all ina bit!!! <3", "likes": 35, "published_at": "2022-06-12T01:43:19Z", "sentiment": 0.5826, "entities": []}, {"author": "@skysightrpas", "comment": "Thanks for the update. \nBalance is  \ud83d\udd11   \nEnjoy your time brotha. \u2714\ufe0f\u2714\ufe0f", "likes": 0, "published_at": "2022-06-19T15:30:33Z", "sentiment": 0.7269, "entities": []}, {"author": "@hamedbozorgi4657", "comment": "With the current state of the market right now would be the worst time to leave followers alone. When the situation is good everybody makes videos, it's important who stays in difficult days.", "likes": 0, "published_at": "2022-06-19T15:21:15Z", "sentiment": -0.6249, "entities": []}, {"author": "@annecharron5363", "comment": "What is the change in your business model?", "likes": 0, "published_at": "2022-06-18T12:18:42Z", "sentiment": 0.0, "entities": []}, {"author": "@annecharron5363", "comment": "What is the change in your business model?..", "likes": 0, "published_at": "2022-06-18T12:17:42Z", "sentiment": 0.0, "entities": []}, {"author": "@marymark6738", "comment": "Good and brave to do what you think is right for you and your family.  Will look forward to your return. Hopefully soon.", "likes": 0, "published_at": "2022-06-17T18:48:04Z", "sentiment": 0.8402, "entities": []}, {"author": "@xoxochann9340", "comment": "love the transparency, life happens adjustments have to be made", "likes": 0, "published_at": "2022-06-17T17:54:48Z", "sentiment": 0.6369, "entities": []}, {"author": "@HiRye", "comment": "Well deserved break \ud83d\udc4f", "likes": 0, "published_at": "2022-06-15T23:05:41Z", "sentiment": 0.2732, "entities": []}, {"author": "@mypublicutube2609", "comment": "Right timing....all these show off content creators have nothing to say anymore. During a slowdown when they have nothing to say and can't show off their own red portfolios like they showed until last year to mislead people by claiming how easy it was to make money in the stock market....and that cash is trash and saving is losing! Now people like him are selling and saving that money in cash! \ud83d\ude05", "likes": 1, "published_at": "2022-06-15T22:14:23Z", "sentiment": 0.7081, "entities": []}, {"author": "@Carol8693", "comment": "Sounds like you have new plans / partnership coming up. That makes me feel better and hoping it won't take too long for you to be back filming . Really be there for your baby girl ,work on your weaknesses/ self improvement/ mental health . We need to see you fulfilled .   That's not a good bye that's is we see you soon :)", "likes": 0, "published_at": "2022-06-15T03:38:49Z", "sentiment": 0.8908, "entities": []}, {"author": "@zampej963", "comment": "Respect !i", "likes": 0, "published_at": "2022-06-14T20:29:03Z", "sentiment": 0.5255, "entities": []}, {"author": "@susanwheeler-hall", "comment": "Hi Brandon - Taking a break is a smart thing to do, especially when you are an entrepreneur because you\u2019re right the thinking doesn\u2019t stop. When I take a break and pay attention to \u2018life\u2019 a lot of incubation of other things occurs and new positive things magically arise. Enjoy your baby and family. Hope to see you in Sept. TO.", "likes": 0, "published_at": "2022-06-14T13:06:09Z", "sentiment": 0.8689, "entities": []}, {"author": "@CanadianDividendInvesting", "comment": "THanks for sharing man!", "likes": 0, "published_at": "2022-06-14T02:10:36Z", "sentiment": 0.7177, "entities": []}, {"author": "@anne-mariel3256", "comment": "Enjoy your little one :)", "likes": 0, "published_at": "2022-06-13T22:24:32Z", "sentiment": 0.7115, "entities": []}, {"author": "@2010jslim", "comment": "I'm certain your following has come to appreciate your candor and transparency. It's one of  the things that makes this channel stand out among others! Babies go through a lot of changes during the first year; you don't wanna miss it! I have a 14 month old, and watching her develop has been an amazing journey. All the best, from a fellow Vancouverite", "likes": 0, "published_at": "2022-06-13T21:51:10Z", "sentiment": 0.9304, "entities": ["Vancouverite"]}, {"author": "@verykxdenz6055", "comment": "imagine hacking peoples instagrams cus u can't get clout cus u lame", "likes": 0, "published_at": "2022-06-13T21:31:43Z", "sentiment": -0.4215, "entities": []}, {"author": "@mariacalma2535", "comment": "Goodluck for your well deserved break. Will wait for your comeback video..hope your Dad can still be with us..", "likes": 0, "published_at": "2022-06-13T20:04:42Z", "sentiment": 0.2732, "entities": []}, {"author": "@vickydao-lin6406", "comment": "\ud83d\ude4f\u2764\ufe0f\ud83d\udcaa\ud83d\udc4f\ud83d\udc4f\ud83d\udc4f\ud83d\udc4f\ud83d\udc4f\ud83d\udc4f", "likes": 0, "published_at": "2022-06-13T17:25:04Z", "sentiment": 0.0, "entities": ["\ud83d\ude4f"]}, {"author": "@syeina", "comment": "I'd been wondering about your pace since the baby was born. Good on you for taking a break and reprioritizing", "likes": 0, "published_at": "2022-06-13T16:34:29Z", "sentiment": 0.4404, "entities": []}, {"author": "@WalkaroundTravel", "comment": "Hi Brandon, chin up, you are doing amazing things and have become a young rock star of investing.  Canada and the World need you.  Your journey, like that of the market, is not a one day thing.  It does hurt when you guide people and they lose money.  But we are all losing money and lots of it from the recent highs.  That is the way it goes and if you look at a long term chart of the S & P you will see some terrible drops are part of the journey.  If we wait, the market comes back.  Social media is a difficult thing, it like many other potentially wholesome things can become an addiction.  You need to control it as do we or it eats you up.  Thanks for the great content, you can\u2019t get it all right and you are a great enough kid to realize that.", "likes": 0, "published_at": "2022-06-13T14:54:09Z", "sentiment": 0.8658, "entities": ["the S & P"]}, {"author": "@pauljose1261", "comment": "Brandon, smart decision. Taking time to regroup is better than just carrying down a path that doesn't make you feel good. It's a well deservered break. Just don't be too hard on yourself, your content of recent hasn't been as bad as you've rated it and even the best athletes can't play at their top performance for every match. Happy birthday Marc.", "likes": 0, "published_at": "2022-06-13T12:31:13Z", "sentiment": 0.9657, "entities": []}, {"author": "@Lopersen", "comment": "Thank you for your service team! Your videos are the best! Perfect! The BBI Team deserves a break! Enjoy!", "likes": 0, "published_at": "2022-06-13T12:31:03Z", "sentiment": 0.941, "entities": ["The BBI Team"]}, {"author": "@wei2go460", "comment": "I just recently subscribe to this channel and I found the content to be very helpful! Thank you very much! Hope you will have a wonderful power break and I look forward to seeing your new videos", "likes": 0, "published_at": "2022-06-13T06:31:18Z", "sentiment": 0.9236, "entities": []}, {"author": "@xSCARFACE09x", "comment": "I saw a quote recently and I think it will help you: \"if you feel tired, learn to rest, not to quit.\" \n\nDoes this mean Marc is taking a break as well? Or will we see some videos from him while you take a break? \n\nHere's an idea for future videos: value investing. I would love to see more fundamental analysis, and deep dives into companies. And maybe some more explanation videos like Marc's video on PEG ratio, I would like to understand more of that stuff. \n\nI hope you get the rest you need and hope to see you soon!", "likes": 0, "published_at": "2022-06-13T04:15:02Z", "sentiment": 0.9611, "entities": ["PEG"]}, {"author": "@scottscriticalmass", "comment": "Make the most of your break Brandon... Well deserved and smart move IMO. \u00a0\nHappy early 60th birthday to Daddy Marc.  \ud83d\udc4a", "likes": 0, "published_at": "2022-06-13T03:51:03Z", "sentiment": 0.8176, "entities": ["IMO"]}, {"author": "@pinkhairblackman8141", "comment": "yup take a break when all your stocks are crashing", "likes": 1, "published_at": "2022-06-13T03:04:59Z", "sentiment": 0.0, "entities": []}, {"author": "@jcabral6231", "comment": "great time to take a break....sell everything...the great reset is coming", "likes": 1, "published_at": "2022-06-13T00:23:54Z", "sentiment": 0.8481, "entities": []}, {"author": "@westendgirl444", "comment": "Take time off as long as you want. There's still a lot of your videos I haven't watched. Your time off will give me the opportunity to catch up and further educate myself on investing and finances.", "likes": 0, "published_at": "2022-06-13T00:16:23Z", "sentiment": 0.4767, "entities": []}, {"author": "@achlesh420", "comment": "Hi Bro\n\nSorry I criticized you last video, but I think criticism is a form of respect because you expect a lot more of the person. So yes , I also agree that your initial videos were quite good for eg how you analyzed company like rtx , baba etc, one suggestion is to try to cover a couple of companies in 1 video and go in depth rather than cover 5-6 companies at high level and put some charts etc. Take care love you", "likes": 0, "published_at": "2022-06-12T22:29:09Z", "sentiment": 0.9792, "entities": []}, {"author": "@sgtSYKE", "comment": "Enjoy vacation. It's good to take a breather once in a while.", "likes": 0, "published_at": "2022-06-12T22:04:40Z", "sentiment": 0.7269, "entities": []}, {"author": "@pinkgandalf4782", "comment": "Your bad content is so good I didn't realise it was bad. I thought it was good content! \ud83d\ude02\ud83d\udc4d", "likes": 0, "published_at": "2022-06-12T21:57:10Z", "sentiment": 0.1961, "entities": []}, {"author": "@samuelhernandez2542", "comment": "We do love ur vid\u00e9os!! Keep th\u00e9 good work! Take unr break, we will wait for you \ud83d\ude0e", "likes": 0, "published_at": "2022-06-12T20:57:52Z", "sentiment": 0.8392, "entities": []}, {"author": "@raymondmacmurchy246", "comment": "Awesome realization Brandon. Take the break, when you're home with the family, be there 100% Multi tasking work with holding your daughter will show her the phone is more important. Will be here when yea get back.", "likes": 1, "published_at": "2022-06-12T20:12:23Z", "sentiment": 0.7346, "entities": []}, {"author": "@shelbymclean_", "comment": "If you don\u2019t take a break, your body will take a break for you. Good on you for making this decision, all the best to you and the fam!!! <3", "likes": 11, "published_at": "2022-06-12T18:39:14Z", "sentiment": 0.8974, "entities": []}, {"author": "@nelfaria91", "comment": "Brandon you are being way too hard on yourself\u2026 you do you and just keep doing what makes you happy! Best of luck as you take a moment to reset.  We all need that from time to time.", "likes": 1, "published_at": "2022-06-12T18:24:56Z", "sentiment": 0.8955, "entities": []}, {"author": "@bestknightmare", "comment": "Hope to see you back soon, not too many creator with canadian content. We have the new \"right to disconnect\" legislation in Ontario to help work life balance! Haha lets see how this plays out.", "likes": 0, "published_at": "2022-06-12T17:29:01Z", "sentiment": 0.8791, "entities": []}, {"author": "@lw1405", "comment": "I think you are prioritizing the best things- you, your mental and physical health, and your family.  I think a lot of people ignore or don't realize the impact these past 2 years have taken on on our mental health.  Now that we can breath a bit and are learning to live with covid, the effects of it are surfacing for many people.  I know a lot of people who are taking a step back like you are.  Be kind to yourself.  Your viewers will be here when you return.", "likes": 0, "published_at": "2022-06-12T17:25:40Z", "sentiment": 0.8225, "entities": []}, {"author": "@mohammedalmekhlafi191", "comment": "Keep well Brandon! Please do return when the time is right for you! And HBD to Mark", "likes": 0, "published_at": "2022-06-12T15:43:21Z", "sentiment": 0.6103, "entities": ["HBD"]}, {"author": "@islandinfluence231", "comment": "I look to your page daily for videos\nCant wait for you to come back rejuvenated Brandon :)\nlove ya Mark!", "likes": 0, "published_at": "2022-06-12T15:42:47Z", "sentiment": 0.8172, "entities": []}, {"author": "@chairmanmike5858", "comment": "Have a great summer break. See you when you're back. Thanks.", "likes": 0, "published_at": "2022-06-12T14:57:20Z", "sentiment": 0.7906, "entities": []}, {"author": "@jayr8134", "comment": "Will be eagerly waiting for new content Brandon, have an awesome break. Your channel is the best.", "likes": 0, "published_at": "2022-06-12T13:52:10Z", "sentiment": 0.8979, "entities": []}, {"author": "@robhruska7611", "comment": "Agree 100%.  You need to create definite boundaries between work and family.  Also take care of the pillars of health - hydration, diet, sleep and activity. Very smart of you to do this.", "likes": 1, "published_at": "2022-06-12T12:44:54Z", "sentiment": 0.8977, "entities": []}, {"author": "@juansuarez3384", "comment": "That's cool man, do what you feel you need in life. I'll stay subscribed and whenever you get back I'll be happily watching. Thanks for heads up and thanks on all the content. Enjoy dude! Hope you find your balance.", "likes": 1, "published_at": "2022-06-12T12:21:12Z", "sentiment": 0.9523, "entities": []}, {"author": "@mr.financial", "comment": "We will await your return! Enjoy the break :)", "likes": 1, "published_at": "2022-06-12T11:59:19Z", "sentiment": 0.784, "entities": []}, {"author": "@kimmckinley7879", "comment": "You are awesome Brandon!  Great example of success.  Follow your heart always. \ud83d\udc4d", "likes": 0, "published_at": "2022-06-12T11:29:58Z", "sentiment": 0.9215, "entities": []}, {"author": "@donnavacca493", "comment": "I was self employed for 27 yrs (I retired at 52 yrs old). Having regular office hours like 9:00 am to 5:00pm really worked for me. I trained my clients to not expect replies outside of those hours. Clients also knew I was regularly available during those hours. At a point, with much success, I had to decide what was next, accept more work and manage more people to do it or keep steady where I could do the work and less managing. It\u2019s about life balance. When it constantly feels like not enough hours in each day, it\u2019s time to review how you want to live. Btw, I went with less work and never regretted it, I liked doing the work more than managing people. Maybe you do ONE video every two weeks??", "likes": 3, "published_at": "2022-06-12T10:52:51Z", "sentiment": 0.8959, "entities": []}, {"author": "@smallmj2886", "comment": "Family is by far the most important.  I've been surprised by your pace of videos since the little one was born.  Spend lots of time with your loved ones, change lots of diapers, take the wee one out in the stroller for long walks in parks to give her some fresh air and vitamin D, sing lots of songs to her (I doesn't matter how well you sing), read LOTS of books to her (it is never too early).  Make sure that your partner is getting all of the rest that she needs.  \n\nBe sure to be a very active father to your daughter.   That way you will be just as able to comfort her as your wife is when the little one is upset.  Treasure this time.\n\nI'll close with my favourite bit of flippancy about parenting:  You spend a year waiting for your kids to walk and talk, and the next 18 years waiting for them to sit down and shut up.  :)", "likes": 1, "published_at": "2022-06-12T10:30:34Z", "sentiment": 0.966, "entities": []}, {"author": "@sunomono2307", "comment": "I'm an artist and I completely understand what you mean. When things aren't done with full potential it becomes a shame to me. I always enjoyed being educated from your videos and your positive energy. I'm looking forward to seeing Brandon verson 2.0 haha", "likes": 0, "published_at": "2022-06-12T06:57:30Z", "sentiment": 0.836, "entities": []}, {"author": "@beatrizjumawan8884", "comment": "Thanks for equipping us with the knowledge on how to navigate this fast changing time Brandon. Don\u2019t be too hard on yourself, take as much break as you can. Enjoy your break! See you again soon. Take care!", "likes": 0, "published_at": "2022-06-12T06:18:33Z", "sentiment": 0.8585, "entities": []}, {"author": "@chrisdubs121", "comment": "We'll be here when you get back", "likes": 0, "published_at": "2022-06-12T06:13:56Z", "sentiment": 0.0, "entities": []}, {"author": "@taehwahong5824", "comment": "I hope you have a good break. Brandon. Everyone needs a break. Happy Birthday Marc !!", "likes": 0, "published_at": "2022-06-12T06:11:57Z", "sentiment": 0.8774, "entities": []}, {"author": "@turbofanlover", "comment": "It's not a bad time at all to \"take a break\", IMO.  I mean, we're in the midst of a bear market and dealing with a ton of economic headwinds/uncertainty.  We COULD very well be on the verge of a market crash.  I would suggest that it would be a good time for many of us to build up a nice big bag of cash and take a break from the markets, too.  Stay tuned.", "likes": 12, "published_at": "2022-06-12T03:45:35Z", "sentiment": 0.8043, "entities": ["IMO"]}, {"author": "@donpresley3961", "comment": "Brandon: I have \u201calways\u201d enjoyed your videos. However, you, I and everyone that tunes in, needs a break. After a 40+ year career in the Banking Industry, I can tell you this - I \u201calways\u201d looked forward to my annual vacation\u2026.down time - and so should you! Take a break, refresh\u2026..refocus [even if that means 1 video every 2, or perhaps 3weeks]. We, your followers will be here, when you return. All the very Best!", "likes": 0, "published_at": "2022-06-12T03:30:31Z", "sentiment": 0.8547, "entities": ["the Banking Industry"]}, {"author": "@jagjitanand8008", "comment": "Wish u luck on this break Brandon. U will be missed indeed. See u soon", "likes": 0, "published_at": "2022-06-12T03:29:20Z", "sentiment": 0.5423, "entities": []}, {"author": "@nicoleondiano1623", "comment": "Always been such a fan of you and your channel. You\u2019ve taught me so much over the years. While your videos will be missed I respect you taking a break. Investing in your family is most important!", "likes": 3, "published_at": "2022-06-12T03:25:42Z", "sentiment": 0.6793, "entities": []}, {"author": "@johnsonoyama", "comment": "Good conscious decision", "likes": 0, "published_at": "2022-06-12T03:18:38Z", "sentiment": 0.4404, "entities": []}, {"author": "@peterjensen9218", "comment": "Don\u2019t be so hard on yourself, a YouTube platform is challenging. Take what you need for a break, Take care of yourself!", "likes": 1, "published_at": "2022-06-12T02:58:24Z", "sentiment": 0.4983, "entities": ["YouTube"]}, {"author": "@pwong0227", "comment": "Good idea to take a break when the market is down and it is not moving anyway.", "likes": 1, "published_at": "2022-06-12T02:54:06Z", "sentiment": 0.4404, "entities": []}, {"author": "@ringomorella7766", "comment": "You have been doing a great job. You have been helpful to many. I like your \"improvement\" attitude. Have a good break, get renewed. You deserve it.", "likes": 2, "published_at": "2022-06-12T02:50:06Z", "sentiment": 0.9062, "entities": []}, {"author": "@bobarnold5992", "comment": "Enjoy your break Brandon. I hope your not breaking to take up acting & T.V. as I seen your commercial debut & I gotta say don't quit your day job. LOL", "likes": 0, "published_at": "2022-06-12T02:39:07Z", "sentiment": 0.8636, "entities": []}, {"author": "@JonnieBlaze411", "comment": "Take care of yourself Brandon and come back stronger.", "likes": 0, "published_at": "2022-06-12T02:38:29Z", "sentiment": 0.7003, "entities": []}, {"author": "@outworkthework", "comment": "Always enjoyed your content. I wish you all the best if you don't return. But you will :)", "likes": 0, "published_at": "2022-06-12T02:30:57Z", "sentiment": 0.8625, "entities": []}, {"author": "@MrDavidMcKinnon", "comment": "I my be an old nerd but you are one of my favorite youtubers \nSecond, Six of crows that you recommend a few weeks ago is a great read, just finished crooked kingdom.", "likes": 0, "published_at": "2022-06-12T02:29:13Z", "sentiment": 0.9231, "entities": []}, {"author": "@jasonduster4721", "comment": "Never a bad thing to take time for yourself and your family.  You deserve it :)", "likes": 0, "published_at": "2022-06-12T02:23:16Z", "sentiment": 0.705, "entities": []}, {"author": "@lyndanickerson1373", "comment": "Being able to spend more time with your baby and family is extremely important at this time in your life.", "likes": 0, "published_at": "2022-06-12T02:20:03Z", "sentiment": 0.2716, "entities": []}, {"author": "@clonehevy", "comment": "dont be too harsh on yourself Brandon, love your videos, enjoy your break. breaks are much needed for mental health, spending time w family and friends, a nice recharge and not to burnout! see you soon and cant wait till youre back :)", "likes": 2, "published_at": "2022-06-12T02:19:09Z", "sentiment": 0.9584, "entities": []}, {"author": "@behuman5725", "comment": "Thanks for letting us know. It\u2019s always good to want to improve videos but try not to focus on algorithms and popularity because you still have viewers who like your content. Videos that end up with more views often have click bait titles etc. When you have a new baby it\u2019s important to savour the time because they grow fast. You also can\u2019t be doing everything without feeling you\u2019re spreading yourself too thin. Enjoy this break \ud83d\udc4d", "likes": 3, "published_at": "2022-06-12T02:06:23Z", "sentiment": 0.9541, "entities": []}, {"author": "@604nation", "comment": "most of the other larger creators have found that they need help i.e. team, depends if it's worth it with viewers and one video a week like a episode etc. you could also switch more to a talk show type format like joseph Carlson etc - good luck good decision to take a break", "likes": 0, "published_at": "2022-06-12T02:04:43Z", "sentiment": 0.9468, "entities": []}, {"author": "@special8339", "comment": "Go ahead Brandon and take your needed break. Thanks for valuing your fans so much to inform us about your break and the intention to come back bigger and better\ud83d\udcaf", "likes": 3, "published_at": "2022-06-12T02:03:38Z", "sentiment": 0.6486, "entities": []}, {"author": "@chrisbauld5387", "comment": "FAMILY COMES FIRST!! take care of that kid we can wait for you to come back .. also tell your dad to take over for now we(I) love him so we will be in good hands ..(Happy Bday!! BTW) .. The world and the market aren't going away anytime soon .. take a break if you need it that means youtube and the business .. if you have ppl working for you then give them a chance to prove they can do it without you .. Take a Break!! and do what you gotta do <3", "likes": 0, "published_at": "2022-06-12T02:02:44Z", "sentiment": 0.9466, "entities": []}, {"author": "@dynatroniX86", "comment": "I discovered your channel recently and it\u2019s easily one of the best, maybe I\u2019m a tad biased cuz I\u2019m Canadian but I find your takes on things really awesome. So I\u2019ll be watching your old episodes, and will eagerly await your return!", "likes": 17, "published_at": "2022-06-12T02:01:20Z", "sentiment": 0.9341, "entities": []}, {"author": "@owend8956", "comment": "Take care. Enjoy. See you soon!", "likes": 0, "published_at": "2022-06-12T02:00:10Z", "sentiment": 0.7712, "entities": []}, {"author": "@tianic", "comment": "Have you lost weight? Judging from the cover image", "likes": 0, "published_at": "2022-06-12T01:59:07Z", "sentiment": -0.3182, "entities": []}, {"author": "@Will-sz5yx", "comment": "Everyone needs to take a break, enjoy and come back better than ever. I think i speak for everyone when I say we can\u2019t wait for you to come back but enjoy your time off Brandon.", "likes": 6, "published_at": "2022-06-12T01:56:13Z", "sentiment": 0.81, "entities": []}, {"author": "@jeffho1727", "comment": "Dont beat yourself up, take some time, maybe enjoy a Canadian summer, see you when youre ready.", "likes": 0, "published_at": "2022-06-12T01:55:06Z", "sentiment": 0.6908, "entities": []}, {"author": "@ourfinancialfuture9457", "comment": "Sounds like you need a research team and content writers . You can just present the info they help you make . Also having others on your show to have a podcast style of content can produce good content with less effort . Hit me up if you need a researcher or content writer", "likes": 0, "published_at": "2022-06-12T01:52:26Z", "sentiment": 0.7964, "entities": []}, {"author": "@f3wbs", "comment": "You do you Brandon. We\u2019ll be waiting.", "likes": 6, "published_at": "2022-06-12T01:51:38Z", "sentiment": 0.0, "entities": []}, {"author": "@AlpineDividends", "comment": "Enjoy the break, and seeya back here soon!", "likes": 2, "published_at": "2022-06-12T01:47:55Z", "sentiment": 0.5411, "entities": []}, {"author": "@tomtesting99", "comment": "Ooohhh oooo  where will Griffen milks get his content from now?", "likes": 7, "published_at": "2022-06-12T01:47:04Z", "sentiment": 0.0, "entities": ["Ooohhh"]}, {"author": "@kriskafowlski4463", "comment": "Will your Dad still be posting?", "likes": 6, "published_at": "2022-06-12T01:46:08Z", "sentiment": 0.0, "entities": []}, {"author": "@tomtesting99", "comment": "Ok see you soon.", "likes": 0, "published_at": "2022-06-12T01:45:54Z", "sentiment": 0.296, "entities": []}, {"author": "@Stockado", "comment": "Take care Brandon, big fan of your content and I'm sure you'll come back even stronger.", "likes": 1, "published_at": "2022-06-12T01:45:38Z", "sentiment": 0.8555, "entities": []}, {"author": "@Riceball_lol", "comment": "Take care :)", "likes": 0, "published_at": "2022-06-12T01:45:22Z", "sentiment": 0.7351, "entities": []}, {"author": "@brenthogg4684", "comment": "Enjoy the break \ud83d\udc4d\ud83c\udffc", "likes": 0, "published_at": "2022-06-12T01:45:20Z", "sentiment": 0.4939, "entities": []}]