[{"author": "@beaviswealth", "comment": "\ud83d\udcc8\ud83d\udcda\ud83c\udde8\ud83c\udde6 Join The Investing Academy Today - https://bit.ly/theinvestingacademy\n\nWhich card do you use or prefer!? Leave a comment down below :)", "likes": 1, "published_at": "2022-04-25T16:45:56Z", "sentiment": 0.6476, "entities": ["\ud83c\udde6 Join The Investing Academy"]}, {"author": "@HanHsu910", "comment": "Hey bro, can you explain the Expedia first class travel insurance coverage?", "likes": 0, "published_at": "2024-02-20T02:59:14Z", "sentiment": 0.0, "entities": []}, {"author": "@christinee8353", "comment": "Debit cards are NOT safer than credit!  It is the opposite!", "likes": 0, "published_at": "2024-02-13T21:04:47Z", "sentiment": -0.6249, "entities": []}, {"author": "@chadwickadams2778", "comment": "Just some constructive criticism. You mention in this video giving advice to people starting out with a credit card to earn points rather than using your debit. But the cars you mention both require a individual income of $60,000 or household income of $100,000. Many people these days do not earn an income of $60,000 let alone a household income (assuming 2 people) of $100,000. I think better cards to have compared were the Platinum TD Rewards and the Platinum Aeroplan. Neither of them require a set income amount and are a better choice for people starting out with their first credit card who are also lower income.", "likes": 0, "published_at": "2023-10-24T02:26:25Z", "sentiment": 0.91, "entities": []}, {"author": "@amandafree7692", "comment": "i had 60,000 aeroplan points and it took me forever to find a flight that matched the dates and times i wanted to fly, and yes it had to be air canada. In the end 60,000 pts paid for almost all of my ticket from toronto to San Jose costa rica (5hr), i paid $147 for the ticket basically and i was in business class and free 1st checked bag. Flight price was $1,100 without points", "likes": 0, "published_at": "2023-04-28T00:50:47Z", "sentiment": 0.7184, "entities": ["air canada"]}, {"author": "@TheTubeMeister", "comment": "I think I might go with the first class infinite over the aeroplan infinite. First class infinite has more options to what you can choose. I don\u2019t like how aeroplan is strict to air Canada. Seems like first class is the better way to go. Also first class I\u2019ll get 145,000 points and that birthday bonus. I also have the Amex Cobalt which is unreal. Love it!", "likes": 1, "published_at": "2023-03-30T15:55:59Z", "sentiment": 0.9422, "entities": ["the Amex Cobalt"]}, {"author": "@S4MCRD", "comment": "Thank you Brandon this is great advice. I just took a look and the first class travel visa right now and it's is offering 135,000 sign up bonus points if you spend 5k in the first 6 months and another 10,000 point on your bday!", "likes": 0, "published_at": "2023-03-05T21:29:55Z", "sentiment": 0.8858, "entities": []}, {"author": "@halabira5807", "comment": "Visa and Mastercard own by the banks\ud83d\udc4e\ud83d\udc4e\ud83d\udc4e American express are the best in travel and rewards period.", "likes": 1, "published_at": "2023-01-01T21:52:28Z", "sentiment": 0.8074, "entities": ["Visa"]}, {"author": "@df5649", "comment": "You don't need to fly air canada,why do you keep saying that?", "likes": 0, "published_at": "2022-11-20T18:49:30Z", "sentiment": 0.0, "entities": ["air canada"]}, {"author": "@jjjj-pv5ws", "comment": "yup the only down side is air canada is really a bad airline so you made the right choice with flexibility.", "likes": 1, "published_at": "2022-10-23T20:56:48Z", "sentiment": -0.3384, "entities": ["air canada"]}, {"author": "@elephantmoney", "comment": "They both suck compared to others actually unless you have a large family to get the checked bags and fly often but you are limited to air canada which also sucks.  Check out the Scotiabank Momentum Visa", "likes": 0, "published_at": "2022-10-21T05:49:26Z", "sentiment": -0.7615, "entities": ["air canada", "the Scotiabank Momentum Visa"]}, {"author": "@IanAgard", "comment": "Thank you, Brandon. This video was \ud83d\udd25", "likes": 0, "published_at": "2022-09-10T05:56:31Z", "sentiment": 0.3612, "entities": []}, {"author": "@daniellepukalo9650", "comment": "I am debating between Td first class or RBC Avion which do you recommend.", "likes": 0, "published_at": "2022-08-09T23:33:04Z", "sentiment": 0.3612, "entities": ["RBC Avion"]}, {"author": "@jabbs23", "comment": "bro these are two of the most mediocre cards in Canada.", "likes": 0, "published_at": "2022-07-22T14:15:36Z", "sentiment": 0.0, "entities": ["bro"]}, {"author": "@KanwarSingh1404", "comment": "55800=278 Dollars \n1 Million = 5000 Dollars roughly ..!! give and take. \nSo what was your reward rate.!! that matters.\nIf u spend 200,000 then it's valuable. kinda @2.5% Reward rate", "likes": 0, "published_at": "2022-07-12T23:46:54Z", "sentiment": 0.9098, "entities": []}, {"author": "@twopocc8288", "comment": "I just switched to the TD aeroplan infinite card. I'm a bit new to this, do I have to create an Aeroplan account then link it or does TD automatically assign an Aeroplan number to me?", "likes": 0, "published_at": "2022-06-18T03:24:41Z", "sentiment": 0.34, "entities": ["TD", "TD"]}, {"author": "@diesel6594", "comment": "Great video, now I know what card I want. Thank you", "likes": 1, "published_at": "2022-05-26T12:54:01Z", "sentiment": 0.7845, "entities": []}, {"author": "@grumpygus81", "comment": "We rock the TD Aeroplan card and love it. My wife's side hustle is as a travel agent so she racks them up fast, plus we travel quite a bit and my dad lives in Calgary so I'm there from Ontario a few times a year. It's like the card is built for us and I'm Iike you, TD is my go to after dealing with a few others and having more frustration than anything. Great video \ud83d\udc4d", "likes": 0, "published_at": "2022-05-08T13:10:16Z", "sentiment": 0.813, "entities": []}, {"author": "@Slackmana", "comment": "I'm watching this video because I just realized how much my no annual fee card SUCKS.... \nCompared to other points programs TD's is insulting... \n3x the points for flights... Well I never fly so that's useless.... \n2x points for groceries, and fast food.  I'm 140 pound, single person... So that's basically useless....\n1x points for every dollar spent on reoccurring bills.... I pay my rent in cash every month because I only have a 2000 dollar limit....  So that's VERY useless.... \nI've collected 1400 points in 5 months...  \nThat's $5.00 ... \n\nConsidering the no annual fee card is used primarily by young adults, you think they could make it valuable for young adults. \nie \n3x points on Video Games or Movies. \n2x points on electronics. \n1x points on every other purchase.", "likes": 1, "published_at": "2022-05-04T22:50:05Z", "sentiment": 0.1027, "entities": ["TD"]}, {"author": "@Nivekdarbs", "comment": "I use the TD visa Infinite card and have been for almost 5 years now. As someone who doesn't travel for work or vacation all too often I wanted a card that suited my lifestyle more (instead of accruing a bunch of aero points that I would have a hard time using).\nThis card is great! It gives me 1% cashback on all my purchases, and 3% cashback on all gas, groceries, and monthly subscriptions.  The annual fee is around $130 but is waived if you hold a minimum of $5000 in a TD chequing account.\n\nYou always hear the saying \"cash is king\" so for me a cashback card was the way to go.\nAs an example, I use this card for my purchases throughout the year, then use the cashback I've earned to pay for my entire Christmas shopping.", "likes": 3, "published_at": "2022-04-27T11:58:49Z", "sentiment": 0.2598, "entities": ["TD", "TD"]}, {"author": "@JohnJBailie", "comment": "Also Vancouver resident. Rogers World Elite Card. No annual fee, 1.5% cashback on all purchases, 3% cashback on all USD purchases", "likes": 0, "published_at": "2022-04-27T03:41:11Z", "sentiment": -0.296, "entities": []}, {"author": "@jercharp", "comment": "Best card is Scotia Bank Momemtum.  4% cash back for groceries and gas purchase.", "likes": 0, "published_at": "2022-04-26T23:28:38Z", "sentiment": 0.6369, "entities": ["Scotia Bank Momemtum"]}, {"author": "@StaxSmokes", "comment": "AMEX Cobalt and if American Express is not accepted then Presidents Choice MasterCard", "likes": 0, "published_at": "2022-04-26T19:25:29Z", "sentiment": -0.2057, "entities": ["AMEX Cobalt", "American Express"]}, {"author": "@jacked6", "comment": "Travel reward points are a big waste as someone who has worked for a major bank.  Just remember nothing comes free ever and there are always hidden fees we used to add in to rewards catelogues in to make them 'appear' as free money. Remember they make most of their money on swipe fees to merchants which in turn pass the cost back at you in the price.  A number of countries also pass surcharges onto you as well if you travel.  If you look closely at where you can fly to it's probably even better to use Skyscanner and you can usually find a much more better deal anyway and far cheaper and convient.  I personally don't have credit cards anymore and just use the Koho reloadable card which you can still get a bit of cashback anyway.  Remember nothing comes free in this world and if you think you are saving money using them I can assure you they make up the costs in other ways.", "likes": 1, "published_at": "2022-04-26T18:26:17Z", "sentiment": 0.6497, "entities": ["Skyscanner", "Koho"]}, {"author": "@aukwadhillon3744", "comment": "Brandon if you want the aeroplan card but don't want to use the points can't you just transfer your TD rewards points from your personal account to the business account Or vice versa?\nAnd also if you switch to the TD all inclusive banking plan the credit card and account fee is waived as long as you have $5000 in your checkings account each month. So you save the $120 a year and $30 a month for the account fee plus there are other perks like a free small safety deposit box.", "likes": 0, "published_at": "2022-04-26T16:15:34Z", "sentiment": 0.9783, "entities": ["TD", "TD"]}, {"author": "@billysonlinesurveychannel8247", "comment": "Canadian tire triangle card is the best gas card. 5% return. No annual fee. Free towing if something happens to your vehicle. 1.25% in store purchases. A great all around card.", "likes": 0, "published_at": "2022-04-26T16:07:03Z", "sentiment": 0.886, "entities": []}, {"author": "@dianaarteaga303", "comment": "RBC Avion - I've flown first class with my husband multiple times already. Love it!", "likes": 0, "published_at": "2022-04-26T13:56:46Z", "sentiment": 0.6696, "entities": ["RBC Avion"]}, {"author": "@Ayxmar", "comment": "Great video Brandon! Highly suggest people to check out Ricky! Have learned so much from him.", "likes": 0, "published_at": "2022-04-26T13:20:08Z", "sentiment": 0.6892, "entities": []}, {"author": "@ab.4425", "comment": "Thanks Brandon!!", "likes": 0, "published_at": "2022-04-26T10:27:29Z", "sentiment": 0.5399, "entities": []}, {"author": "@smallmj2886", "comment": "I went for the Aeroplan card last year when my daughter was heading to university in Newfoundland.  Getting free checked bags for her travel and for our visits was the clincher.", "likes": 0, "published_at": "2022-04-26T08:22:30Z", "sentiment": 0.5106, "entities": []}, {"author": "@grace14emily27", "comment": "CIBC Costco Mastercard is great for Cash back.", "likes": 0, "published_at": "2022-04-26T06:51:14Z", "sentiment": 0.6249, "entities": []}, {"author": "@miguelletain8822", "comment": "I use Aeroplan and have no issues flying anywhere. Air Canada is easy to fly almost anywhere you want. Although the cards I think that provide the most value are the AMEX travel credit cards that build up AMEX travel points. This is simply because those points are transferable to many other travel reward programs, including Aeroplan. A card like the AMEX Cobalt or Gold card to me provides the best value.", "likes": 2, "published_at": "2022-04-26T03:28:22Z", "sentiment": 0.9591, "entities": ["Air Canada", "AMEX", "AMEX", "the AMEX Cobalt"]}, {"author": "@gravityhealer", "comment": "American Express Cobalt is king", "likes": 3, "published_at": "2022-04-26T03:18:07Z", "sentiment": 0.0, "entities": ["American Express Cobalt"]}, {"author": "@clonehevy", "comment": "Best credit card duo out there is American Express Cobalt and TD Aeroplan !!", "likes": 6, "published_at": "2022-04-26T01:55:17Z", "sentiment": 0.8118, "entities": ["American Express Cobalt"]}, {"author": "@quaydmclellan9305", "comment": "I\u2019ve been utilizing the benefits on my CIBC Aventura Infinite. 35,000 welcome bonus points (that\u2019s a max $800 off a flight), first year free, and free going forward if you keep $6,000 in your smart plus chequing account. You get 4 free priority pass lounge visits when traveling in airports each year, they pay for your nexus pass once every 4 years too and it comes with a bunch of free insurances from mobile phones, trip cancelation, out of province medical and hotel burglary. I\u2019m partial because I\u2019m an advisor at CIBC but doesn\u2019t mean it\u2019s not an awesome card.", "likes": 1, "published_at": "2022-04-25T23:36:48Z", "sentiment": 0.782, "entities": ["my CIBC Aventura Infinite", "CIBC"]}, {"author": "@danielvaldes8534", "comment": "Great video! I work at TD and fyi, if you have the all inclusive chequing account, you get the fees waived on these premium cards!", "likes": 2, "published_at": "2022-04-25T21:18:54Z", "sentiment": 0.7568, "entities": ["TD"]}, {"author": "@nicoleondiano1623", "comment": "Using this strategy and the TD infinite (referenced here) it has got me and my partner to Asia and is now funding our honeymoon. We also got AirPods through the benefits. If you\u2019re a traveller this card is 100% worth it even with the yearly fee.", "likes": 0, "published_at": "2022-04-25T20:44:24Z", "sentiment": 0.5423, "entities": ["TD"]}, {"author": "@florendogomezcasuga7043", "comment": "I use scotia amex. So much perks", "likes": 0, "published_at": "2022-04-25T20:31:32Z", "sentiment": 0.0, "entities": []}, {"author": "@philippbeisiegel2116", "comment": "Hey Brandon, \nLong time watcher of your channel, first time commenter.\nA few years back I decided I need to switch banks as my current bank was ripping me off and with that I looked at credit cards.\n\nI also ended up at TD due to some of the perks on their accounts, but didn't opt for a travel card due to the restrictive redemption options. The TD points is intriguing and I'll have to check them out, but I opted for the TD Cash Back Visa Infinite Card. One of the best cash back cards in my opinion (only beat by the Scotiabank version) and the cash back can be used on anything, including flights, hotels, etc. I was thinking of going to the Scotiabank version of the card, but with the TD chequing account, you can have the annual credit card fee waived saving me the $120 per year which out-weighted any difference between the cards.\n\nAnyways, thought I'd share. I will now have to go through and compare my cash back card and these travel cards to see how close they are. Who knows I may be switching. But being able to put cashback towards anything is a nice flexibility that will be tough to give up.", "likes": 1, "published_at": "2022-04-25T20:15:32Z", "sentiment": 0.9631, "entities": ["TD", "Scotiabank", "Scotiabank", "TD"]}, {"author": "@lkam8541", "comment": "I have MBNA World Elite MasterCard. I\u2019m not saying that it\u2019s the best card but the website for booking and the people in the call center are excellent. I\u2019m not an Air Canada lover and a lot of my pay cheque goes to Costco who doesn\u2019t accept Visa.", "likes": 0, "published_at": "2022-04-25T19:06:26Z", "sentiment": 0.9489, "entities": ["Air Canada", "Costco", "Visa"]}, {"author": "@papytofu3796", "comment": "If you grocery store accepts American Express, the Cobalt American Express Card is also really worth looking into, some of the best value on the canadian market.", "likes": 18, "published_at": "2022-04-25T18:36:48Z", "sentiment": 0.8777, "entities": ["American Express", "the Cobalt American Express Card"]}, {"author": "@nicolasbrisson8837", "comment": "TD cashback visa for the win", "likes": 0, "published_at": "2022-04-25T18:23:22Z", "sentiment": 0.5859, "entities": ["TD"]}, {"author": "@mehulsanthosh2888", "comment": "I have been using my credit card for all purchases for the last year and it has genuinely changed my investing life, I use my td cash back no annual fee card and I make more cash back dollars compared to my dividend income from my profile, I just use my cash back and buy more dividend etfs, speeding up my dividend and stock snowball :)", "likes": 0, "published_at": "2022-04-25T18:07:07Z", "sentiment": 0.5267, "entities": []}, {"author": "@Russ-od2yy", "comment": "Stupid Coast Capital reduced our travel points on our card, sucks it was a wicked card for a while.", "likes": 0, "published_at": "2022-04-25T17:23:22Z", "sentiment": -0.8519, "entities": ["Stupid Coast Capital"]}, {"author": "@jesserusso2365", "comment": "Ricky has great content and really opened my eyes to how beneficial credit card rewards programs can be. Before I found his channel last summer I was just using my debit card not knowing any better. I've taken advantage of a couple great welcome bonuses now my next big trip is going to be in business class paid for with points, and my layovers are spent in the maple leaf lounge instead of a chaotic terminal.\n\nIt's also worth noting that Aeroplan points can be redeemed with any Star Alliance airline, not just AC.", "likes": 11, "published_at": "2022-04-25T17:15:05Z", "sentiment": 0.9719, "entities": ["Star Alliance", "AC"]}, {"author": "@CanadianDividendInvesting", "comment": "Awesome stuff thanks for sharing Brandon!", "likes": 0, "published_at": "2022-04-25T17:11:59Z", "sentiment": 0.8777, "entities": []}, {"author": "@jasonwinchester8097", "comment": "What do you think of AMEX cards", "likes": 0, "published_at": "2022-04-25T17:09:36Z", "sentiment": 0.0, "entities": ["AMEX"]}, {"author": "@tidusfantasy", "comment": "1 mil TD travel points = $5000 maximum if u redeem through expedia. So not a lot. U can't redeem more than 1-2 long haul business class flights even. Dump the First Class travel points, and get the Aeroplan instead. \n\nTo get those 1 mil TD points u would have spent $333,333 CAD already, and if u were to spend with the Aeroplan card, u would have gotten 333,333 points, which is enough to get AT LEAST 4-5 Long haul business class flights\n\nIm another points and cards guru in vancouver hahaha", "likes": 10, "published_at": "2022-04-25T16:57:39Z", "sentiment": 0.25, "entities": ["TD", "CAD"]}, {"author": "@lucky247365", "comment": "You should partner up with the prince of travel.  He has the best content in Canada on how to maximize point programs for travel.", "likes": 3, "published_at": "2022-04-25T16:54:33Z", "sentiment": 0.6369, "entities": []}, {"author": "@beatrizjumawan8884", "comment": "When Brandon instinctively posts a video that adds to my research I\u2019ve been doing in the past 2 weeks because I want to go to the Philippines and ticket is around $2500 to $3000+. \ud83d\ude02 Thanks Brandon!", "likes": 11, "published_at": "2022-04-25T16:50:18Z", "sentiment": 0.5411, "entities": []}, {"author": "@marvinpham5180", "comment": "First", "likes": 1, "published_at": "2022-04-25T16:47:24Z", "sentiment": 0.0, "entities": []}]