[{"author": "@beaviswealth", "comment": "\ud83d\udcc8\ud83d\udcda\ud83c\udde8\ud83c\udde6 Join The Investing Academy Today - https://bit.ly/theinvestingacademy\n\nThanks for watching! :D Don't forget to drop a LIKE & SUBSCRIBE if you want to learn more about financial education in Canada!", "likes": 1, "published_at": "2022-09-05T16:21:14Z", "sentiment": 0.9406, "entities": ["\ud83c\udde6 Join The Investing Academy"]}, {"author": "@carolnavan4137", "comment": "Boomer here. I remember getting 11% on my savings at the same time as my variable rate mortgage was charging me 22.5% interest. Back then (early 80s) in Ireland, all available (to regular people) mortgages were variable!  It doesn\u2019t matter if the interest is high or low, bottom line is the banks ALWAYS charge more than they pay. When comparing saving rates back then to now, it\u2019s important to look at the flip side also.", "likes": 0, "published_at": "2022-10-23T23:58:20Z", "sentiment": 0.6628, "entities": ["ALWAYS"]}, {"author": "@harv83", "comment": "Big impacts on your variable mortgage rate?", "likes": 0, "published_at": "2022-10-20T13:46:27Z", "sentiment": 0.0, "entities": []}, {"author": "@ibraheemali9541", "comment": "plz clarify that policy interest rates = overnight interest rates????", "likes": 0, "published_at": "2022-10-07T13:14:37Z", "sentiment": 0.8053, "entities": []}, {"author": "@ibraheemali9541", "comment": "great conten.....t where did you study from?", "likes": 0, "published_at": "2022-10-07T13:09:16Z", "sentiment": 0.6249, "entities": []}, {"author": "@John-gq5dh", "comment": "It would be interesting on seeing a video on potential bank bail ins rather then bail out which happenef during the USA financial crisis. I'm seeing more and more ppl talking about bank bail ins when they take your money as they pay individuals interest and the ppl depositing are creditors to the bank, what's your thoughts on this?", "likes": 0, "published_at": "2022-09-30T00:05:23Z", "sentiment": 0.0516, "entities": []}, {"author": "@ryanbankscpa", "comment": "I completely agree with your point that we lend money to the bank when we keep in a savings account. If you don't need that money right away, I suggest you put it in a GIC right now because interest returns are high with the increases in interest rates! If you might need that money in the short-term, I suggest looking at a credit unions where their savings accounts returns are much higher than the big 5 banks!", "likes": 0, "published_at": "2022-09-07T18:22:27Z", "sentiment": 0.8996, "entities": ["GIC"]}, {"author": "@teresa4565", "comment": "Once the bank increases it's lending rate, as it did today (Sept 7), how long is it before the GIC interest rates increase?", "likes": 1, "published_at": "2022-09-07T14:50:51Z", "sentiment": 0.6486, "entities": ["GIC"]}, {"author": "@go514", "comment": "Life is already so sad with current interest rate, will be horrible and will not be able to live the stress if it increases", "likes": 1, "published_at": "2022-09-06T13:45:28Z", "sentiment": -0.8069, "entities": []}, {"author": "@MountainFinance", "comment": "Great job Brandon, the whiteboard was a nice touch.", "likes": 1, "published_at": "2022-09-06T11:47:50Z", "sentiment": 0.7845, "entities": []}, {"author": "@realgeorgehere7123", "comment": "What\u2019s 5 Canadian index fund to DCA until I retire?", "likes": 1, "published_at": "2022-09-06T10:31:24Z", "sentiment": 0.0, "entities": []}, {"author": "@cutiecatboy", "comment": "This helps a lot actually. I\u2019ve been trying to learn about this type of stuff for a long time but I always end up sort of confused at the end of the day. Thankfully each learning experience makes it a little clearer for me so thank you for being part of that process Brandon! :)", "likes": 1, "published_at": "2022-09-06T04:55:32Z", "sentiment": 0.8949, "entities": []}, {"author": "@marquiscloutier9137", "comment": "FYI\u2026 we bought our house close to 25 years ago\u2026 6% interest rate was a deal back then!\nLife goes up and down, exactly like interest rates along the years.\nGreat video Brandon!", "likes": 2, "published_at": "2022-09-06T01:12:41Z", "sentiment": 0.9214, "entities": ["FYI"]}, {"author": "@brucecampbell208", "comment": "Very nice video thank you for your explanation!", "likes": 1, "published_at": "2022-09-06T00:47:35Z", "sentiment": 0.731, "entities": []}, {"author": "@briguys_adventures", "comment": "Nice video  Bran, always take away a little nugget of info with your content \nThanks", "likes": 1, "published_at": "2022-09-06T00:33:39Z", "sentiment": 0.6908, "entities": []}, {"author": "@Carol8693", "comment": "Great to know how interest rates work. Love your way of explaining \ud83d\ude00", "likes": 1, "published_at": "2022-09-06T00:22:12Z", "sentiment": 0.9062, "entities": []}, {"author": "@zyn6389", "comment": "\ud83c\udde8\ud83c\udde6", "likes": 1, "published_at": "2022-09-06T00:20:28Z", "sentiment": 0.0, "entities": []}, {"author": "@zampej963", "comment": "thank you .", "likes": 2, "published_at": "2022-09-05T23:13:44Z", "sentiment": 0.3612, "entities": []}, {"author": "@find-arka", "comment": "Thanks for always putting such informative stuff!  I keep on recommending your channel and \"new money\" to my friends. Keep up the good work buddy!", "likes": 3, "published_at": "2022-09-05T19:31:00Z", "sentiment": 0.8585, "entities": []}, {"author": "@advenvilla", "comment": "Another amazing video by the man himself\ud83d\ude4f\ud83d\ude4f", "likes": 3, "published_at": "2022-09-05T18:31:29Z", "sentiment": 0.5859, "entities": ["\ud83d\ude4f\ud83d\ude4f"]}, {"author": "@leonoravena9526", "comment": "CD means certificate of deposit", "likes": 1, "published_at": "2022-09-05T17:49:23Z", "sentiment": 0.0, "entities": []}, {"author": "@dyingpentas", "comment": "If mortage rate is above 5%, it will be painful for Canadian housing market, which is needed, but painful...", "likes": 7, "published_at": "2022-09-05T17:40:34Z", "sentiment": -0.2382, "entities": []}, {"author": "@coltukkor", "comment": "Was considering investing in some ETF funds but with the GIC rates around 4.5-5% I am torn.", "likes": 3, "published_at": "2022-09-05T17:23:16Z", "sentiment": -0.3612, "entities": ["GIC"]}, {"author": "@mr.financial", "comment": "Nice overview Brandon. We can all look forward to a little pain in the overall economy . Let's look at it with rose colored glasses though \ud83d\ude05", "likes": 1, "published_at": "2022-09-05T16:47:16Z", "sentiment": -0.0534, "entities": []}, {"author": "@kelvinmurphy7892", "comment": "Thanks for the video", "likes": 2, "published_at": "2022-09-05T16:47:15Z", "sentiment": 0.4404, "entities": []}, {"author": "@SloppyPlatypus", "comment": "I watched the entire video. Thanks Brandon!", "likes": 1, "published_at": "2022-09-05T16:22:39Z", "sentiment": 0.4926, "entities": []}]