[{"author": "@beaviswealth", "comment": "\ud83d\udcc8\ud83d\udcda\ud83c\udde8\ud83c\udde6 Join The Investing Academy Today - https://bit.ly/theinvestingacademy\n\nI'm so excited to be back! Thanks everyone for bearing with me on my little break off.. I hope you've all been doing well! :D", "likes": 23, "published_at": "2022-07-04T22:01:23Z", "sentiment": 0.9483, "entities": ["\ud83c\udde6 Join The Investing Academy"]}, {"author": "@johnmorrison9758", "comment": "Problem with your dream is that in 33 years, one million dollars is not going to be very much money.", "likes": 1, "published_at": "2024-04-12T11:04:30Z", "sentiment": -0.1779, "entities": []}, {"author": "@BoshBargnani", "comment": "Dividends decrease the value of shares, not increase. This entire video is pointless.", "likes": 0, "published_at": "2024-04-09T01:42:46Z", "sentiment": 0.3895, "entities": []}, {"author": "@stephenbrooke3066", "comment": "Good video. However, with a real inflation rate of 6-7%, that is, taking into account the deflation we should all be experiencing through technological advancements, you earn nothing in buying power. We should all know the official inflation numbers are manipulated lower, there\u2019s too much incentive to do so. Could you do a video like this that is inflation adjusted?", "likes": 0, "published_at": "2024-04-03T15:11:24Z", "sentiment": 0.4767, "entities": []}, {"author": "@user-wj9xq7ig2v", "comment": "Being 27 is the ultimate hack. Live long and prosper that's s lot of tasty compound interest.", "likes": 0, "published_at": "2024-03-15T16:47:45Z", "sentiment": 0.4588, "entities": []}, {"author": "@nilesandsam", "comment": "Sadly I did some investments with TD system and am down 80%.... I know it is a long term game but still so disappointing.  Even after tons of research and investment guides the stocks didn't do anything they expected to do.", "likes": 0, "published_at": "2024-03-07T14:31:53Z", "sentiment": -0.8212, "entities": ["TD"]}, {"author": "@johnstjean1422", "comment": "No one with give you a 7% interest in return. Your lucky two percent most the time", "likes": 0, "published_at": "2024-03-04T19:14:17Z", "sentiment": 0.5574, "entities": []}, {"author": "@rcadventure44", "comment": "$700000 in interest?", "likes": 0, "published_at": "2024-02-16T09:10:30Z", "sentiment": 0.4588, "entities": []}, {"author": "@user-ip9kp8js6c", "comment": "Once you buy a stock through WS are there any fees I have to pay", "likes": 0, "published_at": "2024-02-09T04:46:12Z", "sentiment": -0.1027, "entities": []}, {"author": "@Andy-ir1sj", "comment": "I understand dividends as a way of getting paid while you wait. But shares of a stock don't compound. You buy 1 share of xyz for 10$ and sell that share 10 years later for 20$ you only gained 10$ total, not 10$ per years compouded.", "likes": 0, "published_at": "2024-02-04T07:47:05Z", "sentiment": 0.8957, "entities": []}, {"author": "@emporergrimes", "comment": "Whats the point. Your money is trapped. If you take it out you get dinged", "likes": 0, "published_at": "2024-01-31T07:15:34Z", "sentiment": -0.5267, "entities": []}, {"author": "@jeanmichellevac515", "comment": "There is a Maximum tfsa gap in canada .....\n88000$ or something like that\ud83d\ude22", "likes": 0, "published_at": "2024-01-25T02:11:00Z", "sentiment": 0.3612, "entities": []}, {"author": "@notorisg007", "comment": "Are the returns taxable in tfsa if it outgrows contribution limit???", "likes": 0, "published_at": "2024-01-25T01:27:36Z", "sentiment": 0.0, "entities": []}, {"author": "@user-bx9rn5ix6q", "comment": "Great video!  A challenge of dividend investing in Canadian stocks is to make sure you have adequate balance in your portfolio.  The highest dividend payers are financials, telecoms and energy stocks.  If you want to diversify, you will necessarily need to accept lower ROR.  Do your research on the highest dividend payers that cut dividends in times of crisis.  Since most investors are there for lucrative dividends, this will send the share price plummeting and will wipe out your dividend returns (think CPG in 2014 after the oil boom).  Lastly, Canadian companies that pay USD dividends further amplifies your earnings but avoid holding US stocks in TFSA because you lose 15% to withholding tax.", "likes": 0, "published_at": "2024-01-08T19:48:02Z", "sentiment": -0.5635, "entities": ["ROR", "CPG"]}, {"author": "@gianthills", "comment": "are you using your TFSA account to buy stocks?", "likes": 0, "published_at": "2024-01-06T22:56:57Z", "sentiment": 0.0, "entities": []}, {"author": "@The411", "comment": "Cool, but a million wont buy you in 33 years what it does now.", "likes": 1, "published_at": "2023-12-22T17:29:46Z", "sentiment": 0.1655, "entities": []}, {"author": "@Alpha1Epsilon2", "comment": "This man stilll looks 18", "likes": 0, "published_at": "2023-12-21T19:21:16Z", "sentiment": 0.0, "entities": []}, {"author": "@PeeGeeThirteen", "comment": "I'm late to the party but am active to attain my retirement goals.\n\nYoung people!!! Don't be late to the party! Arrive Early!", "likes": 0, "published_at": "2023-12-07T02:41:56Z", "sentiment": 0.8784, "entities": []}, {"author": "@user-hm4jm1cy7m", "comment": "I have 100 TSLA stock in my TFSA and 100 in my RSP. Now Im wondering if I should pull the ones out of the RSP, pay the income tax on their current worth (if thats how that works) then put them in my TFSA..  I worry the stock will 10x then ill be paying a load more income tax on those 100 stocks compared to if I have them in my TFSA before they go up. Say they are worth 30g now.. should I pay income tax on it now before they are potentially worth 200g... if they are in the TFSA when they go up... wont I just have to pay 15% to the US when I sell them?", "likes": 0, "published_at": "2023-11-22T00:49:23Z", "sentiment": -0.4939, "entities": ["RSP", "RSP"]}, {"author": "@bosiu8", "comment": "\"Achieving a million-dollar portfolio is not as hard as you think; in fact, it's actually quite easy when you break it down.\"", "likes": 0, "published_at": "2023-11-18T21:29:14Z", "sentiment": 0.5406, "entities": []}, {"author": "@832elf", "comment": "You forgot your account for the basement of the dollar, money in the future will be worth much less, factoring inflation", "likes": 0, "published_at": "2023-10-20T04:51:57Z", "sentiment": 0.2263, "entities": []}, {"author": "@turntablesrockmyworld9315", "comment": "Good, now do a video for someone who is 53 years old, lost most in a divorce last year, has a mortgage (because  much cheaper than renting), and only has now $30 000 across all investments.", "likes": 1, "published_at": "2023-10-15T17:16:36Z", "sentiment": 0.1531, "entities": []}, {"author": "@maplecanada8039", "comment": "This guy is good. Merci beaucoup !", "likes": 0, "published_at": "2023-10-11T17:30:39Z", "sentiment": 0.4926, "entities": []}, {"author": "@shawnriese4374", "comment": "Nice if you have $60,000 contribution the day you start\u2026 \ud83e\udd14", "likes": 0, "published_at": "2023-10-06T18:31:06Z", "sentiment": 0.4215, "entities": []}, {"author": "@smu7270", "comment": "I was so happy investing in ETFs with Questrade. Was making about 7%. But then I realized that they pawned off my TFSA to BlackRock. I want nothing to do with them or Vanguard or all those slimy companies. Put my TFSA in a 5.09% GIC over 5 years while I figure out what to do next. Opened another TFSA with Tangerine in a high % interest account.", "likes": 0, "published_at": "2023-09-10T18:23:29Z", "sentiment": 0.7874, "entities": ["BlackRock", "Vanguard", "GIC", "Tangerine"]}, {"author": "@joannastjacques5692", "comment": "I thought the max contribution was 88000?", "likes": 0, "published_at": "2023-08-05T14:33:17Z", "sentiment": 0.0, "entities": []}, {"author": "@bashscrazy", "comment": "TD has only been around since 1955 (68 years)\nAnd the stock has only been around since 1989 (34 years)\n\nso how has TD been paying dividends for 145 years? \ud83e\udd23", "likes": 0, "published_at": "2023-07-12T14:06:39Z", "sentiment": 0.0, "entities": ["TD", "TD"]}, {"author": "@Lalaop999", "comment": "But Maximum TFSA Lifetime Limit in 2023 is $88,000. How can you contribute more than $88k? Please answer", "likes": 0, "published_at": "2023-07-07T04:34:19Z", "sentiment": 0.518, "entities": []}, {"author": "@aluminiumiodide", "comment": "where\u2019s the link for the calculator??", "likes": 0, "published_at": "2023-07-06T02:08:26Z", "sentiment": 0.0, "entities": []}, {"author": "@adammarchuk8885", "comment": "3.15% average inflation", "likes": 0, "published_at": "2023-06-10T20:31:56Z", "sentiment": 0.0, "entities": []}, {"author": "@K4lr0b", "comment": "I guess this does not include living in the big cities since it is pretty much impossible to have any money left at the end of the month.", "likes": 0, "published_at": "2023-05-31T20:04:44Z", "sentiment": 0.4939, "entities": []}, {"author": "@teledras", "comment": "TD is priced AMAZINGLY right now :) No1 position for me but i continue to add to TD/RY and I sleep well.", "likes": 0, "published_at": "2023-05-28T14:53:39Z", "sentiment": 0.6263, "entities": ["TD", "AMAZINGLY", "TD/RY"]}, {"author": "@Martinko_Pcik", "comment": "Rethink you \"major goal in life\". Enjoy your life today. The compauded inflation in the last 35 years is 147%. That is assuming only 2.6% annual inflation.\nIt means $100 in 1988 is equal $247 in 2023. If the inflation stayed at 2.6% for next 35 years, 1 mil in 2023 will be worth in 35 years $404.000 in today's money. Less than halve of the value.\n\"We'll all die anyway. Everything is futile\" \u2764", "likes": 0, "published_at": "2023-05-20T13:21:16Z", "sentiment": -0.0772, "entities": []}, {"author": "@geraldineb.9204", "comment": "Who else's wishes they're watching this video in their 20s?\ud83d\ude05. I need Atleast 2k per month to be a ble to retire in 20yrs\u263a\ufe0f\u261d\ufe0f\ud83d\ude4f", "likes": 0, "published_at": "2023-05-06T20:05:49Z", "sentiment": 0.1531, "entities": ["\u261d", "\ud83d\ude4f"]}, {"author": "@ElectiverBFF", "comment": "should i put US dividend stocks in my tfsa even knowing they will get taxed %15?", "likes": 0, "published_at": "2023-05-06T12:35:21Z", "sentiment": 0.0, "entities": []}, {"author": "@ploverlittle532", "comment": "the contribution room should be adjusted with inflation in reality. but this is Canada so dont think it will happen", "likes": 0, "published_at": "2023-05-01T12:35:32Z", "sentiment": 0.0, "entities": []}, {"author": "@chamedoon4154", "comment": "initial contribution of $61,500?\nYou assume that the TFSA contribution room will be completely filled with money from the get-go! Assumption was your TFSA has $61,500 contribution room in it and you will have the same amount full of cash!\nIsn't that assumption a bit unrealistic?", "likes": 0, "published_at": "2023-04-10T00:13:42Z", "sentiment": 0.0, "entities": []}, {"author": "@valeria-militiamessalina5672", "comment": "Thank god time is finite and we only need to prepare for 3 decades at most, some millionaires will not even get enough time to use their income, I know of several who kicked the bucket before 70 and even earlier. There is no armor against fate.", "likes": 0, "published_at": "2023-04-05T12:32:14Z", "sentiment": 0.34, "entities": []}, {"author": "@aladdin8372", "comment": "nice stock :)", "likes": 0, "published_at": "2023-03-19T16:53:41Z", "sentiment": 0.7003, "entities": []}, {"author": "@diyguy7357", "comment": "Great goal/video, enjoy watching your content however this one does leave me wondering why you left out a key component when \"compounding stocks\"\n This goal of 1Mil is only going to work for you if your investments are set up with a DRIP correct? If the dividend is not being reinvested, there will essentially be no compounding, and i think that would be useful information for people watching this type of content.", "likes": 0, "published_at": "2023-03-15T06:31:35Z", "sentiment": 0.8316, "entities": ["DRIP"]}, {"author": "@laed3520", "comment": "When I was 18 years old I bought my first 1 bedroom home for $1,300. At age 30 I bought my second home (3 Bedroom) for $75,000. At age 69 if I was to buy a new home now I would pay $750,000 for a 3 bedroom townhouse. When I was 18 $1M was a heck of a lot of money. Today it buys what I could buy for $75k at age 30. It seems to me that a young person today would need $100M at age 65 to be comfortable especially if we are going back into a high inflation cycle again like the 1970s when I was in my 20s. \ud83d\ude25", "likes": 0, "published_at": "2023-02-27T21:21:19Z", "sentiment": 0.6597, "entities": ["\ud83d\ude25"]}, {"author": "@kpopbutlofi", "comment": "Thank you for the video. You are talking about S&P500 but the IRS taxes the earnings and you speak about Canadian stocks, it's not really accurate OR I got something wrong which is very possible :D", "likes": 0, "published_at": "2023-02-09T19:57:18Z", "sentiment": 0.5525, "entities": ["S&P500", "IRS"]}, {"author": "@RickBouwman-mo4in", "comment": "Great advice...you might want to increase that goal though!  Even now, $1 million is not that much if you want to count on it for a retirement income!  Inflation will eat up average of 2-3% of your 7% return goal.  You didn't account for that.  Use a calculator to determine how much you will need per month to live on and include inflation.  I bet the number will be much higher than $1 million.  But I will give you kudos for your passion and the video quality.", "likes": 0, "published_at": "2023-01-28T21:27:50Z", "sentiment": 0.9285, "entities": []}, {"author": "@steveguinto2704", "comment": "This is waaaay too conservative 1 million buying power in 33 years will be cut in half.. lol", "likes": 0, "published_at": "2023-01-21T18:20:49Z", "sentiment": 0.1779, "entities": []}, {"author": "@sarabjeet1972", "comment": "Hi, can I trade credit spread in tfsa? Or that's possible only in margin account?", "likes": 0, "published_at": "2023-01-21T06:38:07Z", "sentiment": 0.4515, "entities": []}, {"author": "@sailingonasummerbreeze7892", "comment": "Nice video.  One can simply hold one of the Dividend Aristocrats funds like NOBL.    Has a little more of a management fee (expense ratio = 0.35), but still not outrageous.  They do all of the stock picking for you.", "likes": 0, "published_at": "2023-01-16T23:12:08Z", "sentiment": 0.7068, "entities": ["Dividend", "NOBL"]}, {"author": "@pradeeshma", "comment": "Thanks a lot for showing the power of compounding", "likes": 0, "published_at": "2022-12-27T16:22:00Z", "sentiment": 0.4404, "entities": []}, {"author": "@DeepFriedOreoOffline", "comment": "I don't see a link to the investment calculator in the description :O", "likes": 1, "published_at": "2022-12-09T22:47:36Z", "sentiment": -0.2808, "entities": []}, {"author": "@johnrossleitch9158", "comment": "I\u2019m a little confused on how you are getting 6%-7% year after year return if cn has a yield of 2.20% and has a 5 year growth of 7.8%.       7.8% / 5 years is 1.56% annually \nTo me this is only 2.2%+1.56% = 3.76% annual return. How can you say 6% is conservative if you can\u2019t even get 4% on this stock. I\u2019m still a little new to this world but you love to hear back on how you get 6%", "likes": 0, "published_at": "2022-12-07T19:23:33Z", "sentiment": 0.7962, "entities": []}, {"author": "@blugan", "comment": "Thank you! - new sub", "likes": 0, "published_at": "2022-12-04T22:59:07Z", "sentiment": 0.4199, "entities": []}, {"author": "@mari-angeladeschner5866", "comment": "Hey Brandon Great video's thanks for the knowledge where do I find the information on what dollar amount you have to have to start receiving your dividends in a stock", "likes": 0, "published_at": "2022-09-23T21:52:56Z", "sentiment": 0.7906, "entities": []}, {"author": "@xplode225", "comment": "this is awesome! Only one question though, how would it change if say you didnt contribute the max $ per each year?", "likes": 0, "published_at": "2022-09-19T15:10:59Z", "sentiment": 0.6588, "entities": []}, {"author": "@nathanyuki", "comment": "why do dividend growth stocks vs just do like index fund (s&p 500)???", "likes": 0, "published_at": "2022-09-13T14:55:29Z", "sentiment": 0.6848, "entities": []}, {"author": "@JadedGrey", "comment": "brookfield aint doing so hot rn lol", "likes": 0, "published_at": "2022-08-23T02:48:42Z", "sentiment": 0.4703, "entities": []}, {"author": "@michaelv2376", "comment": "Thank you for the video- great information - Question: Are you re-investing the dividends: (DRIP's)", "likes": 0, "published_at": "2022-08-08T21:33:41Z", "sentiment": 0.765, "entities": ["DRIP"]}, {"author": "@cameronvincent", "comment": "What happened in 2015 for contribution room to be 10k", "likes": 0, "published_at": "2022-08-04T18:43:39Z", "sentiment": 0.0, "entities": []}, {"author": "@kenp4464", "comment": "I started investing 5k a yr at 22 yrs old, 28 yrs ago with Manulife.  It's at 150k right now.", "likes": 0, "published_at": "2022-07-27T03:17:51Z", "sentiment": 0.0, "entities": []}, {"author": "@lucdo1278", "comment": "Would be much easier/quicker to reach the million dollar TFSA if you have a spouse.", "likes": 0, "published_at": "2022-07-26T05:55:16Z", "sentiment": 0.0258, "entities": []}, {"author": "@getitup100", "comment": "Question:\nlets say my TFSA has now grown to say $150,000.00, if I withdraw the full amount for what ever reason would I be allowed to deposit back into my  TFSA the full $150,000.00 say next year or, would I only be allowed to start again with my basic contribution limit ?", "likes": 0, "published_at": "2022-07-19T04:48:53Z", "sentiment": 0.0, "entities": []}, {"author": "@valp855", "comment": "woohoo lets goo", "likes": 0, "published_at": "2022-07-18T21:36:57Z", "sentiment": 0.5106, "entities": []}, {"author": "@andrewnikkel3684", "comment": "Unfortunately I maxed it out last year when I was 25 and withdrew it all to buy a house, now I have to start over\u2026", "likes": 2, "published_at": "2022-07-16T01:10:15Z", "sentiment": -0.34, "entities": []}, {"author": "@perringuru6728", "comment": "Is it better to have a TFSA with wealthsimple or TD.", "likes": 0, "published_at": "2022-07-14T22:32:50Z", "sentiment": 0.4404, "entities": ["TD"]}, {"author": "@eugeniopurificacion1237", "comment": "Hi Brandon, can \nI share your video to my friends?", "likes": 1, "published_at": "2022-07-14T19:39:58Z", "sentiment": 0.6486, "entities": []}, {"author": "@jimmbboe", "comment": "Already own all 3 of the stocks mentioned.  Just wish I had started earlier!", "likes": 0, "published_at": "2022-07-14T03:41:32Z", "sentiment": 0.4574, "entities": []}, {"author": "@DeepValueCo", "comment": "Or you can hit a few home runs on a few microcaps and compound at +20% and target $100M by 60... perhaps less likely to work but far more fun if it does.", "likes": 0, "published_at": "2022-07-12T02:54:33Z", "sentiment": 0.7086, "entities": []}, {"author": "@zohahs5276", "comment": "which software are you using at 6:46 I really like the CAGR feature for this one! manythanks its amazing million dollar video in itself I hope you get 1 million views on this! love it!", "likes": 1, "published_at": "2022-07-11T23:49:44Z", "sentiment": 0.9466, "entities": []}, {"author": "@zohahs5276", "comment": "AHA now your talking...always wonder how one can build 1million with 6000 per year contribution sounds impossible :) thanks.", "likes": 0, "published_at": "2022-07-11T23:41:10Z", "sentiment": 0.7096, "entities": ["AHA"]}, {"author": "@Nina_banana", "comment": "I have a question: if I have maximized my contribution limit of 82k, and that 82k grew to 1 million dollars in my tfsa, and then I withdrew $50k, would I be able to recontribute that 50k in the next year?", "likes": 1, "published_at": "2022-07-10T07:18:24Z", "sentiment": 0.0, "entities": []}, {"author": "@ProgressiveWindsor", "comment": "Dividends and cash flow are irrelvant. Please listen to warren buffet and ben felix. This strategy has so little diversification and will end in pain. Global total market index funds are the only option for TFSAs.", "likes": 0, "published_at": "2022-07-09T17:37:56Z", "sentiment": -0.25, "entities": []}, {"author": "@mr.financial", "comment": "Hey Brandon,  I didn't know you were a DGI! I noticed your other portfolios you made with your dad included mainly growth stocks. Is there a reason for this change?", "likes": 3, "published_at": "2022-07-09T05:12:05Z", "sentiment": 0.4389, "entities": ["DGI"]}, {"author": "@michelayotte2531", "comment": "Merci beaucoup. Tr\u00e8s int\u00e9ressant!", "likes": 0, "published_at": "2022-07-09T01:46:54Z", "sentiment": 0.0, "entities": []}, {"author": "@broomop1", "comment": "Our TFSA account reached 1M already and still is growing", "likes": 0, "published_at": "2022-07-08T14:23:48Z", "sentiment": 0.2732, "entities": []}, {"author": "@Syn_Slater", "comment": "Any thought on the horizons CHPS semiconductor ETF?", "likes": 0, "published_at": "2022-07-08T01:50:23Z", "sentiment": 0.0, "entities": ["CHPS"]}, {"author": "@lyndanickerson1373", "comment": "How do I know if I'm chatting to actually someone from the Academy on TikTok?", "likes": 0, "published_at": "2022-07-07T21:36:20Z", "sentiment": 0.0, "entities": ["the Academy on TikTok"]}, {"author": "@wallyg8020", "comment": "Hey Brandon what are other stocks that have been increasing their dividends ?", "likes": 1, "published_at": "2022-07-07T21:18:57Z", "sentiment": 0.0, "entities": []}, {"author": "@lw1405", "comment": "Great video Brandon!  Hope you had a great break!", "likes": 0, "published_at": "2022-07-07T14:16:27Z", "sentiment": 0.9133, "entities": []}, {"author": "@afzalshaikh2128", "comment": "I\u2019m 40 years old and you just made me login to my tfsa account and question my strategy. Have 20 years", "likes": 0, "published_at": "2022-07-07T03:13:16Z", "sentiment": 0.0, "entities": []}, {"author": "@Bl4ckDoT_", "comment": "Don't really agree with the recommendations given. If you're young (27) or even younger (18), you should take in more risk for a higher return. For example QQQ or even riskier like ARKK, or even buying individual tech companies like google or msft (buy several different ones) would be far better. Risk should be avoided for money you will need in the short term, if the money will be needed very far into the future, you should seek higher yields. Also, 1 million in 33 years will be worthless, think how much houses cost 33 years ago and how much they cost now. If you're close to retirement, switch to a safer balanced portfolio that contains bonds.", "likes": 0, "published_at": "2022-07-07T02:27:07Z", "sentiment": -0.4253, "entities": ["QQQ", "ARKK", "google"]}, {"author": "@Jeremy-fy1sz", "comment": "This is exactly they type of thing I'm into. I hope to do the same thing and am looking at a similar time frame. An interest free million dollar portfolio in retirement would be ideal, a source of tax free income, and a great inheritance for my kids", "likes": 4, "published_at": "2022-07-07T01:15:11Z", "sentiment": 0.9638, "entities": []}, {"author": "@abnutcracker-xh3wy", "comment": "For the age group under 30 a subject of 1M dollar TFSA long term seems out of touch again with most in that age group  just trying to survive let alone have the extra funds to exclusively max out a TFSA versus diversifying with an RRSP . Heck most seniors can't hit 1M overall in a lifetime and the younger are worse off .  You need to pick subjects that actually deal with what everyone is actually dealing today with, such as a bear market and the recession as it's developing. Presenting this 1M TFSA is a dream most could never achieve and not what a balanced portfolio that people need to work on would actually look like . Time to put more thought in your subjects", "likes": 2, "published_at": "2022-07-06T20:02:14Z", "sentiment": -0.5267, "entities": ["RRSP"]}, {"author": "@sauce.17", "comment": "Does anyone know the name of the app used to show the graph of TD, CNR and BAM.A ?", "likes": 0, "published_at": "2022-07-06T16:37:48Z", "sentiment": 0.0, "entities": ["TD", "CNR"]}, {"author": "@GaryCruz", "comment": "As someone who had the same goals at your age, you are definitely on track.", "likes": 2, "published_at": "2022-07-06T15:42:42Z", "sentiment": 0.4019, "entities": []}, {"author": "@brickman_", "comment": "1 million won't be worth much in 33 years", "likes": 0, "published_at": "2022-07-06T14:35:56Z", "sentiment": -0.1695, "entities": []}, {"author": "@50tigres79", "comment": "The contribution amount can change as well evenutually.", "likes": 0, "published_at": "2022-07-06T06:03:48Z", "sentiment": 0.2732, "entities": []}, {"author": "@Cross-xm2fr", "comment": "1m today and 1m ten years from now is not the same", "likes": 0, "published_at": "2022-07-06T05:51:47Z", "sentiment": 0.0, "entities": []}, {"author": "@kevinrasmussen1319", "comment": "Hey Brandon... love the channel! I'm wondering what your take is on some of the Covered Call high yield dividend ETFs out there, for example the BMO funds like ZWU, ZWC, ZWE etc?", "likes": 0, "published_at": "2022-07-06T01:36:23Z", "sentiment": 0.7901, "entities": ["BMO", "ZWC"]}, {"author": "@paulinanelega", "comment": "Inflation and nominal dollars?", "likes": 0, "published_at": "2022-07-06T01:29:52Z", "sentiment": 0.0, "entities": []}, {"author": "@gavnonadoroge3092", "comment": "and who said td bank will not go bankrupt at some point in the future?", "likes": 0, "published_at": "2022-07-06T00:14:14Z", "sentiment": 0.4449, "entities": []}, {"author": "@6Dicesare", "comment": "WOW new intro song, fancy edits, and a fresh haircut! Good to see ya", "likes": 0, "published_at": "2022-07-05T23:07:41Z", "sentiment": 0.8757, "entities": ["WOW"]}, {"author": "@clarifyingquestions", "comment": "Do you love today's pick as much as you love BABA?  Also, how do you calculate inflation for this calculation. ie what will I million be worth in 33 years. Today you are 27 years old  + 33 years contribution @ a 6% rate of return gives you 1miilion when you are 60 years old.  So in 2055 what willl 1 million be worth.  500k?", "likes": 0, "published_at": "2022-07-05T22:37:14Z", "sentiment": 0.9111, "entities": ["500k"]}, {"author": "@jeffersonnguyen3248", "comment": "1 million in 33 years is probably worth like 450k of todays dollars :O", "likes": 0, "published_at": "2022-07-05T22:12:37Z", "sentiment": 0.3109, "entities": []}, {"author": "@leagueplays2100", "comment": "meanwhile most people cant put 6k a year.", "likes": 0, "published_at": "2022-07-05T21:51:01Z", "sentiment": 0.0, "entities": []}, {"author": "@jeanslee8027", "comment": "The funny thing is there are already people with a $1M TFSA... many with multiple 6 figures... mind blowing!", "likes": 0, "published_at": "2022-07-05T21:36:51Z", "sentiment": 0.4926, "entities": []}, {"author": "@huyduong5716", "comment": "But Brandon, you haven\u2019t factor in the inflation rate year over year for 33 years.", "likes": 1, "published_at": "2022-07-05T21:36:21Z", "sentiment": 0.0, "entities": []}, {"author": "@momo35444", "comment": "great video!! glad your back. thanks for the great knowledge", "likes": 0, "published_at": "2022-07-05T21:11:58Z", "sentiment": 0.9401, "entities": []}, {"author": "@davepierre3168", "comment": "One of the best videos you put so far . Thanks so much", "likes": 0, "published_at": "2022-07-05T20:29:04Z", "sentiment": 0.8115, "entities": []}, {"author": "@yahrentissera1896", "comment": "what about enbridge?", "likes": 0, "published_at": "2022-07-05T18:44:43Z", "sentiment": 0.0, "entities": []}, {"author": "@kimmckinley7879", "comment": "Great education Brandon! \ud83d\udc4d", "likes": 0, "published_at": "2022-07-05T17:58:40Z", "sentiment": 0.6588, "entities": []}, {"author": "@nickleung8628", "comment": "Brandon, I left a message in the insta page and sent an email. Can\u2019t access my investing academy account. Need help please advise", "likes": 0, "published_at": "2022-07-05T16:18:51Z", "sentiment": 0.6124, "entities": []}, {"author": "@mikej1986", "comment": "Fantastic video! Really enjoyed this one bud!", "likes": 0, "published_at": "2022-07-05T16:13:06Z", "sentiment": 0.8306, "entities": []}, {"author": "@Kedar9", "comment": "Thank you so much for this detailed video. You've included tons of brilliant info in just 10 mins.\nWhat is the platform/app you're using at 6:45?", "likes": 3, "published_at": "2022-07-05T14:18:32Z", "sentiment": 0.743, "entities": []}, {"author": "@darryld_009", "comment": "Welcome back. Are you still going to try for quality over quantity on your videos?", "likes": 0, "published_at": "2022-07-05T13:34:34Z", "sentiment": 0.4588, "entities": []}, {"author": "@garyExposMtl", "comment": "My rate of return is not 6-7%.  It's -11.6%.  How fast will I get to 1 million dollars with that?", "likes": 1, "published_at": "2022-07-05T10:37:47Z", "sentiment": 0.0, "entities": []}, {"author": "@Reddylion", "comment": "Nice", "likes": 1, "published_at": "2022-07-05T06:57:30Z", "sentiment": 0.4215, "entities": []}, {"author": "@essenceofcanada1314", "comment": "Essentially the perfect video. Nice simple and easy way to give us the type of interesting info that makes our mouth water to see how we can make more money, especially with all the volatility in our world today. Keep up the great work!", "likes": 4, "published_at": "2022-07-05T05:26:04Z", "sentiment": 0.9476, "entities": []}, {"author": "@snapkutter", "comment": "What will the buying power of $1M be in 33 years in today\u2019s dollars?", "likes": 79, "published_at": "2022-07-05T05:04:49Z", "sentiment": 0.0, "entities": []}, {"author": "@ItalianStar", "comment": "Loved it! You are my favorite Canadian financial youtuber \ud83d\udc97\ud83d\udc97\ud83d\udc97\ud83d\udc4d\ud83d\udc4d\ud83d\udc4d", "likes": 1, "published_at": "2022-07-05T04:48:31Z", "sentiment": 0.8016, "entities": []}, {"author": "@ParallelWealth", "comment": "Welcome back!", "likes": 0, "published_at": "2022-07-05T04:12:18Z", "sentiment": 0.5093, "entities": []}, {"author": "@timothytorpy4837", "comment": "What software/service do you like to view and rate stocks?", "likes": 1, "published_at": "2022-07-05T03:40:50Z", "sentiment": 0.3612, "entities": []}, {"author": "@anonuser12345", "comment": "Looks good. I like to see you focus more on the TD's and CNR's of the world, solid long term dividend growth companies that most Canadians should be buying.", "likes": 3, "published_at": "2022-07-05T03:34:40Z", "sentiment": 0.8225, "entities": ["TD", "CNR"]}, {"author": "@leehillaby1706", "comment": "I'm watching Brookfield like a hawk...can I get a fire sale please?", "likes": 1, "published_at": "2022-07-05T03:34:12Z", "sentiment": 0.34, "entities": []}, {"author": "@mustafaal-humairi6477", "comment": "According to   inflation history, $1 million dollars today will  worth equivalent to 500,000 dollars or less 30  years  in the future so, if we are willing to reach $1 million  in  buying power   after 30 years, we actually have to achieve about 2 million dollars 30 years from now", "likes": 2, "published_at": "2022-07-05T03:26:13Z", "sentiment": 0.25, "entities": []}, {"author": "@jayr8134", "comment": "Awesome Video\u2764", "likes": 0, "published_at": "2022-07-05T03:17:28Z", "sentiment": 0.6249, "entities": ["Awesome Video"]}, {"author": "@scottmills524", "comment": "My TFSA is at 150K right now.", "likes": 1, "published_at": "2022-07-05T02:55:00Z", "sentiment": 0.0, "entities": []}, {"author": "@ruskingallardo2403", "comment": "Welcome back!", "likes": 0, "published_at": "2022-07-05T02:54:26Z", "sentiment": 0.5093, "entities": []}, {"author": "@ItsBurnahMan", "comment": "quality video bro, hope the break served u and ur family well", "likes": 0, "published_at": "2022-07-05T02:35:47Z", "sentiment": 0.6124, "entities": []}, {"author": "@keenanmurray3306", "comment": "1 million dollars doesn\u2019t go as far today as you\u2019d think.  Townhomes where I live in Vancouver are over a million.  Imagine in 33 years from now how far  1 million will go.", "likes": 2, "published_at": "2022-07-05T02:19:46Z", "sentiment": 0.0, "entities": []}, {"author": "@cheynebest7028", "comment": "Rounded second with the weakest 6 month stock market performance in 50 years. This is a great opportunity considering what happend the last time inflation took off. Found success with disruptive companies and mainly being focused on growth. There are many different paths to find financial freedom and you should gather as much information from as many different sources to make informed decisions on your portfolio. Great video!", "likes": 2, "published_at": "2022-07-05T02:02:53Z", "sentiment": 0.9628, "entities": []}, {"author": "@XInfinity2024", "comment": "Good video, I can't wait to see a series possibly made on it on youtube.\n\n--- Question ---\nI know people use leverage for investing in their taxable account but I was wondering if the CRA there would get mad/audit a person if they pulled money from a credit card/mortgage/line of credit to put into their TFSA to buy stocks?", "likes": 1, "published_at": "2022-07-05T01:14:25Z", "sentiment": 0.8294, "entities": ["CRA"]}, {"author": "@hawaiianinCanada", "comment": "Great content!!!\nLove your channel", "likes": 0, "published_at": "2022-07-05T01:07:34Z", "sentiment": 0.88, "entities": []}, {"author": "@karlosm2730", "comment": "I Just wish TFSA's were around when I was 18...not 31.", "likes": 0, "published_at": "2022-07-05T01:05:38Z", "sentiment": 0.4019, "entities": []}, {"author": "@renzenker2526", "comment": "So if you turned 40 in 2009 do you get to retroactively contribute to when you were 18?!?! If not this program discriminates against older people?!", "likes": 0, "published_at": "2022-07-05T00:53:24Z", "sentiment": 0.0, "entities": []}, {"author": "@adam0007ful", "comment": "Great video, we did the same TFSA calcs\ud83d\ude01. Do you invest also in US ETFs?. I do. Even have some TECL and TQQQ, investing from Canada. Your thoughts ?", "likes": 1, "published_at": "2022-07-05T00:47:28Z", "sentiment": 0.6662, "entities": ["TECL", "TQQQ"]}, {"author": "@mr.xernorus4026", "comment": "Why not just do VFV with DCA, seems way simpler. I have a friend who went all-in TD stock 8 years ago. Dont know if I can surpass him with only VFV.", "likes": 0, "published_at": "2022-07-05T00:29:07Z", "sentiment": 0.4939, "entities": ["VFV", "DCA", "TD", "VFV"]}, {"author": "@TheMetamucil", "comment": "No more BABA in your TFSA!!! Will you also sell also tencent?", "likes": 0, "published_at": "2022-07-05T00:07:28Z", "sentiment": -0.4724, "entities": ["BABA"]}, {"author": "@syz3981", "comment": "U looking slimmer??", "likes": 2, "published_at": "2022-07-04T23:57:40Z", "sentiment": 0.0, "entities": []}, {"author": "@rockymtnrdr", "comment": "Great video Brandon! I have been DCA into CNR, TD and BAM for years now! Great picks :D", "likes": 4, "published_at": "2022-07-04T23:47:01Z", "sentiment": 0.9302, "entities": ["CNR", "TD", "BAM"]}, {"author": "@jonm1066", "comment": "Had 1m but lost it during the crash. Unfortunate", "likes": 0, "published_at": "2022-07-04T23:44:57Z", "sentiment": -0.8885, "entities": []}, {"author": "@saveourplanet4204", "comment": "Welcome Back! EXCELLENT VIDEO!!! All your videos have always been a valuable resource! Video request: A video of growth/value stocks for both Canada & US markets for companies that focus on investing back into company, instead of paying dividends? Like BRK.A, BRK.B.  Reasoning would be if retiring early with an excellent work pension, RRSP/Spousal RRSP, non registered investments, etc... in addition to an always maxed out TFSA with all dividend stocks, that already includes the ones you mentioned here btw :)  Reasoning is with income splitting, I would like to control  selling stocks when I choose and pay the capital gains, instead of paying tax yearly on the dividends & further increasing yearly income.  Am I overthinking it because tax on dividends is even lower than capital gains? We have not retired yet, but planning....Keep up the excellent work, and take time off as you need it, for yourself & your lovely family or before you realize your newborn will be 20 years old!  Memories and family are what is priceless. Kindest regards!", "likes": 0, "published_at": "2022-07-04T23:43:14Z", "sentiment": 0.9776, "entities": ["Canada & US", "RRSP/Spousal RRSP"]}, {"author": "@teragordon6146", "comment": "Anyone who is not investing now is missing a tremendous opportunity.", "likes": 2, "published_at": "2022-07-04T23:26:24Z", "sentiment": 0.1531, "entities": []}, {"author": "@henjer2150", "comment": "Welcome back dude. Love the RAPTORS shirt. Oh ya great video to. Wait is that a RAPTORS shirt????", "likes": 0, "published_at": "2022-07-04T23:25:57Z", "sentiment": 0.9226, "entities": []}, {"author": "@carson1861", "comment": "Well explained Brandon... welcome back. Nice to watch another video.  Dividends are awesome. Thanks     again", "likes": 2, "published_at": "2022-07-04T23:22:11Z", "sentiment": 0.9313, "entities": []}, {"author": "@j.p.6228", "comment": "Really high quality video buddy, could tell the break off refreshed ya", "likes": 2, "published_at": "2022-07-04T23:15:58Z", "sentiment": 0.0, "entities": []}, {"author": "@crash7098", "comment": "What program are you using to view the stocks?", "likes": 0, "published_at": "2022-07-04T23:10:49Z", "sentiment": 0.0, "entities": []}, {"author": "@metalpolishshop", "comment": "usually the reason for the dividends increases is the share price appreciation.  The dividends get too low and buyers of the stock go away.... so the dividends go back up to reclaim the buyers. Buy banks when dividends are high and sell when they are low.... if you want to trade per say", "likes": 0, "published_at": "2022-07-04T23:06:25Z", "sentiment": 0.5719, "entities": []}, {"author": "@flavourpunchh", "comment": "Brandon, do I get to use the unused TFSA space from previous years?? Is that what you are saying? I am 32 this year and you've inspired me to invest seriously. Thank you for your content.", "likes": 0, "published_at": "2022-07-04T23:01:37Z", "sentiment": 0.6747, "entities": []}, {"author": "@benjaminalomia9034", "comment": "Welcome back Brandon! Nice content", "likes": 0, "published_at": "2022-07-04T23:00:32Z", "sentiment": 0.7263, "entities": []}, {"author": "@RaphaelRowley", "comment": "What website did Brandon use for showing the total return?", "likes": 1, "published_at": "2022-07-04T22:55:53Z", "sentiment": 0.0, "entities": []}, {"author": "@SloppyPlatypus", "comment": "Every paycheck I put $250 into XEQT. Investing should be boring.", "likes": 0, "published_at": "2022-07-04T22:48:55Z", "sentiment": -0.3182, "entities": ["XEQT"]}, {"author": "@MountainFinance", "comment": "When you play with math, I will always be there lol.", "likes": 0, "published_at": "2022-07-04T22:39:22Z", "sentiment": 0.6369, "entities": []}, {"author": "@davidwilson9976", "comment": "How many times did we hear that the tortoise wins the race and yet we still try to be the hare?", "likes": 0, "published_at": "2022-07-04T22:37:47Z", "sentiment": 0.5719, "entities": []}, {"author": "@LonneLpp", "comment": "This video was very enjoyable!", "likes": 0, "published_at": "2022-07-04T22:36:57Z", "sentiment": 0.54, "entities": []}, {"author": "@cutiecatboy", "comment": "damn you weren't joking when you said you wanted to put out better content, you've certainly earned my like! hyped for this because i started investing in my tfsa when i was 18 so the numbers are looking good :)", "likes": 45, "published_at": "2022-07-04T22:34:09Z", "sentiment": 0.8633, "entities": []}, {"author": "@Rob-ob3sh", "comment": "Hey Brandon good to see a new video. Thank you", "likes": 0, "published_at": "2022-07-04T22:31:33Z", "sentiment": 0.6597, "entities": []}, {"author": "@johncolosimo7080", "comment": "I believe that the total amount you can contribute to your tfca total of 82,0000.00 ?", "likes": 2, "published_at": "2022-07-04T22:18:22Z", "sentiment": 0.0, "entities": []}, {"author": "@derradi8327", "comment": "Don't dream my friend ! the Warren Buffet past Old Golden days are gone . Recession is at our front step door !", "likes": 1, "published_at": "2022-07-04T22:18:15Z", "sentiment": -0.7752, "entities": ["the Warren Buffet past"]}, {"author": "@ab.4425", "comment": "Great content Brandon!! The editing of the video looks very good!! Thank you so much!!", "likes": 6, "published_at": "2022-07-04T22:16:59Z", "sentiment": 0.905, "entities": []}, {"author": "@alexg5460", "comment": "Omggg you do dividends \ud83d\ude02\ud83d\ude02 terrible idea", "likes": 1, "published_at": "2022-07-04T22:06:22Z", "sentiment": -0.4767, "entities": []}, {"author": "@gp5787", "comment": "I really liked this one. Glad your break is nto as long as I expected.\n\nCan you link the calculator please?", "likes": 2, "published_at": "2022-07-04T22:03:44Z", "sentiment": 0.8122, "entities": []}, {"author": "@beaviswealth", "comment": "\ud83d\udcc8\ud83d\udcda\ud83c\udde8\ud83c\udde6 Join The Investing Academy Today - https://bit.ly/theinvestingacademy\n\nI'm so excited to be back! Thanks everyone for bearing with me on my little break off.. I hope you've all been doing well! :D", "likes": 23, "published_at": "2022-07-04T22:01:23Z", "sentiment": 0.9483, "entities": ["\ud83c\udde6 Join The Investing Academy"]}, {"author": "@alexg5460", "comment": "Ethereum ETF baby", "likes": 0, "published_at": "2022-07-04T22:00:55Z", "sentiment": 0.0, "entities": []}, {"author": "@arshaeskandari7462", "comment": "I\u2019m here", "likes": 1, "published_at": "2022-07-04T22:00:45Z", "sentiment": 0.0, "entities": []}, {"author": "@beatrizjumawan8884", "comment": "First! Welcome back!!!!", "likes": 0, "published_at": "2022-07-04T22:00:37Z", "sentiment": 0.6331, "entities": []}]