[{"author": "@beaviswealth", "comment": "\ud83d\udcc8Join The Investing Academy \u27a4 https://bit.ly/theinvestingacademy \n\ud83d\udcaeBlossom Social (See My Exact Portfolio & Trades) \u27a4  https://getblossom.page.link/brandon", "likes": 0, "published_at": "2023-03-20T22:08:05Z", "sentiment": 0.0, "entities": ["The Investing Academy", "Blossom Social (See My Exact Portfolio & Trades"]}, {"author": "@anfany2464", "comment": "Can I continue contributing to FHSA (opened when qualified) after I purchase home?", "likes": 0, "published_at": "2024-04-13T16:16:39Z", "sentiment": 0.0, "entities": ["FHSA"]}, {"author": "@anfany2464", "comment": "Can we use both husband and wife\u2019s HBP and FHSA when only one name is on the home buying contract?", "likes": 0, "published_at": "2024-04-13T16:15:32Z", "sentiment": 0.0, "entities": ["FHSA"]}, {"author": "@IIDannyBoyII", "comment": "vfv and vdy", "likes": 0, "published_at": "2024-04-08T01:12:37Z", "sentiment": 0.0, "entities": []}, {"author": "@Pokerbummer", "comment": "Great vid, can you please help clarify one point I\u2019ve been struggling to understand. \n\nIssue - RC725 form requires details of the home to make an eligible withdrawal which takes 3-5 business days to process. Meanwhile earnest money deposit has to be done within a day or 2 at max of finalizing the agreement. Which means you won\u2019t be able to pay EMD using FHSA funds. So how can someone circumnavigate this issue. \n\nPossible solution- Can I pay EMD using cash in my chequing account and later add that same amount to FHSA account and withdraw when I close this giving me enough time to make an eligible withdrawal? In this case would I be eligible for tax deduction on the entire amount in my FHSA? \n\nQuestion 2- Do I have to prove later to CRA where I used the funds from FHSA, like submit all receipts be it down payment, closing costs, renovations etc? \n\nThank you so much whoever takes the time to understand and respond to this. \u2764 it\u2019s an issue all of us will face when withdrawing", "likes": 0, "published_at": "2024-03-26T03:22:49Z", "sentiment": 0.9674, "entities": ["EMD", "FHSA", "EMD", "FHSA", "FHSA", "CRA", "FHSA"]}, {"author": "@pragyapalit9485", "comment": "@beaviswealth can we use this fund for paying first time home mortgage amount on month on month? It's available for 15 years . Hence the question", "likes": 0, "published_at": "2024-03-09T23:09:16Z", "sentiment": 0.0, "entities": []}, {"author": "@mehdidkhil5190", "comment": "Thank you for the interesting video!\nPlease, can we hold us stocks in a fhsa or we'll be taxed for this kind of stocks?", "likes": 0, "published_at": "2024-02-19T18:20:17Z", "sentiment": 0.7777, "entities": []}, {"author": "@phoenixoliviacopy2727", "comment": "Only 40K max can be saved?! What can $40 K downpayment get you these days?", "likes": 0, "published_at": "2024-01-28T21:42:46Z", "sentiment": 0.0, "entities": []}, {"author": "@stickbrick8219", "comment": "Market linked GIC = principal 100% protected but you participate in stock market gains , albeit not fully", "likes": 0, "published_at": "2024-01-24T00:48:44Z", "sentiment": 0.6187, "entities": ["GIC"]}, {"author": "@user-ro2kc6ep7n", "comment": "Hi,\nMaking a qualifying withdrawal \"You must not have acquired the qualifying home more than 30 days before making the withdrawal\"\n\nMust have to be on your down-payment?\nCan be withdrawal after your closing date?", "likes": 0, "published_at": "2024-01-14T10:35:26Z", "sentiment": 0.168, "entities": []}, {"author": "@MaxStewart03", "comment": "Hi I opened an FHSA in 2023 with Wealthsimple, then 2024 I opened one with RBC. Am I now able to contribute 16k to my FHSA in my RBC account?", "likes": 0, "published_at": "2024-01-11T03:43:33Z", "sentiment": 0.0, "entities": ["FHSA", "RBC", "FHSA", "RBC"]}, {"author": "@vishwaraghavan8101", "comment": "I'm not really interested in getting a property soon. I move around Canada for my job quite frequently. I still think I should take advantage of the FHSA to grow my money and roll it into my RRSP. If that's the case, I feel like I should use my TFSA for more conservative investing and use the FHSA for a the High Yields (CASH). Does this make sense or am I crazy?", "likes": 0, "published_at": "2023-12-22T13:34:04Z", "sentiment": -0.0963, "entities": ["FHSA", "RRSP", "FHSA"]}, {"author": "@anjaldesai1732", "comment": "@beaviswealth What if I open this account and let is sit without any contributions or lets say I am making very minimal contributions each year. On the other hand I am saving up money in my personal account which I haven't specified for buying a first home. But after 3-4 years, I have some funds saved up and decide to buy a home, can i just put that money in FHSA and take it out in a month just to get the tax benefit for the amount i am using for buying a home. \nI understand that I can have max $16000 room each year including carry-forwarded room , so I can take this tax benefit for only $16000, not more than that. But still, Can I still do that or there is something that I am missing out?", "likes": 0, "published_at": "2023-12-22T01:40:38Z", "sentiment": 0.9001, "entities": ["FHSA"]}, {"author": "@vanraj9394", "comment": "what will happen if I invest 32K after 4 years(8k each year) and with GIC's interest & stock profit, it went 45K. can I still invest remaining 8K?", "likes": 0, "published_at": "2023-12-21T20:01:29Z", "sentiment": 0.7096, "entities": ["GIC"]}, {"author": "@tintinlol7881", "comment": "Can someone open an FHBA after purchasing a house a month ago given the buyer never owned an eligible house before? Thanks", "likes": 0, "published_at": "2023-12-18T22:27:09Z", "sentiment": 0.4404, "entities": ["FHBA"]}, {"author": "@jamessawyer1331", "comment": "I have money coming in but I didn't want to miss out for this year for carryover. How much would the minimum contribution is for the FHSA? I can't find it anywhere online. Only talked about maximum.", "likes": 0, "published_at": "2023-12-16T00:55:58Z", "sentiment": 0.0857, "entities": ["FHSA"]}, {"author": "@sarfarazmazgaonkar1266", "comment": "If we open an FHSA account before 31st Dec with a Bank, do we need to put a minimum amount to open or just open it and get the 2023 room?", "likes": 0, "published_at": "2023-12-14T17:52:15Z", "sentiment": 0.0, "entities": ["FHSA", "Bank"]}, {"author": "@jessicaanne1706", "comment": "Major question, if I don\u2019t contribute the maximum annual amount, do I loose that space? Or do I have the full 15 years to contribute the 40k max?", "likes": 0, "published_at": "2023-12-04T22:38:03Z", "sentiment": -0.3939, "entities": []}, {"author": "@pettypatel7403", "comment": "Hi \nI little differ with your approach. I believe you will also like my idea. I will go with GIC and interest earned in GIC will go with high dividend aft. Ideas behind that is saving my principle and get benefit of high dividend elf.", "likes": 0, "published_at": "2023-12-02T14:14:58Z", "sentiment": 0.8176, "entities": ["GIC", "GIC"]}, {"author": "@kitty4tify", "comment": "Do we pay tax on the interests?", "likes": 0, "published_at": "2023-10-28T09:28:32Z", "sentiment": 0.1531, "entities": []}, {"author": "@AceVenturaXii", "comment": "Thanks Brandon!", "likes": 0, "published_at": "2023-09-09T14:31:47Z", "sentiment": 0.4926, "entities": []}, {"author": "@matthewflanagan1135", "comment": "Doing some research into this.  Great video!  What if I want to buy a house using my FHSA with my partner or wife.  Can we both use our FHSA to contribute towards a home?", "likes": 2, "published_at": "2023-08-30T15:33:38Z", "sentiment": 0.7556, "entities": ["FHSA", "FHSA"]}, {"author": "@begley09", "comment": "I signed a contract in Oct 2021 for a new build that will complete in either the end of 2023 or early 2024. I have made my first deposit into this account already. \n\nNever owned, I meet the first time buyer eligibility but what I'm stressing about is if I meet the withdrawal eligibility. \n\nEven though I won't own this home til 2023/2024, I signed the contract in 2021 - does this matter?", "likes": 0, "published_at": "2023-08-11T08:31:15Z", "sentiment": -0.4428, "entities": []}, {"author": "@DavidWebsterAD", "comment": "I would highly recommend not to invest in any government debt products like GIC and Bonds.  Private stocks are much more reasonable investment.", "likes": 0, "published_at": "2023-08-07T08:32:26Z", "sentiment": 0.4201, "entities": ["GIC"]}, {"author": "@lewismak266", "comment": "What if you open a FHSA, but purchase a home without it. Me and my partner have a down payment already, but are thinking of opening one for the tax savings", "likes": 0, "published_at": "2023-07-25T03:27:44Z", "sentiment": 0.0, "entities": ["FHSA"]}, {"author": "@noursafaa", "comment": "3:09 All in one ETF means FNB in french \nand GIC means CPG\nand Bond ETS = Fonds n\u00e9goci\u00e9s en bourse (FNB)", "likes": 4, "published_at": "2023-07-14T19:49:53Z", "sentiment": 0.0, "entities": ["FNB", "GIC", "CPG", "Bond", "FNB"]}, {"author": "@Pinku-th6bx", "comment": "Can I open and withdraw from FHSA if I own a house in my home country? I am a permanent resident in Canada from last one year", "likes": 0, "published_at": "2023-07-04T19:04:03Z", "sentiment": 0.0, "entities": ["FHSA"]}, {"author": "@umartariq", "comment": "What is the annual timeline of conteibutions", "likes": 0, "published_at": "2023-07-02T14:10:09Z", "sentiment": 0.0, "entities": []}, {"author": "@vineetgill33", "comment": "Hello ! Thanks a lot for the video, I have a question : if I have RRSP room for this year say 3000 and FHSA 8000, if I contribute to both this year, will I get a 11000 deduction ? and also can I withdraw them from my RRSP under HBP and FHSA in the same year(obviously I will keep it there for more than 90 days, but after that can I withdraw and avail the benefits ?)", "likes": 1, "published_at": "2023-07-01T03:18:15Z", "sentiment": 0.7186, "entities": ["RRSP", "RRSP", "HBP", "FHSA"]}, {"author": "@donmcleod2235", "comment": "Great video!\n\nLove Marc's \"studio set up\". Lighting brings out his tan! Maybe turn the light over your shoulder off. :)\n\n6 stocks, 1 Canadian. Representative of US/Canadian market split.\nPlease do an exclusive top 3 on 3 Canadian stock video.\n\nGreat presentation Brandon and Marc!\nThank you!\n:)", "likes": 0, "published_at": "2023-06-28T18:03:42Z", "sentiment": 0.9791, "entities": []}, {"author": "@Dan-pp6si", "comment": "Can I still benefit if I already signed for a house but down take over until May 19th? Does the money have to remain in the account for 30 days or anything specific before I withdraw?", "likes": 1, "published_at": "2023-04-24T14:45:24Z", "sentiment": 0.3313, "entities": []}, {"author": "@kavanpatel6775", "comment": "If I start making contributions to FHSA account. Currently I am single but if when I buy my first eligible home I am married can we use me and my spouse\u2019s FHSA account contributions towards buying our co-owed first home?", "likes": 0, "published_at": "2023-04-15T22:40:03Z", "sentiment": 0.0, "entities": ["FHSA"]}, {"author": "@24seven23", "comment": "Nobody seems to be talking about putting after-tax money into this account that might eventually have to rollover to RRSP and be taxed again... I mean that tax deduction is sweet, but how much do you actually gain from this. Only worth the trouble if you're definitely buying a home in the next 15 years, in my opinion.", "likes": 0, "published_at": "2023-04-11T21:42:25Z", "sentiment": 0.8381, "entities": ["RRSP"]}, {"author": "@aswal_parmod2631", "comment": "TFSA kaise open krwa skte hai ?or RRSP KAISE ?", "likes": 0, "published_at": "2023-04-11T19:50:31Z", "sentiment": 0.0, "entities": ["RRSP KAISE"]}, {"author": "@LivPoxleitner", "comment": "iv come to some inheritance and when i get the money my tfsa will be maxed. im looking into this account too and will need this money in 1-3 years time. unsure what to do with it. maybe put it into some dividend etf...", "likes": 0, "published_at": "2023-04-09T23:44:56Z", "sentiment": -0.25, "entities": []}, {"author": "@Bubbleboy-be9ow", "comment": "100% equity stock telling you that you should be conservative \ud83d\ude02\ud83d\ude02", "likes": 0, "published_at": "2023-04-08T15:53:05Z", "sentiment": 0.0, "entities": []}, {"author": "@jeanobalinghasay4244", "comment": "If I don\u2019t contribute anything this year, will I have $16000 of room next year?", "likes": 1, "published_at": "2023-04-07T20:36:29Z", "sentiment": 0.0, "entities": []}, {"author": "@tylagasse1197", "comment": "When it says a home would that be towards your single principal residence, and or could you use it for a down payment on any property (Ex 2 plex, 4 plex, etc)?", "likes": 0, "published_at": "2023-04-05T19:01:50Z", "sentiment": 0.0, "entities": []}, {"author": "@plda123", "comment": "Do you know if the same trading restrictions pertaining to the TFSA apply to the FHSA (no day trading allowed)?", "likes": 1, "published_at": "2023-04-04T18:04:38Z", "sentiment": 0.0, "entities": ["FHSA"]}, {"author": "@makdaha", "comment": "The max withdrawal limit is $40,000 that doesn\u2019t make sense. It you invest in risky stocks and it goes up a lot; you pay tax if you withdraw $100,000?", "likes": 0, "published_at": "2023-04-03T15:10:10Z", "sentiment": -0.2732, "entities": []}, {"author": "@yanniergonzalez9701", "comment": "Hey, great video. Thanks for sharing. I have a question, though. Could I contribute the 8000 dollars I get for 2023, and then withdraw and use that money for purchasing a home on the very same 2023,and still get the tax deduction when I file in 2024?", "likes": 1, "published_at": "2023-04-03T01:23:44Z", "sentiment": 0.8689, "entities": []}, {"author": "@soushi8", "comment": "Can you still use this account just to bank money even if you say plan changed down the road and your partner left you and you are no longer interested in buying a house. Can you just liquidate the assents in it tax free no penalty even if it is not for the purchase of a home?", "likes": 1, "published_at": "2023-04-02T13:56:30Z", "sentiment": -0.1027, "entities": []}, {"author": "@raikozy35", "comment": "Planning to buy my first house this year. I wonder if I can just put 8k to my account just cold cash, then pull it out as soon as I got a house, so I can at least benefit from the tax deduction to my annual income?", "likes": 1, "published_at": "2023-04-01T23:10:16Z", "sentiment": 0.4588, "entities": []}, {"author": "@oanhpham8780", "comment": "Brandon I don\u2019t really get it \u2026 the gains in FHSA when it transfer to RIF in 71 yrs old or after 15 yrs if we don\u2019t use it, do we need to pay the Tax for the Gains? Or it will tax only on the 40k$ of the contribution ?", "likes": 0, "published_at": "2023-04-01T22:54:51Z", "sentiment": 0.5803, "entities": ["FHSA", "RIF"]}, {"author": "@RabbonOfficial", "comment": "Hi, would I qualify for the fhsa acccount if later on next year my parents are adding my name to our house?", "likes": 0, "published_at": "2023-03-31T18:58:48Z", "sentiment": 0.0, "entities": []}, {"author": "@TheMegaPromo", "comment": "Had a quick question. Does contributing to your FHSA affect your contribution room for your RRSP?", "likes": 0, "published_at": "2023-03-30T21:01:28Z", "sentiment": 0.0, "entities": ["FHSA", "RRSP"]}, {"author": "@randomguy9113", "comment": "I\u2019m not sure when I\u2019ll be buying my first home. But if I have a 15 year timeframe with the fhsa then I will be 39 years old by then. I\u2019m willing to be more risky than conservative.", "likes": 1, "published_at": "2023-03-27T00:02:32Z", "sentiment": -0.4802, "entities": []}, {"author": "@georgioslykakis1112", "comment": "Hey Brandon, do you know if FHSA is like RRSP with US dividends or will we get taxed 15% on them like TFSA?", "likes": 0, "published_at": "2023-03-26T05:38:18Z", "sentiment": 0.6124, "entities": ["FHSA", "RRSP"]}, {"author": "@mattu142", "comment": "\"Oh man, the FHSA is available soon. I better learn more. I bet Brandon has a good video.....\" and here I am. Thank you for being my go to financial guru \ud83d\ude00", "likes": 4, "published_at": "2023-03-26T01:15:39Z", "sentiment": 0.8074, "entities": ["FHSA"]}, {"author": "@thegrindmcoc7966", "comment": "I plan to be buying a home in the next 6-12 months so I am really just interested in this account for the 50% tax break for me and the 30% tax break for my wife. Thanks for the video", "likes": 0, "published_at": "2023-03-25T06:45:07Z", "sentiment": 0.7076, "entities": []}, {"author": "@bluehobbo", "comment": "So just wondering since it's not clearly mentioned. If we do invest 40,000$ into the FHSA and let's say we grow this investment into 50,000$, would we be able to use the entire 50k for a down payment or are we restricted to 40k and whatever is left over gets withdrawn tax free/moved to an RRSP?", "likes": 4, "published_at": "2023-03-23T18:43:05Z", "sentiment": -0.5938, "entities": ["FHSA", "RRSP"]}, {"author": "@AlphabetRock", "comment": "In a city like Toronto, 40K of contribution room won't go very far towards a down payment in 10-15 years if it's only growing at 5%.", "likes": 10, "published_at": "2023-03-23T02:39:59Z", "sentiment": 0.4939, "entities": []}, {"author": "@CoveredCallETFInvesting", "comment": "It also looks like it \u201ccould\u201d act as a second rrsp. Maybe you\u2019re not interested in owning a home. Invest in it and roll it over into an rrsp with no penalty. Even if you own a home you can still invest in it but you can\u2019t use that money to go buy the next home. Got to wait those 4 years. Interesting to see the videos to come on this topic from other creators.", "likes": 0, "published_at": "2023-03-22T02:44:03Z", "sentiment": 0.2665, "entities": []}, {"author": "@chiragsarin6609", "comment": "investing!", "likes": 0, "published_at": "2023-03-22T02:35:21Z", "sentiment": 0.0, "entities": []}, {"author": "@joelrogers1430", "comment": "If I bought the house my wife and I live in 15 years ago.  My wife moved in 10 years ago.  But never bought the house with me.  Does she still qualify for this account?", "likes": 0, "published_at": "2023-03-21T21:58:48Z", "sentiment": 0.0, "entities": []}, {"author": "@kylereyes91", "comment": "Hello Brandon! What would you do if 100% you didn't want to purchase a home. Would you invest the same was as your rrsp/tsfa? Thanks!", "likes": 0, "published_at": "2023-03-21T16:29:16Z", "sentiment": 0.5043, "entities": []}, {"author": "@benbryson8662", "comment": "Great video! Totally agree with this approach. What article are you finding that saying it will be available April 3rd?", "likes": 0, "published_at": "2023-03-21T13:24:11Z", "sentiment": 0.8012, "entities": []}, {"author": "@MountainFinance", "comment": "Good and timely video. I am looking forward to seeing this new FSHA in action.", "likes": 1, "published_at": "2023-03-21T11:51:37Z", "sentiment": 0.4404, "entities": ["FSHA"]}, {"author": "@MinnieOnCam", "comment": "I do have a financial planner,  so plan A is to open it as low-conservative after it's been open tell my financial planner about it and then move it so he can manage it under my segregated fund so it stays protected under the annoying assets rules of ODSP (Ontario disability support program) \n\nI like that TFHSA you do not have to pay it back like the home buyer plan.  \n\nOnce it's open you should make a comparison video of RRSP - HBP (home buyer plan) vs TFSA (tax-free home savings account) \n\nI read you can only use one type for your first home purchase  TFHSA or HBP but I can't remember if you can use the HBP for your second home.", "likes": 1, "published_at": "2023-03-21T11:33:30Z", "sentiment": 0.6224, "entities": ["TFHSA", "RRSP - HBP", "TFHSA", "HBP"]}, {"author": "@sniperfx20", "comment": "Few questions...\n1. Can I contribute to RRSP and FHSA at the same time? Or is it one or the other?\n\nI have a limit of $6k this year. I assume I can only do 6k in RRSP OR FHSA?\n\n2. I already have $ saved up in RRSP. Can I do the HBP AND FHSA at the same time when I am ready to buy a home?\n\n3. Does questrade offer FHSA accounts?", "likes": 1, "published_at": "2023-03-21T07:24:04Z", "sentiment": 0.7399, "entities": ["RRSP", "FHSA", "RRSP", "HBP", "FHSA"]}, {"author": "@vancouverdiaries738", "comment": "Is it possible to withdraw from RRSP and fsha for buying my first payment at the same time?", "likes": 1, "published_at": "2023-03-21T05:34:33Z", "sentiment": 0.0, "entities": ["RRSP"]}, {"author": "@bombue1", "comment": "Hi Brandon, does the money have to sit in the FHSA account for a fixed number of days/months before you can take it out for your first home purchase without any penalty?", "likes": 3, "published_at": "2023-03-21T05:07:44Z", "sentiment": 0.4176, "entities": ["FHSA"]}, {"author": "@stationfire1984", "comment": "Where can I open one? I use wealthsimple. They don\u2019t have it yet.", "likes": 0, "published_at": "2023-03-21T04:25:05Z", "sentiment": 0.0, "entities": []}, {"author": "@Carol8693", "comment": "Love your point of view to that ...", "likes": 0, "published_at": "2023-03-21T03:47:21Z", "sentiment": 0.6369, "entities": []}, {"author": "@yashgoud595", "comment": "Just had a question about the FHSA what if I buy a US security that pays dividend is there a withholding tax? or is it exempt like the RRSP? couldn't find the answer online. Thanks Brandon!", "likes": 2, "published_at": "2023-03-21T03:15:33Z", "sentiment": 0.8339, "entities": ["FHSA", "RRSP"]}, {"author": "@mr.xernorus4026", "comment": "I just dont understand the utility of this when you can use your RRSP to buy an house.", "likes": 0, "published_at": "2023-03-21T02:24:36Z", "sentiment": 0.0, "entities": ["RRSP"]}, {"author": "@matthewpekelny9761", "comment": "I had actually commented a couple videos ago hoping you would do this video, so I am quite glad to see this. X/VBAL was one of the options I was considering (the other main idea was a canadian dividend etf, probably XEI), so this has helped decide to go with one of the BAL funds.", "likes": 3, "published_at": "2023-03-21T01:33:44Z", "sentiment": 0.7474, "entities": ["BAL"]}, {"author": "@jasonstupak4535", "comment": "Thanks for the info Brandon, but your initial statement was not completely accurate.  The account can be eligible for someone who already owns a home, but it just can't be their principal residence. All 3 of my adult children have rental properties and would still be eligible for the FHSA since they haven't lived in them within the past 4 years. I continue to appreciate your videos, and thanks for the continued awesome content!", "likes": 1, "published_at": "2023-03-21T00:27:13Z", "sentiment": 0.9459, "entities": ["FHSA"]}, {"author": "@youssefahmed7576", "comment": "great video, one question, the money you withdraw will be tax free even if you use the money for something else other than a house?", "likes": 1, "published_at": "2023-03-21T00:21:49Z", "sentiment": 0.8126, "entities": []}, {"author": "@intjane", "comment": "I totally agree. I'd started putting my \"for the house\" savings in TFSA GICs in Tangerine (currently at 5% p.a.), and I'll gladly open FHSA GICs as well.", "likes": 8, "published_at": "2023-03-20T23:54:16Z", "sentiment": 0.7425, "entities": ["FHSA"]}, {"author": "@jamielafreniere6258", "comment": "I will be adding some gold to my account. Gold will be just about the only thing hitting all time highs over the next 6-12 months.", "likes": 0, "published_at": "2023-03-20T23:35:11Z", "sentiment": 0.0, "entities": []}, {"author": "@L3G0FaN", "comment": "I\u2019m just going to go 100% VFV in my FHSA. If it\u2019s down in 10-15 years when I go to buy a house (highly unlikely) then I\u2019ll just let it rollover to an RRSP. If not I\u2019ll use it. We only get a few tax free vehicles to use as Canadian, why waste it on GICs/fixed income\ud83d\ude02 Fixed income was down big in 2022 too lol. Just do that in a taxable account if you really want to.", "likes": 1, "published_at": "2023-03-20T23:25:10Z", "sentiment": 0.5984, "entities": ["FHSA", "RRSP"]}, {"author": "@samerrmr381", "comment": "If the FHSA is a mix TFSA and RRSP. Am I right to say I can hold US etf/stocks on it?", "likes": 0, "published_at": "2023-03-20T23:24:21Z", "sentiment": 0.0, "entities": ["FHSA", "RRSP"]}, {"author": "@alexhouvardas7671", "comment": "I'm split between two options.\nthe first option is If EQ bank offers a FHSA, open an account and ladder some GIC's. The other option would be to open an account in wealthsimple and invest 75% in XBAL and 25% in CASH.", "likes": 3, "published_at": "2023-03-20T23:21:59Z", "sentiment": 0.0, "entities": ["FHSA", "GIC"]}, {"author": "@markkaganovsky5676", "comment": "In my situation (buying a home in <5 years) it\u2019s probably a good idea to just do GICs. It won\u2019t even beat inflation but at least you\u2019ll have the principle a few years from now.\n\nIf you\u2019re 18 and don\u2019t expect to buy a home until like, 27 (I.e. > 5 years) then it might make sense to try something with more equity, maybe balanced or VGRO.\n\nBut markets can be unpredictable and can take years to recover, and I don\u2019t want to delay buying a house during a buyers market because I\u2019m waiting for my stocks to go back up, so therefore I treat the FHSA like I would retirement investments, be super conservative - I need the money in <5 years.", "likes": 31, "published_at": "2023-03-20T23:03:13Z", "sentiment": 0.9457, "entities": ["VGRO", "FHSA"]}, {"author": "@mknkmmnn", "comment": "If I was to get a house later this year, is there a limit on when I can withdraw from fhsa to avail the benefits? I.e open an account and within a month or so use the funds to buy a house, will I still get those benefits?", "likes": 0, "published_at": "2023-03-20T22:55:25Z", "sentiment": 0.6767, "entities": []}, {"author": "@joelb1662", "comment": "what about simple bonds? not bond etf. You capital is guaranteed + interest", "likes": 0, "published_at": "2023-03-20T22:39:58Z", "sentiment": 0.4588, "entities": []}, {"author": "@craigbrowning2670", "comment": "Do you know if there will be foreign withholding tax on US dividends or will they be waved like in an RRSP?", "likes": 11, "published_at": "2023-03-20T22:30:23Z", "sentiment": 0.3612, "entities": ["RRSP"]}, {"author": "@olivermorrison1233", "comment": "do you know if you are able to buy an investment property with an fhsa?", "likes": 0, "published_at": "2023-03-20T22:28:20Z", "sentiment": 0.0, "entities": []}, {"author": "@j3lly069", "comment": "I 100% agree. I will put mine in GIC and forget about it.", "likes": 1, "published_at": "2023-03-20T22:23:50Z", "sentiment": 0.1531, "entities": ["GIC"]}, {"author": "@thebrokenchair7759", "comment": "So this means we are able to max out the account when we are 22 years old?", "likes": 2, "published_at": "2023-03-20T22:17:28Z", "sentiment": 0.0, "entities": []}, {"author": "@E90bmw", "comment": "I completely agree with Brandon's conservative approach to the FHSA - The ideal investment strategy for someone who is saving for a home and wants to achieve tax deductions. The tax benefits of this account will likely save people more than the actual gains from the FHSA portfolio.", "likes": 33, "published_at": "2023-03-20T22:11:10Z", "sentiment": 0.9245, "entities": ["FHSA", "FHSA"]}, {"author": "@milhouse7145", "comment": "Any idea when we can open an account? Do we have to wait until Apr 1 (which is a Saturday)? I don't see we are able to at least open an account yet.", "likes": 1, "published_at": "2023-03-20T22:10:12Z", "sentiment": 0.0, "entities": ["Apr 1"]}, {"author": "@cutiecatboy", "comment": "i'll probably go right between VEQT and VBAL with VGRO, 80% stocks, 20% bonds. but i agree that any of these can be good options depending on your time horizon & goals", "likes": 5, "published_at": "2023-03-20T22:07:56Z", "sentiment": 0.7964, "entities": ["VEQT", "VGRO"]}]