[{"author": "@beaviswealth", "comment": "\ud83d\udcc8Join The Investing Academy \ud83c\udde8\ud83c\udde6 \u27a4 https://bit.ly/theinvestingacademy \r\n\ud83d\udcf1Download Blossom Social (See My Exact Portfolio & Trades) \u27a4  https://getblossom.page.link/brandon", "likes": 1, "published_at": "2023-06-07T23:06:29Z", "sentiment": 0.0, "entities": ["The Investing Academy"]}, {"author": "@evadeanu1", "comment": "I like the short updates, Marc. Thank you.", "likes": 0, "published_at": "2023-06-11T02:13:44Z", "sentiment": 0.6124, "entities": []}, {"author": "@MarkLearns", "comment": "Enjoy this format of presentation from an experienced person in the industry! Please keep these videos up, thank you!", "likes": 0, "published_at": "2023-06-10T07:01:47Z", "sentiment": 0.8217, "entities": []}, {"author": "@danielegallant2177", "comment": "Since the interest rate went up this month, can we expect the same rate increase on GIC?", "likes": 0, "published_at": "2023-06-08T22:06:20Z", "sentiment": 0.6486, "entities": ["GIC"]}, {"author": "@RyH10", "comment": "Thanks Marc!", "likes": 0, "published_at": "2023-06-08T21:45:29Z", "sentiment": 0.4926, "entities": []}, {"author": "@irenatz2825", "comment": "Great information!", "likes": 0, "published_at": "2023-06-08T17:55:11Z", "sentiment": 0.6588, "entities": []}, {"author": "@craigmitchell4071", "comment": "Great clip Marc I like the format,  I'd definitely tune in for more content presented like this, maybe a weekly thing or on big headline days? Cheers!", "likes": 2, "published_at": "2023-06-08T07:37:23Z", "sentiment": 0.9348, "entities": []}, {"author": "@chadferreira6799", "comment": "lol 150 is nothing for them change in the couch", "likes": 0, "published_at": "2023-06-08T04:53:25Z", "sentiment": 0.4215, "entities": []}, {"author": "@CoveredCallETFInvesting", "comment": "I like the news format. Also was awesome meeting you Marc at the Blossom meetup. Looking forward to new content that was teased at the meetup.", "likes": 0, "published_at": "2023-06-08T03:56:20Z", "sentiment": 0.6597, "entities": []}, {"author": "@jankay8569", "comment": "Fking love these", "likes": 0, "published_at": "2023-06-08T03:30:24Z", "sentiment": 0.6369, "entities": []}, {"author": "@ginettegagne5918", "comment": "Thanks Marc! I really appreciate this format! \ud83d\ude0a", "likes": 0, "published_at": "2023-06-08T02:10:56Z", "sentiment": 0.7563, "entities": []}, {"author": "@KlondikeSkunk", "comment": "Loved this.  Would like to hear your opinion on some of these stories as you go through them", "likes": 0, "published_at": "2023-06-08T02:10:38Z", "sentiment": 0.7506, "entities": []}, {"author": "@momo35444", "comment": "really good to know. thanks Marc. always a pleasure!!! greeat video", "likes": 0, "published_at": "2023-06-08T02:06:35Z", "sentiment": 0.8926, "entities": []}, {"author": "@aelaan12", "comment": "If I may comment on the Canadian Inflation - recently I got a small increase in my salary.  First the government premiums ate all that gain, and my bills have grown by about 120 dollars a month.  In fact, today, I am earning more base salary (3% more) and I have lost around 7% in my monthly incomes.  So each day that I work I make 4% less until the numbers change....  Since 2001 I have only made 18,000 more per year in gross income.  That is 22 years.  Reflecting on this, and I am a hardworking family man, I see less and less options to properly feed my family.  Stating that there is a 5% unemployment is fine, but the salaries are stagnant and so people face the same difficulties over and over again.  Just remember that 4% number, it is not getting any better.  And since we are all with our heads in the sand, pretending nothing happens,  let me make it very clear:  Canada has been in a recession since September 2021.  Oh, we could soften the blow for a bit, numbers do not lie.  When you have been on earth long enough to learn lessons it amazes me that nobody seems to want to accept the things that are happening and only stick their heads deeper in the sand.  Until a war ends all of that and then we are all heroes again and we will have a few years of growth.  How much are we still cheering on our heroes from 2020/2021?  We realized it is not going anywhere that nobody is actually a hero and that in the end we are forced to swallow another bitter pill.  People... honestly <shaking head in sadness knowing I can't make a change>.", "likes": 0, "published_at": "2023-06-08T01:15:01Z", "sentiment": 0.9298, "entities": []}, {"author": "@spacebarwasd9782", "comment": "This is probably the increase I told you about a few months back... This might be the last one but don't hold your breath\n\nThank you for the coverage as usual", "likes": 0, "published_at": "2023-06-08T00:47:39Z", "sentiment": 0.5994, "entities": []}, {"author": "@MountainFinance", "comment": "Well done Marc \ud83d\ude42", "likes": 0, "published_at": "2023-06-08T00:45:13Z", "sentiment": 0.2732, "entities": []}, {"author": "@jasonbiletski4098", "comment": "Love these styles of videos Marc!", "likes": 0, "published_at": "2023-06-07T23:22:20Z", "sentiment": 0.6696, "entities": []}, {"author": "@timjones4594", "comment": "Canada adding half a million people per year isnt helping slow down the economy. Are they going to keep raising rates until the system breaks? nobody has any other ideas ? Its going to get messy.", "likes": 0, "published_at": "2023-06-07T23:22:06Z", "sentiment": -0.5787, "entities": []}, {"author": "@ibee244", "comment": "hahaha love the music in the background in the intro! makes this feels like a new report.", "likes": 0, "published_at": "2023-06-07T23:20:08Z", "sentiment": 0.8908, "entities": []}, {"author": "@darrylramsackal1253", "comment": "Like the short videos with financial news and some of your opinion. Keep it up!", "likes": 10, "published_at": "2023-06-07T22:58:36Z", "sentiment": 0.4199, "entities": []}, {"author": "@roberttaylor3594", "comment": "Did you change the sound and lighting?  I know nothing about film so my opinion should be taken with several pounds of salt, but it seems a bit...colder? it seems more personal and warm before...pretty polished with the music, though!  of course, I'd take your opinion seriously regardless of the format.\n\n  Crypto wheeler dealers mislead investors and got up to shady deals?  WOW! 'Quelle surprise'! Tabernak!\n\nThis Week Tonight had a good show on Timeshares.  The crypto of vacations....", "likes": 0, "published_at": "2023-06-07T22:50:43Z", "sentiment": 0.9388, "entities": ["WOW", "Quelle", "Timeshares"]}, {"author": "@MegsCarpentry-lovedogs", "comment": "Thank you Marc for the latest news. \ud83d\ude4f\ud83c\udde8\ud83c\udde6", "likes": 0, "published_at": "2023-06-07T22:44:32Z", "sentiment": 0.3612, "entities": ["\ud83d\ude4f"]}, {"author": "@josephrobi6806", "comment": "Trying to kill crypto\u2019s what! Is it?", "likes": 1, "published_at": "2023-06-07T22:26:06Z", "sentiment": -0.7177, "entities": []}, {"author": "@amandeepsudhera5867", "comment": "Hi", "likes": 0, "published_at": "2023-06-07T22:21:41Z", "sentiment": 0.0, "entities": []}]