[{"author": "@beaviswealth", "comment": "In this video I'll share with you my thoughts on whether it is too late to start investing! I hope you enjoy. :)", "likes": 9, "published_at": "2019-06-25T21:44:46Z", "sentiment": 0.8908, "entities": []}, {"author": "@CatrionaRuadh", "comment": "Good advice. I'm newly retired and never invested :( Only ever got offered crappy GIC's and mutual funds from the bank and credit union. These days these products don't even keep up with inflation. Thinking about Wealthsimple Invest, but not sure if it makes sense at this point, i.e. what kind of time horizon would  I have to commit to for it to be worthwhile? And to be a source of funds should I need it for something...", "likes": 0, "published_at": "2021-09-09T01:12:06Z", "sentiment": 0.6818, "entities": ["GIC", "Wealthsimple Invest"]}, {"author": "@KimJilene", "comment": "Binge watching your videos and glad I found this one! I am in my late 30s and want to invest, but I am currently in the process of paying off a lot of consumer debt, and then will move to saving 6 months of emergency funds (Dave Ramsey method!). Probably won\u2019t be able to start investing until late 2021.\n\nI am excited to start investing for the long term so I can start to build wealth - but I also want to go back to school and get a degree, so that will cut into my investing as well as I will have to pay for school \ud83d\ude23\n\nLove your videos and your vibe! \ud83d\ude0d Once I am debt free and have a fully funded emergency fund, I will be joining your Investment Academy, cause I will need all the help I can get as a beginner investor \ud83e\udd29", "likes": 0, "published_at": "2021-01-31T16:43:17Z", "sentiment": 0.9077, "entities": ["Investment Academy"]}, {"author": "@SixtyPerfectWealth", "comment": "I'm 66 and going strong with investing - but take a very conservative approach. Brandon's was a good video. I know I'll never stop investing, but realize that I need to keep a good amount of cash out of the market for a long-term cushion.I've had great success, after much study and investing small amounts of cash to test out strategies before diving in with larger amounts of funds. ETFs are my favorite at this age, due to risk being spread over a large amount of stocks, and being able to view a long-term history of funds such as: VOO QQQ, SPY, XLK, etc.", "likes": 1, "published_at": "2020-12-21T01:35:19Z", "sentiment": 0.9792, "entities": ["QQQ", "SPY", "XLK"]}, {"author": "@harrythomas6282", "comment": "I was told that every achievement begins with the\r\ndecision to try . Ignorance destroys so many\r\nopportunities . I'm a victim but I was convinced by\r\nthe right person i meet on Instagram by God\r\nwilling a man known as Mr young \r\n@you_ngli now i earn over $12,650 everyweek, I am just very happy and it feels like am the only one enjoying this although there are people\r\nstill testifying about this man.", "likes": 0, "published_at": "2020-10-26T15:08:49Z", "sentiment": 0.9576, "entities": []}, {"author": "@Medodo", "comment": "hi Brandon..i've been trying to get in contact with you or someone about the investing academy including through facebook and your link but no reply - I'm quite disappointed to say the least", "likes": 0, "published_at": "2020-06-05T17:55:15Z", "sentiment": -0.8121, "entities": []}, {"author": "@Bavubuka", "comment": "I don't understand why an older person should stay away from aggressive stocks such as Tech stocks and lean more towards tamer assets like bonds. Wouldn't they need more bang for their buck considering there's less years available? Won't tech stocks have more of a yield than bonds in a shorter time frame? Also we live in a technology driven world, so seems pretty safe to me to invest hard in tech stocks. Can Brandon or anyone here clarify this for me? I must be missing something.", "likes": 1, "published_at": "2020-05-04T02:02:23Z", "sentiment": 0.8149, "entities": ["Tech"]}, {"author": "@briank2434", "comment": "Also for never invested before I believe its great to start with a TFSA account on QT.. Also just because the one you bought went down doesn't mean you sell and lose. You can wait till it picks up again.. sucks but better than losing .", "likes": 0, "published_at": "2020-04-28T16:57:33Z", "sentiment": 0.1027, "entities": []}, {"author": "@faithahora", "comment": "is a Real Estate, REIT, considered a conservative investment?", "likes": 0, "published_at": "2020-02-12T02:18:06Z", "sentiment": 0.0, "entities": []}, {"author": "@wildmexican12", "comment": "Good to know even at 41 its not too late. Its a shame they didn't  teach or introduce this type of education to us at early age.", "likes": 2, "published_at": "2020-01-13T03:53:57Z", "sentiment": -0.0516, "entities": []}, {"author": "@happytravels7784", "comment": "Great advice on investments!  Subscribed and tuning in from now on.. Also want to know your opinion on day trading? Maybe you can make a video on that? :) Keep up the good work! Opening quest trade account soon.", "likes": 0, "published_at": "2019-08-04T10:48:30Z", "sentiment": 0.9051, "entities": []}, {"author": "@cleanwithmimi", "comment": "I am going to be 40 in December and was wondering if it was gonna be worth it for me to start but this video made me feel so much better about it!! Thank you!", "likes": 2, "published_at": "2019-07-22T19:01:57Z", "sentiment": 0.8703, "entities": []}, {"author": "@yvescormier4197", "comment": "Hey brandon! What are your thoughts on the best way to save for a down payment on a house/condo? Stocks vs fixed income vs regular savings account? Thanks!", "likes": 0, "published_at": "2019-07-01T17:59:58Z", "sentiment": 0.9051, "entities": []}, {"author": "@s3nchou", "comment": "Hey Brandon! Thanks for the awesome videos and content! I hope I can see you around here in Van. :D", "likes": 0, "published_at": "2019-06-29T19:55:54Z", "sentiment": 0.9384, "entities": []}, {"author": "@denistelyants561", "comment": "Do you invest in russian market ? It is underestimated market with good dividend ! What you think about it , Brandon?", "likes": 0, "published_at": "2019-06-29T14:53:48Z", "sentiment": 0.351, "entities": []}, {"author": "@johnpoulsen7582", "comment": "You should add that warren Buffett was worth 500 million at age 55.    He's done quite well since.", "likes": 3, "published_at": "2019-06-28T22:47:20Z", "sentiment": 0.5095, "entities": []}, {"author": "@dilanklyne2163", "comment": "Could you do a video on all the old ppl getting tricked into plus token in the community of Richmond? \n\nI was at a \u201cinvestor\u201d dinner and realized how much money is being put into these Ponzi schemes. Targets older less educated ppl. It would be great if you could do a video about it.\n\nBtw cashed out your bitcoin at 7k do you wish you held it longer?", "likes": 0, "published_at": "2019-06-28T08:41:17Z", "sentiment": 0.7622, "entities": ["Ponzi"]}, {"author": "@xiangxunli2834", "comment": "Hi, could you make a video of how do you think of g20 meeting affects market? Thank you", "likes": 0, "published_at": "2019-06-28T00:15:58Z", "sentiment": 0.3612, "entities": []}, {"author": "@Kevin_Street", "comment": "Great video. I met a woman recently who didn't trust investments. She preferred \"the mattress method\" even though she knew about inflation. The idea that her money was actually losing value every year didn't feel real to her, because it was all still there. But gradual changes are still real. Children grow into adults, saplings become trees, and the milk will eventually go bad even if you leave it in the refrigerator. Money under the mattress will still shrink in the same way, so it's better over a long span of time to invest it.", "likes": 1, "published_at": "2019-06-26T20:10:50Z", "sentiment": -0.0473, "entities": []}, {"author": "@imSwiftehhhh", "comment": "I\u2019m 97 years old, is it to late for me to start investing?", "likes": 3, "published_at": "2019-06-26T16:27:35Z", "sentiment": 0.0, "entities": []}, {"author": "@panemanager", "comment": "Hey bro, really enjoyed this one. I\u2019m almost 35 so I\u2019m kind of in between so it definitely made me do some thinking about balancing my portfolio a bit. I\u2019m not 25 anymore haha. Kudos bro! \ud83e\udd19\ud83c\udffc", "likes": 1, "published_at": "2019-06-26T10:35:10Z", "sentiment": 0.8264, "entities": ["bro"]}, {"author": "@MinnyLouWho", "comment": "Hey ! Awesome video !  I did ask you about a week ago if you thought it was too late for me to invest since I'm 46 and not a young-one like yourself lol !  You gave me some awesome advice in your reply and told me it was never too late. I've since made myself a balanced portfolio with around 50% in ETF bonds and the other 50% in equities. Most of my equities are the safe stable kind, but I did dabble a tad in some weed as I was willing to take a little risk also. I realize I still have lots to learn, but thanks to you at least I'm moving ahead and my money is doing something besides just collecting dust \ud83d\ude01   Thank you for all your help  \ud83d\ude0e", "likes": 1, "published_at": "2019-06-26T04:33:39Z", "sentiment": 0.9613, "entities": ["ETF"]}, {"author": "@joanner2644", "comment": "Hey, I am a CDN. What are your thoughts on Vanguard VTI investment? Thks,", "likes": 2, "published_at": "2019-06-26T04:04:19Z", "sentiment": 0.34, "entities": ["CDN", "Thks"]}, {"author": "@InvestingEducation", "comment": "It's never too late to start investin. Just start with a do-nothing, know-nothing index and as u build knowledge u can locate better bets", "likes": 1, "published_at": "2019-06-26T03:18:15Z", "sentiment": 0.4404, "entities": []}, {"author": "@hobbies222", "comment": "if your 55 year old u should invest into bond until the stock market crashes", "likes": 0, "published_at": "2019-06-26T02:29:03Z", "sentiment": 0.0, "entities": []}, {"author": "@IPONerd", "comment": "It\u2019s never too late to start. Once you do, it\u2019s hard to stop :)", "likes": 13, "published_at": "2019-06-26T02:01:26Z", "sentiment": 0.1027, "entities": []}, {"author": "@alima.9722", "comment": "what I don't like about investing, lets say every month on a mutual fund,is that Questrade I have to pay $10 every time I buy parts in a mutual fund. however I have to say that fidelity mutual funds are pretty good.", "likes": 0, "published_at": "2019-06-26T01:58:42Z", "sentiment": 0.5559, "entities": ["fidelity"]}, {"author": "@life_with_l_yt3158", "comment": "Please make a video for short term investment with small amount of investment like a one day investment or hour or pick and sell type of investments,  thanks", "likes": 0, "published_at": "2019-06-26T01:42:26Z", "sentiment": 0.7717, "entities": []}, {"author": "@MrMarkCaudill", "comment": "I'm 58 and just recently started dividend investing with the M1FINANCE app. By just investing 50 dollars a week into 3 dividend stocks I am already earning monthly dividends. All 3 stocks are dividend aristocrats with a long history of paying and raising dividends. Before I retire I will take my IRA and 401k and put them into my dividend aristocrat stocks for monthly income in retirement. I believe older people like myself can build an income portfolio using dividend stocks and an app like M1FINANCE even with a limited knowledge of the stock market. Just need to understand passive income and compounding and DRIP, ( dividend reinvest planning).", "likes": 0, "published_at": "2019-06-26T01:39:24Z", "sentiment": 0.5994, "entities": ["DRIP"]}, {"author": "@allgood4729", "comment": "All you 41 year old kids I am a 65 year old grandma.  I am thrilled to be included in the investing discussion.  Started late in investing field but hey it is never too late unless one is 6 ft under. lol\nKeep it up Brandon. Thank you for the encouragement. I am a subscriber. \ud83d\udc4d", "likes": 10, "published_at": "2019-06-26T01:19:54Z", "sentiment": 0.9118, "entities": []}, {"author": "@glenco6526", "comment": "Generational wealth?", "likes": 0, "published_at": "2019-06-26T01:17:14Z", "sentiment": 0.4939, "entities": []}, {"author": "@ulysseperez4606", "comment": "Hey Brandon longtime didn't commented.\nI've been invested in the stock market in the cannabis sector for my RRSP and mixed stock trends in my TFSA weekly trading and man I lost money trying to gained some cash. And now I'm thinking that I should've done differently. Like take it all out and invested otherwise. I'm kind of bumb out!! Any ideas or suggestions to if I should take all what's left of my TFSA and just invested in my self or paid debts not much but I have some like my cc.??:(", "likes": 0, "published_at": "2019-06-26T00:42:33Z", "sentiment": 0.7264, "entities": ["RRSP"]}, {"author": "@FikiNom", "comment": "I wish I had known this sooner but it's never too late.  I am in my 40s but no longer willing to work for anyone, so while I am figuring it out, I should be investing in mutual funds.  Is this something I can do on my self directed Questrate account?  Thank you for all this wealth (knowledge is wealth)", "likes": 0, "published_at": "2019-06-25T23:24:03Z", "sentiment": 0.8139, "entities": ["Questrate"]}, {"author": "@NickPeitsch", "comment": "I believe it\u2019s never too late to invest... simply because you can earn an income from dividends. \n\nBut it\u2019s always best to start as early as possible.", "likes": 3, "published_at": "2019-06-25T23:01:31Z", "sentiment": 0.7783, "entities": []}, {"author": "@integra8502", "comment": "Would a  investment in S&P 500 Index be a good choice also ?", "likes": 1, "published_at": "2019-06-25T22:18:32Z", "sentiment": 0.4404, "entities": []}, {"author": "@ThePlainBagel", "comment": "Awesome video as always, and a great topic... my Friday video actually hits on almost the exact same points \ud83d\ude05. Hopefully it helps get the message across anyway haha", "likes": 0, "published_at": "2019-06-25T22:06:12Z", "sentiment": 0.9477, "entities": ["Awesome"]}, {"author": "@scottmills524", "comment": "I wonder this as well", "likes": 0, "published_at": "2019-06-25T21:57:48Z", "sentiment": 0.2732, "entities": []}, {"author": "@bobbysingh3095", "comment": "Thanks Brandon. I\u2019m 40 and Feel behind but this video made me feel better.", "likes": 9, "published_at": "2019-06-25T21:57:03Z", "sentiment": 0.7003, "entities": []}, {"author": "@hazelr8531", "comment": "Thanks so much for this Brandon! This gave me hope. I am 41 and i literally in the middle of opening my Questrade account! Your channel and great tips have truly inspired me! Also, had a question if you have any tips on any good AI stocks?", "likes": 0, "published_at": "2019-06-25T21:56:41Z", "sentiment": 0.9627, "entities": ["AI"]}, {"author": "@OCDXN", "comment": "Hey Brandon!\n\nCould you make an inspired Canadian version of this video? That\u2019d be much appreciated thx.\nhttps://youtu.be/ZvgDorJU21E", "likes": 1, "published_at": "2019-06-25T21:55:31Z", "sentiment": 0.8516, "entities": []}, {"author": "@bobbysingh3095", "comment": "First", "likes": 0, "published_at": "2019-06-25T21:45:31Z", "sentiment": 0.0, "entities": []}]