[{"author": "@beaviswealth", "comment": "\ud83d\udcc8Join The Investing Academy \ud83c\udde8\ud83c\udde6 \u27a4 https://bit.ly/theinvestingacademy \n\ud83d\udcf1Download Blossom Social (See My Exact Portfolio & Trades) \u27a4  https://getblossom.page.link/brandon", "likes": 2, "published_at": "2023-04-04T21:03:12Z", "sentiment": 0.0, "entities": ["The Investing Academy"]}, {"author": "@codemonkey848", "comment": "Really nice Canadian man \u2764\ud83d\ude0a", "likes": 0, "published_at": "2023-05-31T07:16:48Z", "sentiment": 0.4754, "entities": []}, {"author": "@cryp2nite284", "comment": "He told y\u2019all to buy this and to sell bb \ud83d\ude05 \ud83d\uddd1\ufe0f \ud83d\udeae", "likes": 0, "published_at": "2023-05-09T18:43:02Z", "sentiment": 0.0, "entities": []}, {"author": "@jeffd7180", "comment": "Great video. Could you do one on Canadas first space port? Maritime launch stock ticket MAXQ? Thanks \ud83d\ude4f", "likes": 0, "published_at": "2023-04-22T23:35:13Z", "sentiment": 0.8105, "entities": ["MAXQ", "\ud83d\ude4f"]}, {"author": "@josephidem4782", "comment": "Nutrient is a good company but it\u2019s HIGH CYCLICAL business depending from potash price & demands \nTeam guidance for 20-40% EPS decline for 2024 definitely something I wouldn\u2019t touch on this decline phase! good luck to everyone", "likes": 0, "published_at": "2023-04-09T09:16:17Z", "sentiment": 0.9279, "entities": ["EPS"]}, {"author": "@dewifairclough3154", "comment": "Nutrien is my best performing and highest return shares, fortunate to have bought in the low 50's I have been keeping an eye on it again with them coming under $100 which I think is a good entry point, today down further. About to buy more when I get paid next week. I agree the dividend is not great but the growth potential is huge on this. Amazon I wait patiently to come back which it will I am sure. Like both these picks", "likes": 1, "published_at": "2023-04-07T02:53:41Z", "sentiment": 0.9568, "entities": ["Amazon"]}, {"author": "@ericm1430", "comment": "Worked for them on conrtract in 2013 (they were called Agrium at that time) . Made 90k in 3 months. We upgraded the infrastructure to almost 5x capactity underground at the Vanscoy mine in Saskatoon. Back then the two mining giants in that area were Potash Corp and Agrium, these two companies have merged to create Nutrien.", "likes": 0, "published_at": "2023-04-07T02:29:50Z", "sentiment": 0.2732, "entities": ["Vanscoy", "Potash Corp"]}, {"author": "@DabloEscobud", "comment": "VT and CASH", "likes": 1, "published_at": "2023-04-05T23:53:01Z", "sentiment": 0.0, "entities": []}, {"author": "@CanadianDividendInvesting", "comment": "Awesome video as always Brandon!", "likes": 0, "published_at": "2023-04-05T22:39:12Z", "sentiment": 0.6588, "entities": ["Awesome"]}, {"author": "@johnwayne2642", "comment": "About 2 weeks too late.", "likes": 3, "published_at": "2023-04-05T14:32:22Z", "sentiment": 0.0, "entities": []}, {"author": "@ratagusc7867", "comment": "Railways. That\u2019s it. The moat there is huge and chemicals will be always sent by rails.", "likes": 0, "published_at": "2023-04-05T12:38:57Z", "sentiment": 0.3182, "entities": []}, {"author": "@acdatz6222", "comment": "Be careful, Justin is trying to ban fertilizer.", "likes": 0, "published_at": "2023-04-05T11:46:15Z", "sentiment": -0.4588, "entities": ["Justin"]}, {"author": "@00deadmoney41", "comment": "nutrien buying back stock when the price has been at all time highs and fueled by war was/is idiotic. I do like amazon though, hopefully it goes below 100 and ideally 90 again.", "likes": 0, "published_at": "2023-04-05T03:03:59Z", "sentiment": 0.0516, "entities": []}, {"author": "@niftydom", "comment": "Thank you for the info, much appreciated.  Can you do a video about TD please? I noticed other people asking in the comments.", "likes": 2, "published_at": "2023-04-05T02:54:10Z", "sentiment": 0.7964, "entities": ["TD"]}, {"author": "@AlpineDividends", "comment": "Great picks. I haven't checked in on Nutrien in quite a while", "likes": 1, "published_at": "2023-04-05T02:46:59Z", "sentiment": 0.6249, "entities": []}, {"author": "@Schematex1", "comment": "Informative video thanks, any thoughts on TD right now?", "likes": 4, "published_at": "2023-04-05T02:01:12Z", "sentiment": 0.4404, "entities": ["TD"]}, {"author": "@evanchisamorejohnston5819", "comment": "I\u2019m buying SMG in my rrsp", "likes": 0, "published_at": "2023-04-05T00:57:38Z", "sentiment": 0.0, "entities": ["SMG"]}, {"author": "@tomnguyenmontreal", "comment": "Both are great choice. I already own NTR. Thanks for reminding how much potential Amazon still has in the future. Great job Brandon!\ud83d\ude0a", "likes": 3, "published_at": "2023-04-05T00:13:44Z", "sentiment": 0.92, "entities": ["NTR", "Amazon"]}, {"author": "@interview8203", "comment": "I like owning YAMZ over AMZN for the dividend. Also don't need to convert to USD which helps a lot.", "likes": 7, "published_at": "2023-04-04T23:43:16Z", "sentiment": 0.6249, "entities": []}, {"author": "@4tlasPendragon", "comment": "Has anybody looked into anything related to nanocarbons? If so any suggestions??", "likes": 0, "published_at": "2023-04-04T23:13:27Z", "sentiment": 0.0, "entities": []}, {"author": "@jackjanpour8532", "comment": "Individuals should never buy stock. Buy ETF!", "likes": 3, "published_at": "2023-04-04T22:33:03Z", "sentiment": 0.0, "entities": []}, {"author": "@BigGroupHug", "comment": "Consider Brazil companies. Good workforce and healthy banking sector.  Two things Canada could use more of.", "likes": 0, "published_at": "2023-04-04T22:25:11Z", "sentiment": 0.6808, "entities": []}, {"author": "@on-site4094", "comment": "With Ai & robotics  amazon. Has nothing but upside in the long run.  There\u2019s no one. Else     bad for employees good for share holders", "likes": 0, "published_at": "2023-04-04T22:18:07Z", "sentiment": -0.1406, "entities": ["Ai & robotics"]}, {"author": "@jamielafreniere6258", "comment": "BHP plans on crashing the potash market\u2026Nutrien is a great business but risky with Jansen coming up.", "likes": 1, "published_at": "2023-04-04T22:14:47Z", "sentiment": 0.09, "entities": ["BHP"]}, {"author": "@momo35444", "comment": "great video Brandon!!!! thanks for the info. they are solid suggestions!", "likes": 1, "published_at": "2023-04-04T22:13:38Z", "sentiment": 0.8679, "entities": []}, {"author": "@andrewsharpe7630", "comment": "Heck yeah, NTR. I bought some pre-Ukraine conflict and didn't buy any more until last month when I figured the stock was fairly valued again (still averaging up from pre-Ukraine price).\nMid-single-digit profit for it's retail sector is good to hear; keep the company steady amidst commodity volatility.\nI don't own Amazon, but apparently the stock trades at an average price to cash flow of 20, so it should be around fair value.", "likes": 0, "published_at": "2023-04-04T21:47:48Z", "sentiment": 0.8622, "entities": ["NTR", "Amazon"]}, {"author": "@MikeThomas-ws9tu", "comment": "Thanks for the info. I was looking at Nutrien for a while. We live in a farming community and things are expanding. The three major Potatoe companies (McCains, Cavendish, and Lamb Weston) are planning on doubling thier production starting this year. That means more need for fertilizers. \nI seen the value in Amazon when it hit close to bottom ($86) I bought a few shares. Pretty happy with my ROE so far.", "likes": 6, "published_at": "2023-04-04T21:33:17Z", "sentiment": 0.9337, "entities": ["Amazon", "ROE"]}, {"author": "@CathyZhang", "comment": "I have been adding Amazon consistently over the past few weeks and will do so for the next few weeks.", "likes": 1, "published_at": "2023-04-04T21:23:16Z", "sentiment": 0.1779, "entities": ["Amazon"]}, {"author": "@jcpcga", "comment": "Love the picks. Already own both, but may look to add more Amazon", "likes": 1, "published_at": "2023-04-04T21:20:20Z", "sentiment": 0.6236, "entities": ["Amazon"]}, {"author": "@MountainFinance", "comment": "Great video Brandon. I did laugh when I saw your first stock was Nutrien as that is one I have planned for next week.", "likes": 1, "published_at": "2023-04-04T21:14:33Z", "sentiment": 0.8271, "entities": []}]