[{"author": "@beaviswealth", "comment": "\ud83d\udcc8\ud83d\udcda As always, if you're a beginner to the Stock Market in Canada and you're looking for a step-by-step blueprint on how to get started... Find out more about our Investing Academy here - https://bit.ly/theinvestingacademy", "likes": 2, "published_at": "2021-05-05T22:15:18Z", "sentiment": 0.0, "entities": ["the Stock Market", "Investing Academy"]}, {"author": "@isaacs7309", "comment": "The funny part is that standing besides Warren in the video was Jorge Paulo Lemman who is the 3G Capital owner and they own Inbav(Budweiser, and all the other beers), Burger King, Tim Hortons and a bunch of other things and nobody noticing him. \ud83d\ude02", "likes": 0, "published_at": "2021-05-24T20:35:07Z", "sentiment": 0.4404, "entities": ["G Capital", "Burger King"]}, {"author": "@lucky247365", "comment": "Really enjoyed your stories.  So how difficult is it to get a ticket to the AGM?", "likes": 0, "published_at": "2021-05-10T23:47:31Z", "sentiment": 0.2058, "entities": ["AGM"]}, {"author": "@lanceroberts1066", "comment": "I call it the Woodstock of annual meetings", "likes": 0, "published_at": "2021-05-09T22:57:03Z", "sentiment": 0.0, "entities": []}, {"author": "@lography6917", "comment": "This was an awesome video", "likes": 0, "published_at": "2021-05-07T15:43:04Z", "sentiment": 0.6249, "entities": []}, {"author": "@austinpatrick9468", "comment": "To become a millionaire is never easy as much as every other thing one wish to become. It takes discipline and tenacity to thrive for the best. Over the past few years, I have learnt that role of investment, and not just investment but intelligent investments in my journey as a millionaire .", "likes": 1, "published_at": "2021-05-07T00:23:53Z", "sentiment": 0.7748, "entities": []}, {"author": "@davidhart2763", "comment": "Thanks for sharing your experience Marc!\nSounds like an awesome time.", "likes": 2, "published_at": "2021-05-07T00:00:32Z", "sentiment": 0.9117, "entities": []}, {"author": "@invest6046", "comment": "New to investing and just want to invest in  best Index ETF for \r\nDOW JONES =\r\ns& p 500 = VFV\r\nNasdaq=\r\nwant to passive invest", "likes": 0, "published_at": "2021-05-06T21:27:28Z", "sentiment": 0.765, "entities": ["VFV"]}, {"author": "@DiegoRemus", "comment": "The other white-haired guy standing close to Warren Buffett is Jorge Paulo Lemann, the founder of 3G Capital in Brazil - fund who now owns Restaurant Brands International (Tim Hortons, Popeyes, Burger King).", "likes": 4, "published_at": "2021-05-06T19:20:07Z", "sentiment": 0.0, "entities": ["G Capital", "Restaurant Brands International", "Tim Hortons", "Popeyes", "Burger King"]}, {"author": "@mydrawingworld1261", "comment": "thx, Bevis lol for the story, hit the spot. and the truth u tell. I'm one of the newbies.  and i see the people pushing stocks on people. no one really tryna help. but Brandon got me started from just watching his videos. now im 3 months in with a 600 invested. not going up yet. but got funds building. thx again for the video", "likes": 0, "published_at": "2021-05-06T18:38:52Z", "sentiment": 0.7869, "entities": []}, {"author": "@Kris-vt8et", "comment": "Great advice and information. Just leaving this comment to let you know it's valued.", "likes": 0, "published_at": "2021-05-06T18:16:04Z", "sentiment": 0.7906, "entities": []}, {"author": "@therealant4844", "comment": "Marc is just such a likeable guy I\u2019m a big fan", "likes": 0, "published_at": "2021-05-06T09:43:39Z", "sentiment": 0.6486, "entities": []}, {"author": "@CUTTERUPROB", "comment": "Thanks for the video", "likes": 0, "published_at": "2021-05-06T06:14:15Z", "sentiment": 0.4404, "entities": []}, {"author": "@wasamillenniumbugprogramme2078", "comment": "Love the story.  Learning a lot just by listening.  Great work!!!!", "likes": 0, "published_at": "2021-05-06T05:09:45Z", "sentiment": 0.8877, "entities": []}, {"author": "@scottscriticalmass", "comment": "Thanks for sharing Marc... Envious you've experienced the big show 1st hand.  I was all set to attend for the first time last year, but we all know what happened.  I'm hoping they're back in Omaha with attendees next year and if so, I have every intention of being there and attending the meeting. \u00a0Fingers crossed the world's situation at the time allows that to happen.\n\nI also spent the better part of Saturday watching Berkshire's AGM live stream.  There's no way of knowing how many more times we'll get to experience the meeting with both the Mr's Buffett & Munger sharing the stage.  A bit slower than year's past, but still some gems shared by the legends.  When the meeting ended, I felt much like I've felt in years past, happy to own shares of Berkshire.  There's no other company like it. \u00a0\n\nI hope everyone watched this until the end because Marc had some gems of his own to share.  Thanks again sir!", "likes": 0, "published_at": "2021-05-06T04:46:48Z", "sentiment": 0.9901, "entities": ["the Mr's Buffett & Munger"]}, {"author": "@thegreatone2975", "comment": "loved these stories. Would like to see more videos like this I found it very entertaining and informative", "likes": 0, "published_at": "2021-05-06T04:35:04Z", "sentiment": 0.902, "entities": []}, {"author": "@jankay8569", "comment": "god marc is so damn hot\n\nbtw, this was so damn informative", "likes": 0, "published_at": "2021-05-06T03:46:58Z", "sentiment": -0.708, "entities": []}, {"author": "@KelechIwuaba", "comment": "What he doesnt realize that he is now a celebrity in his own right", "likes": 0, "published_at": "2021-05-06T03:30:21Z", "sentiment": 0.0, "entities": []}, {"author": "@jasonstupak4535", "comment": "Watched and liked.  Great perspective & reminiscing, thanks for sharing.", "likes": 1, "published_at": "2021-05-06T03:21:42Z", "sentiment": 0.9118, "entities": ["Great perspective & reminiscing"]}, {"author": "@juanperez-gh8bl", "comment": "Me agrada Warren Buffett, espero que algun d\u00eda abran su casa como un museo a su legado!", "likes": 0, "published_at": "2021-05-06T02:14:30Z", "sentiment": 0.0, "entities": ["casa como", "un"]}, {"author": "@TemujinBC", "comment": "If I saw you in downtown Vancouver, I'd totally ask for an autograph HAHAHAHA", "likes": 19, "published_at": "2021-05-06T01:47:08Z", "sentiment": 0.0, "entities": ["HAHAHAHA"]}, {"author": "@tirthpatel4246", "comment": "One of the best videos on this channel......More videos like this please where Marc talks about his journey and his experience over the years", "likes": 15, "published_at": "2021-05-06T01:29:26Z", "sentiment": 0.8528, "entities": []}, {"author": "@Mjohnedel", "comment": "hehe, daddy Beavis said \"no0bs\"", "likes": 1, "published_at": "2021-05-06T01:28:22Z", "sentiment": 0.0, "entities": []}, {"author": "@fasteddie328", "comment": "Fantastic video, very informative and entertaining, great job Marc.  Thank you.", "likes": 0, "published_at": "2021-05-06T01:20:37Z", "sentiment": 0.9241, "entities": []}, {"author": "@Bosu0", "comment": "That was a very entertaining video.  Lots of energy.", "likes": 1, "published_at": "2021-05-06T01:12:25Z", "sentiment": 0.6478, "entities": []}, {"author": "@CanadianDividendInvesting", "comment": "Everytime I listen to Buffet speak I learn something new!", "likes": 3, "published_at": "2021-05-06T00:59:29Z", "sentiment": 0.0, "entities": ["Buffet"]}, {"author": "@davidwilson9976", "comment": "Great stories! It felt like I was almost there too.", "likes": 6, "published_at": "2021-05-06T00:20:03Z", "sentiment": 0.784, "entities": []}, {"author": "@tomcouch6451", "comment": "Such a great video. Very  nice to hear about the meeting and the memories from Omaha.  Sure makes me want to go. \nThanks Marc.", "likes": 0, "published_at": "2021-05-06T00:14:18Z", "sentiment": 0.9134, "entities": []}, {"author": "@momo35444", "comment": "thanks marc!! love the video. great to hear your opinion", "likes": 0, "published_at": "2021-05-06T00:07:31Z", "sentiment": 0.915, "entities": []}, {"author": "@mikobelardo4328", "comment": "That was very entertaining. Thanks, Marc!\nAnd for the investing advice as well!", "likes": 0, "published_at": "2021-05-05T23:19:55Z", "sentiment": 0.8424, "entities": []}, {"author": "@Victoria-rw7zt", "comment": "Thank you Marc", "likes": 0, "published_at": "2021-05-05T23:11:57Z", "sentiment": 0.3612, "entities": []}, {"author": "@ab.4425", "comment": "Thank you so much Marc for sharing your experiences!! Really appreciate it!!!", "likes": 0, "published_at": "2021-05-05T23:09:08Z", "sentiment": 0.8577, "entities": []}, {"author": "@TypeOneTalks", "comment": "Very cool video. Reminded me of my time in the US. Thank you Marc!", "likes": 2, "published_at": "2021-05-05T22:50:21Z", "sentiment": 0.6581, "entities": []}, {"author": "@laneyung", "comment": "Too late now, I will definitely ask you for a picture if I see you in a bar. You and Brandon are making awesome videos.", "likes": 0, "published_at": "2021-05-05T22:40:38Z", "sentiment": 0.7783, "entities": []}, {"author": "@vitoscaletta7917", "comment": "84,350 IN April 2005 vs 421,420 in May 2021!? thats a 337,070 gain! Glad you got to go to Berkshire AGM more than once!", "likes": 0, "published_at": "2021-05-05T22:29:24Z", "sentiment": 0.8061, "entities": []}, {"author": "@j.p.6228", "comment": "I want to go to the Berkshire annual meeting so badly...", "likes": 5, "published_at": "2021-05-05T22:22:38Z", "sentiment": 0.0772, "entities": []}]