[{"author": "@hades90881", "comment": "Vote for td. Added more to my position lately", "likes": 0, "published_at": "2023-07-04T16:27:00Z", "sentiment": 0.0, "entities": []}, {"author": "@Nicolasdu5", "comment": "Td", "likes": 0, "published_at": "2023-06-20T01:41:07Z", "sentiment": 0.0, "entities": []}, {"author": "@Fred-gu4of", "comment": "Vote TD", "likes": 0, "published_at": "2023-06-14T11:17:33Z", "sentiment": 0.0, "entities": []}, {"author": "@CrxAwd", "comment": "I vote for TD, i just can\u2019t get behind Pfizer", "likes": 0, "published_at": "2023-06-08T23:45:55Z", "sentiment": 0.0, "entities": ["TD"]}, {"author": "@biomolecologo", "comment": "TD", "likes": 0, "published_at": "2023-06-08T02:45:12Z", "sentiment": 0.0, "entities": ["TD"]}, {"author": "@jeffbedard8288", "comment": "I'll go with TD ! but both of them are on my watchlist :D", "likes": 0, "published_at": "2023-06-08T00:57:17Z", "sentiment": 0.7809, "entities": ["TD"]}, {"author": "@mcthunderstick2374", "comment": "Lmao, they finish doing their advertisement in the video then I get a double YouTube ad", "likes": 0, "published_at": "2023-06-06T15:46:25Z", "sentiment": 0.5994, "entities": ["YouTube"]}, {"author": "@larry6682", "comment": "TD.", "likes": 0, "published_at": "2023-06-06T00:43:35Z", "sentiment": 0.0, "entities": ["TD"]}, {"author": "@worzelgummage4245", "comment": "Pfizer", "likes": 0, "published_at": "2023-06-05T15:23:14Z", "sentiment": 0.0, "entities": []}, {"author": "@taehwahong5824", "comment": "Definitely TD. This battle is a lot of fun \ud83d\ude0a", "likes": 0, "published_at": "2023-06-05T05:56:09Z", "sentiment": 0.5267, "entities": ["TD"]}, {"author": "@SKcanuckfan", "comment": "My vote goes to TD.  As a Canadian bank, it will bounce back long term.", "likes": 0, "published_at": "2023-06-04T16:19:59Z", "sentiment": 0.0, "entities": []}, {"author": "@tysonfrancis2415", "comment": "Td bank all the way", "likes": 0, "published_at": "2023-06-04T16:11:55Z", "sentiment": 0.0, "entities": []}, {"author": "@gevitz77", "comment": "Yes! As a Canadian investor, I love TD as in investment right now. I have been looking at it over the past month or so, particularly with the dividend date coming up. I also like the fact it's been the hardest hit, holding at sub-$80 right now, in that it's likely to have the largest potential comeback. (unless you believe they're in a pattern of poor performance and losses - I don't) Good job guys. I really like Pfizer as well for reasons Brandon outlined, but as a Cdn investor, not wanting to pay the 15% withholding tax, it makes me lean to TD. (although Pfizer does have a CDR on the Neo Exchange, at about ~ .5% currency hedge fee)", "likes": 0, "published_at": "2023-06-04T15:10:17Z", "sentiment": 0.5622, "entities": ["Pfizer", "CDR", "the Neo Exchange"]}, {"author": "@juanperez-gh8bl", "comment": "Hi there, funny stock battle, this time I'm with Brandon, in fact, I think Brandon is seeing a great opportunite here to buy an excellent company, great numbers, great payuot ratio and a good perspective to the future! I'll get it in september (maybe) and get more positions at UNH too, about Marc's pick, yes, that's a good option too :D", "likes": 0, "published_at": "2023-06-03T20:55:27Z", "sentiment": 0.9836, "entities": ["UNH"]}, {"author": "@noellebischoff224", "comment": "I vote for PFE , I bought my first shares 2 weeks ago ..", "likes": 0, "published_at": "2023-06-03T20:53:28Z", "sentiment": 0.296, "entities": ["PFE"]}, {"author": "@carlsisi9712", "comment": "last week picked some  ATD --- APD --- CMI --- CGO --- CP --- ENB --- RY --- BNS. My vote goes to TD bank so your dad's choice. Good luck !", "likes": 0, "published_at": "2023-06-03T20:03:32Z", "sentiment": 0.7345, "entities": ["ATD", "APD", "CMI", "CGO", "BNS"]}, {"author": "@tianxuezhang5970", "comment": "My vote goes to TD", "likes": 0, "published_at": "2023-06-03T16:06:14Z", "sentiment": 0.0, "entities": ["TD"]}, {"author": "@douglasrivero", "comment": "Team TD here", "likes": 0, "published_at": "2023-06-03T13:26:03Z", "sentiment": 0.0, "entities": ["Team TD"]}, {"author": "@MegsCarpentry-lovedogs", "comment": "Got to go with Marc on this one.....TD..... Although I do have PRM as well....which has Pfizer in its basket...but....I have a lot of TD for years and in one of the \"basket\" investments, DFN and PDF...so....TD is my vote...thanks guys for a fun and amusing presentation\u263a\ud83c\udf41\ud83c\udde8\ud83c\udde6", "likes": 0, "published_at": "2023-06-03T11:12:25Z", "sentiment": 0.7096, "entities": ["PRM", "Pfizer", "DFN", "PDF"]}, {"author": "@uplivedlivingsolutions9360", "comment": "Thanks for the great video! It's been awhile since watching your stuff but glad to catch this one! My vote goes to TD.", "likes": 0, "published_at": "2023-06-03T03:09:56Z", "sentiment": 0.8436, "entities": ["TD"]}, {"author": "@reptilianskin", "comment": "I like both. But vote for TD.", "likes": 0, "published_at": "2023-06-03T02:32:26Z", "sentiment": 0.1901, "entities": ["TD"]}, {"author": "@jakethesnake141414", "comment": "Voting for TD - My biggest position!", "likes": 0, "published_at": "2023-06-03T01:20:46Z", "sentiment": 0.0, "entities": []}, {"author": "@miriammetcalfe5863", "comment": "My vote is TD", "likes": 0, "published_at": "2023-06-03T00:25:28Z", "sentiment": 0.0, "entities": ["TD"]}, {"author": "@beamman3000", "comment": "I vote TD, for 1) getting out of the First Horizon deal (freeing capital for better things) and 2) very compelling dividend, plus bonus points for Marc\u2019s Guinness shirt.", "likes": 0, "published_at": "2023-06-02T23:35:55Z", "sentiment": 0.8221, "entities": ["First Horizon", "Guinness"]}, {"author": "@raghavverma4610", "comment": "TD", "likes": 0, "published_at": "2023-06-02T15:58:12Z", "sentiment": 0.0, "entities": ["TD"]}, {"author": "@ggalizia", "comment": "I vote for TD, though Pfizer seems like a good pick too.  Just at these prices TD seems like a steal (long term at least!)", "likes": 0, "published_at": "2023-06-02T15:02:52Z", "sentiment": 0.6114, "entities": ["TD", "Pfizer", "TD"]}, {"author": "@OfficialMutey", "comment": "I'm voting TD solely because it's on the TSX, but I also enjoy all the other perks especially the dividends...", "likes": 0, "published_at": "2023-06-02T05:41:08Z", "sentiment": 0.6486, "entities": ["TD", "TSX"]}, {"author": "@ajaysinghrathore51", "comment": "TD", "likes": 0, "published_at": "2023-06-02T05:12:13Z", "sentiment": 0.0, "entities": ["TD"]}, {"author": "@streetsmarts404", "comment": "Amazon is on the move guys.", "likes": 0, "published_at": "2023-06-02T02:37:54Z", "sentiment": 0.1779, "entities": ["Amazon"]}, {"author": "@everything.outdoors", "comment": "Great pics guys. I opened a TD position yesterday after doing very well on them from the Covid crash. I go with price/tang book on the banks mainly and its looking juicy on TD right now, so my vote is for TD, PFE has runway tho, never really looked at it before.", "likes": 0, "published_at": "2023-06-02T02:08:01Z", "sentiment": 0.5849, "entities": ["TD", "TD", "TD", "PFE"]}, {"author": "@stormblaze8", "comment": "Pfizer is my pick!", "likes": 0, "published_at": "2023-06-02T01:18:02Z", "sentiment": 0.0, "entities": ["Pfizer"]}, {"author": "@redrockable", "comment": "I vote TD! I recently looked at both this past week and TD it is. Great video guys.", "likes": 1, "published_at": "2023-06-02T00:42:40Z", "sentiment": 0.6588, "entities": []}, {"author": "@lylew7407", "comment": "TD takes my vote this round. \ud83e\udd4a", "likes": 0, "published_at": "2023-06-01T21:52:24Z", "sentiment": 0.0, "entities": ["TD"]}, {"author": "@briand6558", "comment": "TD buying it right now thanks", "likes": 0, "published_at": "2023-06-01T21:32:50Z", "sentiment": 0.4404, "entities": ["TD"]}, {"author": "@amandawilson2524", "comment": "I don't like either of them as companies in general. Bad experiences. But if I had to choose it would be Pfizer.", "likes": 0, "published_at": "2023-06-01T21:06:39Z", "sentiment": -0.4224, "entities": ["Pfizer"]}, {"author": "@jimmyarun", "comment": "My vote for TD", "likes": 0, "published_at": "2023-06-01T21:00:34Z", "sentiment": 0.0, "entities": ["TD"]}, {"author": "@diverse_insightt.o6499", "comment": "ADOBE!!", "likes": 0, "published_at": "2023-06-01T20:01:12Z", "sentiment": 0.0, "entities": []}, {"author": "@CoveredCallETFInvesting", "comment": "TD for sure, great value to pick up these days especially when markets are skidish.", "likes": 0, "published_at": "2023-06-01T15:55:26Z", "sentiment": 0.8316, "entities": []}, {"author": "@anonuser12345", "comment": "This is the toughest one yet. Both are good, but TD is just fantastic so it gets my vote.", "likes": 0, "published_at": "2023-06-01T15:50:45Z", "sentiment": 0.7717, "entities": []}, {"author": "@Bubs941", "comment": "TD", "likes": 0, "published_at": "2023-06-01T15:48:54Z", "sentiment": 0.0, "entities": ["TD"]}, {"author": "@flow2tech", "comment": "TD hands down... Especially now..haha", "likes": 0, "published_at": "2023-06-01T14:33:20Z", "sentiment": 0.0, "entities": ["TD"]}, {"author": "@barrettdonovan3379", "comment": "Love this series. TD all day all the way.", "likes": 0, "published_at": "2023-06-01T13:26:41Z", "sentiment": 0.6369, "entities": []}, {"author": "@raymondyap", "comment": "Go TD!", "likes": 0, "published_at": "2023-06-01T12:43:17Z", "sentiment": 0.0, "entities": []}, {"author": "@chwrt", "comment": "I vote for TD bank, both are good picks, but we still don't know the long term side effects of COVID vaccines, which could potentially ruin the reputation of companies like Pfizer", "likes": 0, "published_at": "2023-06-01T11:48:10Z", "sentiment": -0.25, "entities": ["TD", "Pfizer"]}, {"author": "@mikenolaf", "comment": "I vote TD", "likes": 0, "published_at": "2023-06-01T11:28:47Z", "sentiment": 0.0, "entities": []}, {"author": "@charlies7344", "comment": "TD!", "likes": 0, "published_at": "2023-06-01T10:29:27Z", "sentiment": 0.0, "entities": ["TD"]}, {"author": "@joeyh5325", "comment": "Both are great !  TD is my choice", "likes": 0, "published_at": "2023-06-01T06:33:23Z", "sentiment": 0.6588, "entities": ["TD"]}, {"author": "@cryp2nite284", "comment": "This \ud83e\udd21 told y\u2019all to buy ntr \ud83d\uddd1\ufe0f \ud83d\ude05 sell bb have a look y\u2019all", "likes": 0, "published_at": "2023-06-01T05:44:29Z", "sentiment": 0.0, "entities": []}, {"author": "@kelleyhaldorson209", "comment": "I'm going with TD both great picks but I'm more scared of picking pharma companies due to the research aspect. Banks aren't easy to research either as far as risks go but at least it's easier to understand than all the Latin you see in the reports in pharma companies.", "likes": 1, "published_at": "2023-06-01T04:40:53Z", "sentiment": -0.5857, "entities": ["TD"]}, {"author": "@muk817", "comment": "I know a while back you discussed the company Brookfield Asset Management (BAM.A). What are your thoughts after the spinoff? Would love to see your opinion on Brookfield Corporation (BN) and Brookfield Asset Management (BAM.A) after the spinoff.", "likes": 1, "published_at": "2023-06-01T04:21:58Z", "sentiment": 0.8481, "entities": ["Brookfield Asset Management", "Brookfield Corporation", "Brookfield Asset Management"]}, {"author": "@AC-rb6ut", "comment": "My vote goes toTD,", "likes": 0, "published_at": "2023-06-01T04:11:17Z", "sentiment": 0.0, "entities": []}, {"author": "@terry8451", "comment": "I am going TD", "likes": 0, "published_at": "2023-06-01T04:05:56Z", "sentiment": 0.0, "entities": ["TD"]}, {"author": "@AceVenturaXii", "comment": "I\u2019m going with TD because I already own some.", "likes": 0, "published_at": "2023-06-01T04:02:54Z", "sentiment": 0.0, "entities": []}, {"author": "@wenwang9156", "comment": "Yes TD day \ud83d\ude02", "likes": 0, "published_at": "2023-06-01T03:56:38Z", "sentiment": 0.4019, "entities": []}, {"author": "@pipus91", "comment": "I vote for TD as the Canadian bank got hit hard this year, not necessarily in relation to their performance. That said, I will probably buy Pfizer in the near future as I already own a lot of banks in my portfolio, so for diversification\u2019s sake I would add a bit of healthcare.", "likes": 0, "published_at": "2023-06-01T03:31:43Z", "sentiment": -0.1027, "entities": ["TD"]}, {"author": "@108media4", "comment": "TD", "likes": 0, "published_at": "2023-06-01T03:27:43Z", "sentiment": 0.0, "entities": ["TD"]}, {"author": "@TemujinBC", "comment": "TD and its not close!!!", "likes": 0, "published_at": "2023-06-01T03:19:42Z", "sentiment": 0.0, "entities": ["TD"]}, {"author": "@ryanm7171", "comment": "I would pick TD", "likes": 0, "published_at": "2023-06-01T03:15:06Z", "sentiment": 0.0, "entities": ["TD"]}, {"author": "@off1tenth438", "comment": "pfizer the classic pharmaceutical dividend yield trap. Growth only by acquisition, and has risks of constant government regulation. Td all day", "likes": 0, "published_at": "2023-06-01T02:43:41Z", "sentiment": -0.2023, "entities": []}, {"author": "@lenwright6225", "comment": "TD", "likes": 0, "published_at": "2023-06-01T02:38:56Z", "sentiment": 0.0, "entities": ["TD"]}, {"author": "@polestar707", "comment": "I'll go with TD. Thanks!", "likes": 0, "published_at": "2023-06-01T02:35:03Z", "sentiment": 0.4926, "entities": ["TD"]}, {"author": "@saeedsharafi", "comment": "I vote for both", "likes": 0, "published_at": "2023-06-01T02:27:56Z", "sentiment": 0.0, "entities": []}, {"author": "@EZ3KIEL2517", "comment": "Go TD!", "likes": 0, "published_at": "2023-06-01T02:14:50Z", "sentiment": 0.0, "entities": []}, {"author": "@PP-nv3kd", "comment": "TD anytime...", "likes": 0, "published_at": "2023-06-01T01:56:10Z", "sentiment": 0.0, "entities": ["TD"]}, {"author": "@MountainFinance", "comment": "I do like both companies but PFE just has so much potential and I am bullish on the healthcare sector. TD is good and I think it could be a great battle but PZE gets my vote this time.", "likes": 1, "published_at": "2023-06-01T01:53:18Z", "sentiment": 0.8338, "entities": ["PFE", "PZE"]}, {"author": "@ThePlmok", "comment": "Vote for TD", "likes": 0, "published_at": "2023-06-01T01:46:43Z", "sentiment": 0.0, "entities": ["TD"]}, {"author": "@Carol8693", "comment": "Sorry Brandon \ud83d\ude02\ud83d\ude02 My vote goes to your dad \u2018s  choice\u2705 Go TD! \u2705 go Marc !  \u2705 I love that bank and costumer service  . Great video as always \u2764\ufe0f", "likes": 2, "published_at": "2023-06-01T01:45:47Z", "sentiment": 0.8619, "entities": []}, {"author": "@wingmi12ster", "comment": "I will go for TD\u2764", "likes": 0, "published_at": "2023-06-01T01:11:30Z", "sentiment": 0.0, "entities": ["TD"]}, {"author": "@RyH10", "comment": "The stress on Brandons face when marc revealed TD  Lol. Both are really good picks. Its going to be close.", "likes": 0, "published_at": "2023-06-01T01:08:01Z", "sentiment": 0.4927, "entities": ["TD"]}, {"author": "@joedenatale4176", "comment": "I vote for TD", "likes": 0, "published_at": "2023-06-01T00:58:05Z", "sentiment": 0.0, "entities": ["TD"]}, {"author": "@engelzman", "comment": "Pretty good picks from both of you.. my vote goes to PFE. Been buying recently for my health sector exposure, and I feel it\u2019s great value currently.", "likes": 0, "published_at": "2023-06-01T00:52:31Z", "sentiment": 0.9118, "entities": ["PFE"]}, {"author": "@wadeg1155", "comment": "Pfizer is a go . I\u2019m already heavy td . Love both stocks but for my portfolio now Pfizer is good exposure to health sector .", "likes": 0, "published_at": "2023-06-01T00:52:21Z", "sentiment": 0.7543, "entities": ["Pfizer"]}, {"author": "@user-sw9cl9mf1y", "comment": "Thank you for talking about TD bank. I was debating what to do with that stock. You helped clarify and put things in perspective. My vote goes to TD!!", "likes": 2, "published_at": "2023-06-01T00:50:41Z", "sentiment": 0.4738, "entities": ["TD"]}, {"author": "@yannclisson8575", "comment": "TD all the way. Pfizer \ud83e\udd2e\ud83e\udd22", "likes": 0, "published_at": "2023-06-01T00:50:01Z", "sentiment": 0.0, "entities": ["TD"]}, {"author": "@raphaeldeschenes5098", "comment": "Pzifer", "likes": 0, "published_at": "2023-06-01T00:49:24Z", "sentiment": 0.0, "entities": []}, {"author": "@TheTttooom", "comment": "TD for me. Been strongly considering initiating a position lately as opposed to the usual bank etf.", "likes": 3, "published_at": "2023-06-01T00:49:12Z", "sentiment": 0.2732, "entities": []}, {"author": "@Rob-ob3sh", "comment": "Did the market hit the bottom yet ?", "likes": 0, "published_at": "2023-06-01T00:33:19Z", "sentiment": 0.0, "entities": []}, {"author": "@filb", "comment": "Sorry Brandon, but TD for me which is why I own the stock.", "likes": 0, "published_at": "2023-06-01T00:24:47Z", "sentiment": -0.0387, "entities": []}, {"author": "@smallmj2886", "comment": "No wrong choice here, both are excellent long term holds - especially at current prices.  I vote for --- a cop out of both", "likes": 0, "published_at": "2023-06-01T00:21:36Z", "sentiment": -0.1531, "entities": []}, {"author": "@danielwebster7732", "comment": "TD, but at $77  or less for no other reason than the volatility we're witnessing.", "likes": 0, "published_at": "2023-06-01T00:16:15Z", "sentiment": -0.3362, "entities": ["TD"]}, {"author": "@warrenwade8531", "comment": "TD hands down", "likes": 0, "published_at": "2023-06-01T00:10:27Z", "sentiment": 0.0, "entities": ["TD"]}, {"author": "@simonledoux2744", "comment": "Those are my kind of picks, but if I had to choose one it would be TD", "likes": 0, "published_at": "2023-06-01T00:02:43Z", "sentiment": 0.0, "entities": ["TD"]}, {"author": "@Northern_Squirrel", "comment": "Hi guys, if you are looking for an idea for a video, I would love to see a video on Canadian banks and how digital currency could potentially disrupt the entire banking systems. I try my best not to go over 25% within financial sector (banks and insurance).", "likes": 0, "published_at": "2023-05-31T23:50:38Z", "sentiment": 0.8555, "entities": []}, {"author": "@sharlynestrickland3239", "comment": "Great cast.  I would hesitate with Pfizer after the epipen fiasco years ago.  Love TD!!!", "likes": 0, "published_at": "2023-05-31T23:49:57Z", "sentiment": 0.6981, "entities": ["Pfizer"]}, {"author": "@interview8203", "comment": "TD for sure. \ud83d\udd60", "likes": 0, "published_at": "2023-05-31T23:45:24Z", "sentiment": 0.3182, "entities": []}, {"author": "@irenatz2825", "comment": "I vote for TD. Although as a side I will look at buying Pfizer instead as already heavily invested in banks!  Great show as always!", "likes": 0, "published_at": "2023-05-31T23:43:14Z", "sentiment": 0.6892, "entities": ["TD"]}, {"author": "@mattduprau2028", "comment": "TD for me! Although healthcare/pharm is dear to my heart, PFE has some major patents expiring soon, and this will further impact revenue. TD has better growth potential, especially the lower we go in the 70\u2019s", "likes": 0, "published_at": "2023-05-31T23:36:18Z", "sentiment": 0.7108, "entities": ["PFE", "TD"]}, {"author": "@Northern_Squirrel", "comment": "Great pick guys, I have been nibbling a number of stocks lately, T, ENB, ATZ, SU, TD and BMO. Already own PFE and not adding to existing position. Although I am adding to my financial holdings, I am a bit nervous of the Canadian banks due to potential recession and household debts and what it could mean over the next few quarters.", "likes": 0, "published_at": "2023-05-31T23:30:15Z", "sentiment": 0.128, "entities": ["ENB", "ATZ", "SU", "TD", "BMO", "PFE"]}, {"author": "@MegsCarpentry-lovedogs", "comment": "Marc!   Love the T-shirt! \ud83c\udf7b     \ud83c\udf77      Nice to see you both...a bit of a change from all the forest fires that are now out here in Atlantic Canada!  \ud83d\udd25      Thanks for the \"fun\" in this one too. \ud83d\ude00  \ud83d\udc4d", "likes": 2, "published_at": "2023-05-31T23:23:28Z", "sentiment": 0.8951, "entities": []}, {"author": "@akshanshjain", "comment": "TD", "likes": 0, "published_at": "2023-05-31T23:14:28Z", "sentiment": 0.0, "entities": ["TD"]}, {"author": "@bradleytalksmoney", "comment": "Blossoms vote would dictate that TD is the winner.\nI will also vote TD", "likes": 0, "published_at": "2023-05-31T23:07:37Z", "sentiment": 0.5859, "entities": ["TD", "TD"]}, {"author": "@j-pletourneau6926", "comment": "I vote for TD. \u2764", "likes": 0, "published_at": "2023-05-31T23:07:37Z", "sentiment": 0.0, "entities": []}, {"author": "@jessehamlin3420", "comment": "TD, for healthcare players in the US I hold JNJ and UNH as they have compounded much nicer over the years while PFZ has remained relatively stagnant", "likes": 0, "published_at": "2023-05-31T23:07:21Z", "sentiment": 0.4404, "entities": ["TD", "JNJ", "UNH", "PFZ"]}, {"author": "@jddj7052", "comment": "TD no doubt", "likes": 0, "published_at": "2023-05-31T23:04:29Z", "sentiment": -0.5719, "entities": ["TD"]}, {"author": "@dominiquetheeasyminimalist", "comment": "None. Pfizer was at the same price in 2001, I\u2019d get it only if it dips below $30. TD faces too many headwinds right now, we\u2019ll see later this year \ud83e\udd37\u200d\u2640\ufe0f. Love those videos, great job!", "likes": 0, "published_at": "2023-05-31T23:03:05Z", "sentiment": 0.8622, "entities": ["TD"]}, {"author": "@rockymtnrdr", "comment": "I vote for Pfizer!", "likes": 0, "published_at": "2023-05-31T23:02:23Z", "sentiment": 0.0, "entities": ["Pfizer"]}, {"author": "@MrDavidMcKinnon", "comment": "I vote for Pfizer", "likes": 0, "published_at": "2023-05-31T22:55:10Z", "sentiment": 0.0, "entities": ["Pfizer"]}, {"author": "@Chap17", "comment": "Enjoyed this, thanks Guys !\ud83c\udf89\nBrandon \nApparently the replacement for BPHA plastics is not any improvement ....no mindful with the baby and yourselves with plastic, definitely avoid microwaving in them\ud83c\udf89 \ud83c\udf89\ud83c\udf89\ud83c\udf89", "likes": 0, "published_at": "2023-05-31T22:44:20Z", "sentiment": 0.6717, "entities": ["BPHA"]}, {"author": "@shigajet", "comment": "Great picks, and I happen to have both (TD in my TFSA, Pfizer in my RRSP). Overall, though, my vote goes to TD!", "likes": 3, "published_at": "2023-05-31T22:43:36Z", "sentiment": 0.6588, "entities": ["RRSP", "TD"]}, {"author": "@aaronwade3703", "comment": "TD for the win, Great video Gents!", "likes": 4, "published_at": "2023-05-31T22:40:01Z", "sentiment": 0.8478, "entities": ["TD"]}, {"author": "@isaacdyck9970", "comment": "Td", "likes": 0, "published_at": "2023-05-31T22:38:37Z", "sentiment": 0.0, "entities": []}, {"author": "@sophiemo7278", "comment": "I'll go with TD no doubt about it", "likes": 1, "published_at": "2023-05-31T22:34:58Z", "sentiment": -0.5719, "entities": ["TD"]}, {"author": "@paullacroix3249", "comment": "I have to go with Mark one this one, With TD.\nAs you both have said For the long haul both stocks are an A.\nBut in the next 12 months from     what your partner to your left has shown us.. TD has a better chance in taking the win by a few bucks. \nThanks. Was a great show", "likes": 0, "published_at": "2023-05-31T22:30:01Z", "sentiment": 0.9721, "entities": ["TD", "TD"]}, {"author": "@evadeanu1", "comment": "I like both but I own and continue to buy TD, so, I vote TD. Thanks for the video.", "likes": 1, "published_at": "2023-05-31T22:26:03Z", "sentiment": 0.718, "entities": ["TD"]}, {"author": "@JaelenGames", "comment": "Great video guys! Both great picks. I\u2019ll go with TD", "likes": 1, "published_at": "2023-05-31T22:17:13Z", "sentiment": 0.8588, "entities": ["TD"]}, {"author": "@tapasyamaringanti5186", "comment": "Bro, don\u2019t think Pfizer. My vote goes to TD", "likes": 1, "published_at": "2023-05-31T22:16:48Z", "sentiment": 0.0, "entities": ["TD"]}, {"author": "@johndini1523", "comment": "TD Bank all day", "likes": 26, "published_at": "2023-05-31T22:13:48Z", "sentiment": 0.0, "entities": ["TD Bank"]}, {"author": "@burmeselegendmusics", "comment": "I vote for both but personally buying PFE...\ud83d\ude0a", "likes": 1, "published_at": "2023-05-31T22:11:15Z", "sentiment": 0.0, "entities": ["PFE"]}, {"author": "@roberttaylor3594", "comment": "I gotta go with Canadian bank:TD.  Especially now.\n\nFinancial nirvana mamma agrees\u2026.just sayin.", "likes": 3, "published_at": "2023-05-31T22:10:30Z", "sentiment": 0.0, "entities": []}, {"author": "@bravosatya", "comment": "TD for sure.", "likes": 0, "published_at": "2023-05-31T22:01:15Z", "sentiment": 0.3182, "entities": []}, {"author": "@swapnilchaudhari3241", "comment": "Where can i find the P&L statements and quarterly results for the companies ?", "likes": 0, "published_at": "2023-05-31T22:00:44Z", "sentiment": 0.0, "entities": ["P&L"]}, {"author": "@Kris-vt8et", "comment": "TD obviously.", "likes": 1, "published_at": "2023-05-31T21:58:13Z", "sentiment": 0.0, "entities": ["TD"]}, {"author": "@beaviswealth", "comment": "\ud83d\udcc8\ud83d\udcda Join The Investing Academy \u27a4 https://bit.ly/theinvestingacademy \r\n\r\nThank you to Passiv for sponsoring today's video - https://passiv.com/?ref=RGAMTXSUAM\r\nOne of our favourite tools to help manage your portfolio. Try them out for completely free today! \r\n\r\nIn this video, we continue our Stock Battle Series!  Brandon's pick is Pfizer, and Marc's is TD Bank.  Don't forget to vote for your favourite!!\nhttps://www.youtube.com/post/Ugkx3cryfLRiSrg-qUM9mCVnfHea7Ed9oofD", "likes": 3, "published_at": "2023-05-31T21:24:48Z", "sentiment": 0.8814, "entities": ["The Investing Academy", "Pfizer", "TD Bank"]}]