[{"author": "@beaviswealth", "comment": "\ud83d\udcc8\ud83d\udcda As always, if you're a beginner to the Stock Market in Canada and you're looking for a step-by-step blueprint on how to get started... Find out more about our Investing Academy here - https://bit.ly/theinvestingacademy\n\nWhat are your top lessons that you've learned as an investor?  Leave a comment down below! :D", "likes": 5, "published_at": "2022-01-17T22:02:25Z", "sentiment": 0.7118, "entities": ["the Stock Market", "Investing Academy"]}, {"author": "@Joe-gf4tu", "comment": "Thank you for this video! I desperately needed to hear lesson #6 and 7", "likes": 0, "published_at": "2022-02-09T22:37:02Z", "sentiment": -0.1007, "entities": []}, {"author": "@KimJilene", "comment": "I am a brand new investor but currently have no investments at present, and that is the hard lesson I am learning now \ud83d\ude23\n\n I bought my first ever stock in RBC in Dec 2021 at $129, but sold it to transfer it from my personal Wealthsimple account to my TFSA Wealthsimple account. \n\nBut then I got spooked by all the bad news about inflation, interest rates and a market crash, so I never bought the stock again. I am one of the fools just sitting on cash and waiting for a crash. Now RBC is up to $146 - up 13% in less than 2 months! And I have no position in the market \ud83d\ude16 \n\nI learned to not sell my position on stocks I plan to have for the long term, cause time IN the market is better than no position at all.", "likes": 0, "published_at": "2022-02-05T19:35:39Z", "sentiment": -0.9558, "entities": ["RBC", "RBC"]}, {"author": "@Palak07798", "comment": "I liked you video before watching\ud83d\ude05. Appreciate your efforts and way of educating your viewers in commendable way.", "likes": 0, "published_at": "2022-01-29T18:08:18Z", "sentiment": 0.6705, "entities": []}, {"author": "@HiRye", "comment": "I made a video like this 6 month ago - did you copy? Lol  \ud83d\ude06 \ud83e\udd23 \ud83d\ude02", "likes": 0, "published_at": "2022-01-26T00:32:34Z", "sentiment": 0.6486, "entities": []}, {"author": "@jaysoncea9376", "comment": "Lesson #1 - ALWAYS consult a qualified & experienced professional Financial Advisor employed by a reputable Financial Institution.  NEVER invest in financial securities based on the words of a YouTuber.", "likes": 0, "published_at": "2022-01-22T22:23:58Z", "sentiment": 0.296, "entities": ["Lesson #1 - ALWAYS", "Financial Advisor", "Financial Institution", "NEVER", "YouTuber"]}, {"author": "@flow2tech", "comment": "Brandon!  To me, this is hands down the best video ive seen yet out of your catalogue .. I'm a fair bit older than yourself, but there were some really insightful comments in regards to the mistakes made and it is so true...You speak much wiser words than your years would suggest.. Mistakes must be made in order to enhance the learning curve.. Mad props on this one!", "likes": 0, "published_at": "2022-01-21T03:40:10Z", "sentiment": -0.7457, "entities": []}, {"author": "@Ouroporos", "comment": "So far I've followed the advice to only invest in the Canadian market in my TFSA (with WST), I guess to avoid taxes from elsewhere. I think I'm open to expanding my borders in my RRSP though. I'm definitely experiencing paralysis by analysis debating on whether to open up an RRSP account with Questrade or NBDB. I'm definitely a fan of ETFs, whether I want to commit to an all-in-one asset allocation or individually pick the ETFs, I'm not so sure yet lol. If someone has less than $50k in their portfolio, is it worth it to make the effort to invest in US ETFs with US dollars and doing Norbert's Gambit or should one just commit to invest in a Canadian ETF that invests in US ETFs/ securities?", "likes": 0, "published_at": "2022-01-20T00:39:29Z", "sentiment": 0.937, "entities": ["RRSP", "RRSP", "NBDB"]}, {"author": "@andrewsharpe7630", "comment": "lol okay, that jab at Griffin Milks came off \"in good fun\"; it didn't sound ill-spirited to me. I guess the issue is he got singled out at all. To be fair to Milks, it is important, as a media personality, to \"stay on top\" of the conversation/ cultural shifts and give an opinion.", "likes": 0, "published_at": "2022-01-19T20:00:03Z", "sentiment": 0.8885, "entities": ["Griffin Milks"]}, {"author": "@andrewsharpe7630", "comment": "I've noticed that I have been using more math since I started investing (percents, averages rates of return, etc.), but yeah, learning to deal with the \"emotional ups and downs\" of daily stock value fluctuations is a larger part of investing.", "likes": 0, "published_at": "2022-01-19T19:23:12Z", "sentiment": 0.7783, "entities": []}, {"author": "@PrashantThankappan", "comment": "Holy shit, I am glad that I saw the whole video.\nI can see why you're upset.", "likes": 0, "published_at": "2022-01-19T13:15:01Z", "sentiment": -0.4939, "entities": []}, {"author": "@lyndonbryanton360", "comment": "Flip flopping my subscribe to unsubscribe", "likes": 5, "published_at": "2022-01-19T02:07:48Z", "sentiment": 0.0, "entities": []}, {"author": "@julienewing1279", "comment": "How you came to the conclusion that covering different investment strategies, market segments, etc to appeal to a wide and diverse audience can be considered \u201cflip flopping\u201d is deserving of its own video", "likes": 9, "published_at": "2022-01-19T01:31:21Z", "sentiment": 0.0, "entities": []}, {"author": "@GarethBushMusic", "comment": "Dude quit being a jerk to Griffin, it's incredibly petty and unprofessional on your part. Discussing dividends, crypto and real estate makes for diversified content, not a flip flopping strategy, and you know it. You've got over twice as many subscribers and you're still clearly threatened/jealous, for whatever reason.", "likes": 5, "published_at": "2022-01-18T23:01:30Z", "sentiment": -0.6549, "entities": []}, {"author": "@alexandrecontr", "comment": "Hey Brandon, love your content, but I honestly don't understand the unnecessary shade thrown at Griffin. You both have successful channels, and if anything, viewers would expect a collaboration not cheap shots. I hope your channel doesn't turn into a personal vendetta. Not impressed.", "likes": 22, "published_at": "2022-01-18T22:54:10Z", "sentiment": 0.7476, "entities": []}, {"author": "@luispauloa", "comment": "Hey Brandon, been following your content for some time now and love the videos, specially stock battles with your dad. However, I felt it was VERY unnecessary for you to take such a cheap shot at Griffin Milks in your video. You could have made your point without the need for the cheap shot. Griffin has awesome content, he posts consistently is always sharing tons of great info on different investments just like you. Calling him a \"flip flopper\" for no reason only makes you lose credibility and in reality you are just promoting him as well. I hope you learn this lesson, as you both have so much to add to the community and I hope to one day see a video collab of you both. Stay safe!", "likes": 35, "published_at": "2022-01-18T22:17:27Z", "sentiment": 0.9744, "entities": []}, {"author": "@GriffinMilks", "comment": "Thanks for the free promo Brandon!", "likes": 41, "published_at": "2022-01-18T21:53:43Z", "sentiment": 0.7574, "entities": []}, {"author": "@MegsCarpentry-lovedogs", "comment": "Hey Brandon, there are fantastic solid CANADIAN companies that have USA and or national exposure. Example, DR, NPI, PKI, FRU. ANd all canadian tax dividend credit eligible...and no income tax foreign issues. Someday I hope you or Marc will start introducing these sorts of Canadian stocks with out of country exposure. It would be a fair presentation to all of us if you could. Thanks! \ud83d\ude09\ud83c\udde8\ud83c\udde6", "likes": 1, "published_at": "2022-01-18T21:42:24Z", "sentiment": 0.9184, "entities": ["NPI", "PKI", "FRU"]}, {"author": "@littleninjai222", "comment": "Fantastic summary video. Thank you for this, Brandon! Agree with the dollar-cost averaging. I would add compound interest. Pay yourself first. Time is your friend. I started reading The Wealthy Barber when I was 17 years old. I learned the best lessons thanks to David Chilton and I continued to build my knowledge from this foundation. Now I teach this to my kids who unlike me, have time on their side.", "likes": 0, "published_at": "2022-01-18T20:09:52Z", "sentiment": 0.9729, "entities": []}, {"author": "@JoseRodriguez-sm7ee", "comment": "Hi Brandon. Great information you share in your videos. I have a question about RRSP and FTSA accounts. I am a temporal worker here in Canada. My companie relocated me for a few years (from 4 to 5 years) because of a new proyect we have, but certanly I will be moved out from Canada in 5 years. So my question is what happend with the RRSP and the FTSA acount when I am no longer working in the Canada system? so to speak ... what I means is, will I be able to continuos with my contributions in both accounts? Will I be forced to moved/withdraw the money from this accounts? If you were so kind to guide me as to where I can get this information, I would be very grateful. And as always I look forward to your next videos...", "likes": 0, "published_at": "2022-01-18T19:21:02Z", "sentiment": 0.8548, "entities": ["RRSP", "FTSA", "RRSP", "FTSA"]}, {"author": "@curtis7439", "comment": "Haha shots fired at the competition Griffin Milks. Wonder if its over the Shopify. Looking forward to Griffins response. Good to throw a lil entertainment in there. lol", "likes": 2, "published_at": "2022-01-18T19:09:01Z", "sentiment": 0.7845, "entities": ["Griffin Milks"]}, {"author": "@tzhemasta", "comment": "Brandon, I have been following you for about 2 years now and all I can say is you\u2019re really one of the most grounded and level headed investors in the finance space- especially given your age. I have made a lot of investing mistakes myself and it\u2019s safe to say my investing journey has been extremely rocky so far. Videos like this help me keep tabs on my emotions and trust my strategy for the long run. Thank you for all the work you do on this channel!", "likes": 1, "published_at": "2022-01-18T18:59:57Z", "sentiment": 0.9078, "entities": ["Videos"]}, {"author": "@tomahawk581", "comment": "Microsoft buying Blizzard WTF XD", "likes": 2, "published_at": "2022-01-18T18:42:11Z", "sentiment": 0.0, "entities": ["Microsoft"]}, {"author": "@Vitsuna", "comment": "Hey Brandon wondering what you think about Microsoft acquiring Activision.", "likes": 0, "published_at": "2022-01-18T15:23:15Z", "sentiment": 0.0, "entities": ["Microsoft", "Activision"]}, {"author": "@lafamilleguzman1880", "comment": "hi brandon i have a question do you speak french? i see your investing academy but i dont speak very well english so in wondering if people who speak french can also join in?", "likes": 0, "published_at": "2022-01-18T15:16:55Z", "sentiment": 0.1565, "entities": []}, {"author": "@BearInvesting", "comment": "The red days are the best days you have so many options of where to find the best return in the long run.", "likes": 0, "published_at": "2022-01-18T15:04:45Z", "sentiment": 0.8555, "entities": []}, {"author": "@millereats5836", "comment": "Appreciate the knowledge always\ud83d\udc4d\ud83c\udffe\ud83d\udc4d\ud83c\udffe\ud83d\udc4d\ud83c\udffe", "likes": 0, "published_at": "2022-01-18T14:44:43Z", "sentiment": 0.4019, "entities": []}, {"author": "@vahidespanmanesh8818", "comment": "Congrats Brandon for Activation Blizzard!!!! I did not had cash to invest at the time you recommended it. Good luck for you and I feel so happy you did a great job!", "likes": 3, "published_at": "2022-01-18T14:13:23Z", "sentiment": 0.9687, "entities": []}, {"author": "@davidcarpio8777", "comment": "Hello Marc and Brandon. Would you guys consider making a video on how you analyze a company\u2019s worth/value and how you analyze a good company to buy. What kind of research needs to be done and what the process might be in deciding. Thank you very much for all the advise and help you leave for everyone", "likes": 6, "published_at": "2022-01-18T14:09:30Z", "sentiment": 0.7845, "entities": []}, {"author": "@jonisousa-guthrie3121", "comment": "Learning so much. Great video.  I\u2019m excited about the retirement series. Thank you", "likes": 0, "published_at": "2022-01-18T12:59:30Z", "sentiment": 0.8511, "entities": []}, {"author": "@brucecampbell208", "comment": "Invest in a low cost S and P 500 index fund and you wont make a stupid mistake.  But it takes discipline as you said in the video excellent video as always.", "likes": 2, "published_at": "2022-01-18T06:05:19Z", "sentiment": 0.7849, "entities": ["S"]}, {"author": "@masshunter6270", "comment": "Great video. What are your views on TD Easy Trade vs Questrade? TD Easy Trade offer 50 free stock trades each year. I am thinking is TD a better alternative for TFSA?", "likes": 0, "published_at": "2022-01-18T04:57:42Z", "sentiment": 0.9474, "entities": ["TD Easy Trade vs Questrade", "TD Easy Trade", "TD"]}, {"author": "@anaisabelgutierrez2352", "comment": "Hi Brandon, could you please show us how to invest in other markers than CA and USA. I mean which broker you recommend.\nThanks!", "likes": 1, "published_at": "2022-01-18T04:45:15Z", "sentiment": 0.7901, "entities": ["CA"]}, {"author": "@MakingThemDrop", "comment": "My biggest thing is to not let the opinion of others on social media (reddit, twitter, youtube) influence the choices I make when buying or selling specific investments. Most of the hyped up stock/investment \"tips\" out there are garbage. That's why I like watching your videos, no BS or always trying to capitalize on the latest keyword trends for views lol.", "likes": 1, "published_at": "2022-01-18T04:10:16Z", "sentiment": 0.4767, "entities": []}, {"author": "@roberttaylor3594", "comment": "Mistakes: there was a show on CBC radio today about failure.  Take away was it\u2019s either success or learn, not success or failure.  There was more to it than that; worth a listen!", "likes": 0, "published_at": "2022-01-18T04:10:13Z", "sentiment": 0.126, "entities": ["CBC"]}, {"author": "@fhuzpatch", "comment": "Another great vid! Thanks for keeping it down to just 10 LOL. The biggest thing I've learned in the past 3 years I've taking on DIYI is from my own mistakes. Things where I slap my forehead at this point and wish I hadn't done it that way, and lost a potential earning of another 10k or 20k I'd be up in my RSP. A quote from (I think it may have been Dean Martin?) was \"Good judgement comes from experience. And experience? Well, that comes from poor judgement.\" Take those words of wisdom and apply them to investing by simply replacing the word judgement with investing!", "likes": 3, "published_at": "2022-01-18T03:24:39Z", "sentiment": 0.9458, "entities": ["LOL", "DIYI", "RSP"]}, {"author": "@eac381", "comment": "Brandon, did you just invent mindfulness investing with acknowledging your emotions? :)", "likes": 0, "published_at": "2022-01-18T03:19:04Z", "sentiment": 0.4588, "entities": []}, {"author": "@wendesa5143", "comment": "Thanks. I appreciate that you mention for those still not comfortable or does not find alot enjoyment in picking stocks that it is ok to stick with few asset allocation ETFs. Would love a video for us set it and forget it investors \ud83d\ude36", "likes": 4, "published_at": "2022-01-18T03:15:00Z", "sentiment": 0.789, "entities": []}, {"author": "@laurafaith2695", "comment": "Hi Brandon! For #5, you said to pick a strategy and not be a flip flopper.... but if our portfolio is made up of various types of investments... individual growth stocks, individual dividend stocks, ETFs, crypto... couldn't that just be more diversification and a good thing? Just like how we can make our portfolio more diverse by having investments from different sectors... maybe having investments that align with different \"strategies\" can be another form of diversification. What do you think?", "likes": 13, "published_at": "2022-01-18T02:34:24Z", "sentiment": 0.9109, "entities": []}, {"author": "@erwinnespiritu3645", "comment": "Many thanks sir for the new idea and information.", "likes": 0, "published_at": "2022-01-18T02:10:08Z", "sentiment": 0.4404, "entities": []}, {"author": "@davidbooth2175", "comment": "Not fully utilizing  my rrsp due to  paying taxes during retirement is something I've avoided for years. After hearing you out I will start up again.\nSo thanks Brandon for this message.\nI'm also a Richmondite", "likes": 0, "published_at": "2022-01-18T01:49:35Z", "sentiment": 0.2006, "entities": ["Richmondite"]}, {"author": "@sithewiseguy", "comment": "I think you combined \"beat a dead horse\" and \"dead cat bounce\" \ud83d\ude01", "likes": 1, "published_at": "2022-01-18T01:32:33Z", "sentiment": -0.8625, "entities": []}, {"author": "@TheMooingMouse", "comment": "12:34 LOL my man's throwing shade...is this the calculated risk you were talking about? \ud83e\udd23 jk I love your videos bro (and some of his)", "likes": 7, "published_at": "2022-01-18T01:16:46Z", "sentiment": 0.8192, "entities": []}, {"author": "@kasperitase", "comment": "I really enjoy buying dividend stocks and watching my annual payout grow every time I put more money into my TFSA :) good video", "likes": 2, "published_at": "2022-01-18T00:55:19Z", "sentiment": 0.8553, "entities": []}, {"author": "@Jeff_Thomas", "comment": "+1", "likes": 0, "published_at": "2022-01-18T00:50:02Z", "sentiment": 0.0, "entities": []}, {"author": "@ItsBurnahMan", "comment": "this guy came for griffin\u2019s neck \ud83d\ude02 nice vid man i like the longer vids", "likes": 6, "published_at": "2022-01-18T00:34:23Z", "sentiment": 0.6486, "entities": []}, {"author": "@geumyongjung8502", "comment": "Thank you for your wise advices !", "likes": 1, "published_at": "2022-01-18T00:00:24Z", "sentiment": 0.7088, "entities": []}, {"author": "@landonogden2334", "comment": "Another great video and I wanna just say thanks for sharing your knowledge  about investing. One question I wanna ask is do you think its smart to invest with a financial advisor that has a high MER of say 2% or would you suggest finding good index funds like SPY or QQQ or VOO and paying 1/20th of the fees", "likes": 1, "published_at": "2022-01-17T23:46:51Z", "sentiment": 0.9509, "entities": ["SPY", "QQQ", "VOO"]}, {"author": "@canadianinvesting18", "comment": "I feel like it was kind of a jerk move to single out Griffin Milks in your edit after saying there were a bunch of your YouTube peers who are flip-floppers. The point you were making landed well without the edit, but if you wanted to show examples, I think it would have been better if you included other creators doing this as well. I haven't seen any of Griffin's content before, so maybe this was done in retaliation to something he did or said, but without any additional context, it came across like an attack on him and his channel directly, which isn't cool imo. \n\nI hope you'll take this as constructive criticism, I thought the rest of the video was good and I think your channel has a lot to offer. I just don't think you should stoop to singling out one person for the actions of the broader community, especially since you are one of the largest voices in the Canadian stock market sphere on YouTube.", "likes": 35, "published_at": "2022-01-17T23:44:53Z", "sentiment": 0.1284, "entities": ["Griffin Milks", "YouTube", "YouTube"]}, {"author": "@momo35444", "comment": "thanks for the great video brandon! always great tips", "likes": 0, "published_at": "2022-01-17T23:16:21Z", "sentiment": 0.908, "entities": []}, {"author": "@jonm1066", "comment": "hahaha hate those flip floppers", "likes": 6, "published_at": "2022-01-17T23:08:13Z", "sentiment": -0.0258, "entities": []}, {"author": "@ab.4425", "comment": "Great video buddy!! Thank you so much!!", "likes": 1, "published_at": "2022-01-17T22:47:40Z", "sentiment": 0.8302, "entities": []}, {"author": "@MaxsMotoShop", "comment": "Another great one\u2026 I have an idea for another video for you I am getting close to maxing out my TF essay and would like some advice on how to move forward after the TFSA is maxed out what other account types are available to purchase stocks and what is the best option", "likes": 6, "published_at": "2022-01-17T22:34:38Z", "sentiment": 0.8957, "entities": []}]