[{"author": "@beaviswealth", "comment": "\ud83d\udcc8Join The Investing Academy \u27a4 https://bit.ly/theinvestingacademy \n\ud83d\udcaeBlossom Social (See My Exact Portfolio & Trades) \u27a4  https://getblossom.page.link/brandon", "likes": 0, "published_at": "2023-01-19T22:09:22Z", "sentiment": 0.0, "entities": ["The Investing Academy", "Blossom Social (See My Exact Portfolio & Trades"]}, {"author": "@preciouscamobi", "comment": "You did not factor in Project Horizon which is currently underway and would increase their market share.", "likes": 0, "published_at": "2023-06-10T03:13:04Z", "sentiment": 0.5423, "entities": ["Project Horizon"]}, {"author": "@leagueplays2100", "comment": "Walmart is actually the biggest competitor to sobeys btw. Dad worked for them. Walmart only one they care about", "likes": 0, "published_at": "2023-02-20T21:33:54Z", "sentiment": 0.4939, "entities": ["Walmart"]}, {"author": "@chrisevans7416", "comment": "Isn't George Weston and Loblaws same company split? Galen Weston is the president of Loblaws. Fresco most likely does better than Soby's in Ontario", "likes": 0, "published_at": "2023-01-26T00:35:33Z", "sentiment": 0.4877, "entities": ["Loblaws", "Loblaws"]}, {"author": "@Dez2891", "comment": "You mentioned the term premium brand.  Got me thinking have you looked at PBH? Any insight that one?", "likes": 1, "published_at": "2023-01-25T22:44:49Z", "sentiment": 0.0, "entities": ["PBH"]}, {"author": "@patrickhockey615", "comment": "Would be interested to see CTC-A. Think it would have a good, balanced analysis", "likes": 0, "published_at": "2023-01-22T17:38:01Z", "sentiment": 0.6808, "entities": []}, {"author": "@33svetlana", "comment": "There is no Safeway anymore. Sobeys bought Safeway a few years ago. They just decided to keep the name because customers get used to it.", "likes": 0, "published_at": "2023-01-21T23:11:34Z", "sentiment": -0.296, "entities": ["Safeway", "Safeway"]}, {"author": "@jessehamlin3420", "comment": "Great video Brandon, love these types of videos where you dive into a specific sector and give your thoughts on the major players.  How about one on the \"boring\" waste companies like Waste Connections (WCN) (a canadian favorite), Waste Management (WM), Republic Services (RSG).  Always thought that was a great business model that Peter Lynch would like.  Bill Gates certainly agrees.", "likes": 0, "published_at": "2023-01-21T17:03:42Z", "sentiment": 0.9217, "entities": ["Waste Connections", "WCN", "Waste Management", "Republic Services"]}, {"author": "@darryld_009", "comment": "I'm surprised you did not know TSX:WN. They are the parent of Loblaws and Choice Properties. You have talked about Choice in your REIT talks. \nI'm in Ontario so I'm aware Empire also owns Farm Boy which is also premium, Foodland in ON and IGA in QC. There are other brands in the Atlantic region where they started. They focus on the higher quality items and store brands.", "likes": 0, "published_at": "2023-01-20T20:13:50Z", "sentiment": 0.2263, "entities": ["TSX", "Loblaws and Choice Properties", "Farm Boy", "IGA"]}, {"author": "@engelzman", "comment": "I really appreciate the videos like this too. You go through the research and considerations you take while looking at a company, and give reasoning and analysis on why the company isn\u2019t the best play. I\u2019ve been going through companies and had a few that I wasn\u2019t sold on, I do think it\u2019s very important to see the process of researching a stock and not liking it. They all can\u2019t be winners!\nOn a side note, I did switch from zehrs (loblaws) to Freshco about a year back. I just got to a point I noticed the price markup at zehrs to freshco, it honestly adds up to $15-20 saved for a $80 bill, zehrs doesn\u2019t give me anything \u201cpremium\u201d that makes the markup worth it.", "likes": 0, "published_at": "2023-01-20T15:29:04Z", "sentiment": 0.9683, "entities": []}, {"author": "@johna5428", "comment": "PUT  AEM  ON YOUR LIST ALSO", "likes": 0, "published_at": "2023-01-20T12:32:14Z", "sentiment": 0.0, "entities": ["PUT", "AEM"]}, {"author": "@smallmj2886", "comment": "You shouldn't include George Weston in your list of competitors.  WN holds Weston Foods (a distributor) and a controlling interest in Loblaws.\n\nThe biggest change in Empire is their new loyalty program.  I have mostly stopped shopping at Sobeys because their Air Miles partnership gave me very little value compared to the Superstore's PC Plus program.  The switch to Scene+ may help bring customers like me back if it turns out to be competitive.  Empire also will have more control over the program since they are joint owners along with Cineplex and Scotiabank.", "likes": 0, "published_at": "2023-01-20T09:48:21Z", "sentiment": 0.9167, "entities": ["WN", "Weston Foods", "Cineplex and Scotiabank"]}, {"author": "@johnmailey943", "comment": "I\u2019ll stick with Costco", "likes": 0, "published_at": "2023-01-20T03:41:46Z", "sentiment": 0.0, "entities": ["Costco"]}, {"author": "@ranaritakh4337", "comment": "Loblaws parent company is George Weston", "likes": 0, "published_at": "2023-01-20T03:14:10Z", "sentiment": 0.0, "entities": []}, {"author": "@NedPhilanders493", "comment": "Appreciate a video with some research and understand why you came to your conclusion on this one. So many of these youtube \"gurus\" are just thinly veiled advertisements. Nice job!", "likes": 0, "published_at": "2023-01-20T02:47:42Z", "sentiment": 0.6996, "entities": []}, {"author": "@benpaterson9686", "comment": "George Weston is the parent company of Loblaws fyi", "likes": 0, "published_at": "2023-01-20T02:17:08Z", "sentiment": 0.2023, "entities": ["Loblaws"]}, {"author": "@jasonb7865", "comment": "Empire Company is in the Top 10 of Dividend Aristocrat stocks with a WHOPPING 28 years of dividend growth. Not one person has mentioned this, unreal, you guys got a lot to learn about longer term track records. Notorious B.I.G. \"If you don't know, now you know\".", "likes": 3, "published_at": "2023-01-20T02:15:45Z", "sentiment": 0.128, "entities": ["Empire Company"]}, {"author": "@markj4306", "comment": "Oh no, not Safeway for cheese! Buying cheese at Costco is like getting an instant 50% return on your investment. \ud83d\ude02 \ud83e\uddc0", "likes": 0, "published_at": "2023-01-20T02:15:39Z", "sentiment": 0.1511, "entities": ["Safeway", "Costco"]}, {"author": "@johnnyelhossary7811", "comment": "This company will always have its own customers.. I live in Montreal, and my family and friends have a rule, if you want cold cuts, cheese, or good meat to grill, raw or cooked fish, cooked meals, baguette ....you only go to IGA. Anything that is packed and sealed, you buy it from Walmart, Loblaws, Provigo, Metro ... and Costco for anything else. I don't know about BC, but in QC, IGA is the only place that offer quality.", "likes": 2, "published_at": "2023-01-20T02:13:13Z", "sentiment": 0.3716, "entities": ["IGA", "Walmart", "Provigo", "Costco", "BC", "IGA"]}, {"author": "@Jabbawokeez4", "comment": "\"We're getting out of this economic slump\"\n\nYou think so?", "likes": 1, "published_at": "2023-01-20T01:54:34Z", "sentiment": 0.0, "entities": []}, {"author": "@eac381", "comment": "Being from NS, the home of Empire, I put Empire on the same level as New Brunswick's Irving family. They are among the wealthiest families in the region and know how to make money. They will always make money. It's interesting you put Safeway in a premium category. I think Empire picked up Safeway many years ago and in this part of the company I always saw Safeway as a low end grocery. This tells me that Empire expanded the brand in the rest of Canada as a premium brand. \nI think with both Loblaws and Empire, its all about psychology and target audience. Loblaws has clearly targeted the masses on the lowest price, whereas Empire has tried to sell themselves as the premium brand. It is well discussed here how expensive Sobeys is over Loblaws.  In my opinion, Empire is looking to increase the wealth within the Sobey family whereas Loblaw is looking to grow the company publicly...and is winning. But Sobeys is ok with that for now, being as wealthy as they are and continuing to grow that wealth within.\nFor these reasons, as an investor, I think I would go with Loblaws for my own wealth building over Sobeys focused on building their wealth", "likes": 0, "published_at": "2023-01-20T01:54:32Z", "sentiment": 0.9839, "entities": ["Safeway", "Safeway", "Safeway", "Empire", "Loblaws", "Loblaws"]}, {"author": "@CrankingAllDay", "comment": "Honestly I think Empire is not a good company to buy. I know people obviously blossom like the company,  but most of those people on there have no idea what they are doing", "likes": 3, "published_at": "2023-01-20T00:43:22Z", "sentiment": -0.1909, "entities": []}, {"author": "@puneettandon1134", "comment": "Nice video. Regarding the margin thing, the other reason I can think of is that might be Loblaws has more in house brands akin to what Kirkland is for Costco and hence, that can lead to higher margins.", "likes": 1, "published_at": "2023-01-20T00:23:42Z", "sentiment": 0.4215, "entities": ["Loblaws", "Costco"]}, {"author": "@momo35444", "comment": "great video Brandon!!! this is all good to know. i love how you went in depths with 1 particular stock... especially dividend stock", "likes": 0, "published_at": "2023-01-20T00:21:42Z", "sentiment": 0.9198, "entities": []}, {"author": "@benhaze1010", "comment": "I appreciate videos like this one; you are making good points but have missed probably the biggest reason why considering investing in Empire.\n\nGood points: for example in markets like in Quebec both Loblaws and Metro have very popular low cost chains like Maxi and Super C; Empire has nothing. IGA stores are a premium brand competing with Metro and may be the most expansive chain to shop at.\n\nInvesting interest: Empire has heavily invested in its E-Commerce division called Voil\u00e0 and has a huge technical advantage over any of its competitors in Canada. If E-Commerce continues to growth it will take years for Metro and Loblaws to catch up and none of them will have access to the same technology.", "likes": 0, "published_at": "2023-01-20T00:16:09Z", "sentiment": 0.9853, "entities": ["Maxi", "Super C", "Voil\u00e0", "E-Commerce", "Loblaws"]}, {"author": "@runefifster", "comment": "Dont forget Loblaw owns shoppers drug mart. Pharmacy has way larger margins than food.", "likes": 2, "published_at": "2023-01-19T23:57:39Z", "sentiment": 0.1695, "entities": ["Loblaw", "drug mart"]}, {"author": "@wburtney5154", "comment": "\"George Weston a company I am not to familiar with \"  ABOUT TIME YOU DID YOUR RESEARCH.  You lost me with that comment  .", "likes": 12, "published_at": "2023-01-19T23:15:44Z", "sentiment": -0.3182, "entities": []}, {"author": "@f3wbs", "comment": "I chose Empire over Loblaw because my local grocery store is a Freshco. Before that it was a Price Chopper. Almost all of my groceries have come from discount stores. I've kept the stock as a dividend growth play, similar to ATD.\nWhen I bought Empire in 2021, they were the 2nd biggest grocery store by market cap but times have changed. To be honest Loblaw was a better pick but more expensive per share which dissuaded me from them. In hindsight, they would've been the better play from a dividend growth perspective because although they had a higher p/e (20 vs 15) their dividend has grown more (~10% vs ~20%) and in 5 years its been more drastic. \nI never thought of Empire suffering because of private labels. For me, the reason why Loblaw has done well during the pandemic is because of market share. Loblaw is probably following WalMart with prioritizing customers over workers without overstepping either so that they get publicly scrutinized. \nEmpire has come out with new things over the past few years like Voila! and adding Scene+ to their system. They also bought out Longo's in Ontario.\nI didn't read their annual report for last year because I completely forgot about it. Scene+ is going to be their loyalty system and I have a card already and have seen people try to buy the products that will give them points. It seems that because of their Longo's acquisition they had to issue 3M shares back in 2021. Maybe thats one of the reasons they struggled this year.\nAll in all I think the company is priced fairly, but they have a long way to go to gain market share.", "likes": 2, "published_at": "2023-01-19T23:13:41Z", "sentiment": 0.9917, "entities": ["ATD", "Empire", "WalMart"]}, {"author": "@jimwu8532", "comment": "5:40 - oopsies!  Discount brokerage like No Frills?  Ya I do all my options trading there! :P", "likes": 2, "published_at": "2023-01-19T23:00:57Z", "sentiment": 0.6145, "entities": []}, {"author": "@truenorthjess", "comment": "They save costs by not paying for the brand name.", "likes": 1, "published_at": "2023-01-19T23:00:16Z", "sentiment": 0.4939, "entities": []}, {"author": "@cutiecatboy", "comment": "I think if you\u2019re going to talk about Empire you HAVE to talk about customer fulfillment centers (CFC), the technology behind these is amazing and it\u2019s a bet that could have a huge payoff for the company as online grocery shopping takes off", "likes": 2, "published_at": "2023-01-19T22:53:40Z", "sentiment": 0.7269, "entities": []}, {"author": "@andrewsharpe7630", "comment": "I did some quick number-crunching on the Canadian consumer defensive stocks a couple months ago and came to the conclusion that EMP had \"the most value\". I didn't realize until this video that the main reason the stock seemed more attractive was because it has been such a laggard compared to it's competition!\nI'm only 30, I need to be looking for more growth oriented stocks. As much as I'd like to buy Sobeys (I live 20 min away from their headquarters in Stellarton, Nova Scotia, my sister works at Sobeys, etc.), I'm with Brandon on this one, Loblaws seems like the better buy IF I was going to buy a consumer defensive stock in the first place.", "likes": 3, "published_at": "2023-01-19T22:52:24Z", "sentiment": 0.9257, "entities": ["EMP"]}, {"author": "@AceVenturaXii", "comment": "Great video. I appreciate the work going into stocks we may not have considered or heard of.", "likes": 1, "published_at": "2023-01-19T22:48:25Z", "sentiment": 0.7783, "entities": []}, {"author": "@mustafaal-humairi6477", "comment": "Price is good. What is the return on equity compared to others what are the competitive advantage they have versus peers and in what unique way they are doing business versus  others. For me, I live in Ottawa Ontario and I all the time buy from Walmart. I don't  buy from Loblaw's  and Sobies    they are more expensive than Walmart", "likes": 0, "published_at": "2023-01-19T22:37:11Z", "sentiment": 0.6808, "entities": ["Walmart", "Walmart"]}, {"author": "@billybearmonkeyloaf", "comment": "Ah yes the Ranch index. I am familiar.", "likes": 1, "published_at": "2023-01-19T22:27:52Z", "sentiment": 0.4019, "entities": []}, {"author": "@jiansu", "comment": "AS Richmondian I go to T&T or price smart(save on food) not safeway XD. Anyways not a stock I would like to buy 1. dividen suck, 1.79% . 2. Dividen growth only 6 years, yes the dividen dropped in the past. 3. when compare with S&P 500, this EMP.A is not doing great. and S&P500 doing bad cuz of recession.  I mean, there is lot better options out there to choose from, why choose this one? if you don't care Dividen  return, I think buying google as example could be far better now since it is htting the bottom.", "likes": 2, "published_at": "2023-01-19T22:27:05Z", "sentiment": -0.8673, "entities": ["T&T", "S&P500"]}, {"author": "@diverse_insightt.o6499", "comment": "Hey Brandon I\u2019m only 3 minutes in I was very surprised you didn\u2019t bring up farm boy which is another brand they own that caters to higher net worth individuals with ALOT of their own products on shelves I live in Toronto and they are popping up in a bunch of places", "likes": 3, "published_at": "2023-01-19T22:26:16Z", "sentiment": 0.4754, "entities": []}, {"author": "@florendogomezcasuga7043", "comment": "My fav company. Expanding from Atlantic to Pacific", "likes": 1, "published_at": "2023-01-19T22:20:52Z", "sentiment": 0.4588, "entities": []}, {"author": "@Adrian-cn5rk", "comment": "I should have gone with my gut about loblaws before the pandemic. Definitely would have propped up my portfolio.", "likes": 3, "published_at": "2023-01-19T22:19:56Z", "sentiment": 0.4019, "entities": []}, {"author": "@irinic9546", "comment": "It's been on my watchlist for a while. \nWhat are your thoughts on AQN ?", "likes": 0, "published_at": "2023-01-19T22:15:16Z", "sentiment": 0.0, "entities": ["AQN"]}, {"author": "@davinjohnson3613", "comment": "First", "likes": 0, "published_at": "2023-01-19T22:09:56Z", "sentiment": 0.0, "entities": []}]