[{"author": "@beaviswealth", "comment": "\ud83d\udcc8\ud83d\udcda As always, if you're a beginner to the Stock Market in Canada and you're looking for a step-by-step blueprint on how to get started... Find out more about our Investing Academy here - https://bit.ly/theinvestingacademy\n\nLong video today... I hope everyone enjoys the content! :)", "likes": 0, "published_at": "2021-08-16T17:01:02Z", "sentiment": 0.8588, "entities": ["the Stock Market", "Investing Academy"]}, {"author": "@on-site4094", "comment": "A father & son duo \ud83d\udc4d nothing beats wisdom & experience  or does it  great balance  \u2026.Tesla is a technology company & has a big cult following  cause the fundamentals don\u2019t add up", "likes": 0, "published_at": "2023-01-17T10:51:32Z", "sentiment": 0.3235, "entities": []}, {"author": "@deniskochnev4189", "comment": "Marc, you are right about Chinese market. There are huge investments risks.", "likes": 0, "published_at": "2021-11-17T00:08:31Z", "sentiment": 0.0516, "entities": []}, {"author": "@spencerli3918", "comment": "I like the fact that both are having a different opinion on stock and investment.  However, this time I have to strongly agree on Marc {90percent.)", "likes": 0, "published_at": "2021-09-23T06:11:57Z", "sentiment": 0.7269, "entities": []}, {"author": "@ShameerRavji", "comment": "Thx for the vid. Loved the debate. Personally I don\u2019t really touch the automakers (much like airlines, hotels, amusement parks, cruise liners, etc) . Not sure if I\u2019m ready to invest in Tesla either. \n\nAs for Chinese stocks , I\u2019m taking a wait and see approach to that as some of the moves by the CCP makes me nervous.", "likes": 0, "published_at": "2021-09-06T02:25:35Z", "sentiment": 0.8701, "entities": ["Tesla", "CCP"]}, {"author": "@jonisousa-guthrie3121", "comment": "Great points of view.  I\u2019ve learned so much.  Thank you", "likes": 0, "published_at": "2021-08-29T23:00:21Z", "sentiment": 0.7832, "entities": []}, {"author": "@rayzad1564", "comment": "Chairman Xi has changed rules and made himself Chairman for life. Politics do have an effect on stocks. I am a Baha'i and as a Baha'i I do not talk about partisan politics and all I want to do is state the fact. I love China and in the Faith we believe that \"China is the country of the future\" and I have been going to China since 1994. I love Chinese people and believe in the Writings of the Faith saying that \"China has most great capabilities\" and that China is foremost amongst all nations in cultural, material and spiritual resources and capabilities\".", "likes": 0, "published_at": "2021-08-20T13:06:52Z", "sentiment": 0.9623, "entities": ["Faith", "Faith"]}, {"author": "@roberttaylor3594", "comment": "Is Ford REEEEEEally past it's prime?  I don't think so.  Who has the best selling vehicles in North America?  Who has the best P/E?  Ford has to work harder than Fortis and P&G; they have LOTS of practice being new and innovative.  I vote for Ford.  The Chinese government is a wild card...I think they are testing the system-market and how it reacts to what they do.", "likes": 1, "published_at": "2021-08-20T05:14:29Z", "sentiment": 0.9159, "entities": ["Ford REEEEEEally", "Ford", "P&G", "LOTS", "Ford"]}, {"author": "@tysonmou1", "comment": "Thanks for sharing your advice on these Chinese stocks and VIE's.", "likes": 0, "published_at": "2021-08-20T03:48:33Z", "sentiment": 0.6908, "entities": ["VIE"]}, {"author": "@travisloewen6191", "comment": "As a seller of covered calls, I definitely lean towards Marc's point of view. I want steady, long-term companies, preferably with dividends that I can use covered calls to I crease the yield.\n\nI'm also a Ford fanboy who bought Ford in January and I've been adding to that position here and there.", "likes": 0, "published_at": "2021-08-19T17:50:14Z", "sentiment": 0.4588, "entities": ["Ford", "Ford"]}, {"author": "@AXMIM", "comment": "On tesla, Brandon had the upper hand over Marc, but on Chinese stocks, Marc was rock solid and crushed Brandon.", "likes": 0, "published_at": "2021-08-19T03:41:35Z", "sentiment": -0.1779, "entities": []}, {"author": "@dent5672", "comment": "Great video. I appreciate long form  videos so I loved this. But YT probably wouldnt have minded if you split in into 3, haha !", "likes": 0, "published_at": "2021-08-19T00:19:04Z", "sentiment": 0.8931, "entities": ["YT"]}, {"author": "@IshmamChandan", "comment": "\"Amazon is the prime example\"....I see what you did there ahaha", "likes": 2, "published_at": "2021-08-19T00:12:58Z", "sentiment": 0.1779, "entities": ["Amazon"]}, {"author": "@ItsBurnahMan", "comment": "Great discussion guys. Does anybody have an opinion on XAW? It\u2019s a fund of funds managed by ishares with an almost 4% weighting to China.", "likes": 0, "published_at": "2021-08-18T20:38:49Z", "sentiment": 0.6249, "entities": ["XAW"]}, {"author": "@NicolasJ12", "comment": "Thank you the 2x playback to go through the video. Great points made by both of you. Thank you for sharing your thoughts and experience.", "likes": 0, "published_at": "2021-08-18T17:44:22Z", "sentiment": 0.8979, "entities": []}, {"author": "@joe97nsx", "comment": "I think an even more apt comparison than Microsoft would be Apple which almost went out of business in the early 2000s. I do understand the hesitancy of investing in companies like GE, IBM, and Ford though. At the end of the day, every company has unique circumstances, management styles, and organizational bureaucracies and obstacles to deal with and have to be viewed as such. Really hard to predict outcomes which is why diversification is so important.", "likes": 0, "published_at": "2021-08-18T14:08:20Z", "sentiment": -0.0841, "entities": ["Microsoft", "Apple", "GE", "IBM", "Ford"]}, {"author": "@benjaminalomia9034", "comment": "I think This is one of the best videos You have made guys. It would be very interesting if you start a video series about polemic topics of the stock market, where you guys can debate again. I find very educational listening different perspectives and the way everyone presents the ideas and analyze the scenarios .The examples given by Marc about past situations and real facts are valuable when making investment decisions. Great job guys!", "likes": 0, "published_at": "2021-08-18T05:07:54Z", "sentiment": 0.9401, "entities": []}, {"author": "@seanshi2036", "comment": "As a Chinese I think it is risky to buy Chinese stocks at this moment not because these are not good companies. it's really not worth it to take such risk while there are many other opportunities out there to buy. I would buy American companies on American stock exchange and buy Chinese stocks on Chinese stock exchange or HK exchange.", "likes": 0, "published_at": "2021-08-18T04:29:07Z", "sentiment": -0.5647, "entities": ["HK exchange"]}, {"author": "@jacobyd1000", "comment": "Love these long form videos, ramble on fellas!", "likes": 3, "published_at": "2021-08-18T03:02:34Z", "sentiment": 0.6696, "entities": []}, {"author": "@ricmas1555", "comment": "true that chinese stocks have an added risk but what about risk with USA stocks, on january 6 there was almost a coup in the USA ,what would happen to the american stock market if there was a (successful) coup this year", "likes": 1, "published_at": "2021-08-18T01:49:50Z", "sentiment": -0.3182, "entities": []}, {"author": "@jman83", "comment": "Ford is NOT going to make EV cars fast enough. They will go bankrupt. You might make money on Ford by swing trading but the stock will not be listed 10 years from now.", "likes": 0, "published_at": "2021-08-18T01:14:41Z", "sentiment": -0.3182, "entities": ["Ford", "EV", "Ford"]}, {"author": "@jman83", "comment": "Alot of older investors sometimes are blind sided by huge enormous debt and also the company being in an evolving market and not evolving fast enough. Not evolving fast enough is almost always a death sentence, investors will price this fear into the stock BEFORE the fall of the company...... THIS IS WHY FORD IS SO CHEAP AND LOOKS AFFORDABLE FROM A VALUE PLAY.", "likes": 0, "published_at": "2021-08-18T01:12:34Z", "sentiment": -0.6084, "entities": ["FORD"]}, {"author": "@stephaniebeaton3939", "comment": "Another example of an \"old\" company that was in trouble but bounced back is ...... Apple.\nSteve Jobs was fired in 1985  and he was hired back in 1997 when the Apple stock was at a 12 year low.", "likes": 0, "published_at": "2021-08-17T20:19:34Z", "sentiment": -0.8555, "entities": ["Apple", "Apple"]}, {"author": "@harpreetbains2282", "comment": "Hey hope u doing well. I\u2019m wondering which trading app is best for hangseng stock xchange in canada tia", "likes": 0, "published_at": "2021-08-17T18:33:02Z", "sentiment": 0.91, "entities": ["hangseng stock xchange"]}, {"author": "@cityhunterzxc1341", "comment": "Great input on both sides of the spectrum Marc and Brandon. This made me contemplate about restructuring my portfolio. I still have great interest on Chinese stocks but I might chop down its percentage abit \ud83d\ude01 cheers!", "likes": 2, "published_at": "2021-08-17T17:57:40Z", "sentiment": 0.8896, "entities": []}, {"author": "@ab.4425", "comment": "Great both points of view!!  Thank you so much guys for this conversation and information!! Although I stay on the Brandon side lol!!", "likes": 0, "published_at": "2021-08-17T16:38:07Z", "sentiment": 0.8902, "entities": []}, {"author": "@clarifyingquestions", "comment": "Tesla s CEO is a visionary like Steve Jobs and these visionaries are far and few between.  Anytime in the past Tesla dropped below 400 I bought more and now anytime it drops below 600 I buy more. I started buying Apple in 1996 and I am still buying Apple.", "likes": 0, "published_at": "2021-08-17T15:52:06Z", "sentiment": 0.7096, "entities": ["Tesla", "Tesla", "Apple", "Apple"]}, {"author": "@cgbfitness", "comment": "Great topics and perspectives!", "likes": 0, "published_at": "2021-08-17T14:20:56Z", "sentiment": 0.6588, "entities": []}, {"author": "@TemujinBC", "comment": "This is the wholesome BBI YouTube content I crave.  Awesome.", "likes": 0, "published_at": "2021-08-17T14:10:51Z", "sentiment": 0.6249, "entities": ["BBI YouTube"]}, {"author": "@smallmj2886", "comment": "I wouldn't buy any of the stocks discussed in this video.  I don't like the long term quality of Ford or Tesla products, plus the cult like quality of Tesla is too risky for me.  And the capricious nature of the Chinese government makes the Chinese investments too risky as well.", "likes": 0, "published_at": "2021-08-17T09:06:33Z", "sentiment": -0.5747, "entities": ["Ford", "Tesla", "Tesla"]}, {"author": "@stephennichol3620", "comment": "My wife is Chinese and she was showing me a lot of apps she and all her friends and family uses are owned by Tencent.  We looked through the reports and decided we should buy.  It is less than 2% of our portfolio right now and we are thinking about buying the dip.", "likes": 1, "published_at": "2021-08-17T05:34:11Z", "sentiment": 0.4767, "entities": ["Tencent"]}, {"author": "@cheynebest7028", "comment": "Great conversation with high value. Makes us all better the more prospectives you get. I'm a believer in Tesla and do not trust what the Chinese Government can and will do to their market. Nio is a recent example but to be honest the US will do the same with Ford and GM.", "likes": 0, "published_at": "2021-08-17T04:31:40Z", "sentiment": 0.8316, "entities": ["Tesla", "the Chinese Government", "Ford", "GM"]}, {"author": "@turbofanlover", "comment": "Excellent discussion, guys.", "likes": 0, "published_at": "2021-08-17T03:10:26Z", "sentiment": 0.5719, "entities": []}, {"author": "@kelleyhaldorson209", "comment": "Great video guys, I hope you didn't face \"hate\" comments from your Ford Tesla video(I'm more of a GM guy).  I'm always impressed with your view points and I hope people realize that when they are buying a stock, that means someone else is selling it.  It doesn't mean its a mistake either way. \n I would be very concerned about the valuation of Tesla if I was a shareholder.  I bet most value investors were wrong about Amazon.  I think investing in value is a more reliable way of building your wealth than hoping to win the lottery on one of the exceptions.  \nAlso really appreciate the explanation of how the structure work on those companies from China, I knew it existed but had no understanding of how it worked.  Also glad you included the Enron scandal, just because a company is located in China doesn't make it \"bad\" or untrustworthy, but also crooks will find a way around the rules anywhere.  It would be naive  to think that fraud would not be taking place in a \"capitalist\" or democratic country I bet there would be less fraud on the part of the bussiness in China as they are more likely to get killed for it (Government officials exempt).  \n\nI hope you guys can keep disagreeing in such a respectful way.  The partnered portfolio should be a great platform to show that.  As always thanks for your efforts.", "likes": 0, "published_at": "2021-08-17T02:05:28Z", "sentiment": 0.7722, "entities": ["Ford", "GM", "Tesla", "Amazon", "Enron"]}, {"author": "@kylewhite5147", "comment": "Died when Marc said 'Ford cultist' \ud83d\ude06", "likes": 1, "published_at": "2021-08-17T02:01:39Z", "sentiment": -0.5574, "entities": ["Ford"]}, {"author": "@Carol8693", "comment": "Haha  Always listen to your daddy . Well, perhaps not always haha  great debate!", "likes": 0, "published_at": "2021-08-17T01:52:58Z", "sentiment": -0.242, "entities": []}, {"author": "@davidwilson9976", "comment": "If Chinese stocks get delisted (and foreign investors lose everything) then Chinese goods will be at risk of being banned too. This would be devastating to Apple, Amazon, Nvidia and others who rely on Chinese manufacturing. The whole stock market would tank. This is why neither of these will happen. There is too much to lose and not much to gain.", "likes": 1, "published_at": "2021-08-17T01:33:31Z", "sentiment": -0.9421, "entities": ["Apple", "Amazon"]}, {"author": "@33svetlana", "comment": "I think Mar\u0441 is right about Tencent/Alibaba . And I will stay away from Chinese companies. And this is not because companies are not held accountable for truth in reporting of their financials. This is because of the communist government in China. I don't think the government (certain people) is setting new laws and regulations to help investors. I think they just want a free piece of pie from Ali Baba. Corruption, corruption, corruption ... And Jack Ma may even end up behind bars if he does not play by their rules. Anything can happen.", "likes": 0, "published_at": "2021-08-17T01:11:11Z", "sentiment": 0.7625, "entities": []}, {"author": "@jeffshepherd6077", "comment": "Lots of respect for both of you and both your perspectives. Very informative!", "likes": 0, "published_at": "2021-08-17T00:12:45Z", "sentiment": 0.5255, "entities": []}, {"author": "@Gillutine", "comment": "Actually love long conversations like this that I can put on the speakers while cooking dinner. :)", "likes": 3, "published_at": "2021-08-16T23:51:21Z", "sentiment": 0.8658, "entities": []}, {"author": "@streetsmarts404", "comment": "I am on your side totally Brandon however respect the other perspective from Marc. I own Tencent, Baba, BYD and DiDi. Total 65% of my total portfolio into these China companies. Started with a small portion but now doubled down to higher portion. Atleast I know it would take only one chance for me to become rich. Is it gamble - may be may be not but I love buying in cheap and when this opportunity came through I pounced on it. Fingers crossed but thank you so much for uploading such great content!!", "likes": 1, "published_at": "2021-08-16T23:50:45Z", "sentiment": 0.9632, "entities": ["BYD"]}, {"author": "@jcabral6231", "comment": "lets have a arm wrestle  marc vs brandon? Who would win", "likes": 1, "published_at": "2021-08-16T23:47:36Z", "sentiment": 0.5859, "entities": []}, {"author": "@mariacalma2535", "comment": "So much things to learn, i totally agree with Marc. Very conservative investing..", "likes": 0, "published_at": "2021-08-16T23:21:18Z", "sentiment": 0.4201, "entities": []}, {"author": "@donmcleod2235", "comment": "With North America having so many of excellent choices of top Companies throughout low to high market caps, why bother with China?\n:)", "likes": 1, "published_at": "2021-08-16T23:19:28Z", "sentiment": 0.6444, "entities": []}, {"author": "@vanraj9394", "comment": "China can do anything for their profit without thinking about ppl. Money aside, I don\u2019t want to support those evils. Just against my ethics \ud83e\udd37\ud83c\udffb\u200d\u2642\ufe0f", "likes": 4, "published_at": "2021-08-16T23:02:05Z", "sentiment": 0.296, "entities": []}, {"author": "@David-ns2on", "comment": "IMO the Tesla:Ford comparison is a bit wonky, Tesla really isn't a car company - they are more like GE, a company with different industrial segments.\n\nHaving said that, the Tesla:Ford debate is one of looking at actuals (Ford) vs the future (Tesla). I'm in the Tesla is overvalued camp, it would take forever for them to grow into their stock price at as reasonable valuation level. Having said THAT, I never bet against market sentiment and Tesla is a market darling.", "likes": 0, "published_at": "2021-08-16T22:55:28Z", "sentiment": 0.7645, "entities": ["Tesla", "Ford", "Tesla", "GE", "Tesla", "Ford", "Ford", "Tesla", "Tesla", "Tesla"]}, {"author": "@momo35444", "comment": "what a great video. i respect both opinions!! i love ford, and i love and own (since the dip) BABA and tencent. i appreciate your inputs in all of this. it can make me think about my stance on my own portfolio. why i buy, when to buy, how to buy... and sell. and what to study to make an informed decision. you guys are absolutely great! \n-marco-", "likes": 2, "published_at": "2021-08-16T22:45:27Z", "sentiment": 0.9758, "entities": ["ford"]}, {"author": "@grease112", "comment": "What a great topic!  I posted something in a recent video about brandon vs marc on the chinese stocks. Glad you make a video of it", "likes": 0, "published_at": "2021-08-16T22:20:40Z", "sentiment": 0.8122, "entities": []}, {"author": "@pastafazzool5429", "comment": "As an older investor, I find myself agreeing with Brandon surprisingly. Although I don't own any Chinese stocks myself, I wouldn't  dismiss a stock simply because you don't trust the Chinese government or any other emerging market government for that matter. There have been many non-Chinese companies that have swindled people out of their money with questionable accounting and reporting practices and just outright lying. Good debate though!", "likes": 0, "published_at": "2021-08-16T21:50:28Z", "sentiment": -0.2486, "entities": []}, {"author": "@qiancai2613", "comment": "I am from China and I am on Marc's side regarding Chinese stocks. Sorry Brandon, no hard feelings. By the way, this video is very interesting!", "likes": 4, "published_at": "2021-08-16T21:35:24Z", "sentiment": 0.0989, "entities": []}, {"author": "@Alexcai9528", "comment": "Great video, I appreciate the different points of views. This is why you guys are one my favourite finance youtube channels.", "likes": 0, "published_at": "2021-08-16T21:20:56Z", "sentiment": 0.7783, "entities": []}, {"author": "@KelechIwuaba", "comment": "This is so good to hear this discussion. Real ONES where you at?\nI cant say that I disagree with either of y'all but I am more on Brandon's side just but I feel this is where my age shows cause the risky options are where I am going. But the information Marc provided is really useful to make me really think about what I am doing", "likes": 0, "published_at": "2021-08-16T21:09:43Z", "sentiment": 0.7229, "entities": []}, {"author": "@lchan207", "comment": "I like this video that presents investment from two different respective. By the way, Marc, your camera keeps on auto focusing during the session.", "likes": 0, "published_at": "2021-08-16T20:13:40Z", "sentiment": 0.6486, "entities": []}, {"author": "@rashon3486", "comment": "Tesla is like Apple 10 years ago when the first iphone came out.  People kept saying Apple is doomed because samsung, google, or Chinese phones were stealing smartphone market share from AAPL.  But the whole smartphone market was growing rapidly and the dumb phone market was getting cannibalized by smartphones (like the ev market is now).  Even if TSLA only gets 10% of the market share in a mature market (8 million cars per year), that\u2019s 300-400 billion dollars in revenue per year on cars alone.  TSLA is not just cars\u2026 it is building an ecosystem like apple was back in the day.  People were saying the smartphone market was saturated, ThEN apple\u2019s ecosystem (services etc\u2026) started to generate huge sums of revenue.  This is what Tesla is doing with Energy generation and storage,  supercharging networks, full self driving, robotaxis etc\u2026 WHEN autonomous driving is done (even if it\u2019s 10 years from now) we can unequivocally say it will be safer than humans driving.   At this point Tesla can make money on insurance/full self driving subscriptions (because it will reduce risk) and generate billions per year.  We\u2019re also forgetting that once other auto manufacturers come out with a lineup of cars in 5 years, Tesla will unleash their 20k car and undercut everyone else and establish themselves king in markets like India, China and Africa.   Tesla can still be profitable at a 20k price point because they spend 0 dollars on advertising, they don\u2019t have union workers, and are becoming vertically integrated and direct to consumer (higher margins)", "likes": 0, "published_at": "2021-08-16T20:12:23Z", "sentiment": 0.9737, "entities": ["Tesla", "Apple", "Apple", "samsung", "google", "ThEN", "Tesla", "Tesla", "Tesla", "Tesla"]}, {"author": "@rockout1180", "comment": "I love Tesla but I think Ford is doing some interesting things with the EV market.", "likes": 0, "published_at": "2021-08-16T19:59:41Z", "sentiment": 0.7311, "entities": ["Tesla", "Ford", "EV"]}, {"author": "@khuo0219", "comment": "For Chinese stocks, the key risk for me is that the Chinese President is accumulating more power than any other leader since Mao. So you have a key man risk. The key man though, has grandiose ambition for himself and for China. It is not that foreign investors in Chinese companies cannot become rich, but the growing wealth and influence cannot influence the control of CCP. I hold my nose and decide the valuations are so low they are worth the investment anyway.", "likes": 0, "published_at": "2021-08-16T19:55:38Z", "sentiment": 0.2561, "entities": ["CCP"]}, {"author": "@VanGrando", "comment": "That was a very pleasant 53 minutes spent. Thanks a lot", "likes": 1, "published_at": "2021-08-16T19:46:29Z", "sentiment": 0.7574, "entities": []}, {"author": "@jasonduster4721", "comment": "Marc -- The saying is \"Those who don\u2019t know history are destined to repeat it\".  It is a good saying to bring up.", "likes": 2, "published_at": "2021-08-16T19:46:13Z", "sentiment": 0.4404, "entities": []}, {"author": "@pinkhairblackman8141", "comment": "even cathy woods who likes to invest in risky tech stocks dont want to touch these chinese stocks", "likes": 0, "published_at": "2021-08-16T19:46:06Z", "sentiment": 0.1969, "entities": []}, {"author": "@khuo0219", "comment": "I like the format of a debate, but I feel the discussion about Tesla vs. F is off base. There is too much talk of the stock price and valuation metrics and not enough about the business. The key tenets of Marc's criticism about Tesla is about the competition catching up. Present the evidence and talk about what the numbers mean and if you agree or disagree. Your reasoning by analogy using Amazon and Gamestop fails to illuminate whether Tesla will dominate the industries they are in (automotive, energy storage, advanced robotics, and autonomous driving). I also don't buy the analogy of F vs. MSFT. MSFT had Windows and Office which are cash cows that MSFT can leverage to invest in cloud storage and sustain the failure of MS phones. Ford has a good brand, but the technology is obsolete, their core competency in ICE car design and manufacturing will not survive for more than a decade. Governments all over the world are banning ICE car sales. Along with the fast depreciating assets, Ford also has a huge pension liability that will prevent it from investing heavily in R&D. Anyway, just my two cents, I just feel that you overuse reasoning by analogy to your detriment because they are not fit from every situation.", "likes": 1, "published_at": "2021-08-16T19:26:32Z", "sentiment": -0.6823, "entities": ["F", "Tesla", "Amazon", "Tesla", "MSFT", "MSFT", "Windows and Office", "MSFT", "MS", "Ford", "Ford"]}, {"author": "@annehenderson7911", "comment": "Personally, I always appreciate both your points of view. You do so with great research and great reflection. It allows me to know I have a full understanding of a stock before engaging in my own research to make a decision. You are both very respectful of one another.", "likes": 9, "published_at": "2021-08-16T19:24:09Z", "sentiment": 0.9528, "entities": []}, {"author": "@kevinn1158", "comment": "Chinese stocks.  The only question is, do you trust what the CCP will do.  I don't.  They arrest people randomly to serve their purposes so I won't support a system like that.  Re: BABA.  Watch for a double bottom off of 180.", "likes": 0, "published_at": "2021-08-16T19:19:46Z", "sentiment": 0.1753, "entities": ["CCP"]}, {"author": "@umopapisdn4223", "comment": "China will always remain extremely high risk until they are held accountable for truth in reporting of their financials. Too many companies have been caught and delisted due to reporting false information to investors.", "likes": 5, "published_at": "2021-08-16T19:17:34Z", "sentiment": -0.0202, "entities": []}, {"author": "@pinkhairblackman8141", "comment": "chinese stocks are becoming too risky with too many variables, more than airline stocks which you argued to have too many variables", "likes": 6, "published_at": "2021-08-16T19:17:28Z", "sentiment": -0.5106, "entities": []}, {"author": "@kevinn1158", "comment": "Tesla bulls are cult members.  Elon feed into this.  Buy a Tesla, get a friend to buy a Tesla and you get rewarded, buy the stock and you keep pumping friends to buy a Tesla you get rewarded.  And they support the insane valuations of Tesla because they refuse to ever look at fundamentals.  Also Tesla has been the recipient of a boatload of funding from gov'ts around the world.  They are just throwing money at them left right and centre.  The competition is just coming now and in the next 6 months.  ID4, Q4, Ariya, Ioniq 5, EV6, BMW i4 and iX. Then there's Rivian, Fisker, Nio.  If you look at the Hyundai Ioniq 5 you realize how quickly the OEMs can catch up to Tesla.", "likes": 1, "published_at": "2021-08-16T19:15:51Z", "sentiment": 0.8885, "entities": ["Tesla", "Tesla", "Tesla", "Tesla", "Tesla", "Ariya", "BMW", "Fisker", "Hyundai", "Tesla"]}, {"author": "@j.p.6228", "comment": "I gotta disagree on the cult like followings holding their Tesla shares regardless of what happens and I know you\u2019re playing Devils Advocate Brandon, but the Tesla shareholders haven\u2019t really faced adversity yet. Guarantee most of them aren\u2019t \u201cHODLing\u201d when the market is trending down for a year. All it\u2019ll take is a good ol bear market to shake 90% of them out", "likes": 1, "published_at": "2021-08-16T19:13:20Z", "sentiment": -0.0561, "entities": ["Tesla", "Tesla"]}, {"author": "@ivxample", "comment": "Great content once again. Marc is a fundamental's purist. He can say that he is open to other concepts/ideas but he always reverts back to his tried and true methodology. That's not a bad thing but there are other approaches/technologies that the retailer has access to now which Marc never did in his prime investment days.\n\nClearly Brandon has more appetite for risk and has his finger on the pulse when it comes to alternative approaches and counter arguments. The other aspect I like with Brandon's approach is his openness to experiment with a true global portfolio like China. The difference in approach is as follows - Marc would opt for exposure to China stock through ETF's (diversification) while Brandon would buy the China stock outright because he believes in their business model. Fundamentally different mindset right there.\n\nIn the spirit of the car maker theme the best way to summarise these two : Marc is your VW Beetle. Reliable, solid, always gets you from A-B, dependable but awfully boring. Brandon is your Jaguar - might occasionally break down and not as reliable but a whole lot more fun.", "likes": 1, "published_at": "2021-08-16T19:12:05Z", "sentiment": 0.9855, "entities": ["ETF", "Jaguar"]}, {"author": "@khuo0219", "comment": "Marc my offer of wager for TSLA vs. F five years from now is still open. As long as you are willing to take Ford's side :)", "likes": 0, "published_at": "2021-08-16T19:12:01Z", "sentiment": 0.4588, "entities": ["F", "Ford"]}, {"author": "@user-fn4yb9lg2n", "comment": "Hi Brandon, thanks for your recommendation, could we purchase Tencent TCEHY within TFSA or RRSP account? Thanks", "likes": 1, "published_at": "2021-08-16T19:04:20Z", "sentiment": 0.7003, "entities": ["TCEHY", "RRSP"]}, {"author": "@foreignguns4637", "comment": "Even before seeing this video, my money's on your old man.", "likes": 2, "published_at": "2021-08-16T19:00:53Z", "sentiment": 0.0, "entities": []}, {"author": "@annehenderson7911", "comment": "Interesting. I have audio, but no visual.", "likes": 0, "published_at": "2021-08-16T19:00:01Z", "sentiment": -0.2382, "entities": []}, {"author": "@morganjames7002", "comment": "Marc is from brandon!! Shoutout from brandon", "likes": 0, "published_at": "2021-08-16T18:55:08Z", "sentiment": 0.0, "entities": []}, {"author": "@Victoria-rw7zt", "comment": "Thank you for this video.  I enjoyed it and learned so much from you both.  I agree with Marc that I would prefer Ford over Tesla.  But I am with Brandon on Chinese stocks.  I own both baba and Tencent.  Only time will tell.  I appreciate Marcs insight that don\u2019t go all in on high risk stocks, just a small allocation.  I will try to rebalance my portfolio.  Thank you both \ud83d\ude4f\ud83d\ude4f\ud83d\ude4f please do more of these videos", "likes": 2, "published_at": "2021-08-16T18:43:57Z", "sentiment": 0.8945, "entities": ["Ford", "Tesla", "\ud83d\ude4f\ud83d\ude4f\ud83d\ude4f"]}, {"author": "@aunties5798", "comment": "Let the debate begin. Brandon vs Dad.\ud83d\ude02\ud83d\ude02\ud83d\udc4f\ud83c\udffc\ud83d\udc4f\ud83c\udffc", "likes": 0, "published_at": "2021-08-16T18:36:15Z", "sentiment": 0.0, "entities": []}, {"author": "@newellueland160", "comment": "I love you guys, I have been binge watching you guys so much in this past week or more.  And it has been a miracle from having no idea what to do.  To now understanding and buying stocks into my first company! Keep up the good work.  Will definitely be becoming a private member here soon", "likes": 3, "published_at": "2021-08-16T18:10:13Z", "sentiment": 0.9134, "entities": []}, {"author": "@15devster15", "comment": "Great content, love the video. LOVE the fellow Canadian music at the beginning. How do you avoid a copyright strike there??", "likes": 3, "published_at": "2021-08-16T17:45:12Z", "sentiment": 0.9168, "entities": []}, {"author": "@charlesburry7898", "comment": "Dang Marc, you really made me think again about buying those Chinese stocks! Thanks for your perspective. I still believe in those big companies for the long term tho, but less confident as I was !", "likes": 12, "published_at": "2021-08-16T17:42:22Z", "sentiment": 0.7502, "entities": []}, {"author": "@unnecessary982", "comment": "baba tencent so sadddd", "likes": 1, "published_at": "2021-08-16T17:42:10Z", "sentiment": 0.0, "entities": []}, {"author": "@donzkietv168", "comment": "Nice content guys keep it up!!!!", "likes": 1, "published_at": "2021-08-16T17:17:10Z", "sentiment": 0.6083, "entities": []}, {"author": "@j.p.6228", "comment": "Yessss I can tell this video\u2019s gunna be a heater", "likes": 2, "published_at": "2021-08-16T17:12:32Z", "sentiment": 0.0, "entities": []}]