[{"author": "@beaviswealth", "comment": "\ud83d\udcc8\ud83d\udcda\ud83c\udde8\ud83c\udde6 Join The Investing Academy Today - https://bit.ly/theinvestingacademy", "likes": 3, "published_at": "2022-04-22T18:07:33Z", "sentiment": 0.296, "entities": ["\ud83c\udde6 Join The Investing Academy"]}, {"author": "@theultimaterental", "comment": "The stock market is the only store in the world where people run out when there\u2019s a sale. Sea of red is the best!!", "likes": 0, "published_at": "2023-06-05T15:04:21Z", "sentiment": 0.6988, "entities": []}, {"author": "@MrWheatie33", "comment": "Pretty sure you shouldn't own a foreign stock like BABA or Google in a TFSA for tax reasons. Not sure if google pays dividends.  If you follow that logic something like Amazon with no dividends would be better but still everything I see says no foreign is best.", "likes": 0, "published_at": "2022-06-04T20:14:17Z", "sentiment": 0.891, "entities": ["BABA", "Google", "Amazon"]}, {"author": "@ChrisR57", "comment": "Wondering why you have so many U.S. stocks in your TFSA? Aren't they subject to a withholding tax?", "likes": 0, "published_at": "2022-05-17T18:02:24Z", "sentiment": 0.0, "entities": []}, {"author": "@michellaferriere6138", "comment": "My TFSA is mooning. 100% canadian oil and gas. 7 figs soon. Long commodities short tech rookies", "likes": 1, "published_at": "2022-05-03T22:16:19Z", "sentiment": 0.0, "entities": []}, {"author": "@glenkay4478", "comment": "Beavis, are you ok? you look so bloated, hope you're alright.", "likes": 0, "published_at": "2022-04-28T22:41:27Z", "sentiment": 0.749, "entities": []}, {"author": "@ezidora", "comment": "Appreciate your video, made me feel better about my portfolio because it is all in the red like most people now", "likes": 0, "published_at": "2022-04-27T18:38:41Z", "sentiment": 0.7964, "entities": []}, {"author": "@JadenHercules", "comment": "I've been contributing about 50 a month to my TFSA that I am using w/ BMO and I am currently down 53 bucks, lol. I wonder if I should quit contributing ?", "likes": 0, "published_at": "2022-04-27T01:21:16Z", "sentiment": 0.4215, "entities": []}, {"author": "@anastasiaromanov3737", "comment": "short China, after what happened in Russia, capital is rushing out of China is fast and swift. Don\u2018t hold Chinese stocks.", "likes": 0, "published_at": "2022-04-26T21:46:43Z", "sentiment": 0.2023, "entities": []}, {"author": "@JungleEddie", "comment": "I am not a fan of your choice of Ailibaba and Tencent but if you are confident in them than this is a great opportunity to buy more. The rest of your portfolio doesn't look that bad.", "likes": 0, "published_at": "2022-04-26T20:51:16Z", "sentiment": 0.958, "entities": ["Ailibaba and Tencent"]}, {"author": "@nicholasbrassard3512", "comment": "2:15 it's a 16.5% drop for those curious", "likes": 0, "published_at": "2022-04-26T20:44:36Z", "sentiment": 0.0516, "entities": []}, {"author": "@digil842", "comment": "Just feels like s&p 500 and chill or vti and chill is way better thann all these strategies", "likes": 0, "published_at": "2022-04-26T15:48:23Z", "sentiment": 0.6597, "entities": []}, {"author": "@rayneuy3273", "comment": "Thanks for your video!", "likes": 0, "published_at": "2022-04-26T02:17:49Z", "sentiment": 0.4926, "entities": []}, {"author": "@scott5770", "comment": "Truthfully, you need to funnel all your positions into Tesla. I understand your in an \u201cemotional spot\u201d in terms of your investments are trending down BUT forget about the short term! Tesla is everyone\u2019s path to riches\u2026..", "likes": 1, "published_at": "2022-04-25T18:59:48Z", "sentiment": -0.1635, "entities": ["Tesla"]}, {"author": "@Dave004", "comment": "Another interesting thing to look at, despite super high inflation which is hurting, is the consumer confidence right now. Because its so low, personal savings are doing quite well compared to historical averages. Yes personal savings were huge during covid (that was an anomaly) but prior to covid we hadn't see Canadian personal savings above 5% since 2015, and even then it was only briefly, it was mainly consecutively around 5% in 2013 and prior. Right now we're at 6.4% savings (disposable income) so while its going down since covid, its still double what it was prior to covid in 2016, 2017, 2018 and 2019. That should give some confidence that yes, high inflation will eat at earnings as people spend less, but it seems most have been saving for such an occurrence thankfully which may help them whether to storm ahead. \nThat being said we could continue to see a decline in savings so who knows maybe by Q3 we're back to 3% savings per household which wouldn't give too much confidence for a recovery.", "likes": 0, "published_at": "2022-04-25T15:35:26Z", "sentiment": 0.9723, "entities": []}, {"author": "@nicktalksbrazil", "comment": "The market will always fluctuate and the key is to have a diversified portfolio to survive any market crashes. The other thing that is so important is that you need to have a stomach for dealing with investing and not worry to much about if you are going to lose money or not. If the person is unable to handle it then investing is not for you!", "likes": 1, "published_at": "2022-04-25T14:25:37Z", "sentiment": 0.3322, "entities": []}, {"author": "@fcf777", "comment": "Check out the Passive Income Investing channel by Adriano. Much more useful content than this.", "likes": 0, "published_at": "2022-04-25T12:33:36Z", "sentiment": 0.6115, "entities": ["the Passive Income Investing"]}, {"author": "@johntonguecruz2404", "comment": "The market is a cycle. We need a big reset. We need world war 3.", "likes": 0, "published_at": "2022-04-25T07:46:54Z", "sentiment": -0.5994, "entities": []}, {"author": "@linkinbigballz", "comment": "Sometimes good companies can be bad investments", "likes": 0, "published_at": "2022-04-25T06:45:32Z", "sentiment": -0.1531, "entities": []}, {"author": "@rjanuari1978", "comment": "Mine went down 6% last week. I don't mind. I am planning for long term and I will buy some more. \ud83d\ude01", "likes": 0, "published_at": "2022-04-24T23:09:52Z", "sentiment": 0.0, "entities": []}, {"author": "@ggsdude1", "comment": "Stocks always rebound but damn hurting lookin at my portfolio", "likes": 0, "published_at": "2022-04-24T22:45:54Z", "sentiment": -0.7964, "entities": []}, {"author": "@tonybrown3074", "comment": "U bought Alibaba and tecent? Sad man\u2026 u will lose that money forever! All others will bounce back except these two as they might switch back to hongkong leaving nasdaq\u2026\u2026", "likes": 1, "published_at": "2022-04-24T20:59:27Z", "sentiment": -0.7263, "entities": []}, {"author": "@alanyoung8619", "comment": "Hey Brandon, do you consider mutual funds as a good place for long term?", "likes": 0, "published_at": "2022-04-24T20:32:17Z", "sentiment": 0.4404, "entities": []}, {"author": "@mackhughson3722", "comment": "If your'e so bullish on Tencent and Baba, have you looked into PKK/TNT? Would love to hear your opinion on that company.", "likes": 0, "published_at": "2022-04-24T15:35:44Z", "sentiment": 0.6369, "entities": ["PKK/TNT"]}, {"author": "@adelinesimmons8152", "comment": "Buy HSD inverse SP500 etf for Canadian investors", "likes": 0, "published_at": "2022-04-24T04:45:49Z", "sentiment": 0.0, "entities": []}, {"author": "@Chahlie", "comment": "Every time people are crying about the market, I make money. It can pay to have some weird little pennies in there, as long as you put some thought into it. Funny story- in high school English class 40 years ago I wrote an essay on my best investment pick, which was Rogers Sugar. It was far harder to invest back then, but even if I'd only put $500 in it at the time, just think. All you young people are fortunate to have these opportunities.", "likes": 0, "published_at": "2022-04-24T04:04:04Z", "sentiment": 0.8481, "entities": []}, {"author": "@hornedlobster", "comment": "Maybe a good time for a dollar cost averaging video? A rather crucial concept during what potentially may be the start of a recession.", "likes": 0, "published_at": "2022-04-24T03:32:50Z", "sentiment": 0.0258, "entities": []}, {"author": "@hornedlobster", "comment": "Me: Just finishing school, got a good paying career and finally making some money and ready to invest.\nMarket: ALL STOCKS ON SALE.\nOhhh baby what beautiful timing.", "likes": 0, "published_at": "2022-04-24T03:31:36Z", "sentiment": 0.8519, "entities": []}, {"author": "@LifewiththeHamiltons", "comment": "I would be very interested in your opinion about life insurance. Whole life or term? A lot of the American advisors say whole life is a scam but how do we feel as Canadians?", "likes": 0, "published_at": "2022-04-24T00:13:53Z", "sentiment": -0.1812, "entities": []}, {"author": "@elai3147", "comment": "biggest holding in my tfsa is disney, top that is terms of being crushed", "likes": 0, "published_at": "2022-04-23T23:30:56Z", "sentiment": -0.25, "entities": []}, {"author": "@WSBWallstreetBets", "comment": "I was up 27% at the beginning of the year and now I'm down to being up only 1%. I'm surprised I'm still even up in this market. I've maxxed out my TFSA and now using my RRSP where I plan to just buy ETFs like QQQ. My TFSA is all my own selection of stocks.", "likes": 6, "published_at": "2022-04-23T21:34:07Z", "sentiment": 0.5267, "entities": ["RRSP", "QQQ"]}, {"author": "@johncarter6357", "comment": "Only 10% down...damn, your good!  Some of my shits are rock bottom!", "likes": 0, "published_at": "2022-04-23T20:51:21Z", "sentiment": -0.1984, "entities": []}, {"author": "@Got2Learn", "comment": "Great video, what's your opinion on the WEF and their moto \"you'll own nothing and be happy in 2030\"?", "likes": 3, "published_at": "2022-04-23T18:15:56Z", "sentiment": 0.2737, "entities": ["WEF"]}, {"author": "@renzenker2526", "comment": "Thank you Brandon.  I am in the same boat as you. I am rebuilding my entire portfolio, TFSA, RRSP, and non-registered since Oct.1/21, so I has been really tricky and Friday was scary, but I am all in Canadian Dividend Stocks and Funds, so the dividends rolling in helps.", "likes": 0, "published_at": "2022-04-23T17:39:08Z", "sentiment": 0.3825, "entities": ["RRSP", "Dividend Stocks"]}, {"author": "@sabrinan.4180", "comment": "Ill be honest, reassuring. I am a new investor and I really appreciate the transparency :)", "likes": 0, "published_at": "2022-04-23T16:53:35Z", "sentiment": 0.8479, "entities": []}, {"author": "@imkriswithak1135", "comment": "One book i read mentioned this. As an investor. Do you prefer your ivestments to go up or to have have them go down. Big picture the lower the market is the more you can buy. With same amount of whatever your investing. When it goes back up, which it will. You\u2019ll be ahead of the game.", "likes": 0, "published_at": "2022-04-23T16:51:33Z", "sentiment": -0.296, "entities": []}, {"author": "@andrewlee4714", "comment": "You're doing much better than me, my two biggest losers are PayPal & Facebook.", "likes": 0, "published_at": "2022-04-23T15:33:53Z", "sentiment": -0.128, "entities": ["PayPal & Facebook"]}, {"author": "@WalkaroundTravel", "comment": "Nice overview Brandon and great advice to hold the course.  On Tencent and Alibaba, those are tough to stick with and tough to double down on with the recent drops.  The Chinese government single-handedly brought these stocks down, I would take that as a sell signal or set a stop price as those two stocks could really ruin the yield on what is not a bad portfolio\u2026.", "likes": 0, "published_at": "2022-04-23T15:11:21Z", "sentiment": 0.3521, "entities": []}, {"author": "@chloe2965", "comment": "I stopped buying stocks a few months ago and have just been building up my cash.. however I am not sure when to make the move to start buying again!", "likes": 1, "published_at": "2022-04-23T13:54:06Z", "sentiment": -0.486, "entities": []}, {"author": "@mahirhaque1801", "comment": "Well I'm glad I'm not the only one haha! But does highlight the position of a balanced portfolio. Shows the importance of commodities, gold and agriculture stocks etc.", "likes": 0, "published_at": "2022-04-23T13:28:59Z", "sentiment": 0.8805, "entities": []}, {"author": "@delosauce495", "comment": "You're not going to find a more level headed, open, and honest finance channel on Youtube. Videos like these put people who's portfolios are in the dumps at ease. Trust the process and build with quality. Thanks Brandon.", "likes": 0, "published_at": "2022-04-23T13:26:24Z", "sentiment": 0.8957, "entities": []}, {"author": "@Gdragon999", "comment": "Not sure if anyone has insight, my mom is a single parent low income in her early 50s and has saved money that she wanted to invest with hopes of cashing out in 5-10 years to buy a house. I know ETFs are great for 20+ year investments but how do i research what investments are good for her? Like how do you begin to research that? Im fairly new to all of this and the main thing ive learned so far is that ETFs are the way to go for young adults with VFV being a good one for the canadian market and VOO, SPY being good American ones other than that pretty clueless so any guidance is appreciated", "likes": 0, "published_at": "2022-04-23T13:08:38Z", "sentiment": 0.9776, "entities": ["VFV", "VOO", "SPY"]}, {"author": "@tsocanuck", "comment": "Dividends will always come thru ...close your eyes and keep buying", "likes": 0, "published_at": "2022-04-23T12:54:08Z", "sentiment": 0.0, "entities": []}, {"author": "@chrisbrug7924", "comment": "Baba goes 57-60$ per share.", "likes": 0, "published_at": "2022-04-23T08:56:03Z", "sentiment": 0.296, "entities": []}, {"author": "@guanacoyyz9646", "comment": "Thanks Brandon for this video and show vulnerability! We all investors are on the same phase... but oh well, we will survive and get those babys back! Great portfolio!", "likes": 1, "published_at": "2022-04-23T06:38:21Z", "sentiment": 0.8928, "entities": []}, {"author": "@whoopass2rb", "comment": "I think depending on how you do the makeup of your portfolio, that will play a big factor in how you handle red times vs green. I've only been doing self-serve investing over the last year. I've got company pension and employee share programs (TFSA) going. But then I also have my fun investing that when I first started, I started by figuring out how I wanted to track the information of stocks. I think this might be one of the first mistakes people make in investing - not understanding how they want to keep tabs on how it's going, why you're investing in a company; your strategy so to speak.\n\nAnyways, when I started, I focused a lot on learning a bit about the type of asset classes and taking the risk assessments presented to ETFs. But then I also started to create my own classifications like growth VS speculative VS opportunity. To many that may seem like the same thing, but I look at a company that has tech to grow for years to come as growth. I look at a company like air canada as an opportunity (given what Covid did to travel). Then I look at small cap companies that might have a good idea or business but unproven to thrive - those are the speculative. \n\nI started to learn more, picked up aristocrat dividends VS cyclical companies, and so on. Inadvertently, I started making sure that my balance between any of these are distributed, along with stuff like income stocks, or safe / lower risk (like bonds). No one explicitly told me to go about it this way, I just naturally figured it out based on how I decided to classify the data from what I learned. \n\nIf you take a similar approach to the stocks you pick and invest in, you'll always be setting yourself up to cover the bumpy rides by having a little bit of everything. Not just diversity in markets, but also in risk of investments, or classification of asset, or even just the type of income that gets generated (capital gains VS dividend VS dividend growth VS income, etc.). Today my portfolio is taking a bit of a beating like many, but there's quite a few still in the positive and it's mostly because I pay attention to pie charts of each of these groupings. I now try and keep a balance across any of these charts: company breakdowns (each ticker), sector allocation breakdowns (financial vs utility vs health care, etc.), asset allocation breakdowns (growth vs dividend vs ETF), my personal view on their risk distributions (high, med, low), asset class breakdowns (large cap, small cap, real estate, high yield, crypto yield and fixed income) and finally my personal favourite: style distribution (in it: growth, speculation, opportunity, balanced, safety, income).\n\nSome other tips I use to keep myself on track (I'm using Google sheets): off to the side, I created a table that shows the value of an investment making $0.03 to the dollar (a 3% return like a dividend) at intervals starting at $10k, moving up by $5k increments until $100k. Then jumping by $10k increments to $200k. Then by $20k and I've got different milestone jumps up to $2.5 million. Along with this table, I show the portfolio value payout (by year and by month) to understand how much my investment, based on that 3% is returning to me to reinvest.  Finally I put a date reached and my money % column so that when I finally hit that target, I take the date (to see how fast money grows). With the my money %, it's a breakdown of how much I'm getting my money to work for me to make free, scratch that - invested money. \n\nAt first it's not much, it was like 99% my money but now I'm down to 97.4% and $20k in savings (fun money) after a year. It'll start to get really exciting when that number starts to drop to being 60% my money or something. The more my money works for me, the more addicting it is to want to save. Just a few things I do to help keep myself level headed in these uncertain times and to remind myself to focus on the long term.", "likes": 0, "published_at": "2022-04-23T06:13:06Z", "sentiment": 0.9986, "entities": ["air canada", "aristocrat", "Google"]}, {"author": "@eddy563", "comment": "If bill ackman can loose 400M on an investment.. we can loose some too. We loose we gain and we learn.. cheers!", "likes": 2, "published_at": "2022-04-23T04:42:32Z", "sentiment": 0.2244, "entities": []}, {"author": "@TheGrapplingNinja", "comment": "Question I often hear people say contribute x dollars a month to your tfsa and etfs \n\nBut I have multiple etfs in my tfsa if I was to contribute 100 monthly what does that mean where to put that 100 spread them thru the etfs I have or?", "likes": 0, "published_at": "2022-04-23T03:40:34Z", "sentiment": 0.0, "entities": []}, {"author": "@sheldonsnow803", "comment": "Why dont you buy the canadian hedged version of the americian tickers? Is there a reason?", "likes": 1, "published_at": "2022-04-23T03:40:03Z", "sentiment": 0.0, "entities": []}, {"author": "@dynatroniX86", "comment": "Brandon, you know what?  This video really has a lot of good points and as a long term investor saving up for an apartment, this really confirms what I've been feeling already. Cheers bud.", "likes": 4, "published_at": "2022-04-23T02:48:31Z", "sentiment": 0.7579, "entities": []}, {"author": "@JK-rv9tp", "comment": "I might say that investing in two companies that are under a communist dictatorship in a country that is in a catastrophic demographic implosion and a debt crisis worse than Japan's was not so good an idea.  Otherwise yeah just ride it out.", "likes": 0, "published_at": "2022-04-23T02:44:42Z", "sentiment": -0.9291, "entities": []}, {"author": "@kenkroetch369", "comment": "No it's not your fault, It's our Drama teacher in parliament, He keeps spending our kids future money \ud83d\ude44", "likes": 1, "published_at": "2022-04-23T01:57:34Z", "sentiment": 0.015, "entities": []}, {"author": "@kelleyhaldorson209", "comment": "Thanks for the update Brandon.  Really shows your character and integrity being so open with your decisions.  When I started investing I tried to plan for this type of environment and am getting rewarded.  When the market was up so huge it looked like I was a fool as I was only up 4% or so.  I made \"growth\" additions and almost all of those have gone red now, but all in all I am still up 6-7% when so many others are down huge.  So thank you for teaching the fundamentals so well and encouraging patience.  Even my big losers I still have long term confidence in and am adding more when it makes sense.  Plus I get about $400-500 of dividends a year!  Thank you for your help!", "likes": 1, "published_at": "2022-04-23T01:51:53Z", "sentiment": 0.9837, "entities": []}, {"author": "@dorsia4167", "comment": "Sorry but I love looking at the Chinese stocks bleeding hard", "likes": 1, "published_at": "2022-04-23T01:36:13Z", "sentiment": 0.7227, "entities": []}, {"author": "@davidm0934", "comment": "My tfsa is down too \ud83d\ude23", "likes": 0, "published_at": "2022-04-23T01:26:50Z", "sentiment": 0.0, "entities": []}, {"author": "@YoussefHallouly", "comment": "How did you manage to keep the old view of Questrade trading?", "likes": 0, "published_at": "2022-04-23T01:15:20Z", "sentiment": 0.0, "entities": []}, {"author": "@turbofanlover", "comment": "Many of us saw this correction coming.  It was long overdue, IMO.  I've been taking profits for the past year...and have built up a nice big bag of cash that I now have ready for when it's time to start putting money back into the markets.  Keep falling, I say.", "likes": 8, "published_at": "2022-04-23T00:42:56Z", "sentiment": 0.765, "entities": ["IMO"]}, {"author": "@BusinessFinancialNetwork", "comment": "\ud83d\udcca\ud83d\udd11", "likes": 0, "published_at": "2022-04-23T00:25:56Z", "sentiment": 0.0, "entities": []}, {"author": "@aladdin8372", "comment": "everyone getting crush. i hold BTCY and RY stock and im just going to buy few more share if it keep dropping with my incomming dividend", "likes": 0, "published_at": "2022-04-23T00:18:46Z", "sentiment": 0.2247, "entities": ["BTCY"]}, {"author": "@cutiecatboy", "comment": "When all stocks are down like this I like to buy an etf like XEQT because it\u2019s rare to get those at a discount :) nice video as always Brandon", "likes": 1, "published_at": "2022-04-23T00:08:25Z", "sentiment": 0.9062, "entities": ["XEQT"]}, {"author": "@CanadianSon", "comment": "Significant learning curve for all of the investors, like myself, who started investing over the last year or two\u2026", "likes": 7, "published_at": "2022-04-23T00:05:52Z", "sentiment": 0.5106, "entities": []}, {"author": "@cheynebest7028", "comment": "This market is going to be a distant memory soon enough... remember 2018? Last time the market was under this kind of pressure. Do your due diligence, know what you are buying and stay true. These markets are to be taken advantage of and selling instead of buying is a mistake unless fundamentals break down in what you are invested in. Just down on one of my position because I've only owned it a year and I'm heavily weighted over a handful of companies.", "likes": 1, "published_at": "2022-04-22T23:45:38Z", "sentiment": -0.024, "entities": []}, {"author": "@roberttaylor3594", "comment": "now that my portfolio is mainly dividend based, and I think the businesses represented by the stocks are solid, these dips dont bother me as much.  The dividends keep coming in, and I trust the stocks will bounce back, unless stock price is not related to the business at all.  still, if I had held of buying more POW three days ago, that would have been better...but I totally see what you mean with the comparison between the short term price of TD vs the long term price.", "likes": 17, "published_at": "2022-04-22T23:37:57Z", "sentiment": 0.7128, "entities": ["TD"]}, {"author": "@sergiogomezr", "comment": "Thanks for the insight, Brandon. I\u2019m loving  my subscription to the Investing Academy.", "likes": 0, "published_at": "2022-04-22T23:36:19Z", "sentiment": 0.7783, "entities": ["the Investing Academy"]}, {"author": "@markj4306", "comment": "I see you've gone the way of wonderfully terrible YouTube thumbnails... \ud83e\udd26\ud83c\udffc\u200d\u2642\ufe0f\n\ud83e\udd23", "likes": 0, "published_at": "2022-04-22T23:34:40Z", "sentiment": 0.2023, "entities": ["YouTube"]}, {"author": "@henjer2150", "comment": "Thanks for sharing Brandon", "likes": 0, "published_at": "2022-04-22T23:23:22Z", "sentiment": 0.6908, "entities": []}, {"author": "@ahmada.9372", "comment": "Your channel focuses alot of fundamentals but very little on the technical side and yet technical side is also super super important when it comes to investing. The technical are the reason why the companies with large growth large revenue nosedive straight into the ground. The institutions use technicals with fundamentals to buy stocks and I feel like your channel is only showing half of the whole story and people are losing money over this.", "likes": 5, "published_at": "2022-04-22T22:43:42Z", "sentiment": 0.9612, "entities": []}, {"author": "@irishboy664", "comment": "Thanks for this, I was spazzing out. (Just joined WST a week ago)", "likes": 2, "published_at": "2022-04-22T22:29:35Z", "sentiment": 0.4404, "entities": ["WST"]}, {"author": "@cuybueno", "comment": "We are on the same boat bro. I was about to panic sell my stocks but your video gave me so much insight.", "likes": 4, "published_at": "2022-04-22T22:25:39Z", "sentiment": -0.2846, "entities": []}, {"author": "@youngus", "comment": "I cried a little today (perhaps a lot), but I got used to hodling my crypto. I'd like to think I can handle this :D", "likes": 0, "published_at": "2022-04-22T22:24:51Z", "sentiment": 0.8789, "entities": []}, {"author": "@ab.4425", "comment": "Great video Brandon!! Good times to buy!!", "likes": 0, "published_at": "2022-04-22T22:11:21Z", "sentiment": 0.8469, "entities": []}, {"author": "@montell19", "comment": "I\u2019m down 30% in my TFSA but I\u2019m holding strong.", "likes": 3, "published_at": "2022-04-22T22:11:11Z", "sentiment": 0.6652, "entities": []}, {"author": "@derekcox6531", "comment": "\ud83d\ude02 yeah it sux the big one when ones account drops significantly. People should Stop looking at their investments every day,then they wont even notice the bad days.", "likes": 0, "published_at": "2022-04-22T22:03:54Z", "sentiment": -0.7184, "entities": []}, {"author": "@jo-annguthur7314", "comment": "Thanks! Love this video", "likes": 0, "published_at": "2022-04-22T21:47:03Z", "sentiment": 0.8122, "entities": []}, {"author": "@davidbarlow372", "comment": "i started  about  6  months  ago...so  i  guess  you  can  call  me  new   at  investing  in  stocks....i  have  gone  from  being  up  19  per cent    2  weeks  ago   to  only  being  up  4  per  cent  today..even  though   energy stocks..also  have  dropped  a  lot  in  last  few  days..without   having  a  few  of  them  in  my..Portfolio...i  would   more  then  likely...be  in  the  negative...but  it  does  not  bother  me   because  in  the  end  no  matter  how long  it  takes   there    will  be  a  rebound..  in  the  market", "likes": 2, "published_at": "2022-04-22T21:44:21Z", "sentiment": 0.2584, "entities": []}, {"author": "@anntulett8406", "comment": "wow today was a great day to buy love these pull backs make you rich. I have been investing for years and I noticed you have no oil stocks or defence and considering the events of today and a barrel of oil at 102  a barrel for crude I will not buy a stock unless it has a dividend. ETF's can be great if you want great exposure to banks VDY is the way to go while you go for very expensive stocks in tech and retail you would do better with cheaper stocks with a good div. ie) Key or CNQ great divs and some monthly", "likes": 0, "published_at": "2022-04-22T21:43:46Z", "sentiment": 0.984, "entities": ["ETF", "VDY", "CNQ"]}, {"author": "@omarfadil1226", "comment": "Thanks Brandon. \nIt\u2019s good to know that this happening to all as I am in the same predicament as you and I\u2019m less worried now than I was before I saw your input, though I must admit I became quickly accustomed to the rules of the market and the fact that with everything that\u2019s going on now from infalation to raising interest rates we are in a very volatile market but it will eventually go up and hopefully soon \ud83d\ude0a\ud83d\udc4d\ud83c\udffd", "likes": 6, "published_at": "2022-04-22T21:33:31Z", "sentiment": 0.8124, "entities": []}, {"author": "@momo35444", "comment": "you give me so much hope. my portfolio is fine compared to yours. thanks for this video. its a good news flash, and also a good reminder not to freak out. were not out of it yet.\ni would cry if my  average price for baba was so high :)", "likes": 0, "published_at": "2022-04-22T21:16:39Z", "sentiment": 0.9356, "entities": []}, {"author": "@daviddowling6376", "comment": "Great video", "likes": 1, "published_at": "2022-04-22T21:05:40Z", "sentiment": 0.6249, "entities": []}, {"author": "@Rfmarano", "comment": "Consider buying shares etfs such as UVXY in times of uncertainty/red days. There is always a way to make money lol", "likes": 2, "published_at": "2022-04-22T21:02:41Z", "sentiment": 0.6124, "entities": ["UVXY"]}, {"author": "@daviddowling6376", "comment": "I love Red Days they are just the best", "likes": 1, "published_at": "2022-04-22T20:55:06Z", "sentiment": 0.8555, "entities": []}, {"author": "@gorgeplo", "comment": "Nice red (or half price deals) am not very worried about the short term also \nbut what i am scare of is the coming CBDCs (spy coins) can you talk about it ? what are your thought as someone who touch big money and know more about the corporate world ?\n\nThank you Brandon", "likes": 0, "published_at": "2022-04-22T20:54:19Z", "sentiment": 0.1931, "entities": []}, {"author": "@SailorSeth", "comment": "My Tfsa is down 2%. I went in with no experience looking to do some long term investing, now I\u2019m wondering if I should let someone else manage my tfsa.. would it be difficult to give someone else control or change the account to another location?", "likes": 0, "published_at": "2022-04-22T20:35:44Z", "sentiment": -0.5719, "entities": []}, {"author": "@admiraleveleigh8573", "comment": "I love your channel dude! I love that you always show what\u2019s up with your accounts and you never try to make yourself look more successful than you actually are. You actually seem really genuine, that\u2019s why I always recommend this channel to my friends and family", "likes": 0, "published_at": "2022-04-22T20:14:16Z", "sentiment": 0.9606, "entities": []}, {"author": "@GoodDay-jp5hi", "comment": "The difference divided with 62...10/62=0.16.....16%", "likes": 0, "published_at": "2022-04-22T20:05:23Z", "sentiment": 0.0, "entities": []}, {"author": "@WiseOwl_1408", "comment": "Hurts bro\n\nCNR stock for life.", "likes": 0, "published_at": "2022-04-22T20:01:14Z", "sentiment": -0.4767, "entities": ["CNR"]}, {"author": "@RaphaelRowley", "comment": "I\u2019ve been following your channels for a good 2 years but I\u2019m still curious as to what your investing philosophy is? What do you look at when you research companies? Would be an interesting video", "likes": 3, "published_at": "2022-04-22T19:43:01Z", "sentiment": 0.8321, "entities": []}, {"author": "@JayPatel-hi3kt", "comment": "I am down almost 41% because of my growth plays along with blue chips. Can you share your thoughts on : Sea Limited,affirm, roblox, paypal, shopify.", "likes": 0, "published_at": "2022-04-22T19:26:15Z", "sentiment": 0.7003, "entities": ["Sea Limited"]}, {"author": "@jessicamoore3093", "comment": "All there is to investing is picking good stocks at good times and staying with them as long as they remain good companies.", "likes": 9, "published_at": "2022-04-22T19:20:16Z", "sentiment": 0.8271, "entities": []}, {"author": "@theabstract4936", "comment": "I bought some Costco stock for my tfsa good move or no?", "likes": 0, "published_at": "2022-04-22T19:20:11Z", "sentiment": 0.1779, "entities": ["Costco"]}, {"author": "@jacked6", "comment": "I just buy index etfs like VOO/VFV, VYM, and VCN every month and just put money in regardless what happens.  Single stocks always put you at most risk so be careful everyone.", "likes": 5, "published_at": "2022-04-22T18:52:00Z", "sentiment": 0.2466, "entities": ["VOO", "VFV", "VYM", "VCN"]}, {"author": "@crystalcraig", "comment": "I've always hated the colour Red---Hate it even more since I started investing. Been waiting for Facebook to dip and since I just started investing in January, I didn't have to wait long. It's getting CRUSHED. I set up my husband's portfolio at the same time I did my own and he's been in the green a lot so I did something right. I'm not worried though...things will work out.", "likes": 0, "published_at": "2022-04-22T18:49:57Z", "sentiment": -0.7811, "entities": []}, {"author": "@factsoverfeelings7832", "comment": "At least I am not alone \ud83d\ude29", "likes": 1, "published_at": "2022-04-22T18:49:54Z", "sentiment": 0.1877, "entities": []}, {"author": "@FPSEli", "comment": "Red = Opportunity (sometimes)", "likes": 1, "published_at": "2022-04-22T18:47:17Z", "sentiment": 0.4215, "entities": []}, {"author": "@veloenthusiast", "comment": "I love Facebook & Williams Sonoma.  They are in my top 25 stock list   That said, especially with WSM, it's not the right time to invest.  WSM is being highly shorted.  They are studies done that high beta stocks like it, that are highly shorted, perform poorly.  I am waiting for their short ratio to get cut in half before putting money into it.\n\nThe other thing to consider is what sectors do well long-term in a high inflation environment?  IMHO, we will be in this environment for years.  The research that I have read, show that consumer cyclicals & tech stocks fare the worse.\n\nLook what stocks Buffett has bought the last couple of years.  He bought an oil company, a cons", "likes": 1, "published_at": "2022-04-22T18:34:43Z", "sentiment": 0.6597, "entities": ["Facebook & Williams Sonoma", "WSM", "WSM", "IMHO"]}, {"author": "@frankybats9999", "comment": "Looks like my portfolio!! Love this market.", "likes": 0, "published_at": "2022-04-22T18:28:50Z", "sentiment": 0.8065, "entities": []}, {"author": "@ceonz", "comment": "Ok I thought I was the only one \ud83d\ude02", "likes": 1, "published_at": "2022-04-22T18:28:27Z", "sentiment": 0.296, "entities": []}, {"author": "@aliciaarmstrong3494", "comment": "As a newbie to investing, I really appreciate these videos! I feel more capable to start investing in some stocks for the long run and learning along the way!", "likes": 0, "published_at": "2022-04-22T18:24:52Z", "sentiment": 0.7558, "entities": []}, {"author": "@atlantium65", "comment": "We are in a commodity supercycle. Been a great couple years now. I will continue to hold oil/gas, miners, fertilizer, royalty companies until the market conditions change. General equities are not the place to be during these cycles.", "likes": 5, "published_at": "2022-04-22T18:22:06Z", "sentiment": 0.6249, "entities": []}, {"author": "@murraytown4", "comment": "Great if you\u2019re nowhere near or are not in retirement.", "likes": 1, "published_at": "2022-04-22T18:21:58Z", "sentiment": 0.6249, "entities": []}, {"author": "@MicahHuang", "comment": "hey Brandon, noticed that you're heavily invested in individual stocks for your tfsa. Was wondering why you chose this approach instead of opting for some more diversification like index funds?", "likes": 4, "published_at": "2022-04-22T18:20:04Z", "sentiment": 0.4173, "entities": []}, {"author": "@darrellknox9581", "comment": "Good time to be in cash.Just wait for the bargains.They will be coming.", "likes": 6, "published_at": "2022-04-22T18:12:37Z", "sentiment": 0.4404, "entities": []}, {"author": "@marvinpham5180", "comment": "First again", "likes": 0, "published_at": "2022-04-22T18:08:02Z", "sentiment": 0.0, "entities": []}, {"author": "@advenvilla", "comment": "So much blood. More opportunity tho!", "likes": 1, "published_at": "2022-04-22T18:07:34Z", "sentiment": 0.5244, "entities": []}, {"author": "@beaviswealth", "comment": "\ud83d\udcc8\ud83d\udcda\ud83c\udde8\ud83c\udde6 Join The Investing Academy Today - https://bit.ly/theinvestingacademy", "likes": 3, "published_at": "2022-04-22T18:07:33Z", "sentiment": 0.296, "entities": ["\ud83c\udde6 Join The Investing Academy"]}]