[{"author": "@beaviswealth", "comment": "\ud83d\udcc8\ud83d\udcda Join The Investing Academy \u27a4 https://bit.ly/theinvestingacademy\n\nThank you BMO ETFs for sponsoring this video. Learn more here - https://bit.ly/BMO-ETFs", "likes": 14, "published_at": "2022-12-29T16:36:17Z", "sentiment": 0.5719, "entities": ["The Investing Academy", "BMO"]}, {"author": "@sharjeelkhan7437", "comment": "Indian guy running bmo bank.  No wonder Canada is screwed .", "likes": 0, "published_at": "2024-04-05T21:37:17Z", "sentiment": -0.6597, "entities": ["bmo bank"]}, {"author": "@user-ln4xs3xl1v", "comment": "Thanks Omanand! Your suit is so hot", "likes": 0, "published_at": "2024-03-09T05:07:05Z", "sentiment": 0.4926, "entities": []}, {"author": "@steevengingras4087", "comment": "Great job guys\ud83d\udc4d\ud83c\udffb", "likes": 0, "published_at": "2023-02-26T03:00:00Z", "sentiment": 0.6249, "entities": []}, {"author": "@stephanienguyen6992", "comment": "BMO is better than RBC - why hired Grade 10 or 12 to do your paperwork  ???", "likes": 0, "published_at": "2023-02-04T20:29:46Z", "sentiment": 0.533, "entities": ["BMO"]}, {"author": "@brianblackwood5248", "comment": "What a joke its the theiving bankers that are the cause of the major problems we have had in the past. Keep feeding the problem if you want to go broke.", "likes": 0, "published_at": "2023-02-04T03:49:00Z", "sentiment": -0.6908, "entities": []}, {"author": "@kravinoff", "comment": "Naw, I\u2019ll just buy Bitcoin. Thanks bankers! Bitcoin was the best performing commodity in January.", "likes": 0, "published_at": "2023-02-02T16:42:28Z", "sentiment": 0.8122, "entities": []}, {"author": "@jeremybenoit759", "comment": "Who wants to bet that this \" expert\" coincidentally either works for, has stocks in, or gets funding from bmo?", "likes": 0, "published_at": "2023-02-01T23:04:18Z", "sentiment": 0.0, "entities": []}, {"author": "@danamccoy6422", "comment": "I would never invest with a Canadian back , they like to tell customers they side with government and will go above and beyond to freeze your money if you don\u2019t agree with them", "likes": 0, "published_at": "2023-01-31T15:42:58Z", "sentiment": 0.6369, "entities": []}, {"author": "@robrubino4402", "comment": "Covered call etfs tend to write short term , close to the Calls. Captured all downside ann limit UPSIDE DOWN. The av been disappointing though the yard. Much more profitable an index and write minimum 3 month out of the money CALL YOURSELF ON THE ETF. You should earn more this way", "likes": 0, "published_at": "2023-01-29T23:50:30Z", "sentiment": -0.2516, "entities": []}, {"author": "@24theMoney", "comment": "Anyone with AMC at $20-$70 is going to be holding massive bags after RS.", "likes": 0, "published_at": "2023-01-26T04:19:25Z", "sentiment": 0.0, "entities": ["AMC", "RS"]}, {"author": "@neilfoster9517", "comment": "What are the fees involved to get in or out is it a front or rear load", "likes": 0, "published_at": "2023-01-24T03:02:35Z", "sentiment": 0.0, "entities": []}, {"author": "@Fillip_", "comment": "Point of view you missed clicked", "likes": 0, "published_at": "2023-01-24T00:44:49Z", "sentiment": -0.296, "entities": []}, {"author": "@toshy24tosh", "comment": "Every single covered call etf I\u2019ve ever seen basically pays an enticing dividend BUT the principle value of that asset ALWAYS tanks over time. I would stay away", "likes": 0, "published_at": "2023-01-23T07:07:32Z", "sentiment": 0.7469, "entities": ["ALWAYS"]}, {"author": "@vv247", "comment": "who's buying the call on the way down or in a bear market ? For the investor , do we expect to make more distributions on the way up when your selling calls into a bull market ? thx  great chat\ud83d\udc4c", "likes": 0, "published_at": "2023-01-23T00:19:17Z", "sentiment": 0.7882, "entities": []}, {"author": "@marksmith7252", "comment": "Hi Guys, I am asking specifically about BMO's ZWU. This is the ETF based on utility companies. It is very attractive. I think it is based on Canadian utility companies. I agree that the covered call is a low risk strategy, no problem there! My concern is this; in my experience it is hard to write covered calls on Canadian stocks because the volume just isn't there as it is in the American counterparts. How does BMO write lucrative covered calls on a Candian product?", "likes": 0, "published_at": "2023-01-19T19:01:22Z", "sentiment": -0.4765, "entities": ["BMO", "ETF", "BMO"]}, {"author": "@Ben-vs4be", "comment": "Would you still sell covered calls on underperforming stocks?", "likes": 0, "published_at": "2023-01-10T13:43:14Z", "sentiment": 0.0, "entities": []}, {"author": "@nagoretelleria3054", "comment": "Is a covered call better suited for a bear market environment?", "likes": 0, "published_at": "2023-01-05T17:08:09Z", "sentiment": 0.4404, "entities": []}, {"author": "@BolleDuc", "comment": "Great insight on BMO's strategy, thank you. Can you find out how quickly BMO reinvests the proceeds when a position is called away? Is it immediately, next day, or the next month?", "likes": 0, "published_at": "2023-01-04T14:50:59Z", "sentiment": 0.7882, "entities": ["BMO", "BMO"]}, {"author": "@gordd7348", "comment": "The real risk is not in the price going up and missing the opportunity to sell it for more, the real risk is the price goes down significantly enough where the option strike price is lower  than the amount you originally bought it for.  Thus selling at a loss.", "likes": 0, "published_at": "2023-01-02T02:56:05Z", "sentiment": -0.765, "entities": []}, {"author": "@macedonia666", "comment": "Just watched 26min long advertisement from a BMO.", "likes": 1, "published_at": "2023-01-01T16:40:05Z", "sentiment": 0.0, "entities": ["BMO"]}, {"author": "@MarkoKoskenoja", "comment": "Great job to all 3 of you explaining BMO covered call ETFs. I'm retired and living off my dividends from mostly BMO ZWU, ZWC, ZWP, ZWB and ZPAY.", "likes": 2, "published_at": "2023-01-01T02:09:47Z", "sentiment": 0.6249, "entities": ["BMO", "ZWC", "ZPAY"]}, {"author": "@MegsCarpentry-lovedogs", "comment": "Marc, one comment on Adams video recently claims that non dividend paying stocks over all have more gains over time compared to dividend paying stocks. I challenged her position on this. I got to then thinking if this might be a topic of discussion for you to present. I respectfully disagreed with the lady who made these claims. You can see the several back and forth discussion we had on Adams latest video if interested. Food for thought Marc, with all your experience and excellent delivery and requests from the viewers on possible topics of interest, I thought I would put that out there for you to consider. All the best in resilience and more peace in the coming year and beyond to you, Brandon and your families from East Canada\ud83e\udd42\ud83c\udf77\ud83c\udf89\ud83c\udde8\ud83c\udde6", "likes": 0, "published_at": "2022-12-31T18:05:57Z", "sentiment": 0.9642, "entities": []}, {"author": "@twfinc6855", "comment": "bmo only writes on 50% of the holdings which is great.. and you still get a good yield.. Im wondering what hamilton HDIV does and HHL.. Im going to look more closely at those now, it seems to me that they write on 75% if I recall, also they hold other covered call etf's so in fact they are writing covered calls on covered calls... this to me seems much more risky.", "likes": 0, "published_at": "2022-12-31T13:58:19Z", "sentiment": 0.204, "entities": ["HHL"]}, {"author": "@davidchen253", "comment": "Thanks for the great video you provided. I personally like the BMO covers call strategy very much but I have a question when will the fund managers buy back those equities they are going to hold? Are there any corresponding strategies for BMO to buy back those equities automatically?", "likes": 3, "published_at": "2022-12-31T06:43:53Z", "sentiment": 0.6818, "entities": ["BMO", "BMO"]}, {"author": "@momo35444", "comment": "I watched the whole 26 min. and hope this supports your video in a way, and shows return from sponsor BMO. I also thumbs up the video, like I always do. \nBut you have to know, every point you've touched on today has already been explained in your earlier videos. no new knowledge...\nThat being said, I ADORE this channel and you're both doing great!", "likes": 0, "published_at": "2022-12-30T23:25:08Z", "sentiment": 0.9411, "entities": []}, {"author": "@CanadianDividendInvesting", "comment": "Awesome video Brandon, awesome content here!", "likes": 0, "published_at": "2022-12-30T21:35:38Z", "sentiment": 0.8588, "entities": ["Awesome"]}, {"author": "@viprakamy8568", "comment": "Explained so nicely the ETFs on Covered Call Strategies  in nutshell . Obviously the efforts and analysis that goes into it is rather complex. Well. a technocrat like me could understand some of it .Thank you Everyone there .", "likes": 0, "published_at": "2022-12-30T19:30:36Z", "sentiment": 0.8516, "entities": ["Covered Call Strategies"]}, {"author": "@MegsCarpentry-lovedogs", "comment": "@James Rankin\u00a0 I would like to hear Marc's spin in this. You pointed out my concern, withdrawing from the original principle...not what I would want to do as savvy investing is to touch the principle and draw off the dividends. This does not allow for a sustainable long lasting income stream. Thank you James and lets hope Marc might see this thread to respond, after the holiday season of course\ud83c\udf84\ud83c\udde8\ud83c\udde6\u263a", "likes": 3, "published_at": "2022-12-30T16:45:21Z", "sentiment": 0.8894, "entities": ["@James Rankin"]}, {"author": "@MountainFinance", "comment": "Great interview. A must watch for people new to covered call ETFs.", "likes": 1, "published_at": "2022-12-30T14:14:02Z", "sentiment": 0.6249, "entities": []}, {"author": "@JulieVaudry", "comment": "Awesome interview. Thanks a lot for this great content!", "likes": 0, "published_at": "2022-12-30T13:25:03Z", "sentiment": 0.9212, "entities": []}, {"author": "@roberttaylor3594", "comment": "I have some covered call ETFs\u2026 I think I am trading unrealized gains for fairly safe steady income( if I choose a safe ETF, like Canadian banks, that is.)\nI use some of that to buy businesses with opportunity for growth and a good dividend record\u2026trading income for unrealized gains.  If I\u2019m renting out my house and it\u2019s value goes down with the market, I still get the rent.  I think of covered calls kind of the same way, I guess.", "likes": 3, "published_at": "2022-12-30T06:47:20Z", "sentiment": 0.9674, "entities": []}, {"author": "@voo5000", "comment": "Doesn't the term Enhanced normally mean leverage? I dont think bmo uses leverage", "likes": 1, "published_at": "2022-12-30T05:50:50Z", "sentiment": 0.0, "entities": []}, {"author": "@paulsantori8920", "comment": "Haven\u2019t watched this video yet but I do get a laugh thinking about how it seems like you\u2019ve gone from talking about J&J to copying our favourite PII investor Adriano!", "likes": 2, "published_at": "2022-12-30T04:43:26Z", "sentiment": 0.857, "entities": ["J&J", "PII"]}, {"author": "@TheGoGoGamble", "comment": "What is meant by \"in the money\" and/or \"out of the money\"?", "likes": 0, "published_at": "2022-12-30T04:39:38Z", "sentiment": 0.0, "entities": []}, {"author": "@philcadorette1383", "comment": "Great video, I could not retire without ' coverd call etf's' in my portfolio. BMO make up of 75% of my covered call etf's. Thanks Brandon & Marc this !!", "likes": 1, "published_at": "2022-12-30T01:43:28Z", "sentiment": 0.8217, "entities": ["BMO", "Brandon & Marc"]}, {"author": "@dacxem", "comment": "Great video  - Check out \"Passive Income Investing\" if you want to know more about these, tons of videos about the covered call approach, he is the authority on this style of investing.", "likes": 5, "published_at": "2022-12-30T00:29:23Z", "sentiment": 0.7579, "entities": []}, {"author": "@blugan", "comment": "So what happens on the 50% covered call options after they sell them? Does it get replenished automatically?\nThanks.", "likes": 1, "published_at": "2022-12-30T00:15:59Z", "sentiment": 0.504, "entities": []}, {"author": "@danddolittle", "comment": "my understanding is that even if your US stocks are in an RRSP ETF you have to pay the 15% US withholding tax. Its that true that you have to hold the stocks individually in your RRSP account to get that Tax break", "likes": 1, "published_at": "2022-12-30T00:03:08Z", "sentiment": 0.34, "entities": ["RRSP", "RRSP"]}, {"author": "@frankinfante791", "comment": "I hold some  BMO ETFs .  In the long term the monthly income reinvested and long term appreciation has paid off.", "likes": 2, "published_at": "2022-12-29T23:59:11Z", "sentiment": 0.5106, "entities": ["BMO"]}, {"author": "@jasonstupak4535", "comment": "Watched and liked, thanks guys!  Funny how these become popular when the market sucks, lol.  I invest in them quite a bit since we're close to retirement (5-10 years) and want to invest for cash flow.", "likes": 1, "published_at": "2022-12-29T22:33:11Z", "sentiment": 0.906, "entities": []}, {"author": "@Po101080", "comment": "as others have pointed out the huge management fee that is typically associated with these kinds of etf, my only objection to choosing this is why don't I just sell the calls myself and not pay any fees lol. Its not that annoying if you always sell 1 month out each time", "likes": 1, "published_at": "2022-12-29T21:55:37Z", "sentiment": 0.7687, "entities": []}, {"author": "@greenerry", "comment": "Still new fairly new to investing, and definitely learning a lot from watching your videos Brandon and Marc.", "likes": 4, "published_at": "2022-12-29T19:38:35Z", "sentiment": 0.4019, "entities": []}, {"author": "@MegsCarpentry-lovedogs", "comment": "Marc and Brandon thank you for putting out a video like this during the \"holidays.\"  A time when people generally want to take a break and reflect and spend time with family. \u263a", "likes": 12, "published_at": "2022-12-29T18:02:15Z", "sentiment": 0.6486, "entities": []}, {"author": "@MegsCarpentry-lovedogs", "comment": "Amen Brandon!!! @ approximately 21:30  you popped the BIG question about taxation treatment for those of us that have non rrsp accounts and taxation is always one on the list to check. Thank you Brandon!!!!!! \ud83d\udc4d But zwb has an ROC taxation and he did not talk about that...and zwu also has a foreign income and ROC income which are not favourable in a non rrsp....too bad he did not talk about those in some of the bmo etf's. \ud83d\ude14", "likes": 11, "published_at": "2022-12-29T17:55:28Z", "sentiment": -0.7326, "entities": ["BIG", "\ud83d\ude14"]}, {"author": "@MegsCarpentry-lovedogs", "comment": "Watching this as I write this comment and after the first 8 minutes. So glad you talked about devaluing of principle. I am waiting for any discussion about the ROC component of ZWB  for example. Their other etf's have ROC in the taxation component as well. I would be holding this in a non rrsp account so taxation treatment is important to this household. I continue to watch...and Marc, is there a presentation you can do on such a thing as \"good ROC\" verus \"Bad ROC?\" Allegedly there is a good and a bad....is that true Marc? Thanks from East Canada", "likes": 9, "published_at": "2022-12-29T17:42:22Z", "sentiment": 0.9267, "entities": []}, {"author": "@joe97nsx", "comment": "I was considering covered call ETFs until I looked more closely at this. Since inception (2017) their covered call ZWC ETF (-14.8%)  has underperformed their own Canadian index fund ZCN (23.86%). That is a massive difference in returns over 5 to 6 years for an additional 2.91% annual yield. Additionally, its management fee is 12 times higher.", "likes": 12, "published_at": "2022-12-29T17:20:45Z", "sentiment": 0.0, "entities": ["ZWC"]}, {"author": "@willkeen5010", "comment": "Interesting strategy for sure but I think I will stick with my blue chip Canadian dividend stocks\u2026 but I\u2019m old hahahaha. Thanks for bringing light to these new investment options. All the best in 2023 Marc and Brandon.", "likes": 1, "published_at": "2022-12-29T16:54:16Z", "sentiment": 0.9209, "entities": []}, {"author": "@cameronvincent", "comment": "let\u2019s goooooooooooo", "likes": 1, "published_at": "2022-12-29T16:37:30Z", "sentiment": 0.0, "entities": []}]