[{"author": "@beaviswealth", "comment": "Thank you Passiv for sponsoring the video! Sign up for FREE today here - https://passiv.com?ref=RGAMTXSUAM\n\ud83d\udcc8Join The Investing Academy \u27a4 https://bit.ly/theinvestingacademy \n\ud83d\udcaeBlossom Social (See My Exact Portfolio & Trades) \u27a4  https://getblossom.page.link/brandon", "likes": 1, "published_at": "2023-05-17T19:35:02Z", "sentiment": 0.7798, "entities": ["FREE", "The Investing Academy", "Blossom Social (See My Exact Portfolio & Trades"]}, {"author": "@moein69", "comment": "How much money do they take to manage the account?", "likes": 0, "published_at": "2023-12-27T21:04:56Z", "sentiment": 0.0, "entities": []}, {"author": "@GulzadaInCanada", "comment": "Thank you Brandon, always nice to watch your videos. I wonder what are you investing in within your RESP now? Do you invest only in CA stocks/ETFs or do you buy US too? Appreciate your answer,", "likes": 0, "published_at": "2023-12-19T16:02:53Z", "sentiment": 0.8105, "entities": ["CA"]}, {"author": "@mykbryanc", "comment": "Hahaha Canadian Little shop..This guys is my spirit animal!\ud83d\ude02\ud83d\ude02", "likes": 0, "published_at": "2023-12-18T18:23:40Z", "sentiment": 0.68, "entities": ["Hahaha Canadian Little"]}, {"author": "@beaubjarnason4759", "comment": "Totally agree. Secondary education is not the end all be all but you\u2019d be silly to not take advantage of these programs available. Thanks.", "likes": 0, "published_at": "2023-11-10T22:58:29Z", "sentiment": 0.584, "entities": []}, {"author": "@hcolangelo", "comment": "Great Video!\n\nI was wondering if you could do a segment on what other options are out there to start investing on behalf of your child.  Set them up with an investment account early.  Realizing they have to wait until they are of age to open their own TFSA, what can we do for them/with them before this time.", "likes": 0, "published_at": "2023-11-06T09:58:29Z", "sentiment": 0.6588, "entities": ["Great Video"]}, {"author": "@ellajahbilog9832", "comment": "This came in clutch. Thank you for sharing.", "likes": 1, "published_at": "2023-08-29T02:07:59Z", "sentiment": 0.6486, "entities": []}, {"author": "@itz.mariavicz", "comment": "What's the minimum for the RESP in the robo advisor? I think it used to be $4k, but is that still applicable? It would suck to not be able to open up the account cuz you don't have that much to contribute", "likes": 0, "published_at": "2023-08-16T20:12:57Z", "sentiment": -0.6381, "entities": []}, {"author": "@Positivegossips", "comment": "Hi Brandon , do I need to open an entirely new account aside the three accounts ( RRSP , TFSA and savings accounts ) I already have on Wealthsimple? Or this RESP will also be an additional account ? Thanks", "likes": 1, "published_at": "2023-07-27T03:22:00Z", "sentiment": 0.504, "entities": ["RRSP"]}, {"author": "@biomolecologo", "comment": "Interestingly, the most profitable way to use the REST, from historical data, would be to fund the $50K on day way, put them on an S&P500 ETF and forget about it until for the next 17-18 years or until the child needs the money. Even forfeiting the rest of the government contribution you should get a better return by compounding   the full amount from start. If you have $50K laying around...", "likes": 3, "published_at": "2023-06-08T04:12:34Z", "sentiment": 0.7841, "entities": ["REST"]}, {"author": "@brigittel.345", "comment": "Thanks for the video. Can you please make one on how to open a custodial account for children please \ud83d\ude4f\ud83c\udffd", "likes": 1, "published_at": "2023-06-05T02:14:04Z", "sentiment": 0.7579, "entities": ["\ud83d\ude4f"]}, {"author": "@vancouverdiaries738", "comment": "what to do with a university degree, if the high school guy knows how to use chatgpt wisely\ud83d\udcb2\ud83d\udcb5", "likes": 0, "published_at": "2023-06-04T01:20:56Z", "sentiment": 0.0, "entities": []}, {"author": "@cirentXD", "comment": "I agree with your comments about how formal post-secondary education is not necessary. I went and got my degree in chemical engineering and it was an excellent choice for me, however I don't necessarily believe my children need to go to post-secondary to gain a certain set of skills to create marketable value.", "likes": 5, "published_at": "2023-05-19T02:11:16Z", "sentiment": 0.9349, "entities": []}, {"author": "@shanedouglas2952", "comment": "Hey Brandon, can you do a video on stock lending feature from Wealthsimple? I\u2019m confused if I\u2019m getting my correct dividends", "likes": 0, "published_at": "2023-05-18T22:18:34Z", "sentiment": -0.3182, "entities": []}, {"author": "@bryanerickamunquist9441", "comment": "Hi Brandon. Thanks for another great video. Will you be posting it to Blossom?", "likes": 0, "published_at": "2023-05-18T18:54:55Z", "sentiment": 0.7906, "entities": []}, {"author": "@bradleytalksmoney", "comment": "I'm going through the same thing right now (child is about the same age) and I couldn't agree more with your closing remarks.  \nI believe in this day and age post secondary education isn't required, so putting all your eggs in that basket might not be best", "likes": 1, "published_at": "2023-05-18T17:35:33Z", "sentiment": -0.6681, "entities": []}, {"author": "@zuberstar", "comment": "From past experience of having 2 children and both of them now over the age of 20, I wouldn't set up an resp , instead I now recommend  purchasing an investment property,   Once they reach of attending school/College there will be a much larger amount for them to use for school as well as start off their young adult life if they choose not to go to school.", "likes": 1, "published_at": "2023-05-18T14:44:58Z", "sentiment": 0.5719, "entities": []}, {"author": "@RyH10", "comment": "Happy wife, happy life!\ud83d\ude02\ud83d\ude05", "likes": 0, "published_at": "2023-05-18T13:19:28Z", "sentiment": 0.8268, "entities": []}, {"author": "@Carol8693", "comment": "Daddy \u2018s baby personal trainer \ud83d\ude02 I knew  it \ud83d\ude03\u2705you would set her up as soon as a baby . She is so lucky and blessed ... \u2600\ufe0f great job Brandon !", "likes": 2, "published_at": "2023-05-18T02:54:01Z", "sentiment": 0.9212, "entities": []}, {"author": "@yehuang6773", "comment": "Thanks for the video Brandon. Very informative. There is actually a risk level of 11 that has 100% equity, should you decide to go with that. But unfortunately you have initiate the request and then talk to one of their portfolio managers for implementation.", "likes": 2, "published_at": "2023-05-17T22:11:05Z", "sentiment": -0.4019, "entities": []}, {"author": "@hornedlobster", "comment": "Not a fan of the RESP. There are so many other ways to financially contribute to a child's life such as providing food and shelter, birthdays etc...that do not assume the risk of assuming the child will attend post secondary. Better off making sure that we as the parents are financially well off and able to provide in the future imo.", "likes": 3, "published_at": "2023-05-17T22:06:54Z", "sentiment": 0.7312, "entities": []}, {"author": "@MountainFinance", "comment": "This is a great video idea. I was just talking to someone yesterday about this very topic. (I sent him this video lol)", "likes": 1, "published_at": "2023-05-17T19:45:02Z", "sentiment": 0.6249, "entities": []}]