[{"author": "@beaviswealth", "comment": "So my dad just happened to be in the office while I was filming... we tried to make the most of it! haha thanks for watching! :D\n\n\ud83d\udcc8\ud83d\udcda As always, if you're a beginner to the Stock Market and you're looking for a step-by-step blueprint on how to get started... Find out more about our Investing Academy here - http://bit.ly/InvestingAcademy.", "likes": 14, "published_at": "2020-02-26T18:15:41Z", "sentiment": 0.8952, "entities": ["the Stock Market", "Investing Academy"]}, {"author": "@TheFireGrind", "comment": "If only you sold when posting this video...", "likes": 0, "published_at": "2020-05-20T05:12:56Z", "sentiment": 0.0, "entities": []}, {"author": "@Arjunsbisht21", "comment": "Brother i want to ask you one thing.. like i live in Brazil. And iw want to invest in India because i am Indian but i can't do with the apps on the market because they need an indian mobile number.. so what do i do.  ? Is there any international platform ?", "likes": 0, "published_at": "2020-03-26T02:31:46Z", "sentiment": 0.3421, "entities": []}, {"author": "@flyingiguana409", "comment": "a balanced portfolio was the right way to go.  tons of profit this year on the bond side.", "likes": 0, "published_at": "2020-03-22T21:31:05Z", "sentiment": 0.4404, "entities": []}, {"author": "@1pgeorgy", "comment": "Before your dad show up, I was actually thinking you smart", "likes": 0, "published_at": "2020-03-08T20:34:22Z", "sentiment": 0.4019, "entities": []}, {"author": "@william2154", "comment": "You are hella cute. You look like this asian actor called Axel Kane.", "likes": 0, "published_at": "2020-03-03T11:27:38Z", "sentiment": 0.6997, "entities": []}, {"author": "@ronfoulkes7523", "comment": "Click bait", "likes": 0, "published_at": "2020-03-02T19:13:28Z", "sentiment": 0.0, "entities": []}, {"author": "@aladdin8372", "comment": "if you sell because of corona virus u are not a real investor ur a trader witch gable. real investor Buy share and hold em if market crash they keep buying only if u hold couple million it worth it sell/buy back at discount price otherwise u dont know anything about trading if you want to get rich buy compagny that do big sharebuyback when those compagnie fall keep buying em over the long therme u will win.", "likes": 0, "published_at": "2020-03-02T15:39:23Z", "sentiment": 0.765, "entities": []}, {"author": "@TheDividendExperiment", "comment": "Your dad is hilarious, I thought he was going to get the belt \ud83d\ude02\ud83d\ude02", "likes": 0, "published_at": "2020-03-02T06:45:57Z", "sentiment": 0.4019, "entities": []}, {"author": "@chungching9253", "comment": "I like for your dad", "likes": 0, "published_at": "2020-03-01T22:50:26Z", "sentiment": 0.3612, "entities": []}, {"author": "@frostmelody", "comment": "Should I buy dividend or growth at a time like this?", "likes": 0, "published_at": "2020-03-01T05:22:55Z", "sentiment": 0.6249, "entities": []}, {"author": "@mmullane31", "comment": "Bet you wish you went cash lol", "likes": 1, "published_at": "2020-03-01T01:40:01Z", "sentiment": 0.6705, "entities": []}, {"author": "@polarwireless", "comment": "2 of my largest holdings are, Chemtrade Logistics = CHE.UN.TO  and American Hotel Properties = HOT.UN.TO what are your thoughts on those?", "likes": 0, "published_at": "2020-02-29T02:20:13Z", "sentiment": 0.0, "entities": ["Chemtrade Logistics", "American Hotel Properties"]}, {"author": "@joaododesign", "comment": "Brandon, I am having a hard time figuring out which stocks pay dividends and when they distribute them. How to identify those aspects and where to look for it?", "likes": 1, "published_at": "2020-02-29T01:09:57Z", "sentiment": -0.2023, "entities": []}, {"author": "@dublamar74", "comment": "I Like your father to appear in your video", "likes": 0, "published_at": "2020-02-28T21:54:03Z", "sentiment": 0.3612, "entities": []}, {"author": "@AdventuresandUs", "comment": "Just gotta keep your skin in the game and keep investing. Love that mentality. Playing for the long game!", "likes": 0, "published_at": "2020-02-28T03:25:50Z", "sentiment": 0.7424, "entities": []}, {"author": "@theBROKEbroker", "comment": "Staying the course but u sold because of the panic....so u didn\u2019t stay the course(invested) dislike unsub", "likes": 0, "published_at": "2020-02-28T01:21:25Z", "sentiment": -0.5267, "entities": []}, {"author": "@investingwithaaron9876", "comment": "Why fear? The sttategy stays the same. Been using a dividend investing strategy where 80% of my stock portfolio is om dividends defensive or growth dividends. Heck based on the market, this is the best time to wait and buy more.", "likes": 1, "published_at": "2020-02-27T23:35:52Z", "sentiment": 0.5719, "entities": []}, {"author": "@collinb5784", "comment": "Your OVV recommendation was horrible.", "likes": 0, "published_at": "2020-02-27T21:11:18Z", "sentiment": -0.5423, "entities": []}, {"author": "@kennyadvocat", "comment": "this guy is smart. I wish i went all cash. I was up this year and now down 8%.  Felt bad that his dad didn't support him so stopped watching the vid there.", "likes": 0, "published_at": "2020-02-27T19:19:10Z", "sentiment": -0.3718, "entities": []}, {"author": "@Leithsbrother", "comment": "Is investing in a bond etf like VNC, equal to buying direct bonds for your portfolio?", "likes": 0, "published_at": "2020-02-27T17:32:07Z", "sentiment": 0.3612, "entities": ["VNC"]}, {"author": "@josephinealquinto2653", "comment": "OMG you made me nervous! My heart pounded so quickly on your intro", "likes": 0, "published_at": "2020-02-27T16:55:20Z", "sentiment": -0.3382, "entities": []}, {"author": "@candyfloss184", "comment": "Hi Brandon. How are you? Your dad is so handsome.", "likes": 2, "published_at": "2020-02-27T16:43:53Z", "sentiment": 0.6269, "entities": []}, {"author": "@whipcream_cs2", "comment": "That was pretty funny lol", "likes": 0, "published_at": "2020-02-27T16:34:18Z", "sentiment": 0.836, "entities": []}, {"author": "@Icecold0505", "comment": "You didn\u2019t fool me!!!", "likes": 1, "published_at": "2020-02-27T16:07:05Z", "sentiment": -0.5826, "entities": []}, {"author": "@chicochicobun", "comment": "Thank you very much for quality content videos. I recently started investing and your channel helps a lot. You showed a chart at the start of the video. \n\n\nVideo idea: Do you mind sharing your method of tracking your investment and how you learn from your investment history (mistakes or success etc.) ?", "likes": 0, "published_at": "2020-02-27T13:41:12Z", "sentiment": 0.891, "entities": []}, {"author": "@davoinshowerhandle3302", "comment": "In times like this you'll know who are determined investors and failure on investing.", "likes": 2, "published_at": "2020-02-27T12:41:04Z", "sentiment": 0.1531, "entities": []}, {"author": "@gwendyjoe9043", "comment": "Frigg, you had me for a second there lol", "likes": 0, "published_at": "2020-02-27T07:07:30Z", "sentiment": 0.4215, "entities": []}, {"author": "@nishalnandwani", "comment": "thought you went crazy for a sec..", "likes": 0, "published_at": "2020-02-27T04:58:49Z", "sentiment": -0.34, "entities": ["sec"]}, {"author": "@Dj-uy1kp", "comment": "Hi Brandon!!! Thanks for sharing, could u do a video about TRUE diversification. Diversification based on correlation!!! Thank u!!!", "likes": 0, "published_at": "2020-02-27T04:58:22Z", "sentiment": 0.917, "entities": []}, {"author": "@ranafarooq8185", "comment": "I love it", "likes": 0, "published_at": "2020-02-27T04:47:48Z", "sentiment": 0.6369, "entities": []}, {"author": "@wolfofdubai", "comment": "Buy the dip,\n\nSell the cheers.", "likes": 1, "published_at": "2020-02-27T03:53:09Z", "sentiment": 0.4767, "entities": []}, {"author": "@stevebrock8056", "comment": "Thanks for the Canadian content. I'm 33 and started my investing just last month. But with lots of reading, YouTube, podcasts, etc I'm feeling like I'm starting down the right path. Keep up the good work", "likes": 0, "published_at": "2020-02-27T03:15:32Z", "sentiment": 0.8689, "entities": ["YouTube"]}, {"author": "@joaom.4944", "comment": "My retirement mutual fund here in Brazil did not drop as much today because of diversification... though Warren buffett is against too much diversification....", "likes": 0, "published_at": "2020-02-27T02:29:31Z", "sentiment": 0.2057, "entities": []}, {"author": "@efs797", "comment": "Thank you for this perspective. I am discovering that a small part of me wants to do something other than invest i.e. trade. I decided to stay the course with you for most of my portfolio and take 5% aside to try other things. My initial hunch about you and your course I believe was correct.", "likes": 0, "published_at": "2020-02-27T02:13:08Z", "sentiment": 0.3612, "entities": []}, {"author": "@July4.1776", "comment": "I buy high and sell low... That being said, I plan on selling everything soon.", "likes": 0, "published_at": "2020-02-27T01:47:30Z", "sentiment": 0.0, "entities": []}, {"author": "@THEB3sTCLAN2011", "comment": "That intro totally had me panicking lol", "likes": 3, "published_at": "2020-02-27T00:08:23Z", "sentiment": -0.0935, "entities": []}, {"author": "@PierceJordan", "comment": "LOL \"I'm not mad, I'm just disappointed...\"", "likes": 7, "published_at": "2020-02-26T23:18:31Z", "sentiment": 0.732, "entities": []}, {"author": "@Christoph877", "comment": "Check out Event 201, John Hopkins, which lays this current virus out as an event that may end up spreading through 80-90% of the population before slowing down, about 18 months long. It's really interesting. The meeting was literally 1 month before it all started in Wuhan. Crazy coincidence? \nhttp://www.centerforhealthsecurity.org/event201/about\nhttp://www.centerforhealthsecurity.org/event201/scenario.html\nI'm in Vancouver too Brandon, and would highly advise you and family to buy masks asap. Once this catches on here, it will be too late to prepare. Stay safe \ud83d\udc4d", "likes": 0, "published_at": "2020-02-26T23:15:25Z", "sentiment": 0.5413, "entities": []}, {"author": "@TruemanJ18", "comment": "Where can I find a link to the chart at the beginning of this video? It is super helpful and would love a copy of it!", "likes": 3, "published_at": "2020-02-26T23:12:35Z", "sentiment": 0.9041, "entities": []}, {"author": "@Christoph877", "comment": "Go Gold! \ud83d\ude0e\ud83d\udc4d Although, the ratio has me more bullish on Silver now. Unfortunately the Silver Miner ETFs have low volume, so.... From from now on, Silver probably has more upside than Gold.", "likes": 0, "published_at": "2020-02-26T23:11:50Z", "sentiment": -0.5848, "entities": []}, {"author": "@TruemanJ18", "comment": "VIDEO IDEA: You've got great videos explaining the TFSA & RRSP, but how about a video discussing how to use both in tandem to maximize your investments overall. I've been looking into this myself and keep getting caught up in the idea of investing in the RRSP and using the tax return to re-invest either back into my RRSP or into my TFSA. From what I understand, it basically will work out to be exactly the same IF my tax bracket is the same when I withdraw the money from my RRSP. With that said, it seems that it would be best to max out my TFSA first, then start investing in my RRSP. I think this is a common misunderstanding, as it is easy to get blinded my the RRSP tax return and think that this will actually be money that will work for you now, when really, it is just money that is paying for the inevitable taxes that you will incur when you withdraw money from the RRSP later. Hope that makes sense, and let me know if I'm right...", "likes": 6, "published_at": "2020-02-26T23:08:17Z", "sentiment": 0.9239, "entities": ["RRSP", "RRSP", "RRSP", "RRSP", "RRSP", "RRSP"]}, {"author": "@Sam-rb1qk", "comment": "Brandon ! Did you really clickbait us ! Haha Comon my man !", "likes": 1, "published_at": "2020-02-26T22:38:27Z", "sentiment": 0.6297, "entities": []}, {"author": "@GenZInvestor", "comment": "I love seeing and hearing from your dad as well as you!", "likes": 1, "published_at": "2020-02-26T22:34:35Z", "sentiment": 0.7644, "entities": []}, {"author": "@huyduong5716", "comment": "What. I just sold my stocks too, because I saw your thumbnail. Nah. I know you wouldn\u2019t sale your stocks. \ud83d\ude02", "likes": 0, "published_at": "2020-02-26T22:16:52Z", "sentiment": -0.1027, "entities": []}, {"author": "@Domster19888", "comment": "That intro was straight fire \ud83e\udd23\ud83e\udd23\ud83e\udd23", "likes": 2, "published_at": "2020-02-26T21:55:56Z", "sentiment": -0.128, "entities": []}, {"author": "@RealLifeMoney", "comment": "This was a great video, especially recently with the markets. Once you have your strategy it\u2019s best to stick with it. Some diversification helps a lot!", "likes": 2, "published_at": "2020-02-26T21:32:53Z", "sentiment": 0.9041, "entities": []}, {"author": "@Kevin_Street", "comment": "You got me, Brandon. I thought you were serious there for a minute. Good point about having a balanced investment strategy. It really pays off in uncertain times like this when you don't have to stress out about what to do.\n\nI've no idea what the economic impact of the coronavirus will be. I thought we'd be in a recession by now before there even was a virus, and that was wrong. So it seems my predictions are consistently too negative.", "likes": 0, "published_at": "2020-02-26T21:18:06Z", "sentiment": -0.7627, "entities": []}, {"author": "@yurisimonov915", "comment": "Hi Brandon. Nice joke !!!  What do you think about Ovintiv ? Thx,", "likes": 0, "published_at": "2020-02-26T20:59:36Z", "sentiment": 0.8114, "entities": []}, {"author": "@diverse_insightt.o6499", "comment": "*30 seconds into video* opens td direct investing... 20 seconds later I realized it was a joke", "likes": 1, "published_at": "2020-02-26T20:51:50Z", "sentiment": 0.296, "entities": []}, {"author": "@Mountshasta", "comment": "I thought you were really selling all!!!! \ud83e\udd23\ud83d\ude02\ud83e\udd23\ud83e\udd23I was surprised you would do anything like that!", "likes": 0, "published_at": "2020-02-26T20:40:07Z", "sentiment": 0.6776, "entities": []}, {"author": "@jobans3171", "comment": "Hey brandon great video, I just had a quick question about tfsas. Since i live in british coloumbia i have to wait till i'm 19 to open up a tfsa, since that's the age of majority. The question I had was once I open up my tfsa will my contribution limit be 6000 or would it be 12000 since in other parts of canada you can open a tfsa when your 18 and other people my age would have a contribution limit of 12000. Thank You.", "likes": 0, "published_at": "2020-02-26T20:35:04Z", "sentiment": 0.765, "entities": []}, {"author": "@smhca", "comment": "I am all in cash. Down 8% in 4 days ... no thanks (p.s I started December 2019)", "likes": 1, "published_at": "2020-02-26T20:29:30Z", "sentiment": 0.1779, "entities": []}, {"author": "@canadiandividendinvestor9740", "comment": "I like FNV for gold.    Like yourself, I like to diversify, but I find it hard to do so in all canadian sectors with dividend aristocrats.   Materials is a big sector in the canadian economy, and it is hard to find good dividend stocks.    FNV has been increasing dividend I believe going on 12 years.    Yield is low, but at the time I bought it, was no lower than ABX or agnico.      But ABX and agnico dividends are not consistent.  up 70% on FNV since last year bought at ~90.                   FNV is also a streamer and not a miner, and their income is not as tied to the gold price as the miners would be, because their profits are more royalty based.    P/E tends to get high for these companies, though.   (FNV , WPM) Wishing you the best in ABX !!", "likes": 0, "published_at": "2020-02-26T20:27:51Z", "sentiment": 0.9049, "entities": ["ABX", "ABX", "FNV", "FNV", "FNV", "ABX"]}, {"author": "@adamsinger1890", "comment": "Love the intro XD\nYou didn't fool me for a second! ;)", "likes": 0, "published_at": "2020-02-26T20:24:50Z", "sentiment": 0.9236, "entities": []}, {"author": "@lI-tm2pn", "comment": "You son of a bitch, you had me fooled there at the beginning!", "likes": 2, "published_at": "2020-02-26T20:14:39Z", "sentiment": -0.7712, "entities": []}, {"author": "@AmandaMustapha", "comment": "You almost had me in the first half not gonna lie....", "likes": 1, "published_at": "2020-02-26T20:06:45Z", "sentiment": 0.0, "entities": []}, {"author": "@BenLeavitt", "comment": "Good stuff as always man!", "likes": 0, "published_at": "2020-02-26T20:03:55Z", "sentiment": 0.4926, "entities": []}, {"author": "@outworkthework", "comment": "Completely agree that even with past few days of 3-5% drops in market, valuations are still quite rich for many stocks.   Not a great few days to review your portfolio values :(", "likes": 4, "published_at": "2020-02-26T20:03:43Z", "sentiment": 0.4926, "entities": []}, {"author": "@harshilbhanderi8823", "comment": "What do you now think of ovintiv?", "likes": 4, "published_at": "2020-02-26T20:02:45Z", "sentiment": 0.0, "entities": []}, {"author": "@MRZEROTOINFINITY", "comment": "You got me with that thumbnail and intro. I was thinking, no way did you go 100% cash \ud83d\udcb0\ud83d\ude2c Stay the course!", "likes": 8, "published_at": "2020-02-26T19:48:22Z", "sentiment": -0.3595, "entities": []}, {"author": "@tomkillsall", "comment": "Good day! Thank you for the update in the current situation. Nice intro btw\ud83e\udd23", "likes": 0, "published_at": "2020-02-26T19:44:20Z", "sentiment": 0.8172, "entities": []}, {"author": "@StasTalksStocks", "comment": "Hahaha that was good", "likes": 0, "published_at": "2020-02-26T19:34:54Z", "sentiment": 0.7579, "entities": []}, {"author": "@tuannguyen-yt8ty", "comment": "You almost fool me . That a good one \ud83d\ude00\ud83e\udd2a\ud83d\udc4d", "likes": 0, "published_at": "2020-02-26T19:17:09Z", "sentiment": 0.0754, "entities": []}, {"author": "@YamzYamzAndMoreYamz", "comment": "I got jebaited", "likes": 0, "published_at": "2020-02-26T19:15:02Z", "sentiment": 0.0, "entities": []}, {"author": "@edwin4337", "comment": "Firstly...Thank you for staying true to the interests of your subscribers by polling.  \n\n\n$econdly...As a new investor I was shocked to see you went with the strategy of CA$H....You got me!\n\n\nLastly...Thank you for this invaluable advice to help me \"keep my butt covered\"", "likes": 2, "published_at": "2020-02-26T19:09:52Z", "sentiment": 0.6696, "entities": []}, {"author": "@MrMtastic", "comment": "Hey Brandon, \n\nA video I would love to see would be about which Bonds or Bond ETFs you would recommend or would be a suitable investment with todays interest rates and overall environment to diversify well in this volatile time. \n\nThank you!", "likes": 0, "published_at": "2020-02-26T18:57:23Z", "sentiment": 0.9273, "entities": ["Bonds", "Bond"]}, {"author": "@chipsandtea455", "comment": ":D I believed you man :D", "likes": 2, "published_at": "2020-02-26T18:51:56Z", "sentiment": 0.8429, "entities": []}, {"author": "@scottscriticalmass", "comment": "I got the sense you were joking in the intro, but the dad dropping in was a total surprise.  Well done! \u00a0\n\nIt's good to hear that nothing's really changed for you.  While I'm a generation ahead of you, I'm essentially in the same boat.  I worry little about the hot or cold sector of the day or month, instead building a list of companies I want to invest in and buying in over time, accelerating purchases when opportunities arise.  I too keep a close eye on my 'Desired Buy List' and 'Buy More List' and will glance the news for the stocks I own, but pay little to no attention to the share prices.  \n\nFrom a broad market perspective, nothing has changed for me over the past couple days.  The only thing I did was buy some shares of MMM @$148 and initiated a position in PANW in the $190's, both of which are now on my 'Buy More List'.  Taking CoronaVirus out of the picture, I think the correction is healthy for the market.  With that said, I have no idea where things are headed in the weeks ahead.  \n\nThanks for sharing what's up Brandon...", "likes": 2, "published_at": "2020-02-26T18:28:10Z", "sentiment": 0.9747, "entities": []}, {"author": "@turbofanlover", "comment": "As someone who has been patiently waiting for the loooong overdue end to this massively old bull market, I'm hoping that this might be it...or some time this year.  You know it's coming, and sooner rather than later, IMO.  I'm considering getting SOME of my cash out of a few of my maturing GICs...just in case.  :)", "likes": 0, "published_at": "2020-02-26T18:26:51Z", "sentiment": 0.7003, "entities": ["IMO"]}, {"author": "@PassiveIncomeTom", "comment": "*LOL.  Nice joke. \ud83e\udd23 I thought you were serious for a second.*", "likes": 9, "published_at": "2020-02-26T18:24:25Z", "sentiment": 0.5719, "entities": []}, {"author": "@steveantonioni", "comment": "YO. Great intro! I can tell you're really looking to go that extra mile for your videos. Great job man. Our investment strategies are very similar!", "likes": 7, "published_at": "2020-02-26T18:22:08Z", "sentiment": 0.8684, "entities": ["YO"]}, {"author": "@f3wbs", "comment": "When your dad said \"Haven't I taught you anything?\" *I felt that.*", "likes": 29, "published_at": "2020-02-26T18:19:30Z", "sentiment": 0.0, "entities": []}]