[{"author": "@beaviswealth", "comment": "\ud83d\udcc8\ud83d\udcda As always, if you're a beginner to the Stock Market in Canada and you're looking for a step-by-step blueprint on how to get started... Find out more about our Investing Academy here - https://bit.ly/theinvestingacademy\n\nThanks for watching everyone! Don't forget to leave a thumbs up! :D", "likes": 4, "published_at": "2021-03-04T15:28:32Z", "sentiment": 0.853, "entities": ["the Stock Market", "Investing Academy"]}, {"author": "@yvonnesanita7230", "comment": "I really love Marc is joining the channel.  I have been watching this channel for quite awhile.  For current stock market, especially after knowing lots of people or investors are reducing their holding positions, we are definitely in a bubble.  The question is how this bubble with pandemic/printing money/govt policies would turn out to be and how would the market be reacted?  Would it be drawing deeper and deeper then flat for years?  I am currently holding quite a bit Tech stocks in my portfolio, but they are all long term hold, should I be worried?!", "likes": 0, "published_at": "2021-03-27T13:35:49Z", "sentiment": 0.6628, "entities": ["Tech"]}, {"author": "@foofooblenda734", "comment": "44 THUMBS I LEARN SO SO MUCH WHAT TEAM GUYS YOUR GOING GOING UP UP UP LIKE STOCK", "likes": 0, "published_at": "2021-03-23T22:17:01Z", "sentiment": 0.4995, "entities": []}, {"author": "@davidluong5651", "comment": "This market has years left to run, much like what happened during the great financial crisis of 2008 - 2009 vs. the COVID-19 crash. Each recovery has bears being stomped over by bulls that lasted for many years afterwards...of course, not without \u201chiccups / corrections\u201d among the way. Much like the recent -10% Nasdaq correction we just witness. Once markets washes out the \u201cpaper hands\u201d, this market will resume its uptrend once again....go LONG!", "likes": 0, "published_at": "2021-03-20T03:05:21Z", "sentiment": 0.3802, "entities": ["COVID-19", "Nasdaq"]}, {"author": "@InvestingAlex", "comment": "\"90% gain does not wipe out a 90% loss\"? But a $90 gain does wipe out a $90 loss. Percentages is not always be the best measure.", "likes": 0, "published_at": "2021-03-14T22:20:37Z", "sentiment": 0.8922, "entities": []}, {"author": "@mollasima3251", "comment": "Really enjoyed hearing your father's opinions on all this!  :)  Enjoyed the father/son dynamic.", "likes": 0, "published_at": "2021-03-10T20:55:55Z", "sentiment": 0.9229, "entities": []}, {"author": "@jackieventer2485", "comment": "Love the conversations guys \ud83d\udc4f\ud83c\udffb\ud83d\udc4f\ud83c\udffb", "likes": 0, "published_at": "2021-03-09T20:16:35Z", "sentiment": 0.6369, "entities": []}, {"author": "@tannerharcus8833", "comment": "i really like you and your dad together makes great videos", "likes": 0, "published_at": "2021-03-09T00:57:34Z", "sentiment": 0.7841, "entities": []}, {"author": "@amenon949", "comment": "Awesome, great take.", "likes": 0, "published_at": "2021-03-07T16:55:24Z", "sentiment": 0.8481, "entities": []}, {"author": "@stevenmilburn4814", "comment": "Hey Brandon, can we get a review on Peak Fintech Group (PKKFF)", "likes": 0, "published_at": "2021-03-07T15:29:48Z", "sentiment": 0.0, "entities": ["Peak Fintech Group", "PKKFF"]}, {"author": "@momo35444", "comment": "thanks guys, great video. awesome content as always.", "likes": 0, "published_at": "2021-03-07T13:12:45Z", "sentiment": 0.9022, "entities": []}, {"author": "@mirzaaydemir9967", "comment": "Hello Brandon. Thank you so much for your hard work. What are your thoughts on wecommerce(WE)?", "likes": 0, "published_at": "2021-03-06T23:22:48Z", "sentiment": 0.2732, "entities": []}, {"author": "@timothypeters8095", "comment": "With all the discussion going on about a looming major correction I think it would be interesting to see a history of MAJOR corrections from the past 100 years.  How often did they occur and how long was the recovery for each?  Like the crash at the end of the 20's took a decade to recover and the prospect of a global shutdown from Covid took less than a year to rebound.  Are market recoveries getting faster and faster as a result of the speed of communication and technology?  Would LOVE LOVE LOVE to see a video on this!", "likes": 1, "published_at": "2021-03-06T21:04:48Z", "sentiment": 0.9668, "entities": []}, {"author": "@finalmatrix", "comment": "I think the main difference is tech companies today are hugely profitable with SaaS model. Yeah, if you look at no revenue  empty promises like: HYLN, NKLA, they are like 2000 bubble. The both dropped around 75% from peak.", "likes": 1, "published_at": "2021-03-06T20:47:15Z", "sentiment": 0.8399, "entities": []}, {"author": "@jkrob5978", "comment": "I'm glad that your dad is on. He can bring perspective especially 20+ years ago. Great move!", "likes": 1, "published_at": "2021-03-06T18:45:36Z", "sentiment": 0.8122, "entities": []}, {"author": "@winhall77", "comment": "Really  intuitive video guys. This really brings you back down to reality.", "likes": 0, "published_at": "2021-03-06T14:50:27Z", "sentiment": 0.0, "entities": []}, {"author": "@kevinnie5701", "comment": "I got an ad for the investing academy on this video\ud83e\udd23", "likes": 0, "published_at": "2021-03-06T09:11:06Z", "sentiment": 0.0, "entities": []}, {"author": "@nevillejames2200", "comment": "Very good content. Would you make a video on you and your dad's portfolio setup?", "likes": 0, "published_at": "2021-03-06T08:35:21Z", "sentiment": 0.4927, "entities": []}, {"author": "@mkqemeawgck", "comment": "Same was happening thru 2007-2008 best years of MeAwLife \ud83d\ude0e\ud83d\ude0e\ud83d\ude0e\ud83d\ude0e", "likes": 0, "published_at": "2021-03-06T00:35:53Z", "sentiment": 0.6369, "entities": []}, {"author": "@ancardno7367", "comment": "I want to hear your dads top fixed income ETF or Mutual Fund offerings. Does he see more value in active or passively managed FI products? Especially with interest rates so low can you afford to pay the higher MERs for active management? Fixed income isn't the sexiest topic but should be discussed more than it is...especially when you're talking about building a diversified portfolio. Thanks.", "likes": 0, "published_at": "2021-03-06T00:28:28Z", "sentiment": 0.8578, "entities": ["Mutual Fund"]}, {"author": "@bryanmorgan758", "comment": "Having Marc on is awesome! Great insights! I'm so thankful for your channel and your stock recommendations, found you 2 months ago and I have a very balanced portfolio and Raytheon alone has been carrying my portfolio during this tech dip. Great stuff Brandon \ud83d\udc4d", "likes": 0, "published_at": "2021-03-05T22:29:23Z", "sentiment": 0.956, "entities": ["Raytheon"]}, {"author": "@cmasino", "comment": "TSX:IPL just sent me a letter saying there buying shares or offering BIPC.  it comes with what looks like a 200 page book on what's happening.  Can you do a TLDR for us?", "likes": 0, "published_at": "2021-03-05T21:28:13Z", "sentiment": 0.5719, "entities": ["TSX", "BIPC"]}, {"author": "@briannguyen1134", "comment": "Thoughts on rblx?", "likes": 0, "published_at": "2021-03-05T21:18:33Z", "sentiment": 0.0, "entities": []}, {"author": "@mattvandenberg5546", "comment": "Honestly impressed with your dad's abilities on camera. He is a natural. Keep being innovative / professional, and this youtube channel will grow a lot!", "likes": 21, "published_at": "2021-03-05T21:13:26Z", "sentiment": 0.9151, "entities": []}, {"author": "@scottscriticalmass", "comment": "Enjoyed the video guys... While I have no idea if we're headed for a crash, I do believe pockets of stocks have been living in a bubble for the majority of the past year, especially IPOs and SPACs that you guys mentioned.  By not means am I suggesting all were or are, but I'm comfortable saying the vast majority.  \n\nIt was especially good to hear Marc say today resembles 2000 in many ways.  I've been saying that for a while now.  How so?  Irrational behavior! \u00a0Driving the SPAC CCIV from $10 to $60+ due to rumors it would merge with Lucid with no idea on merger valuation.  Needless to say, lessons were learned with CCIV dropping 60% in a manner of a couple weeks.  \n\nI was a newer investor then and learned some hard lessons during that period.  Luckily I took accountability for my mistakes and didn't fall back on the 'market manipulation I'm getting screwed' narrative.  I had plenty of friends who felt this way and stayed out of the market for years because of it.  I'm concerned we're going to see the same thing happen with many of today's newer investors.  Hopefully I'm wrong about that.\n\nIn the end, 'valuation and moats' matter IMO.  Buying companies with sustainable competitive advantages at justifiable valuations will deliver solid returns over time, while also letting you sleep well at night.  Maybe that'll generate the proverbial \"OK Boomer\" comment, which is fine with this mid-range GenXer. \u00a0:) \n\nHappy investing and enjoy your weekends everyone!", "likes": 0, "published_at": "2021-03-05T21:10:49Z", "sentiment": 0.9827, "entities": ["CCIV", "IMO", "GenXer"]}, {"author": "@jordand1222", "comment": "Hey Brandon how do u feel about SLGG especially right now with it crashing hard. I have sunk money into funff and gmbl was looking at this one but not sure", "likes": 0, "published_at": "2021-03-05T20:46:52Z", "sentiment": -0.3905, "entities": ["SLGG"]}, {"author": "@briansukiranya8534", "comment": "i swear his intro hits me everytime", "likes": 1, "published_at": "2021-03-05T20:38:02Z", "sentiment": -0.0516, "entities": []}, {"author": "@stevemeister99", "comment": "Excellent video! thanks guys", "likes": 0, "published_at": "2021-03-05T18:51:54Z", "sentiment": 0.784, "entities": []}, {"author": "@krantivir0001", "comment": "Should we go for crude oil stocks or wait till any big strides in crude oil prices?", "likes": 0, "published_at": "2021-03-05T18:30:54Z", "sentiment": -0.8126, "entities": []}, {"author": "@YGM-dt3qf", "comment": "So nice to have your dad!!\nWe need people with experience like him\nThankyou", "likes": 0, "published_at": "2021-03-05T17:53:17Z", "sentiment": 0.7333, "entities": []}, {"author": "@MrBizteck", "comment": "Well thakfully I listend to Brandon a month ago and kept cash.   Its a bloodbath atm but at least Im not 100% in.", "likes": 0, "published_at": "2021-03-05T17:23:09Z", "sentiment": 0.1406, "entities": []}, {"author": "@darrenh11", "comment": "Great value from this video.", "likes": 0, "published_at": "2021-03-05T14:53:24Z", "sentiment": 0.7579, "entities": []}, {"author": "@BirdsR", "comment": "Learned some answers i really wanted to know about. Appreciate you guys.", "likes": 0, "published_at": "2021-03-05T13:01:50Z", "sentiment": 0.4019, "entities": []}, {"author": "@10times_better", "comment": "LOVE THIS! YOU GUYS ROCK", "likes": 0, "published_at": "2021-03-05T12:35:22Z", "sentiment": 0.6696, "entities": []}, {"author": "@vaxxable", "comment": "Having your Dad being part of the channel, is the icing on an already delicious cake!!", "likes": 1, "published_at": "2021-03-05T09:29:24Z", "sentiment": 0.6467, "entities": []}, {"author": "@SharkandSloth", "comment": "Loved this video.   Thanks guys!!", "likes": 1, "published_at": "2021-03-05T06:25:55Z", "sentiment": 0.8118, "entities": []}, {"author": "@advenvilla", "comment": "I LOVE YOUR CHANNEL + YOU AND YOUR DAD MAKE A GREAT DUO!!!", "likes": 1, "published_at": "2021-03-05T06:08:11Z", "sentiment": 0.88, "entities": []}, {"author": "@jtl7943", "comment": "You guys mention to have a well balanced portfolio but those with \"balanced portfolios\" find minimal growth. What returns are you thinking a balanced portfolio will provide?", "likes": 2, "published_at": "2021-03-05T05:35:26Z", "sentiment": 0.6059, "entities": []}, {"author": "@AndyinMTL", "comment": "Awesome video guys!", "likes": 1, "published_at": "2021-03-05T05:04:26Z", "sentiment": 0.6588, "entities": []}, {"author": "@jaco4341", "comment": "I love your content even more! It\u2019s great to have two generations of perspectives", "likes": 2, "published_at": "2021-03-05T04:57:44Z", "sentiment": 0.8711, "entities": []}, {"author": "@bazzuz", "comment": "Tech bubble, real estate bubble and the China bubble. All we need is adverse weather effects and a drought in the summer to put us in a world of hurt.", "likes": 2, "published_at": "2021-03-05T04:46:37Z", "sentiment": -0.7096, "entities": []}, {"author": "@bazzuz", "comment": "Tech bubble, real estate bubble and the China bubble. All we need is adverse weather effects and a drought in the summer to put us in a world of hurt.", "likes": 2, "published_at": "2021-03-05T04:46:24Z", "sentiment": -0.7096, "entities": []}, {"author": "@my80yearoldman", "comment": "Love the content with your Dad. My God he's got experience. So with all this chat of a \"perfectly\" constructed portfolio would you mind doing a video for a mid 20's growth investor like myself? Ideally like a recommended weighting between high yield dividend etfs/stocks, growth picks, weighting between TSX and US exchanges. Like I know its dependent on the individual and risk... but I think it would be a very popular video for you with so many trying to create portfolios in 2021. Thanks for the content dude. Keep on the grind!", "likes": 1, "published_at": "2021-03-05T04:45:39Z", "sentiment": 0.9692, "entities": ["TSX"]}, {"author": "@rahulkhatri1452", "comment": "I am maintaining a 66.66% cash position right now with 33.33% diversified in energy, real estate and investment sector. I believe there is a bubble coz the market does not even comes close in reflection to the underlying economy of the world. Hope for the best and prepare for the worst situation.", "likes": 1, "published_at": "2021-03-05T04:45:02Z", "sentiment": 0.6249, "entities": []}, {"author": "@t.galema4574", "comment": "Love these vids, as a new investor its been easy to be bullish on spec stocks and just think it goes up and I never really understood why diversifying your portfolio was so important but it all makes sense now and I'll definitely rely and be more observant of a company's EPS and P/E ratio as opposed to if its just a hot stock or not  \n\n\nyes im an idiot, but not no mo", "likes": 1, "published_at": "2021-03-05T04:37:48Z", "sentiment": 0.4172, "entities": ["EPS"]}, {"author": "@investedinvestor2238", "comment": "This is awesome, Brandon!   I learned a lot.", "likes": 2, "published_at": "2021-03-05T03:51:26Z", "sentiment": 0.6588, "entities": []}, {"author": "@mikidou99", "comment": "Brandon you were always amazing solo, adding your dad is just icing on the cake.\nHaving both point of views with the upcoming market will be priceless!\n\nSuch a great idea!", "likes": 2, "published_at": "2021-03-05T03:00:42Z", "sentiment": 0.8585, "entities": []}, {"author": "@mikidou99", "comment": "You guys are so refreshing.\nGreat discussion!\n\nThanks for the video\n\nOh regarding the market ? WARNING WARNING PARANOID VIEW :\n\nI don't trust the people who manage the money to be achieve  what Ray Dalio would call a beautiful deleveraging.\nThe next two years will be wild (In a weird way).\n\nI expect inflation.\nI expect mortage rates to pop back up to 5 - 8 %\nMillions of home  losses\nHouse values to correct.\nThe gap between the poor and the rich to widen.\n\nI honestly expect pure chaos.", "likes": 0, "published_at": "2021-03-05T02:53:33Z", "sentiment": -0.1815, "entities": ["House"]}, {"author": "@Southwesterncannabis", "comment": "we are in a market correction their is lots of blue chip stock at a fair value", "likes": 2, "published_at": "2021-03-05T02:40:16Z", "sentiment": 0.5719, "entities": []}, {"author": "@gush5465", "comment": "Love the video guys , can you please make a video about bonds and whether you guys hold any and why ? Thanks", "likes": 2, "published_at": "2021-03-05T02:29:54Z", "sentiment": 0.8555, "entities": []}, {"author": "@derekcox6531", "comment": "\ud83d\udc4d", "likes": 0, "published_at": "2021-03-05T02:14:39Z", "sentiment": 0.0, "entities": []}, {"author": "@derekcox6531", "comment": "\u201cJust invest in Bitcoin ...it\u2019ll totally go up forever. ...trust me..I\u2019m an anonymous name on the internet...honest people totally control cripto, it\u2019s never the preferred payment to extortionist criminals when they rob people.\u201d\ud83d\ude2c \n I\u2019m so glad to see you guys on here speaking truth to the masses,otherwise the young investors are at the mercy of people who have no real basis for their bs YouTube channels. You\u2019re doing a great service! \ud83d\udc4d\ud83d\udc4d\ud83d\udc4d", "likes": 3, "published_at": "2021-03-05T02:14:06Z", "sentiment": 0.5512, "entities": []}, {"author": "@gabe5076", "comment": "look at that like:dislike ratio!! let\u2019s go man!", "likes": 0, "published_at": "2021-03-05T02:12:24Z", "sentiment": 0.0, "entities": []}, {"author": "@jamzyamzj733", "comment": "Where is the love button for me to smash?! Awesome video guys. :)", "likes": 1, "published_at": "2021-03-05T02:00:40Z", "sentiment": 0.9117, "entities": []}, {"author": "@MaximGarantRousseau", "comment": "Great perspective!", "likes": 2, "published_at": "2021-03-05T01:51:07Z", "sentiment": 0.6588, "entities": []}, {"author": "@wildaces42", "comment": "Ha alot of bubble talk and crash videos end up because you watch one video on YouTube and the algorithm will play you a bunch of crash & bubble videos.", "likes": 1, "published_at": "2021-03-05T01:50:33Z", "sentiment": -0.1531, "entities": ["YouTube"]}, {"author": "@Alexcai9528", "comment": "Love this. at time of writing 1k likes 0 dislikes wow!!", "likes": 4, "published_at": "2021-03-05T01:34:15Z", "sentiment": 0.8652, "entities": []}, {"author": "@jankay8569", "comment": "Hey Brandon, does your dad have an onlyfans account?", "likes": 1, "published_at": "2021-03-05T01:19:29Z", "sentiment": 0.0, "entities": []}, {"author": "@DMaster27", "comment": "Dollar cost average your contributions. Never go all in when investing. Buy on the dip more dividend stocks. Don't sell trusted blue chip companies. Don't speculate on companies that don't pay a dividend unless you have money to lose. Thanks for adding your dad to the show and keep up the great work.", "likes": 1, "published_at": "2021-03-05T01:15:22Z", "sentiment": 0.4664, "entities": []}, {"author": "@ericharding92", "comment": "i can see where you learned your stuff. Bravo", "likes": 1, "published_at": "2021-03-05T00:19:37Z", "sentiment": 0.0, "entities": []}, {"author": "@lucky247365", "comment": "Good investors thrive in market corrections.", "likes": 1, "published_at": "2021-03-05T00:19:04Z", "sentiment": 0.4404, "entities": []}, {"author": "@ericharding92", "comment": "You have bumped this channel up to a new level. great collaboration", "likes": 0, "published_at": "2021-03-05T00:17:43Z", "sentiment": 0.6249, "entities": []}, {"author": "@CanadaYo", "comment": "Three weeks of red were crashing.", "likes": 1, "published_at": "2021-03-05T00:17:11Z", "sentiment": 0.0, "entities": []}, {"author": "@BA-kp1us", "comment": "Well done! Yes I think we are in for a bumpy few years where things at the index level don\u2019t move much but there will be some big rotations inside the indexes because some things are crazy overvalued (eg. Tesla) and some are still plugging along at 10-12x PE\u2019s in staple profitable industries (energy, financials). The broader macroeconomics mean a crash(30%) is very unlikely because interest rates are low, monetary supply is high, government spending is high, and there are good headlines ahead with vaccines etc", "likes": 1, "published_at": "2021-03-05T00:13:44Z", "sentiment": 0.8761, "entities": ["Tesla"]}, {"author": "@user-rq6id3gh3n", "comment": "As a newer investor, I'm a little concerned about Michael Burry's cautionary comments regarding the combination of a bubble in passive investing, inflating stock and bond prices....", "likes": 1, "published_at": "2021-03-05T00:06:38Z", "sentiment": 0.2023, "entities": []}, {"author": "@johndenomme7926", "comment": "My question is; do you guys think the high flying tech stocks are not going to go back to their crazy evaluations?  Ex: Amazon. When you see predictions are it reaching around $4000 year end.", "likes": 1, "published_at": "2021-03-05T00:03:13Z", "sentiment": 0.0258, "entities": ["Amazon"]}, {"author": "@ecuasteelo", "comment": "Thank you for this fantastic perspective Brandon. You and your dad are the dynamic duo in the YouTube Investing space. Thanks Dad for dropping your profound knowledge on this platform.", "likes": 0, "published_at": "2021-03-04T23:45:47Z", "sentiment": 0.9052, "entities": []}, {"author": "@jbainbridge22", "comment": "Are OTC's taxed the same way as regular stocks or is it a bit different?", "likes": 2, "published_at": "2021-03-04T23:44:10Z", "sentiment": 0.0, "entities": []}, {"author": "@QcSnowboard", "comment": "The fact that most people think that we're in a bubble is a good indication that we're not.", "likes": 1, "published_at": "2021-03-04T23:43:04Z", "sentiment": 0.4404, "entities": []}, {"author": "@marchm5877", "comment": "It is so beneficial to hear from experienced Dad, especially this volatile time ! I love it !", "likes": 2, "published_at": "2021-03-04T23:37:42Z", "sentiment": 0.8599, "entities": []}, {"author": "@golftownpro999", "comment": "I don't know if I would want that video to be any shorter \ud83e\udd14", "likes": 1, "published_at": "2021-03-04T23:18:54Z", "sentiment": 0.0772, "entities": []}, {"author": "@tinthings314", "comment": "Would love to have a beer with your dad", "likes": 3, "published_at": "2021-03-04T23:10:37Z", "sentiment": 0.6369, "entities": []}, {"author": "@ronbatt756", "comment": "EXCELLENT commentary and good advice.  Are interest rates the wild card going forward.?  Nobody knows. But...interest rates don't need to rise much to double.  That will be significant in the stock market and the housing market.    Many young investors today have never seen even 6% interest rates.  I've seen 18% interest rates and it's NOT pretty.  \ud83c\udde8\ud83c\udde6", "likes": 0, "published_at": "2021-03-04T22:48:29Z", "sentiment": 0.9383, "entities": []}, {"author": "@grease112", "comment": "What if a 3rd of our investments are in Spacs , ARKK, and Tesla - and they are all well in the negative?  Do i sell and take the loss. Do i just ride it out?  Do I just get wiped out and lose my nest egg?", "likes": 1, "published_at": "2021-03-04T22:42:29Z", "sentiment": -0.7987, "entities": ["ARKK", "Tesla"]}, {"author": "@tinker7998", "comment": "I've asked this question before but never got a concrete answer, are there any time restrictions on the $50 in free trades with Questrade?", "likes": 1, "published_at": "2021-03-04T22:34:43Z", "sentiment": 0.6652, "entities": []}, {"author": "@arikhassan", "comment": "Great video, the two of you make a powerful duo together. As always keep up the good work.", "likes": 1, "published_at": "2021-03-04T22:32:20Z", "sentiment": 0.8689, "entities": []}, {"author": "@whipcream_cs2", "comment": "You guys should sit across from each other. I think it would be less awkward. but in the end great video! love hearing from someone that has been investing for ages", "likes": 2, "published_at": "2021-03-04T22:15:13Z", "sentiment": 0.9272, "entities": []}, {"author": "@lraugusto", "comment": "Loved the pace, dynamics and quality of discussion. \n\nBrandon mentioned the low inflation, and Michael Burry has been very vocal in the past 2 weeks about inflation. Any thoughts/comments on that?", "likes": 0, "published_at": "2021-03-04T22:09:24Z", "sentiment": 0.5994, "entities": []}, {"author": "@talhasiddiqi5993", "comment": "Loving your dad's perspective and the comparisons from the past !", "likes": 2, "published_at": "2021-03-04T21:56:56Z", "sentiment": 0.636, "entities": []}, {"author": "@tomcw8989", "comment": "Wait... so you\u2019re telling me... stocks can go down?", "likes": 14, "published_at": "2021-03-04T21:52:34Z", "sentiment": 0.0, "entities": []}, {"author": "@liubomyr8993", "comment": "Loved your videos before, but Mark joining the channel just added so much value to the content. Hope to see such videos more often! \nGreat job guys!", "likes": 1, "published_at": "2021-03-04T21:43:54Z", "sentiment": 0.955, "entities": []}, {"author": "@NnickKification", "comment": "this is epic, good job dad !", "likes": 1, "published_at": "2021-03-04T21:33:15Z", "sentiment": 0.4926, "entities": []}, {"author": "@LuizGNA", "comment": "If the market does crash it takes ETFs with it, right? Which sector do you see reacting better to this possible bubble and would it be a good a idea to move part of the investment from ETFs to these sectors?", "likes": 2, "published_at": "2021-03-04T21:31:33Z", "sentiment": 0.5362, "entities": []}, {"author": "@grantboucher9342", "comment": "i am a senior if  the stock dont pay i dont play  its all about the dividends", "likes": 1, "published_at": "2021-03-04T21:30:01Z", "sentiment": 0.2646, "entities": []}, {"author": "@BiscuitTech", "comment": "Really enjoy the dynamic your dad brings to the content. Keep it up \ud83d\udc4d", "likes": 1, "published_at": "2021-03-04T21:26:39Z", "sentiment": 0.7474, "entities": []}, {"author": "@skylerdelaurier6399", "comment": "I think EV's and renewable energy companies were certainly overvalued, but there are corners of the market that have still yet to recover from covid. I'm excited to DCA into my favorite stocks if we see a pullback.", "likes": 0, "published_at": "2021-03-04T21:03:03Z", "sentiment": 0.8537, "entities": ["EV"]}, {"author": "@ZenWrap", "comment": "DCA in my equities ETF, rough times but in for the long haul", "likes": 1, "published_at": "2021-03-04T20:58:51Z", "sentiment": 0.0, "entities": []}, {"author": "@johnleskew6631", "comment": "Everyone's scared, but just a correction for me. nothing more nothing less", "likes": 16, "published_at": "2021-03-04T20:53:37Z", "sentiment": -0.2382, "entities": []}, {"author": "@maxlapointe7538", "comment": "^ This guy started investing during covid, just like you say!!  But I don't expect the same return for years to come.\n\n\r\n\r\nI don't own bonds yet.  I'd rather build my long-term core holdings (canadian banks or utilities) and compound on those dividends, which are way above what any bond would yield.  I am still quite young (<30) and my entire savings account is quite small anyways (30% of a year's salary, even with my strong covid gains).  \n\nAlso, I stay away from the tech sector overall.  I don't like the outlook of most small companies and don't know how they can compete with Google, Microsoft or Intel in AI, Quantum computing and other techs of the future.  And I'm not talking through my hat on that - I'm finishing a PhD in computer science/quantum computing...  \n\nPersonally, I've been reading about the mining industry in the past year and my riskier, high-growth picks fall into this industry.  I believe the knowledge/understanding I acquire in this sector of industry will be valid and useful for a longer time through the years to come and there are some interesting tools to help select high potential companies - either by watching Eric Sprott's portfolio or RBC's precious metal mutual funds, which is RBC's best performing product over the last decade.  The performance is often driven by a handful of companies that go from exploration to production & gain 300~500% over a year (PGM, KNT are some prime examples from 2020).  Of course that's a rather small piece of my portfolio (<5%, 2~3 picks per year), and I can't say how it'll perform for me, as I have less than a year of experience for investing, but I'd say my 1/1 hit on PGM gives me some great hope (and probably a bit of overconfidence) for 2021.", "likes": 1, "published_at": "2021-03-04T20:41:21Z", "sentiment": 0.9936, "entities": ["Google", "Microsoft", "Intel", "Quantum", "RBC", "RBC", "PGM", "KNT", "PGM"]}, {"author": "@g59490155", "comment": "Are you still in favor of FANS? Would you recommend consider buying it @ 1 dollar?", "likes": 1, "published_at": "2021-03-04T20:39:19Z", "sentiment": 0.6767, "entities": []}, {"author": "@captainkill1001", "comment": "Great video. Love having your dad on. Let\u2019s hear you dad talk about some of his lifetime biggest winners and losers.", "likes": 0, "published_at": "2021-03-04T20:28:26Z", "sentiment": 0.8402, "entities": []}, {"author": "@isaiahc2994", "comment": "agree with the idea of expectations being high for new investors. i started in september of 2020 and have not really gone through any signifiacnt loss. when the stocks i have go down they just seem to rebound even higher the nex week. interested to see how the stock market moves over 2021. great video", "likes": 2, "published_at": "2021-03-04T20:26:30Z", "sentiment": 0.7906, "entities": []}, {"author": "@ThatLegendRicoKing", "comment": "I loved the channel before but i like it even more now ! very lucky to have such a great relationship with your father. I hope me and my son do the same when he is older.", "likes": 1, "published_at": "2021-03-04T20:08:56Z", "sentiment": 0.9684, "entities": []}, {"author": "@kanelupis", "comment": "Awesome vid. Your dad's a great addition to your channel. Wonderful to have a young and old perspective", "likes": 1, "published_at": "2021-03-04T20:03:04Z", "sentiment": 0.9169, "entities": []}, {"author": "@stephaniebeaton3939", "comment": "The only stocks  today Mar 4 2021 that i was following that are not in the red are Diamondback Energy and Bank of America", "likes": 1, "published_at": "2021-03-04T20:02:27Z", "sentiment": 0.2732, "entities": ["Diamondback Energy", "Bank of America"]}, {"author": "@josephmunro7768", "comment": "I wasn't thrilled when Tesla got added to the S&P 500. Even though it's only a small piece of the pie, it's pure speculation.", "likes": 1, "published_at": "2021-03-04T20:00:09Z", "sentiment": -0.3412, "entities": ["Tesla"]}, {"author": "@MrMelrays", "comment": "Head and shoulders pattern on the Nasdaq.", "likes": 1, "published_at": "2021-03-04T19:55:35Z", "sentiment": 0.0, "entities": []}, {"author": "@fertilityshamancindy", "comment": "So great to have such wisdom from dad \ud83d\udc4d\ud83c\udffc\u2728", "likes": 1, "published_at": "2021-03-04T19:27:18Z", "sentiment": 0.8313, "entities": []}, {"author": "@Lopersen", "comment": "So much value info here. I \ud83d\udc40 1M subscribers this year.  Thanks guys!", "likes": 1, "published_at": "2021-03-04T19:25:10Z", "sentiment": 0.7069, "entities": []}, {"author": "@bbstar7", "comment": "Father son dynamic is great", "likes": 1, "published_at": "2021-03-04T19:13:39Z", "sentiment": 0.7717, "entities": []}, {"author": "@krisshouldice8311", "comment": "Please post more! Voice of reason. Calm words are calming during the crash.", "likes": 0, "published_at": "2021-03-04T19:01:15Z", "sentiment": 0.5983, "entities": []}, {"author": "@ntm9670", "comment": "Always a pleasure watching your videos", "likes": 1, "published_at": "2021-03-04T19:00:25Z", "sentiment": 0.5719, "entities": []}, {"author": "@gmarks1559", "comment": "Great Canadian channel, cheers!", "likes": 1, "published_at": "2021-03-04T18:58:52Z", "sentiment": 0.8172, "entities": []}, {"author": "@francoispelletier8322", "comment": "Love it! No bullshit headline prediction of the near future, just a super objective and informative video about the subject. Keep it up!", "likes": 17, "published_at": "2021-03-04T18:56:51Z", "sentiment": 0.5696, "entities": []}, {"author": "@meroshango9603", "comment": "This channel is just getting betterr , thankss for all this guys", "likes": 1, "published_at": "2021-03-04T18:53:37Z", "sentiment": 0.0, "entities": []}, {"author": "@GarethBushMusic", "comment": "Your dad is awesome, definitely knows his stuff.", "likes": 47, "published_at": "2021-03-04T18:50:47Z", "sentiment": 0.7783, "entities": []}, {"author": "@braydenmartin4199", "comment": "Hi Marc and Brandon, I am 20 years old currently taking the Canadian Securities Course and are set on having a career in finance. I love investing and love the Chanel. Question: Any tips for someone on this new journey?", "likes": 1, "published_at": "2021-03-04T18:47:01Z", "sentiment": 0.891, "entities": ["the Canadian Securities Course", "Chanel"]}, {"author": "@paliboj8180", "comment": "Nice very happy with the knowledge you and your dad is given. \n Greenlane Renewables Inc \nA good company.\nCan you please an analyzed it.", "likes": 1, "published_at": "2021-03-04T18:27:17Z", "sentiment": 0.8999, "entities": ["Greenlane Renewables Inc"]}, {"author": "@MG-og5gf", "comment": "Brandon and Marc I want to relay how thankful I am for the info you share in your videos.\n\nMarc, you make an excellent addition to this channel with your experience. \n\nI would just like to recommend adjusting your set for upcoming videos. Sitting directly beside each other doesn't work as well because you both keep looking 90\u00b0 at each other. If your seating was on more of an angle, you wouldn't turn your head full as you converse. Maybe 2 mics? \n\nJust thinking of ways to make your videos seem more fluent. \n\nAs mentioned, I am extremely grateful for your content and excited to see what comes next. Keep up the great work.", "likes": 1, "published_at": "2021-03-04T18:26:54Z", "sentiment": 0.9715, "entities": []}, {"author": "@biomolecologo", "comment": "Many REITS in Canada are still considerably lower than they were before the pandemic. They were considered very good investments then, and they seem not to be participating in the current bull market. What's your opinion on those? I would love to hear the two Beavis discuss about this!", "likes": 1, "published_at": "2021-03-04T18:11:27Z", "sentiment": 0.7345, "entities": []}, {"author": "@waynebaillie3278", "comment": "Great dynamics between son and father, I have subscribed and watched the channel for quite awhile.  No gimmicks, just honest opinions and helpful advice. Not sure how best to describe it, but how about: I would by a used car from Brandon and Marc. I believe they genuinely want to help people learn about investing and how to do it wisely. Thank you guys!", "likes": 1, "published_at": "2021-03-04T17:52:38Z", "sentiment": 0.9324, "entities": []}, {"author": "@decadentia84", "comment": "Your dad seems like a super nice guy. He looked a little more nervous at the start of the video but got better as the video went on. He'll fit right in. Also, this was a really good video. Kind of went over points for and against I wasn't aware  of, appreciate the level headed approach.", "likes": 0, "published_at": "2021-03-04T17:45:01Z", "sentiment": 0.9193, "entities": []}, {"author": "@j-rocgeo7499", "comment": "Thanks Guys, good solid message.", "likes": 1, "published_at": "2021-03-04T17:37:46Z", "sentiment": 0.7506, "entities": []}, {"author": "@samramos1470", "comment": "Nice vid you and you're dad are giving us market game", "likes": 1, "published_at": "2021-03-04T17:35:36Z", "sentiment": 0.6369, "entities": []}, {"author": "@HB-lx3wv", "comment": "Value of my margins account down 20% in 2 days.\nThank god I have tfsa lol", "likes": 1, "published_at": "2021-03-04T17:31:28Z", "sentiment": 0.8316, "entities": []}, {"author": "@djayjp", "comment": "Excellent technical analysis. Channel has really grown and evolved.", "likes": 2, "published_at": "2021-03-04T17:28:31Z", "sentiment": 0.5719, "entities": []}, {"author": "@woahwoah2207", "comment": "I believe that the tech stocks are overvalued and that this month is simply a correction.", "likes": 12, "published_at": "2021-03-04T17:24:59Z", "sentiment": 0.0, "entities": []}, {"author": "@shirleycrosner6252", "comment": "A false sense of security based upon on going government stimulus  and the reality will sink in that a gravey train won't last forever  and unemployment will hit new highs !", "likes": 1, "published_at": "2021-03-04T17:22:34Z", "sentiment": -0.2003, "entities": []}, {"author": "@bigirongolf8631", "comment": "Its so great having someone who's lived through the roaring '20s to share their experience!!!", "likes": 25, "published_at": "2021-03-04T17:10:36Z", "sentiment": 0.8161, "entities": []}, {"author": "@FinancialFutureGuideAlexCourt", "comment": "A real bear market is what is going to seperate the long term investors and those who just jumped in thinking they'd get rich overnight \ud83e\udd37\ud83c\udffb\u200d\u2642\ufe0f", "likes": 3, "published_at": "2021-03-04T16:59:03Z", "sentiment": 0.5574, "entities": []}, {"author": "@KlondikeSkunk", "comment": "What sources do you guys use to get your market info/news from?", "likes": 1, "published_at": "2021-03-04T16:56:35Z", "sentiment": 0.0, "entities": []}, {"author": "@leanderfoster3465", "comment": "Definitely over valued overall", "likes": 1, "published_at": "2021-03-04T16:55:15Z", "sentiment": 0.6808, "entities": []}, {"author": "@RAF0769", "comment": "It is great having insight from your father. Amazing collab, I think it's great fo this channel", "likes": 2, "published_at": "2021-03-04T16:51:09Z", "sentiment": 0.9186, "entities": []}, {"author": "@pandabear8142", "comment": "Love this setup. \ud83d\udc4d", "likes": 0, "published_at": "2021-03-04T16:42:18Z", "sentiment": 0.6369, "entities": []}, {"author": "@veganvixen8690", "comment": "I have to say.  Your dad is a great addition to your channel.   Now don't get me wrong.  I dont want you to feel as tho you werent doing a good job, its just thanks to you (and a few other influencers)  I reached a point where I was able to understand and keep up with you.   So unless you were talking a new stock or etf, I was just watching your videos.  With your dad, you've added a new level of more experienced content for viewers like myself, while still keeping it simple for newer investor.  Love this format so much", "likes": 3, "published_at": "2021-03-04T16:41:34Z", "sentiment": 0.9328, "entities": []}, {"author": "@tadbbq", "comment": "I consider the recent decline as correction, corrects all the high PE stocks. As long as the PE down to acceptable level, market will recover. It is a good time to buy more solid blue chip tech companies now.", "likes": 11, "published_at": "2021-03-04T16:30:55Z", "sentiment": 0.7264, "entities": []}, {"author": "@user-ic2rb1it4h", "comment": "For the first time I have notification bell on for this channel. Dad rocks", "likes": 5, "published_at": "2021-03-04T16:29:45Z", "sentiment": 0.0, "entities": []}, {"author": "@dacbietysj2581", "comment": "AWESOME VID AS ALWAYS", "likes": 1, "published_at": "2021-03-04T16:27:15Z", "sentiment": 0.6249, "entities": ["AWESOME VID AS", "ALWAYS"]}, {"author": "@samueljr9135", "comment": "I have some money to invest but I\u2019m scared of not having a solid diversified portfolio like you talked about and it would be great if you guys could talk about what kinds of stocks that could be a good choice to have even if the market correct itself. Great video as usual!", "likes": 6, "published_at": "2021-03-04T16:27:11Z", "sentiment": 0.9449, "entities": []}, {"author": "@adamlemire6278", "comment": "The problem with the interest rates being so low is that there's no where to go. If the market does in fact crash, the govt is already doing what it usually does when a crash hits. The govt won't be able to help", "likes": 14, "published_at": "2021-03-04T16:21:26Z", "sentiment": -0.7462, "entities": []}, {"author": "@raypayys", "comment": "From a fellow Canadian, a huge thank you for content. Love your dad's perspective! What's the best way to build a well balanced portfolio without ETFs?", "likes": 4, "published_at": "2021-03-04T16:20:15Z", "sentiment": 0.9392, "entities": []}, {"author": "@ab.4425", "comment": "Excellent Video guys!! Thank you so much!!", "likes": 0, "published_at": "2021-03-04T16:15:41Z", "sentiment": 0.811, "entities": []}, {"author": "@Rob-ob3sh", "comment": "Great video as I always like the voice of reason. What I got from this video was to always stay invested but well diversified.  Can you guys talk about your top 5 Canadian blue chips from 5 different sectors and end with your favourite ETF.  Thanks", "likes": 4, "published_at": "2021-03-04T16:12:49Z", "sentiment": 0.9001, "entities": []}, {"author": "@ryanreid8608", "comment": "Another great video.  Thank you guys.  Do you have a video on a properly constructed portfolio", "likes": 9, "published_at": "2021-03-04T16:11:28Z", "sentiment": 0.765, "entities": []}, {"author": "@JohnDoe-gg6kc", "comment": "First problem, you need to admit stocks dont go up in value, your money value is decreasing against assets.", "likes": 0, "published_at": "2021-03-04T16:07:41Z", "sentiment": 0.5574, "entities": []}, {"author": "@marquiscloutier9137", "comment": "Love you channel Brandon and now with your dad in the pict, we get even more for our investment!!! Love it!\nLove the fact that your dad can bring info/comparaison about what happened in the past V/S today\u2019s market.\nYou guys rock!!", "likes": 9, "published_at": "2021-03-04T16:05:34Z", "sentiment": 0.941, "entities": []}, {"author": "@iamhenry8", "comment": "Keep the good work it's fun to watch you", "likes": 0, "published_at": "2021-03-04T16:04:31Z", "sentiment": 0.7351, "entities": []}, {"author": "@createdbyzette7397", "comment": "I love how you compliment as a father and son. Wonderful relationship so much respect of a son to his father and vice versa.", "likes": 42, "published_at": "2021-03-04T15:58:32Z", "sentiment": 0.9369, "entities": []}, {"author": "@pinkhairblackman8141", "comment": "you should put your dad in one of your funny skits lol", "likes": 0, "published_at": "2021-03-04T15:56:07Z", "sentiment": 0.6908, "entities": []}, {"author": "@Azel247", "comment": "I agree that there are pockets of bubbles but not all things are in a bubble.\n\nAs Jack Bogle said, the greatest risk is not investing. Even if you bought at the very peak of the dot-com bubble, you're still WAY up today. If you're young, just keep buying and then don't peek at it until you want to retire 30 years from now.", "likes": 2, "published_at": "2021-03-04T15:54:17Z", "sentiment": 0.7469, "entities": []}, {"author": "@PhilipOberg", "comment": "Hi from Yukon Canada.  New to investing, and your channel.  Great content", "likes": 11, "published_at": "2021-03-04T15:52:49Z", "sentiment": 0.6249, "entities": ["Yukon Canada"]}, {"author": "@scottmills524", "comment": "Liking the father part of this. \nI\u2019ve been saying a bubble for a while now. Or more over valued.", "likes": 4, "published_at": "2021-03-04T15:52:26Z", "sentiment": 0.7076, "entities": []}, {"author": "@baodo7905", "comment": "What??? I thought stocks only went up. I put all my money in Nikola. Damn it !", "likes": 4, "published_at": "2021-03-04T15:48:48Z", "sentiment": -0.5472, "entities": []}, {"author": "@tdl2920", "comment": "Very lucid analysis in a euphoric environment.  Well done.", "likes": 6, "published_at": "2021-03-04T15:45:12Z", "sentiment": 0.743, "entities": []}, {"author": "@Leo-kz9iv", "comment": "Brandon is so needed in the Canadian retail investor space, much love these videos give so much value \ud83d\ude01", "likes": 1, "published_at": "2021-03-04T15:42:13Z", "sentiment": 0.7832, "entities": []}, {"author": "@incroyablething1207", "comment": "I needed this video", "likes": 2, "published_at": "2021-03-04T15:30:11Z", "sentiment": 0.0, "entities": []}, {"author": "@CaseyBurnsInvesting", "comment": "The fear and greed index doesn\u2019t quite do what we\u2019re seeing justice. We\u2019re seeing pure ignorance and arrogance. ARKK is in trouble if we see a correction.", "likes": 11, "published_at": "2021-03-04T15:30:04Z", "sentiment": -0.8779, "entities": []}, {"author": "@DabloEscobud", "comment": "Hope I missed the bull trap!", "likes": 1, "published_at": "2021-03-04T15:29:56Z", "sentiment": -0.2244, "entities": []}, {"author": "@beaviswealth", "comment": "\ud83d\udcc8\ud83d\udcda As always, if you're a beginner to the Stock Market in Canada and you're looking for a step-by-step blueprint on how to get started... Find out more about our Investing Academy here - https://bit.ly/theinvestingacademy\n\nThanks for watching everyone! Don't forget to leave a thumbs up! :D", "likes": 4, "published_at": "2021-03-04T15:28:32Z", "sentiment": 0.853, "entities": ["the Stock Market", "Investing Academy"]}, {"author": "@farhanmuhammad9059", "comment": "First", "likes": 0, "published_at": "2021-03-04T15:28:12Z", "sentiment": 0.0, "entities": []}, {"author": "@erictremblay9567", "comment": "First\ud83d\ude00", "likes": 0, "published_at": "2021-03-04T15:28:10Z", "sentiment": 0.0, "entities": []}]