[{"author": "@beaviswealth", "comment": "\ud83d\udcc8\ud83d\udcda As always, if you're a beginner to the Stock Market in Canada and you're looking for a step-by-step blueprint on how to get started... Find out more about our Investing Academy here - https://bit.ly/theinvestingacademy", "likes": 1, "published_at": "2022-02-08T19:54:59Z", "sentiment": 0.0, "entities": ["the Stock Market", "Investing Academy"]}, {"author": "@jwrogers", "comment": "My opinion: Chinese equities should always be avoided - the market is under CCP control, so it will never be fair.  I love the perspective of Stoic Finance - see https://www.youtube.com/watch?v=EH8iInJhtLg for his latest opinion.  Essentially, if a company does really well then the CCP will crush it...   when they aren't busy crushing the human rights of their citizens.", "likes": 0, "published_at": "2022-02-21T17:31:57Z", "sentiment": -0.5896, "entities": ["CCP", "Stoic Finance", "CCP"]}, {"author": "@rickvug", "comment": "I see that you are holding SoFi. So am I. Would be an interesting one to take a look at.", "likes": 0, "published_at": "2022-02-15T23:13:49Z", "sentiment": 0.4019, "entities": ["SoFi"]}, {"author": "@dhawal7476", "comment": "Holding Shopify until it (hopefully) hits the peak of $2000 CAD again. 1 month, 3 months, 6 months.... Doesn't matter!", "likes": 1, "published_at": "2022-02-13T08:28:33Z", "sentiment": -0.0941, "entities": []}, {"author": "@donperriogne7878", "comment": "Why do you use TD investing opposed to wealthsimple?", "likes": 0, "published_at": "2022-02-11T21:33:35Z", "sentiment": 0.0, "entities": ["TD"]}, {"author": "@danielduan2134", "comment": "What is your portfolio return for last one, two years, and five years and 10 years?If you invest only in Canadian banks, your return will be 50%, 50%, 55%, 170%, plus dividend!", "likes": 0, "published_at": "2022-02-11T15:02:28Z", "sentiment": 0.0, "entities": []}, {"author": "@danielduan2134", "comment": "You are fool to buy Chinese stocks!", "likes": 0, "published_at": "2022-02-11T14:48:30Z", "sentiment": -0.4926, "entities": []}, {"author": "@roberttaylor3594", "comment": "Congrats on the BAM.A purchase!!", "likes": 0, "published_at": "2022-02-10T17:59:11Z", "sentiment": 0.6103, "entities": []}, {"author": "@SunnyUBC", "comment": "I thought sleeper pic = sleepcountry lol\nThoughts on sleep country canada?", "likes": 0, "published_at": "2022-02-09T23:05:05Z", "sentiment": 0.4215, "entities": []}, {"author": "@stevenoverton6329", "comment": "What do you think of CVE after there last earnings report on Tuesday.", "likes": 1, "published_at": "2022-02-09T22:17:07Z", "sentiment": 0.0, "entities": ["CVE"]}, {"author": "@jayr8134", "comment": "If I bought an ETF like Vanguard  S& P 500,  VFV (for U.S exposure) in my TFSA, then will I be subject to currency conversion fees & will the distribution be subject to the tax (15% I suppose)? Thanks guys, I'm a frequent viewer, keep up the work.", "likes": 0, "published_at": "2022-02-09T21:26:19Z", "sentiment": 0.6597, "entities": ["Vanguard  S& P 500", "VFV"]}, {"author": "@mehtabsingh7000", "comment": "Hey \ud83d\udc4b\ud83c\udffc Brandon\nAfter looking the revenue growth, and exceeding numbers of their users, statements and all kind of ratios, I don\u2019t find anything wrong with TME tencent music. Any comment or video on that would be much appreciated.", "likes": 0, "published_at": "2022-02-09T14:08:15Z", "sentiment": 0.4215, "entities": []}, {"author": "@ab.4425", "comment": "Great video Brandon!!", "likes": 0, "published_at": "2022-02-09T11:32:04Z", "sentiment": 0.6892, "entities": []}, {"author": "@k4ir0s", "comment": "Have you done a video on choosing individual stocks vs ETFs (while keeping in mind that statistic that 90% of people picking stocks dont beat the market[including institutional investors)? I obviously think I can beat the market like every other sucker. I think I'm smart enough, capable enough. But how do you know if you're deluding yourself, because according to the stats most people are?", "likes": 0, "published_at": "2022-02-09T06:22:24Z", "sentiment": 0.3736, "entities": ["ETFs"]}, {"author": "@clarifyingquestions", "comment": "When did you sell BABA?", "likes": 0, "published_at": "2022-02-09T03:50:10Z", "sentiment": 0.0, "entities": ["BABA"]}, {"author": "@benjaminbryson8986", "comment": "Great video! haha I've also Bougth some BAM.A along with some NFI Group, Costco & Salesforce. small positions is NFI group and Salesforce as both are a speculative pick for me, glad to hear you also picked up BAM.A", "likes": 0, "published_at": "2022-02-09T03:43:27Z", "sentiment": 0.8955, "entities": ["NFI Group", "Costco & Salesforce", "NFI", "Salesforce"]}, {"author": "@ohbhoi", "comment": "Yes to brookfield, no to china.  We have enough great companies here in north America. Some point principles has to set in. The bullying they do towards  their neighbouring countries.", "likes": 2, "published_at": "2022-02-09T02:28:29Z", "sentiment": 0.1779, "entities": []}, {"author": "@BURGATRON", "comment": "Sorry brandon not interested in chinese stocks. Thanks for the effort though.", "likes": 0, "published_at": "2022-02-09T01:20:16Z", "sentiment": 0.088, "entities": []}, {"author": "@dorsia4167", "comment": "No China", "likes": 0, "published_at": "2022-02-09T00:26:43Z", "sentiment": -0.296, "entities": []}, {"author": "@vrushaliamberkar1521", "comment": "How is store?", "likes": 0, "published_at": "2022-02-09T00:21:37Z", "sentiment": 0.0, "entities": []}, {"author": "@winnjc9154", "comment": "Always a no lose situation buying banks.. next best thing are BAM and POW IMHO.", "likes": 1, "published_at": "2022-02-08T23:56:16Z", "sentiment": 0.0772, "entities": ["BAM"]}, {"author": "@gcanada3005", "comment": "Buying Brookfield renewable right now. Was as high as $62 Canadian. Bought at $40.75 in the dip. Will be big going forward.", "likes": 4, "published_at": "2022-02-08T23:49:31Z", "sentiment": 0.0, "entities": []}, {"author": "@jacobyd1000", "comment": "I\u2019d love to see a deep dive from Marc into Canadian Tire! And film it in a Canadian Tire", "likes": 1, "published_at": "2022-02-08T23:40:17Z", "sentiment": 0.6696, "entities": []}, {"author": "@momo35444", "comment": "never watched ANPDY. ill watch it, maybe learn from it. thanks for the video", "likes": 1, "published_at": "2022-02-08T23:20:13Z", "sentiment": 0.6407, "entities": ["ANPDY"]}, {"author": "@hinamirza7894", "comment": "Xela ,ally MDMP ,aabb,Mnov,cscw,ctrm  for day trade .bb,lspd,apple,msft,Intel, and aome more to hold", "likes": 0, "published_at": "2022-02-08T23:04:53Z", "sentiment": 0.0, "entities": ["MDMP", "Intel"]}, {"author": "@conlanloffmark2856", "comment": "Hey Brandon do you use Investors business daily?", "likes": 1, "published_at": "2022-02-08T22:55:16Z", "sentiment": 0.0, "entities": []}, {"author": "@andreloncar2102", "comment": "Hey Brandon, can you talk about all the fake Instagram accounts made identical to yours, followed your ig and two similar accounts within an hour were already trying to follow me", "likes": 1, "published_at": "2022-02-08T22:19:39Z", "sentiment": -0.4767, "entities": []}, {"author": "@MechHeli", "comment": "One stock that\u2019s been doing alright for me is Dutch brothers coffee\u2026anyone else have it?", "likes": 0, "published_at": "2022-02-08T22:18:31Z", "sentiment": 0.25, "entities": []}, {"author": "@Mitch91PyroisB0SS", "comment": "I just bought Suncor, Pfizer, cisco, and altria stocks yesterday before I file for taxes this year", "likes": 0, "published_at": "2022-02-08T21:26:58Z", "sentiment": 0.0, "entities": ["Suncor", "Pfizer"]}, {"author": "@SRROYALCITY1", "comment": "I jist bought BAM today. Bought TD a few weeks ago ( wish i did it last year but im new, been investing since last march ) but so far so good.", "likes": 0, "published_at": "2022-02-08T21:11:23Z", "sentiment": 0.8155, "entities": ["BAM"]}, {"author": "@SRROYALCITY1", "comment": "Why support the chinese market? With all thats going on over there, why own their companies?", "likes": 2, "published_at": "2022-02-08T21:07:47Z", "sentiment": 0.4696, "entities": []}, {"author": "@Frogfrog1234", "comment": "People love invest in Chinese Communist state controlled companies to make the Communist regime strong so that they can violate more Chinese people.  \ud83d\udc4d", "likes": 1, "published_at": "2022-02-08T21:03:39Z", "sentiment": 0.6486, "entities": []}, {"author": "@allenchristian2699", "comment": "Can you make a video on CDRs and explain them. Appreciate all your work", "likes": 1, "published_at": "2022-02-08T20:54:34Z", "sentiment": 0.4019, "entities": []}, {"author": "@cutiecatboy", "comment": "I bought some of the new Wealthsimple green bonds stock! I\u2019m so glad this came out because I\u2019ve been wanting to add bonds to my investing portfolio to diversify for so long now. Thanks for sharing those great picks Brandon ! :)", "likes": 0, "published_at": "2022-02-08T20:51:39Z", "sentiment": 0.9553, "entities": []}, {"author": "@MannyBlaquiao", "comment": "Naw no more Chinese stocks for me I have nio n alibaba already.that\u2019s enough risk pour moi \ud83d\ude02", "likes": 16, "published_at": "2022-02-08T20:44:47Z", "sentiment": -0.5106, "entities": []}, {"author": "@JustInvestToday", "comment": "BAM is so underrated, definitely need it in my portfolio! company that will survive any storm", "likes": 4, "published_at": "2022-02-08T20:41:22Z", "sentiment": 0.5057, "entities": ["BAM"]}, {"author": "@Anomaly_Gaming", "comment": "\u303dThoughts on MTEK dip?", "likes": 1, "published_at": "2022-02-08T20:35:19Z", "sentiment": 0.0, "entities": []}, {"author": "@NorthPoleInvesting", "comment": "I always love seeing your sleeper picks. They are always very interesting and ones that I have not researched before. Keep it up!", "likes": 6, "published_at": "2022-02-08T20:15:44Z", "sentiment": 0.8169, "entities": []}, {"author": "@annehenderson7911", "comment": "\ud83d\udc4d", "likes": 0, "published_at": "2022-02-08T20:10:37Z", "sentiment": 0.0, "entities": []}, {"author": "@jeffreyy8453", "comment": "As always great work on the video! Keep them coming :)", "likes": 0, "published_at": "2022-02-08T20:10:17Z", "sentiment": 0.8122, "entities": []}, {"author": "@ritab5524", "comment": "Shopify and lspd", "likes": 3, "published_at": "2022-02-08T19:55:10Z", "sentiment": 0.0, "entities": []}, {"author": "@Thegreenbarade", "comment": "\ud83c\udde8\ud83c\udde6\ud83d\udc4d You're the best !", "likes": 2, "published_at": "2022-02-08T19:55:07Z", "sentiment": 0.6696, "entities": []}, {"author": "@lexielexie3653", "comment": "1st\ud83d\ude4c", "likes": 0, "published_at": "2022-02-08T19:55:04Z", "sentiment": 0.0, "entities": []}]