[{"author": "@beaviswealth", "comment": "\ud83d\udcc8\ud83d\udcda As always, if you're a beginner to the Stock Market in Canada and you're looking for a step-by-step blueprint on how to get started... Find out more about our Investing Academy here - https://bit.ly/theinvestingacademy", "likes": 8, "published_at": "2022-01-03T23:05:44Z", "sentiment": 0.0, "entities": ["the Stock Market", "Investing Academy"]}, {"author": "@rcadventure44", "comment": "LOL who's going to magically get $80000 to invest", "likes": 0, "published_at": "2024-02-10T22:42:33Z", "sentiment": 0.5473, "entities": ["LOL"]}, {"author": "@joanoflondon", "comment": "So if I put my estate as my beneficiary then what happens as my children are named as my will?", "likes": 0, "published_at": "2023-08-13T05:27:37Z", "sentiment": 0.4767, "entities": []}, {"author": "@emilylloyd4541", "comment": "Good job Brandon", "likes": 0, "published_at": "2023-05-22T22:14:19Z", "sentiment": 0.4404, "entities": []}, {"author": "@fernandomofreita79", "comment": "How are you\nI would like to know from you the following please: \r\nShould I be concerned about my income taxes if I live outside of Canada as a retiree on vacation for a period of over 6 months every year and then return to Canada afterwards?\r\nWill my income tax be affected by my 6 months of living abroad? \r\nWill I lose my Canadian citizenship, O.H.I.P. and other benefits if I live outside Canada for a period of 11 months every year? \r\nCould I possibly live abroad for over 6 months every year...if yes what are the tax, and benefits implications for me? \r\nIf, yes...will my Canada pension and O.A.S. pension, and income taxes be affected? \r\nAs a Canadian resident I would like to know from you if it's possible for me to retire abroad for about 11 months every year while maintaining a home and, bank accounts in Canada and then return to Canada yearly to do my income tax and leave Canada again? \nThank you.", "likes": 0, "published_at": "2023-04-11T23:52:14Z", "sentiment": 0.9111, "entities": []}, {"author": "@kimlam2671", "comment": "Hey Brandon, can you make the video of the mutual fund? Because I want to learn more about it.  Thank you", "likes": 0, "published_at": "2023-04-07T00:48:14Z", "sentiment": 0.4703, "entities": []}, {"author": "@mojdehshaikhi4870", "comment": "Hello and thank you for the video. I liked your video and subscribed as well... What would you suggest for older people in their late 50s with money sitting in their TFSA Account doing nothing?. ..I like to learn how to invest this money (in TFSA/ A) Or how to make this money grow. to see a good return in 10-15 years. Do you think I should invest let say $20K in a couple of dividend stock or what would you do. All I want to see is a good return in the next 10-15 or even in 20 years. Thank you.", "likes": 0, "published_at": "2023-02-27T01:00:06Z", "sentiment": 0.9371, "entities": []}, {"author": "@nimrariel2517", "comment": "im single, who wanna share TFSA", "likes": 0, "published_at": "2022-11-22T00:40:01Z", "sentiment": 0.296, "entities": []}, {"author": "@Chap17", "comment": "Didn't know you could lose  space in your TFSA ..with bad stocks...a good reminder to pick wisely...thanks Brandon .", "likes": 0, "published_at": "2022-11-09T06:02:57Z", "sentiment": -0.5106, "entities": []}, {"author": "@awfan221", "comment": "I'm definitely a GIC dude. Been using it for a year now on EQ, I'm risk-averse and just hate investing in the stock market.", "likes": 1, "published_at": "2022-09-24T13:14:15Z", "sentiment": -0.25, "entities": ["GIC"]}, {"author": "@kirtiparghi4837", "comment": "I have a question. Let say I have tfsa limit of $5000 and I put $5000 in tfsa account and invested that money to shares. Now whatever dividend I earned from that shares will go to tfsa account by default which will increase the limit of TFSA account. What to do then?", "likes": 0, "published_at": "2022-06-25T21:08:32Z", "sentiment": 0.6908, "entities": []}, {"author": "@brucebanner7281", "comment": "Should one use a checking account or a saving account for adding funds to one's TFSA?", "likes": 0, "published_at": "2022-06-20T18:55:12Z", "sentiment": 0.0, "entities": []}, {"author": "@catherinedesilets8960", "comment": "Just subscribed! Since you\u2019re in Canada \ud83c\udf41 figured you\u2019d be a great person to learn from since many cross border advisors don\u2019t apply to us I believe .. not sure haha \ud83d\ude06", "likes": 0, "published_at": "2022-06-12T02:38:48Z", "sentiment": 0.2382, "entities": []}, {"author": "@ARCSTREAMS", "comment": "no not everything is tax free it depends on the investment like when you hold foreign investments that pay dividends. or fund conversion  fees etc \ni am also wondering about fees like Management Expense Ratio (MER) but i see on welath simple they mention another fee so its confusing \n\"The MER of this portfolio is 0.16% and the management fee of this portfolio is 0.50%.\" do you know what this breakdown is because i thought management fee is the same as MER or all included? and what about mutual funds is this tfsa where you juts let the institution do the work? what is interest rate vs return percentage? i have all these questions because im thinking of doing a tfsa for the first time with td bank but im not sure if there are better options and its a confusing sea out there so i was wondering if you can help, i have the max cont room of $81500, are you in toronto as well?", "likes": 0, "published_at": "2022-04-18T21:17:48Z", "sentiment": 0.8975, "entities": ["MER", "MER"]}, {"author": "@sheikhraiyan6970", "comment": "Great video as usual, Brandon.\n\nDoes opening a TFSA account in Wealthsimple affect your credit score? Do they do a hard pull?", "likes": 1, "published_at": "2022-04-10T02:22:52Z", "sentiment": 0.7691, "entities": []}, {"author": "@doc9383", "comment": "Hi Brandon just new here. My question is, is I do just BUY only on a daily,weekly or monthly under TFSA is that consider trading? Am I dimmed by CRA?", "likes": 0, "published_at": "2022-03-31T00:45:40Z", "sentiment": 0.0, "entities": ["BUY", "CRA"]}, {"author": "@as8crew74", "comment": "Great video once again Brandon.", "likes": 0, "published_at": "2022-03-22T05:24:15Z", "sentiment": 0.6249, "entities": []}, {"author": "@shamstabrezhasan758", "comment": "Quick question- if my TFSA limit is 40500 for this year and it exceeds to 50000 next month then can I sell and withdraw the profit or keep there? How does it work?", "likes": 0, "published_at": "2022-03-21T17:06:54Z", "sentiment": 0.504, "entities": []}, {"author": "@kieferhogan", "comment": "i was born on december 28th 2002, i looked at my cra account and it says my limit is 18,000 which makes sense however, my trusted and experienced investing friend advised me not to use up 18k and instead only do 12k because he was scared i was gonna go over and be penalized, i tried calling the cra multiple times with no success. im really trying to max out my tfsa every year. what im asking is, is my TFSA contribution limit 12k or 18k if i was born in 2002.(i konw it says 18k in the video)", "likes": 1, "published_at": "2022-02-10T05:48:04Z", "sentiment": 0.7096, "entities": []}, {"author": "@WiseOwl_1408", "comment": "Why no tsfa for some? Being poor could be a Big factor.", "likes": 0, "published_at": "2022-02-09T11:11:51Z", "sentiment": -0.6486, "entities": []}, {"author": "@navkaranrishi4178", "comment": "Is that in wealth-simple how we can reinvest our dividends please let us know", "likes": 0, "published_at": "2022-02-01T09:43:57Z", "sentiment": 0.3182, "entities": []}, {"author": "@NINO-gv9ds", "comment": "Thanks brandon for this great info.", "likes": 0, "published_at": "2022-01-28T13:35:43Z", "sentiment": 0.8305, "entities": []}, {"author": "@bradleygarcia9973", "comment": "Someone is a Ja Rule fan ;)", "likes": 0, "published_at": "2022-01-27T17:57:46Z", "sentiment": 0.4939, "entities": []}, {"author": "@martinithechobit", "comment": "Ty Now I know.", "likes": 0, "published_at": "2022-01-27T07:38:02Z", "sentiment": 0.3818, "entities": []}, {"author": "@tanaykashyap2459", "comment": "I was thinking of keeping TFSA for growth stocks and some defensive stocks and use a tax account for dividend stocks since the high dividend ones don\u2019t have much growth. is that a good strat?", "likes": 0, "published_at": "2022-01-26T13:56:13Z", "sentiment": 0.802, "entities": []}, {"author": "@GamerKidPlaysGames", "comment": "everyone needs an emergency fund man.. i\u2019d say for a year", "likes": 0, "published_at": "2022-01-25T16:43:56Z", "sentiment": -0.3818, "entities": []}, {"author": "@edylainemorales8876", "comment": "When you say reinvesting your dividends... is that eating some spafe from your yearlie contribution?\n\nYou mentionned 72000$  after 20 year that not including extra cobtribution.. but only drip dividends reinvestment... so im confuse... i thought that exceeding the annual max was bad and comes with a penalty.", "likes": 0, "published_at": "2022-01-21T04:11:58Z", "sentiment": -0.8674, "entities": []}, {"author": "@foolishcreations2259", "comment": "What\u2019s with the Toronto shirt\u2026 aren\u2019t you from Vancouver", "likes": 0, "published_at": "2022-01-19T23:33:24Z", "sentiment": 0.0, "entities": []}, {"author": "@brian6697", "comment": "What do you think about the Etherium ETF fund for the TFSA ?  ETHX       Been hearing a lot about the Etherium 2.0 and its scaling that is going to happen in 2022/2023 that should make it a growth investment I was thinking about holding for long term like 10 years.  Never bought into crypto before but this is an ETF so its different or is it better to buy the crypto itself ?", "likes": 0, "published_at": "2022-01-19T09:25:53Z", "sentiment": 0.7757, "entities": []}, {"author": "@alyc8625", "comment": "What do you think of investing TFSA with Mutual Funds?", "likes": 0, "published_at": "2022-01-18T21:28:40Z", "sentiment": 0.0, "entities": []}, {"author": "@ilove87sidneycrosby", "comment": "Hi Brandon! New subscriber here :) i was wondering if you have some kind of financial background, CPA title, etc?", "likes": 0, "published_at": "2022-01-18T04:59:45Z", "sentiment": 0.5093, "entities": []}, {"author": "@KimonoEtrange", "comment": "What's your opinion on all in one ETF like XGRO or VGRO?", "likes": 0, "published_at": "2022-01-18T03:17:34Z", "sentiment": 0.3612, "entities": ["VGRO"]}, {"author": "@EvolveMentor001", "comment": "Great video", "likes": 0, "published_at": "2022-01-16T22:07:14Z", "sentiment": 0.6249, "entities": []}, {"author": "@taravisnoski7795", "comment": "I'm thinking about getting rid of my tfsa..its been a year I started with 500 now I have 7000 but 6900 was my own money which means I only profited 100 bucks in a yr I'm really discouraged and I'm getting no answers..I can save that in a normal savings account the point is to profit on it and I'm.not I'm getting fed up am I being to impatient or expecting too much?", "likes": 0, "published_at": "2022-01-16T17:02:30Z", "sentiment": 0.3634, "entities": []}, {"author": "@albertinoromita4673", "comment": "Hi Brandon \nWhat\u2019s the minimum I can put in to open up a TFSA", "likes": 0, "published_at": "2022-01-16T05:57:05Z", "sentiment": 0.0, "entities": []}, {"author": "@chenikastewart8397", "comment": "I love that you give info on the Canadian market! thank you", "likes": 0, "published_at": "2022-01-16T04:20:22Z", "sentiment": 0.7901, "entities": []}, {"author": "@lumberdog198", "comment": "Here is a tip about TFSA you can gift me money to put in my TFSA . I will make this option available to anyone watching this for a limited time..", "likes": 0, "published_at": "2022-01-14T15:05:07Z", "sentiment": 0.25, "entities": []}, {"author": "@macmackoyYT", "comment": "Regarding Pro Tip #2 (spouse as successor), when the spouse dies and the TFSA transfers over to the living spouse... what is the rule if the total amount of   combined TFSAs is over the allowable contribution limit for one person only? For example, spouse 1 TFSA = 75k and spouse 2 TFSA = 70k and assume limit for one person is 80k ... If spouse 1 dies and have spouse 2 as successor, spouse 2 will end up with 145k. Will spouse 2 be subjected to tax for over contributions and why?\nThanks in advance!", "likes": 0, "published_at": "2022-01-13T01:36:22Z", "sentiment": 0.6654, "entities": []}, {"author": "@sniperfx20", "comment": "I miss ur old theme song lol", "likes": 0, "published_at": "2022-01-11T04:25:53Z", "sentiment": 0.296, "entities": []}, {"author": "@tayshaunprince2528", "comment": "Watching from Saskatoon Saskatchewan Canada \ud83c\udde8\ud83c\udde6", "likes": 0, "published_at": "2022-01-11T03:05:49Z", "sentiment": 0.0, "entities": ["Saskatoon Saskatchewan Canada"]}, {"author": "@tayshaunprince2528", "comment": "Watching from Saskatoon Saskatchewan Canada \ud83c\udde8\ud83c\udde6", "likes": 0, "published_at": "2022-01-11T03:05:31Z", "sentiment": 0.0, "entities": ["Saskatoon Saskatchewan Canada"]}, {"author": "@andreloncar2102", "comment": "Question, is the total contribution amount what counts, what I mean is if you take money out of your TFSA to invest, are you able to put an equal amount of money back into it without going over the limit?", "likes": 0, "published_at": "2022-01-11T02:30:01Z", "sentiment": 0.0, "entities": []}, {"author": "@bisarowood", "comment": "any thoughts on BITI  etf ...? I still don't get the \"inverse\" etf ...", "likes": 0, "published_at": "2022-01-10T19:19:43Z", "sentiment": 0.0, "entities": ["BITI"]}, {"author": "@hyonjeffs", "comment": "Hey Brandon just to complement your video for new immigrants to Canada the TFSA starts when you get your SIN number", "likes": 7, "published_at": "2022-01-10T14:49:16Z", "sentiment": -0.6166, "entities": ["SIN"]}, {"author": "@Chap17", "comment": "Hi Brandon  Can you put a cryptocurrency ETF  in your TFSA...any recommendation with crypto? Thank you", "likes": 0, "published_at": "2022-01-10T01:56:49Z", "sentiment": 0.3612, "entities": []}, {"author": "@sandysantos3800", "comment": "Glad I found this \ud83e\udd29 .  I\u2019m trying to teach my sons about investing their money . This is a great summary . Thank-you", "likes": 1, "published_at": "2022-01-09T14:00:50Z", "sentiment": 0.7964, "entities": []}, {"author": "@vishalpatel7201", "comment": "At around 16:24 , you talked about loosing the TFSA contribution space permanently , this only happens if you cash-out of you TFSA account, correct ? I hope you are talking about  withdrawing out of the TFSA account. Last year I sold some share to later buy other company shares .", "likes": 0, "published_at": "2022-01-09T05:16:14Z", "sentiment": 0.743, "entities": []}, {"author": "@Rosalynn78", "comment": "Newb question. If I contribute $6000 this year but it grows to $7000, does that means I'm over?", "likes": 0, "published_at": "2022-01-08T19:35:44Z", "sentiment": 0.0, "entities": []}, {"author": "@Kris_Makes_Videos_at_3am", "comment": "Amazing video as always. Thank you, Brandon!\n\nI have a video suggestion if you have the time :) Basically, a breakdown of investing in US stocks and ETFs and the pros and cons that come with it. \n\nI checked out your IRS withholding tax video and it was incredibly informative. In that, you mention conversion fees as being something we\u2019d want to watch out for. It would be great if you could do a detailed breakdown of other factors to watch out for \ud83d\ude0a", "likes": 8, "published_at": "2022-01-08T02:19:54Z", "sentiment": 0.9324, "entities": ["ETFs", "IRS"]}, {"author": "@anthonymanciniFBA", "comment": "Love the tip about transferring money into your spouse's TFSA, definitely something I missed in my video. That's why you're the man! \n\nGreat video!", "likes": 1, "published_at": "2022-01-07T18:28:00Z", "sentiment": 0.8856, "entities": []}, {"author": "@wonggentle", "comment": "wow! Thanks a lot man!", "likes": 0, "published_at": "2022-01-07T17:07:16Z", "sentiment": 0.8065, "entities": []}, {"author": "@johntam1789", "comment": "in my cra account I found out it is off by $6000", "likes": 0, "published_at": "2022-01-07T04:42:55Z", "sentiment": 0.0, "entities": []}, {"author": "@suganthanm782", "comment": "Hey Brandon, How long do you need to keep investments in your TFSA account, before you can sell them? Silly question, but what is consider longterm investments, short term investments and day trading?", "likes": 3, "published_at": "2022-01-07T02:44:35Z", "sentiment": 0.1053, "entities": []}, {"author": "@volgg", "comment": "We the North", "likes": 0, "published_at": "2022-01-07T00:56:08Z", "sentiment": 0.0, "entities": []}, {"author": "@fp2687", "comment": "What do you think about annuity????", "likes": 0, "published_at": "2022-01-06T23:42:23Z", "sentiment": 0.0, "entities": []}, {"author": "@rajeevjagasia", "comment": "Thanks for the video.. very helpful..\nIf I was choosing the ETF way, should I invest entire 6k in January itself or break it down to monthly SIP payments?", "likes": 0, "published_at": "2022-01-06T19:44:00Z", "sentiment": 0.4404, "entities": ["ETF"]}, {"author": "@Singhdiy", "comment": "@1:56 How does this work for a new immigrant? If they were not a resident of Canada before a specific year do they also get the complete contribution limit before the year they became a resident of Canada?", "likes": 0, "published_at": "2022-01-06T15:12:07Z", "sentiment": 0.0, "entities": []}, {"author": "@rb239rtr", "comment": "Not used due to lack of money for so many people.  \n\nIf you look at the yearly allotments, in 2015, it was increased to $10,000.  This was a conservative government ploy to get votes from mostly older voters that have excess cash.  THe liberals won the election and knocked the contribution back.  The thought at the time was that only the old and the rich would benefit from the jump.\n\nRegardless, for a young person or a person with small income, the TFSA may be superior to an RRSP for retirement.  You should look at this potential in the hierarchy of savings.", "likes": 0, "published_at": "2022-01-06T14:40:55Z", "sentiment": 0.9274, "entities": ["RRSP"]}, {"author": "@chicky6three", "comment": "A GIC does not keep up with inflation!", "likes": 0, "published_at": "2022-01-06T04:01:50Z", "sentiment": 0.0, "entities": ["GIC"]}, {"author": "@thestatslab2447", "comment": "Best video watched in 2022! :)", "likes": 0, "published_at": "2022-01-06T02:25:15Z", "sentiment": 0.8172, "entities": []}, {"author": "@jakedice3713", "comment": "Let's Go Brandon", "likes": 1, "published_at": "2022-01-06T00:30:41Z", "sentiment": 0.0, "entities": []}, {"author": "@DaStockAnalyst", "comment": "U from toronto?", "likes": 0, "published_at": "2022-01-05T23:11:31Z", "sentiment": 0.0, "entities": []}, {"author": "@CanadianDividendInvesting", "comment": "Great video man, tons of great info here!", "likes": 1, "published_at": "2022-01-05T22:15:36Z", "sentiment": 0.8588, "entities": []}, {"author": "@momo35444", "comment": "those are some great tips brandon. thanks again for the perfect tfsa video", "likes": 0, "published_at": "2022-01-05T21:52:11Z", "sentiment": 0.8934, "entities": []}, {"author": "@Cornuts1000", "comment": "Can you have your children set up a successor or do your children have to be set up as beneficiary??  You didn\u2019t mention this.", "likes": 0, "published_at": "2022-01-05T21:47:09Z", "sentiment": 0.6553, "entities": []}, {"author": "@TheRcaquino", "comment": "Hi Brandon, I\u2019m interested to know if it\u2019s only the husband to put as a successor or other member of the family. Like example daughter?", "likes": 0, "published_at": "2022-01-05T20:05:27Z", "sentiment": 0.7269, "entities": []}, {"author": "@MurrMan23", "comment": "How about taking the $6000 or more and putting it into your RRSP instead of TFSA. Basically expecting to get a good tax return and then investing that return into your TFSA. I am probably going this route.", "likes": 1, "published_at": "2022-01-05T18:05:30Z", "sentiment": 0.4404, "entities": ["RRSP"]}, {"author": "@leadingworld", "comment": "Hi, plz I have a question, am an international student here, I have a cotisation window of approximatly 23k in my TFSA. I created a questrade account and wanna try my luck.\nPls if you can share at what price you think each of the blueship stocks are a best buy and also for the one you mentionned in the orher video(TSE:ATD, NYSE:LMT and TSE:MFC), I also like costco but I see that it's already on its ATH.", "likes": 0, "published_at": "2022-01-05T15:34:54Z", "sentiment": 0.775, "entities": ["video(TSE", "ATD", "NYSE", "LMT", "TSE", "ATH"]}, {"author": "@ashleyhunstad5100", "comment": "What platform were you using in this video ? What platforms would you reccomend ? Great video love ALL of your videos. Thank you \ud83d\ude4f", "likes": 1, "published_at": "2022-01-05T12:24:24Z", "sentiment": 0.9034, "entities": ["\ud83d\ude4f"]}, {"author": "@niranmojo", "comment": "Moved 102 shares or 3000$ of Telus from my cash account to TFSA \nAdded 5000$ of QQC Nasdaq etf to my TFSA", "likes": 0, "published_at": "2022-01-05T04:11:29Z", "sentiment": 0.296, "entities": []}, {"author": "@MountainFinance", "comment": "You always want to be on the cautious side when trying to grow your TFSA room. \ud83d\ude42", "likes": 3, "published_at": "2022-01-05T03:52:17Z", "sentiment": -0.0258, "entities": []}, {"author": "@carlbadayos9926", "comment": "Hey Brandon, does the additional $6000 room this year in effect already? Or do I have to wait until after I file my taxes and CRA sends an email with my new room for TFSA and RRSP? Thanks for the video btw. Great content", "likes": 1, "published_at": "2022-01-05T01:21:35Z", "sentiment": 0.8105, "entities": ["CRA", "RRSP"]}, {"author": "@dan1025", "comment": "I had the utmost confidence in you and looked up to you for guidance. Now things have changed all because you wore a shirt with the word \"Toronto\". I can no longer look at you the same way.", "likes": 1, "published_at": "2022-01-05T00:23:54Z", "sentiment": 0.2732, "entities": []}, {"author": "@tomv2302", "comment": "This is the info I needed to hear \nThanks Brandon", "likes": 0, "published_at": "2022-01-04T23:31:12Z", "sentiment": 0.4404, "entities": []}, {"author": "@nochannel7100", "comment": "Hey Brandon,\n\n18 and above, Does it apply to even those who have just recently migrated to Canada?", "likes": 0, "published_at": "2022-01-04T22:29:40Z", "sentiment": 0.0, "entities": []}, {"author": "@haroldcho4063", "comment": "Munger just doubled down on BABA again!!!!!!!!!!!!!!!!!!!!!!!", "likes": 0, "published_at": "2022-01-04T21:14:45Z", "sentiment": 0.0, "entities": []}, {"author": "@sanjitsingh8852", "comment": "Great video \ud83d\udc4d\n\nIf I take money out of TFSA account, will it free up my contribution room or I loose it ?", "likes": 1, "published_at": "2022-01-04T20:52:22Z", "sentiment": 0.7269, "entities": []}, {"author": "@PTChris1", "comment": "great advice!", "likes": 0, "published_at": "2022-01-04T20:33:03Z", "sentiment": 0.6588, "entities": []}, {"author": "@balshers", "comment": "Hey Brandon, great video like always. Quick question. I turned 18 in 2009, but immigrated to Canada in 2013. So my 1st tax return was for 2013. I assume I don't get the TFSA contribution room for 2009-2012. But my CRA account DOES include that in their calculations. Should I call them? Or let it be, and do my own calculations?", "likes": 3, "published_at": "2022-01-04T19:13:21Z", "sentiment": 0.5661, "entities": ["CRA", "DOES"]}, {"author": "@pierredsouza46", "comment": "Are SP 500 ETF still subject to US withholding tax?", "likes": 1, "published_at": "2022-01-04T15:39:44Z", "sentiment": 0.0, "entities": []}, {"author": "@furuderika8093", "comment": "im still kinda beginner.  I am no where near close to maxing the tfsa, nor have the funds to even do so.  Is this bad?  Should i focus on maxing it first?", "likes": 1, "published_at": "2022-01-04T15:15:03Z", "sentiment": -0.7751, "entities": []}, {"author": "@AtharAfzal", "comment": "This is great advice!\n\nTo answer your question on why people don't invest is because they probably don't have the extra savings or room to invest and are probably living hand to mouth.   Others just may not have stable jobs/careers.", "likes": 1, "published_at": "2022-01-04T14:32:05Z", "sentiment": 0.129, "entities": []}, {"author": "@Southwesterncannabis", "comment": "I am looking at buying more stocks in grocery store based I am not shue of NWC  but has a 4% dividend my  dol is on a bull run and have no idea when it will trade sideways I like AAA stocks for my tfsa i quit high risk  with my tfsa", "likes": 0, "published_at": "2022-01-04T13:41:08Z", "sentiment": -0.296, "entities": ["NWC", "AAA"]}, {"author": "@theletterx8828", "comment": "Knowing Qu\u00e9bec likes to do their own thing, are the rules the same in Qu\u00e9bec as for the successor upon death?", "likes": 0, "published_at": "2022-01-04T11:56:23Z", "sentiment": -0.0516, "entities": []}, {"author": "@Im2qwik", "comment": "Oh yes they (cra) will care if you over contribute 2:49", "likes": 0, "published_at": "2022-01-04T09:43:21Z", "sentiment": 0.7096, "entities": []}, {"author": "@Konstantin19877", "comment": "1. If I withdraw 10k from TFSA will I be able to recontribute 10k back?\n2. If stock worth of 10k went down to 0k will I be able to recontribute 10k back to tfsa or I have lost 10k contributions room?", "likes": 1, "published_at": "2022-01-04T08:56:29Z", "sentiment": -0.1926, "entities": []}, {"author": "@devalraval007", "comment": "Hey Brandon, Happy new Year and thanks for fantastic video. I would like to bring up Pembina Pipeline stock which pays out monthly. Little puzzled by the dividend payouts every month? Could you please elab more on it if possible? Thanks a lot.", "likes": 0, "published_at": "2022-01-04T05:32:43Z", "sentiment": 0.9505, "entities": ["Pembina Pipeline"]}, {"author": "@AaDd-xp1bw", "comment": "Can't you also lend out as private mortage within TFSA?", "likes": 0, "published_at": "2022-01-04T05:27:57Z", "sentiment": 0.0, "entities": []}, {"author": "@simpsonsrock1818", "comment": "Would not recommend GICs with these low rates that become more worthless as inflation rises. Maybe TIPs or the Canadian-equivalent RRBs if you want a conservative portion in your portfolio.", "likes": 0, "published_at": "2022-01-04T05:27:55Z", "sentiment": -0.7272, "entities": []}, {"author": "@karenfrancis1581", "comment": "I\u2019m new to this but definitely learning a lot from you. Hope to start investing soon.", "likes": 0, "published_at": "2022-01-04T04:31:44Z", "sentiment": 0.8126, "entities": []}, {"author": "@amandeepsudhera5867", "comment": "Hi   I have 1 question regarding tfsa \n\n If I sell a stock that I hold in my tfsa account that will be considered as a withdrawal , even I just sell it not withdrawing money from the account?", "likes": 1, "published_at": "2022-01-04T04:19:43Z", "sentiment": 0.0258, "entities": []}, {"author": "@StandUpForCanada1867", "comment": "Brandon is moving to TORONTO (nice shirt) \ud83d\udc4c\ud83d\ude09", "likes": 0, "published_at": "2022-01-04T04:15:56Z", "sentiment": 0.0, "entities": ["TORONTO"]}, {"author": "@pubby10", "comment": "Love the vids man. So useful. Can we get a vid on some good Canadian/US recovery stocks? In a previous vid you were talking about good investment during a recovery being things like appliances, farming equipment, materials, stuff like that. Would love to learn more \ud83d\udc4d\ud83d\udc4d\ud83d\udc4d", "likes": 0, "published_at": "2022-01-04T04:05:23Z", "sentiment": 0.9698, "entities": []}, {"author": "@AC-rb6ut", "comment": "Always get helpful information from you.  Thank you Brandon.  Happy New Year to you and your family !", "likes": 0, "published_at": "2022-01-04T03:31:37Z", "sentiment": 0.8516, "entities": []}, {"author": "@jimmbboe", "comment": "Hmmm,   ATZ. I've been eyeing that stock.", "likes": 0, "published_at": "2022-01-04T03:26:48Z", "sentiment": 0.0, "entities": []}, {"author": "@keighleymchugh4637", "comment": "Love this, great video as usual, hoping for a more stock picks videos, lets talk about BA, DIS, PYPL.. etc good companies that did not do well last year..", "likes": 0, "published_at": "2022-01-04T03:02:06Z", "sentiment": 0.9214, "entities": ["BA", "DIS", "PYPL"]}, {"author": "@donmcleod2235", "comment": "Brandon, we'll done! Great video kick off to launch 2022 investing! :)", "likes": 0, "published_at": "2022-01-04T02:49:40Z", "sentiment": 0.8264, "entities": []}, {"author": "@dennismatt11", "comment": "where can I find a link to this dividend calculator?", "likes": 2, "published_at": "2022-01-04T02:05:23Z", "sentiment": 0.0, "entities": []}, {"author": "@guitarguy5475", "comment": "Excellent video, topped our TFSA's thanks to you. Love your enthusiasm Brandon, you have found your calling, keep up the good work. Happy New Year to your family.", "likes": 1, "published_at": "2022-01-04T02:01:47Z", "sentiment": 0.9652, "entities": []}, {"author": "@nicolenorton4132", "comment": "Great video Brandon\ud83d\udc4d\ud83c\udffd", "likes": 1, "published_at": "2022-01-04T01:34:16Z", "sentiment": 0.6249, "entities": []}, {"author": "@citizenm9590", "comment": "Where did you get that raps t-shirt I like it", "likes": 0, "published_at": "2022-01-04T01:13:52Z", "sentiment": 0.3612, "entities": []}, {"author": "@citizenm9590", "comment": "Nice entro music my guy", "likes": 0, "published_at": "2022-01-04T01:13:35Z", "sentiment": 0.4215, "entities": []}, {"author": "@thesonofqueenidia3007", "comment": "Thanks for the vids. Im really trying to understand financial planning. I Have thousands sitting in chequing and savings and have no idea what to do with it.", "likes": 11, "published_at": "2022-01-04T01:06:30Z", "sentiment": 0.1779, "entities": []}, {"author": "@kelleyhaldorson209", "comment": "Can you do that successor thing with your RRSP?", "likes": 0, "published_at": "2022-01-04T00:59:25Z", "sentiment": 0.2263, "entities": ["RRSP"]}, {"author": "@cheynebest7028", "comment": "Shout out to all the future tax free millionaires! My suggestion is to focus on growth companies long term over blue chip dividend payers. Tfsa dividends get taxed on US holdings. Exponential growth is for real! Been very fortunate.", "likes": 4, "published_at": "2022-01-04T00:56:41Z", "sentiment": 0.9057, "entities": []}, {"author": "@Mitch91PyroisB0SS", "comment": "Alot People just don\u2019t have the spare money to put into tfsas or rrsps which is sad, inflation is just crazy high, food is insane, rent, etc, and the wage isn\u2019t going up, the gap is huge", "likes": 2, "published_at": "2022-01-04T00:45:41Z", "sentiment": -0.7096, "entities": []}, {"author": "@udokachiefe5357", "comment": "It turns out that I use my TFSA to do everything you mentioned.", "likes": 0, "published_at": "2022-01-04T00:36:28Z", "sentiment": 0.0, "entities": []}, {"author": "@plda123", "comment": "Important to know about dividend payments in TFSA accounts: \n\nA 15% withholding tax will be applied on dividends generated from US equities since the US government does not consider TFSA as a retirement account.", "likes": 7, "published_at": "2022-01-04T00:29:33Z", "sentiment": 0.2023, "entities": []}, {"author": "@Mike-lp9xp", "comment": "Hi Brandon, do I earn Interest if I have my money in my tsfa amount but it's not invested?", "likes": 0, "published_at": "2022-01-04T00:22:47Z", "sentiment": 0.25, "entities": []}, {"author": "@modeletubosun5655", "comment": "Thank you Brandon for all the information you share here! God bless you", "likes": 0, "published_at": "2022-01-04T00:21:47Z", "sentiment": 0.8356, "entities": []}, {"author": "@CDS13", "comment": "I cant maximize my TFSA cuz I don't have enough money lol", "likes": 8, "published_at": "2022-01-04T00:13:36Z", "sentiment": 0.4215, "entities": []}, {"author": "@TheDiscoknight", "comment": "Is there a discord channel that you use or recommend ? I am looking to surround myself with people who can help me learn more about investing and growing wealth. Thank you for your videos and your time \ud83d\ude00", "likes": 1, "published_at": "2022-01-04T00:12:55Z", "sentiment": 0.836, "entities": []}, {"author": "@t-bonesteak1502", "comment": "Let\u2019s go Brandon!", "likes": 1, "published_at": "2022-01-04T00:11:18Z", "sentiment": 0.0, "entities": []}, {"author": "@canpin", "comment": "Hi Brandon as usual great video. Thanks!\nMy dilemma is where to put my growth investments like VFV or VUS\n\nif in RRSP,  \nPRO: i wont have to pay  witholding tax (because S&P are US stocks) \nCON: Pay Capital Gains tax later on since its Growth, it could grow over time really  big.\n\nif  TFSA\nPRO:  no Capital Gain tax\nCON: Pay Witholding tax \n\nWhich is the lesser evil?\n\nThanks in advance.", "likes": 2, "published_at": "2022-01-04T00:04:51Z", "sentiment": 0.9311, "entities": ["VFV", "RRSP", "S&P", "Capital Gain"]}, {"author": "@davidgagnecote5039", "comment": "If I was to invest 10 000$ in MRNA for example and the stock price dropped and I was to sell at a 10% loss, I would've lost 1000$ of contribution for ever? I would now have a limit of 80 500$ instead of 81 500$? So for every stock that I am unfortunately selling at a loss, that amount is being deducted from the maximum contribution amount correct?", "likes": 0, "published_at": "2022-01-04T00:01:49Z", "sentiment": -0.8334, "entities": []}, {"author": "@dgomes265", "comment": "Do you have an opinion on CDR on the NEO exchange.  Think it is a great way to access US stocks without the exchange costs.", "likes": 0, "published_at": "2022-01-04T00:01:33Z", "sentiment": 0.6249, "entities": ["CDR", "NEO"]}, {"author": "@ab.4425", "comment": "Great video buddy!!", "likes": 0, "published_at": "2022-01-03T23:47:00Z", "sentiment": 0.6892, "entities": []}, {"author": "@holale3508", "comment": "I love your tee shirt! By the way, I\u2019m from Toronto!", "likes": 1, "published_at": "2022-01-03T23:37:41Z", "sentiment": 0.6988, "entities": []}, {"author": "@chrisdubs121", "comment": "Always excited for what I can turn that $6000 blessing into. Still waiting for the increase to level out to inflation", "likes": 1, "published_at": "2022-01-03T23:33:12Z", "sentiment": 0.7845, "entities": []}, {"author": "@javidomgonz", "comment": "Loving the new intro, Brandon! Looking forward to the upcoming videos. Happy New Year :)", "likes": 3, "published_at": "2022-01-03T23:28:49Z", "sentiment": 0.8977, "entities": []}, {"author": "@arshaeskandari7462", "comment": "Very informative, thanks Brandon!", "likes": 3, "published_at": "2022-01-03T23:15:46Z", "sentiment": 0.5378, "entities": []}, {"author": "@financialmarketswithtom4890", "comment": "Fantastic strategy.\n\nThis is the kind of stuff that should be taught in schools!! Great stuff Brandon.", "likes": 43, "published_at": "2022-01-03T23:07:45Z", "sentiment": 0.8513, "entities": []}, {"author": "@beaviswealth", "comment": "\ud83d\udcc8\ud83d\udcda As always, if you're a beginner to the Stock Market in Canada and you're looking for a step-by-step blueprint on how to get started... Find out more about our Investing Academy here - https://bit.ly/theinvestingacademy", "likes": 8, "published_at": "2022-01-03T23:05:44Z", "sentiment": 0.0, "entities": ["the Stock Market", "Investing Academy"]}, {"author": "@beefiee", "comment": "Firsttttt :)", "likes": 0, "published_at": "2022-01-03T23:02:02Z", "sentiment": 0.4588, "entities": []}]