[{"author": "@beaviswealth", "comment": "Hey Everyone! Here is a list of all of the funds mentioned in today's video for you to check out further. Don't forget to drop a THUMBS UP if you enjoyed! :) \n\nVDY - https://www.vanguardcanada.ca/advisors/products/en/detail/etf/9560/equity\nXEI - https://www.blackrock.com/ca/investors/en/products/239846/ishares-sptsx-equity-income-index-etf?switchLocale=y&siteEntryPassthrough=true\nVRE - https://www.vanguardcanada.ca/advisors/products/en/detail/etf/9559/equity\nZWC - https://www.bmogam.com/ca-en/advisors/zwc-bmo-canadian-high-dividend-covered-call-etf/\n\n\ud83d\udcc8\ud83d\udcda As always, if you're a beginner to the Stock Market in Canada and you're looking for a step-by-step blueprint on how to get started... Find out more about our Investing Academy here - https://bit.ly/theinvestingacademy", "likes": 56, "published_at": "2021-05-25T17:14:51Z", "sentiment": 0.8542, "entities": ["the Stock Market", "Investing Academy"]}, {"author": "@wayneapplewh1002", "comment": "Where is the link to the Investment Academy?", "likes": 0, "published_at": "2024-03-19T05:01:34Z", "sentiment": 0.0, "entities": ["the Investment Academy"]}, {"author": "@wayneapplewh1002", "comment": "Are these 4 Index Funds still a good buy today March 19?", "likes": 0, "published_at": "2024-03-19T04:40:48Z", "sentiment": 0.4404, "entities": []}, {"author": "@hermes8258", "comment": "Thanks for the education. Tiny criticism: I must read not listen (you misidentify the ticker many times as if you are confused about letters)", "likes": 0, "published_at": "2024-03-07T07:24:31Z", "sentiment": -0.3182, "entities": []}, {"author": "@steveboxing", "comment": "Great info, thanks", "likes": 0, "published_at": "2024-02-27T13:20:55Z", "sentiment": 0.7906, "entities": []}, {"author": "@canpin", "comment": "Thanks for the video. For me, all good except ZWC. capital errosion over the years. Waiting to bounce back so i can sell all my ZWCs.", "likes": 0, "published_at": "2023-12-18T05:37:26Z", "sentiment": 0.7003, "entities": ["ZWC"]}, {"author": "@alextennis24", "comment": "Great video Brandon. Do you recommend putting these 4 etfs, in a RRSP acount, and let them go.. or trade them in a TFSA and trade them on your own, or both ? Also, is there a specific entry action price that you would recommend for these etfs ? Thx", "likes": 0, "published_at": "2023-01-11T19:37:27Z", "sentiment": 0.8992, "entities": ["RRSP"]}, {"author": "@VishalYadav-dd2lu", "comment": "Hi Brandon, in  the BMO fund if we invest 100$ so at the year end we will be earning 11$ - MER?", "likes": 0, "published_at": "2022-10-12T02:00:09Z", "sentiment": 0.0, "entities": ["BMO"]}, {"author": "@amazeyosa", "comment": "Hi! Can I buy these ETF in Wealthsimple?", "likes": 0, "published_at": "2022-10-08T20:37:54Z", "sentiment": 0.0, "entities": []}, {"author": "@vanessameneghelliarantesvi6922", "comment": "Not sure how to use the Wealthsimple trade... I've downloaded the app, which does not say \"trade\" and I don't see any option for register accounts...", "likes": 0, "published_at": "2022-09-10T01:05:03Z", "sentiment": -0.2411, "entities": []}, {"author": "@RAKEyon", "comment": "Thanks good info", "likes": 0, "published_at": "2022-09-07T02:21:25Z", "sentiment": 0.7003, "entities": []}, {"author": "@RAKEyon", "comment": "Take a look into vanguard (VOO)", "likes": 1, "published_at": "2022-09-07T02:20:53Z", "sentiment": 0.0, "entities": ["VOO"]}, {"author": "@KC-yc4dq", "comment": "How do I buy EDV", "likes": 0, "published_at": "2022-07-03T02:50:37Z", "sentiment": 0.0, "entities": ["EDV"]}, {"author": "@ghs3441", "comment": "Why I am not understanding this ?? It frustrating to watch contents with loads of strange terminology for dummies...", "likes": 0, "published_at": "2022-06-11T21:58:13Z", "sentiment": -0.6199, "entities": []}, {"author": "@adamo1827", "comment": "ZWC ZDV ZRE\u2026the triple threat", "likes": 0, "published_at": "2022-04-08T01:14:15Z", "sentiment": -0.5267, "entities": ["ZWC ZDV ZRE"]}, {"author": "@nileshaggarwal424", "comment": "Hey Brandon,\nIs ZWC still a good buy today?\nAlso, if am looking for a long term return (say 1-2 years), how much would you advise me to start putting in monthly into this and the other ETFs that you talked about?\nPS: My savings for a month are around 1000 CADs, so please advise a breakdown.\nMany thanks ^_^", "likes": 1, "published_at": "2022-04-06T16:39:38Z", "sentiment": 0.8462, "entities": ["ZWC", "PS"]}, {"author": "@the_noble_lefty", "comment": "Hey Brandon. I like XEI and it\u2019s the only etf I invest in(about 2 years now). Do you think it\u2019s safe to invest everything into one etf?", "likes": 1, "published_at": "2022-03-24T00:42:22Z", "sentiment": 0.6597, "entities": []}, {"author": "@darkbroseph", "comment": "Should you own multiple ETFS in the same portfolio? for example XIC.TO and ZCN.TO or is that a redundant approach", "likes": 2, "published_at": "2022-03-21T21:11:41Z", "sentiment": 0.0, "entities": ["ETFS", "XIC.TO"]}, {"author": "@keeperofthelists4771", "comment": "Anyone know where to actual go where to buy the ETF'S?", "likes": 0, "published_at": "2022-03-14T03:05:30Z", "sentiment": 0.0, "entities": []}, {"author": "@luicandeias8471", "comment": "Hey everyone, I'm completely new to investing and I'm here to learn! Just based on this video I'm not sure what the advantage of investing is. In one example if I have $100,000 in one of these ETF's and receive a annual return of 0.38% minus the MER fee it's about $300. How do people get wealthy investing? I understand many do so I'm simply asking out of pure ignorance of course. Is this a case of it takes money to make money, in order to become wealthy?", "likes": 1, "published_at": "2022-03-10T15:08:28Z", "sentiment": 0.4922, "entities": ["MER"]}, {"author": "@bountifire", "comment": "If I had 100K to invest that I don't need to touch and 150K that I may need in 5 years, what should I buy? I would like to be able to spend dividends if needed.", "likes": 0, "published_at": "2022-02-14T11:54:41Z", "sentiment": 0.3612, "entities": []}, {"author": "@sanjeevbhogal6818", "comment": "same as stock market goes low like crazy", "likes": 0, "published_at": "2022-02-13T16:56:12Z", "sentiment": -0.25, "entities": []}, {"author": "@joelaneve8664", "comment": "Great Video! Very simple to understand. Can you purchase these ETF'S in TFSA?", "likes": 0, "published_at": "2022-02-06T14:47:40Z", "sentiment": 0.6588, "entities": ["Great Video"]}, {"author": "@chuckstevenson6846", "comment": "Great video", "likes": 0, "published_at": "2022-01-26T18:49:24Z", "sentiment": 0.6249, "entities": []}, {"author": "@angelocardoc", "comment": "DFN\nEIT-un\nLBS\nTXF\nENS\nGDV", "likes": 1, "published_at": "2022-01-22T04:52:56Z", "sentiment": 0.0, "entities": ["DFN", "EIT", "TXF", "ENS", "GDV"]}, {"author": "@garnettewilliams5765", "comment": "Thanks you\u2019re awesome \ud83d\udc4f", "likes": 0, "published_at": "2022-01-12T04:00:53Z", "sentiment": 0.7906, "entities": []}, {"author": "@mattcap5103", "comment": "I don\u2019t get the point to own 3% returns dividends when the inflation price is around the same percentage. Could someone explain this ? How is it profitable?", "likes": 1, "published_at": "2022-01-12T02:35:54Z", "sentiment": 0.504, "entities": []}, {"author": "@thelastkiwi", "comment": "None of these ETF are interesting to me. THe yield is too high for the price you are paying per share.", "likes": 0, "published_at": "2022-01-12T01:51:38Z", "sentiment": 0.5994, "entities": []}, {"author": "@jupitereye4322", "comment": "How is Vanguard 2.48% a good yield if the inflation in 2021 was 4.2%? On average, taking the last 4 years' average inflation this is barely tracking just above the inflation rate. There are other much better options for income dividend, pretty stable and probably more than double than what Vanguard is offering.", "likes": 1, "published_at": "2022-01-11T03:17:08Z", "sentiment": 0.8807, "entities": ["Vanguard"]}, {"author": "@JSB-2Z-2K", "comment": "Should one invest just in ETF index funds if they want high dividends and lower risks, or also add something else ?", "likes": 0, "published_at": "2022-01-10T23:51:52Z", "sentiment": -0.4588, "entities": ["ETF"]}, {"author": "@newcomp30", "comment": "DF\nDFN", "likes": 0, "published_at": "2022-01-10T17:28:20Z", "sentiment": 0.0, "entities": ["DF"]}, {"author": "@chenikastewart8397", "comment": "Thank you  this is great info", "likes": 0, "published_at": "2022-01-10T04:58:25Z", "sentiment": 0.765, "entities": []}, {"author": "@neiljohnson7914", "comment": "VDY is not high yield. As of Dec 7 2022, it's dividend yield is only 3.49%", "likes": 0, "published_at": "2022-01-07T20:05:58Z", "sentiment": 0.0, "entities": ["VDY"]}, {"author": "@sailedship6530", "comment": "Do you pay taxes on this outside TFSA ?", "likes": 0, "published_at": "2022-01-07T06:24:14Z", "sentiment": -0.1027, "entities": []}, {"author": "@chilltime4346", "comment": "Just to put a final option out there for who ever reads this (not financial advice please look into this stock before buying) but TNT.UN trades for a average of 7.4$ a share and each share pays 5 cents a month constantly they are a real-estate company who rent most of their land to the canadian government", "likes": 0, "published_at": "2022-01-05T23:30:31Z", "sentiment": 0.7391, "entities": []}, {"author": "@mohitwadhwa86", "comment": "Hello Brandon the return you show their is on monthly basis or annually ?", "likes": 1, "published_at": "2022-01-04T05:43:10Z", "sentiment": 0.0, "entities": []}, {"author": "@brokegirlinvesting", "comment": "Still new to all this. Thank you for sharing!", "likes": 1, "published_at": "2022-01-03T00:52:45Z", "sentiment": 0.7155, "entities": []}, {"author": "@jefferyhatch2838", "comment": "Been watching lots of videos lately Brandon \nSo ZWC will give me 11 cents a month per share or 11 cents a year per share?", "likes": 0, "published_at": "2022-01-02T23:20:36Z", "sentiment": 0.5267, "entities": ["ZWC"]}, {"author": "@derangedbutfun", "comment": "Thumbs up immediately. Will return to view in greater details (with a notebook)! Thanks for continuing to offer a Canadian perspective on how we can improve up here, too. \ud83c\udf41", "likes": 0, "published_at": "2021-12-31T18:25:16Z", "sentiment": 0.8221, "entities": []}, {"author": "@jordan_.zx10r", "comment": "Hey I have $5000 I\u2019m investing. Let me know how this sounds thanks. \n\n2000 into XEQT \n2000 into TEC \nAnd 1000 into BTCC", "likes": 0, "published_at": "2021-12-30T05:42:49Z", "sentiment": 0.4404, "entities": ["XEQT", "TEC", "BTCC"]}, {"author": "@pilbomags488", "comment": "Let's go Bran..........ah Nevemind", "likes": 0, "published_at": "2021-12-27T15:45:40Z", "sentiment": 0.0, "entities": []}, {"author": "@grahamatkinson9591", "comment": "Hello. I have TD ETF's. Mainly TPU and and a global tech etf from TD. Are they reliable?", "likes": 0, "published_at": "2021-12-24T23:07:43Z", "sentiment": 0.0, "entities": ["TD"]}, {"author": "@williamsarthur7328", "comment": "Nice", "likes": 0, "published_at": "2021-12-13T14:48:31Z", "sentiment": 0.4215, "entities": []}, {"author": "@Davidjune1970", "comment": "You are giving away so much in MER on a fund. You could buy BMO stock directly at $137/share and get $1.06 per share per quarter with zero MER \u2026. That\u2019s 3% per year and they\u2019ve been consistent for decades with dividends.", "likes": 0, "published_at": "2021-11-27T14:14:44Z", "sentiment": 0.5574, "entities": ["BMO"]}, {"author": "@senthilkumarflash", "comment": "Awesome selection. I don't own but good to do some research.", "likes": 0, "published_at": "2021-11-25T04:09:02Z", "sentiment": -0.1429, "entities": []}, {"author": "@treborunique2905", "comment": "Hey Brandon,  my question. Is\nIt  safe to buy this stocks to Wealth Simple if I buy around 200 shares of VDY or more? Thank you Sir..", "likes": 0, "published_at": "2021-11-21T19:23:31Z", "sentiment": 0.8777, "entities": ["VDY"]}, {"author": "@jquinlan94", "comment": "How does someone start investing in ETFs? Registered or non-registered? Is the VDY and VRE only available with Vanguard? Do you use websites like wealth simple or quest trade?", "likes": 0, "published_at": "2021-11-21T12:13:24Z", "sentiment": 0.7691, "entities": ["VDY", "VRE", "Vanguard"]}, {"author": "@FPSCongo1", "comment": "DGS. 17% anual dividend distributed monthly", "likes": 1, "published_at": "2021-11-21T06:10:13Z", "sentiment": 0.0, "entities": []}, {"author": "@kongwubba81", "comment": "XIC?", "likes": 0, "published_at": "2021-11-16T19:02:06Z", "sentiment": 0.0, "entities": ["XIC"]}, {"author": "@sprhowie", "comment": "Spend hundreds of dollars and earn cents...... yeah sounds great lol", "likes": 0, "published_at": "2021-11-16T16:47:54Z", "sentiment": 0.8442, "entities": []}, {"author": "@yak48", "comment": "Let\u2019s go Brandon !!!!!", "likes": 0, "published_at": "2021-11-16T03:29:53Z", "sentiment": 0.0, "entities": []}, {"author": "@bestknightmare", "comment": "Congrats! Can you do a video on tencent? I know you did a Baba about a month ago. Is it still a buy to hold a year or two?", "likes": 0, "published_at": "2021-11-14T22:54:45Z", "sentiment": 0.6189, "entities": []}, {"author": "@libraryofdos", "comment": "3-7% annually is garbage", "likes": 0, "published_at": "2021-11-14T02:27:36Z", "sentiment": 0.0, "entities": []}, {"author": "@tatoute1", "comment": "9 cents a month for 39$? means 2.7% by year? Seems not very impressive.", "likes": 1, "published_at": "2021-11-13T10:39:29Z", "sentiment": -0.5071, "entities": []}, {"author": "@danaobrams6095", "comment": "Vanguard, Black Rock, no thank you", "likes": 0, "published_at": "2021-11-12T23:01:48Z", "sentiment": 0.0772, "entities": ["Vanguard"]}, {"author": "@malikknight5503", "comment": "What about the fees and MER? Is it worth it", "likes": 0, "published_at": "2021-11-09T13:22:44Z", "sentiment": 0.2263, "entities": []}, {"author": "@shaunascanlan2869", "comment": "Great variety of options Brandon !  I did not know about the ZWC and will dig a little deeper.....might be a good option for my Liff account :)", "likes": 1, "published_at": "2021-11-09T01:36:01Z", "sentiment": 0.8758, "entities": ["ZWC"]}, {"author": "@bmw35bk", "comment": "Let's go brandon!", "likes": 0, "published_at": "2021-11-08T04:18:56Z", "sentiment": 0.0, "entities": []}, {"author": "@sarahanne3612", "comment": "The fees per year are if you invest with a broker but if you invest with wealth simple are there yearly fees also ?", "likes": 1, "published_at": "2021-11-08T00:34:36Z", "sentiment": 0.6486, "entities": []}, {"author": "@HeshamAl-Eryani", "comment": "Why does it say MER 0.22 and Management fee 0.2? does that mean I will pay 0.42% in total?", "likes": 0, "published_at": "2021-11-07T18:40:44Z", "sentiment": -0.1926, "entities": ["MER 0.22"]}, {"author": "@eugenechang155", "comment": "VEQT for the winnnnnnnnnn", "likes": 0, "published_at": "2021-11-07T18:38:05Z", "sentiment": 0.0, "entities": []}, {"author": "@Kraigmire", "comment": "Anyone have TXF? Near 10% dividend and unlike ZWC, whose value is slowly declining over time, TXF is going up a lot. It is only tech so not very diversified, but is there another downside to this ETF?", "likes": 1, "published_at": "2021-11-06T01:40:59Z", "sentiment": -0.2869, "entities": ["TXF", "ZWC", "TXF"]}, {"author": "@simonac688.", "comment": "Well explained and subcribed \ud83d\udc4d", "likes": 0, "published_at": "2021-11-06T00:19:49Z", "sentiment": 0.2732, "entities": []}, {"author": "@kimmykero2421", "comment": "I own and like both XIC and XEI.  Your videos are invaluable...your are offering a great service to novice investors!  Thank you!!", "likes": 9, "published_at": "2021-11-05T23:34:59Z", "sentiment": 0.8743, "entities": ["XIC"]}, {"author": "@antonfernando8409", "comment": "sorry, how do you buy these ETFs? is it thru the banks ?", "likes": 0, "published_at": "2021-11-05T20:13:00Z", "sentiment": -0.168, "entities": []}, {"author": "@antonfernando8409", "comment": "can I buy these ETFs as part of my RRSP ? thanks.", "likes": 0, "published_at": "2021-11-05T20:11:25Z", "sentiment": 0.4404, "entities": ["RRSP"]}, {"author": "@djmatt4498", "comment": "So they pay you 0.9 cent for every stock I have so if I put 5000 in it you telling me I am going to get Around 4500$ a month", "likes": 1, "published_at": "2021-11-03T01:02:59Z", "sentiment": -0.1725, "entities": []}, {"author": "@em-dy3hn", "comment": "Thank you!", "likes": 0, "published_at": "2021-11-01T03:23:37Z", "sentiment": 0.4199, "entities": []}, {"author": "@sophialcygnus", "comment": "can you do a video on qtrade. thanx", "likes": 0, "published_at": "2021-10-19T11:33:05Z", "sentiment": 0.0, "entities": []}, {"author": "@aashishpednekar7119", "comment": "I own a stock which has 6.97% dividend. But I get monthly return worth x 0.006 rather than getting x 0.06. How does this work? Can you help me out or explain this please ?", "likes": 1, "published_at": "2021-10-13T22:45:26Z", "sentiment": 0.8657, "entities": []}, {"author": "@paulpoco22", "comment": "XDV?", "likes": 0, "published_at": "2021-09-18T01:55:38Z", "sentiment": 0.0, "entities": ["XDV"]}, {"author": "@joshuamaiato4716", "comment": "What about xic ?", "likes": 0, "published_at": "2021-09-13T18:51:50Z", "sentiment": 0.0, "entities": []}, {"author": "@MegsCarpentry-lovedogs", "comment": "If anyone is interested in an ETF that is also medium risk and in the Health sector, I have been buying HHL.  Believe it or not it is a CANADIAN ETF stock with USA health stocks in it.So you are NOT hit with any withholding tax because it is based out of Canada! Bonus!\nIt has an mer of 0.85% and  as of today, in a pullback situation, its price is around $8.47, wth a yield of over 8%.  It has about 23 stocks and one of the is USA Pfizer...there is Astrazenica as well.  Hope this helps. I have it in my TFSA because this ETF, as with most, does not have preferential tax treatment. In other words it does not qualify for the Canadian dividend credit, so its dividends outside an RRSP or TFSA would be fully taxable and added on to your income total.Hope this helps....cheers from  A successful DIY Canadian investor Meg", "likes": 1, "published_at": "2021-09-10T18:15:14Z", "sentiment": 0.9358, "entities": ["Health", "HHL", "USA Pfizer", "RRSP", "DIY"]}, {"author": "@artsmart", "comment": "Great video Brandon!", "likes": 0, "published_at": "2021-08-29T00:04:36Z", "sentiment": 0.6588, "entities": []}, {"author": "@Meegles309", "comment": "Can we hold these in a non tax fee account and not pay tax on div? Do these index have eligible div to be tax free? :) love your Channel", "likes": 0, "published_at": "2021-08-22T18:43:25Z", "sentiment": 0.9033, "entities": []}, {"author": "@BeeEmEcks", "comment": "Your explanation of the covered call strategy was excellent and very easy to understand! Thanks!", "likes": 0, "published_at": "2021-08-19T18:25:24Z", "sentiment": 0.8854, "entities": []}, {"author": "@miredabraga5156", "comment": "I was told to just focus on VFV..?", "likes": 1, "published_at": "2021-08-18T02:12:27Z", "sentiment": 0.0, "entities": ["VFV"]}, {"author": "@fuadyassin2924", "comment": "I\u2019m trusting you on this \ud83d\ude00 I hope I don\u2019t lose money", "likes": 0, "published_at": "2021-08-17T09:48:09Z", "sentiment": 0.5228, "entities": []}, {"author": "@riceli486", "comment": "good", "likes": 0, "published_at": "2021-08-11T03:09:57Z", "sentiment": 0.4404, "entities": []}, {"author": "@flip_girl6989", "comment": "Hi Brandon, \nThank you for all your tips.  Love listening to you.  I have $1000 that I want to invest in the 4 ETs that you talk about.  How many units should I buy for each?", "likes": 2, "published_at": "2021-07-29T16:12:17Z", "sentiment": 0.7906, "entities": []}, {"author": "@ssss6572", "comment": "Could someone explain the MER to me? If I buy one of these ETFs on WealthSimple for example, I won\u2019t get the full potential of the dividend? And if not, how can I do so?", "likes": 0, "published_at": "2021-07-28T02:22:01Z", "sentiment": 0.0, "entities": ["MER", "WealthSimple"]}, {"author": "@dasynn85", "comment": "If I invest on the TSX into a US based ETF with a TFSA account do I still pay the US withholding tax?", "likes": 1, "published_at": "2021-07-27T15:14:04Z", "sentiment": -0.1027, "entities": ["TSX", "ETF"]}, {"author": "@averagejane09", "comment": "As always, great presentation and so informative. So grateful for your channel. I am late in the investing game so I won't be in the position to gain as much as I would have starting this younger....however, this gives me a chance to help my son learn investing young so he will be further ahead than I was. Not entirely clear on what \"call out\" means but will look it up! Thank you.", "likes": 11, "published_at": "2021-07-25T19:22:30Z", "sentiment": 0.8812, "entities": []}, {"author": "@JohnnyMastro", "comment": "Hi. Can someone explain what distribution yield means and how it differs from dividend yield? There are no vids on the topic.", "likes": 1, "published_at": "2021-07-18T23:44:02Z", "sentiment": -0.296, "entities": []}, {"author": "@buddyqq050", "comment": "Are those dividend we received consider as taxeble income? Do we need to file the gain every year?", "likes": 0, "published_at": "2021-07-18T20:17:01Z", "sentiment": 0.5803, "entities": []}, {"author": "@StHat20", "comment": "For growth ETF's, I recommend Canadians invest in TPE, QQQ, and ZSP.", "likes": 0, "published_at": "2021-07-18T17:54:13Z", "sentiment": 0.6249, "entities": ["TPE", "QQQ", "ZSP"]}, {"author": "@StHat20", "comment": "Thank you. Is the ZWC dvidend an eligible dvidend for Canadian tax purposes.", "likes": 0, "published_at": "2021-07-18T17:52:21Z", "sentiment": 0.3612, "entities": ["ZWC"]}, {"author": "@nicolasgodin5908", "comment": "So I bought some shares of each on wealythsimples, the dividend will be paid on the account? How does it work? Sorry, new investor here :)", "likes": 1, "published_at": "2021-07-16T19:38:39Z", "sentiment": 0.673, "entities": []}, {"author": "@kristhriftsstories9663", "comment": "Nice!", "likes": 0, "published_at": "2021-07-14T21:30:13Z", "sentiment": 0.4753, "entities": []}, {"author": "@TruthAboutRealEstateInvesting", "comment": "Dividend ETFs are a fantastic way to earn truly passive income. I personally like the monthly cash flow of real estate investing, although it's getting harder to find good cash flow in the current market. Another cash flow strategy I've been using for the last two years is stock option trading. It's not as passive as dividend ETFs, but I enjoy it, and if I ever want to switch to a buy and hold strategy with stocks, I can use these same options strategies to buy dividend paying stocks at a discount. Win-Win.", "likes": 0, "published_at": "2021-07-14T17:51:27Z", "sentiment": 0.91, "entities": ["Dividend", "Win-Win"]}, {"author": "@jaypatel6998", "comment": "Can you make video about hedge etf vs unhedged etf which one is better like HXQ vs XQQ?", "likes": 1, "published_at": "2021-07-14T01:02:02Z", "sentiment": 0.6597, "entities": ["HXQ", "XQQ"]}, {"author": "@jordanbfromsk5191", "comment": "Big thumbs up.", "likes": 0, "published_at": "2021-07-13T16:00:57Z", "sentiment": 0.0, "entities": []}, {"author": "@WelderB1Family", "comment": "xei looks really promising!!!", "likes": 0, "published_at": "2021-07-13T01:32:45Z", "sentiment": 0.5952, "entities": []}, {"author": "@ArtByHazel", "comment": "Great info for those who are just starting to invest. Thank you. Watching from Montreal! :)", "likes": 1, "published_at": "2021-07-10T22:13:19Z", "sentiment": 0.8718, "entities": []}, {"author": "@BruceBlitzHasTits", "comment": "earning percentages are too small. they don't even exceed the current (real ) inflation rate. you are actually still losing money.", "likes": 5, "published_at": "2021-07-09T19:10:01Z", "sentiment": -0.3818, "entities": []}, {"author": "@smokey8400", "comment": "Great info but where would you use these in RSP or TFSA? Only 1 of these keep up with inflation do what's the point?", "likes": 1, "published_at": "2021-07-08T22:58:32Z", "sentiment": 0.4423, "entities": ["RSP"]}, {"author": "@vivianefarag", "comment": "Hi there, thanks alot for this informative video.\nim very new to investing. so far i have invested in the total stock market (vti)\n\nWhat would be some good etfs to pair with vti for my portofolio? I live in Toronto. (maybe international and bonds?)\nalso your reccomendations for best tech etf?\n\nany adivce would be greatly appreciated. Thanks alot :)!", "likes": 1, "published_at": "2021-07-08T19:29:43Z", "sentiment": 0.9559, "entities": []}, {"author": "@KyleMurphyArt", "comment": "With COVID potentially changing the nature of work as we know it, and with a homeless epidemic that needs to be addressed - isn't this the exact time to avoid REIT's related to retail spaces, offices, and residences?", "likes": 2, "published_at": "2021-07-07T23:34:11Z", "sentiment": -0.296, "entities": []}, {"author": "@Schecter1989", "comment": "Not an index fund but I'm all in on XDIV. Monthly dividend paying ETF that's a basket of high-quality Canadian dividend paying companies. Mostly banks and utility companies.", "likes": 1, "published_at": "2021-07-07T22:51:33Z", "sentiment": 0.0, "entities": []}, {"author": "@mayday9453", "comment": "2.7% per year?", "likes": 0, "published_at": "2021-07-07T18:30:26Z", "sentiment": 0.0, "entities": []}, {"author": "@jayl2883", "comment": "2.8% is considered high dividend ... LOL Barely covering inflation.", "likes": 1, "published_at": "2021-07-07T05:25:51Z", "sentiment": 0.5473, "entities": []}, {"author": "@powshredder3716", "comment": "VDY shows no dividend at all", "likes": 0, "published_at": "2021-07-06T03:12:37Z", "sentiment": -0.296, "entities": ["VDY"]}, {"author": "@JH-ce2ts", "comment": "AND SRU.UN \ud83d\udc4d\ud83d\ude0d", "likes": 0, "published_at": "2021-07-05T18:36:17Z", "sentiment": 0.0, "entities": []}, {"author": "@herveeleazard5416", "comment": "Good video!!! but i want to know how many shares to buy on these to start a portfolio,,, you mention 100 $$ but can you tell how many shares to start with a reit or etf", "likes": 1, "published_at": "2021-07-05T01:56:59Z", "sentiment": 0.8349, "entities": []}, {"author": "@THEROOK2007", "comment": "Amazing info thank you Brandon for sharing ! \ud83d\udc4d\ud83c\udffe", "likes": 0, "published_at": "2021-07-05T01:43:51Z", "sentiment": 0.8553, "entities": []}, {"author": "@digitalincometactics9858", "comment": "Very interesting I don't own ETF's yet but this is exciting thank you  Brandon!", "likes": 4, "published_at": "2021-07-04T20:47:11Z", "sentiment": 0.8701, "entities": []}, {"author": "@a_d_s5361", "comment": "Awesome video. I\u2019m trying to find a REIT ETF where the biggest holding is in industrial properties (or at least really high in industrial properties). I was going to buy Dream industrial REIT and possibly H&R but was wondering if there are any high industrial ETF\u2019s that I could buy.", "likes": 1, "published_at": "2021-07-04T15:55:27Z", "sentiment": 0.4678, "entities": ["H&R"]}, {"author": "@ericarosemenasanchez8838", "comment": "fun fact about vdy. I think the avg monthly dividend is actually 11.5 cents/mth. One month it will pay you 9cents per share the then another month it'll pay you 14 cents per share. Probably because its so heavily weighted in the Canadian banks.", "likes": 1, "published_at": "2021-07-04T02:54:40Z", "sentiment": 0.7096, "entities": []}, {"author": "@jimtwisted1984", "comment": "Paying 39.4 dollars for 9 cents a month really sucks.", "likes": 0, "published_at": "2021-07-03T17:07:30Z", "sentiment": -0.4201, "entities": []}, {"author": "@kw7814", "comment": "How can I get an EB-5 as a Canadian?", "likes": 1, "published_at": "2021-06-30T21:03:09Z", "sentiment": 0.0, "entities": ["EB-5"]}, {"author": "@scottthompson7916", "comment": "GREAT VIDEOS! \nHow are these taxed? Is there any formula to figure out how much you will earn and how much to put aside for income tax in Canada?", "likes": 0, "published_at": "2021-06-29T20:58:06Z", "sentiment": 0.7569, "entities": []}, {"author": "@Abraxis86", "comment": "Rich people not wanting to work for their money while harping on disabled people for being unable to work for their money", "likes": 0, "published_at": "2021-06-29T16:35:31Z", "sentiment": 0.5574, "entities": []}, {"author": "@kimsakura8494", "comment": "would appreciate the breakdown of actual dividends and ROC (or if there is any in the funds that you had mentioned), and your rationale of some of the high yield ETFs which pay ROC as part of the distributions, and depreciating the cost of the fund. Thank you so much.", "likes": 1, "published_at": "2021-06-29T02:29:07Z", "sentiment": 0.5859, "entities": []}, {"author": "@chrisboy7055", "comment": "How would invest  100k dollars in stocks or etf itc?", "likes": 1, "published_at": "2021-06-28T10:11:37Z", "sentiment": 0.0, "entities": []}, {"author": "@magoli31", "comment": "Hi Brandon, I am new to this. I am very interested in investing .I like how you explained but as a novice I would love to learn more... step by step ..How do I get hold of a mentor ?", "likes": 1, "published_at": "2021-06-27T23:44:48Z", "sentiment": 0.8607, "entities": []}, {"author": "@mahio96", "comment": "Is doing stock on wealthsimple is good or not ?", "likes": 1, "published_at": "2021-06-27T03:26:17Z", "sentiment": 0.4404, "entities": []}, {"author": "@lucyyiu7292", "comment": "where I can buy all these 4 ETF", "likes": 2, "published_at": "2021-06-26T03:53:40Z", "sentiment": 0.0, "entities": []}, {"author": "@PrayTellGaming", "comment": "I think ZDV would be better than ZWC", "likes": 0, "published_at": "2021-06-25T22:44:42Z", "sentiment": 0.4404, "entities": ["ZDV", "ZWC"]}, {"author": "@user-dv8bs7tb5c", "comment": "Thank you for these I already have 3 of them but it's nice to know someone else likes them lol \ud83e\udd23 I JUST learned that I'm wasting alot of money buying the US versions of some of these Vanguard ones oopsie", "likes": 2, "published_at": "2021-06-25T17:20:18Z", "sentiment": 0.8519, "entities": ["Vanguard"]}, {"author": "@tbprofile1295", "comment": "Hi Brandon, thanks for the video. My financial advisor recommended that if I buy ETFs or mutual funds that I avoid buying in the last few months of the year as it is a tax disadvantage. Would you have any knowledge on this?", "likes": 1, "published_at": "2021-06-25T14:32:56Z", "sentiment": -0.0772, "entities": []}, {"author": "@shirindhanani2922", "comment": "Just to correct you, you keep saying Vwc for the last etf whereas it is \"ZWC. Otherwise very well explained. Thank you", "likes": 5, "published_at": "2021-06-21T22:16:48Z", "sentiment": 0.6318, "entities": ["ZWC"]}, {"author": "@debabrata98", "comment": "Great video\ud83d\ude4f\ud83c\udffd\ud83d\ude4f\ud83c\udffd", "likes": 0, "published_at": "2021-06-21T03:45:47Z", "sentiment": 0.6249, "entities": ["\ud83d\ude4f", "\ud83d\ude4f"]}, {"author": "@edgehead13", "comment": "If dividends is the goal, these \"high dividends\" are not that attractive. Just buy bank stocks, they pay more dividends than half these crappy etf's, and banks are poised to go higher. Some reports came out with banks planning dividend hikes also.", "likes": 1, "published_at": "2021-06-20T11:59:10Z", "sentiment": -0.6604, "entities": []}, {"author": "@tawei0428", "comment": "Hi Brandon, about the MER fee, if I only hold ETF for just 6 months and then sold it, do I still pay full annual MER fee or just 1/2 of that? Thanks!", "likes": 1, "published_at": "2021-06-19T23:33:40Z", "sentiment": 0.4199, "entities": ["MER", "MER"]}, {"author": "@matthews95_", "comment": "What\u2019s the diff between buying VDY vs the actual stable? company", "likes": 1, "published_at": "2021-06-17T15:58:46Z", "sentiment": 0.296, "entities": ["VDY"]}, {"author": "@mastermindp2845", "comment": "Great video., my question is, should these ETF's be bought on Questrade or Wealthsimple? Questrade has no fees on ETF's but I think Wealthsimple doesn't have fees on Canadian stocks, so do they have fees on ETF's?", "likes": 4, "published_at": "2021-06-16T23:31:05Z", "sentiment": 0.3204, "entities": []}, {"author": "@gregdilan5482", "comment": "Hi Brendan, just an idea/suggestion for one of your future educational videos, namely a detailed explanation of what Distribution Yield, Current yield and most common subtleties regarding dividend investing, with examples of course :))\nThank you for your time and efforts to educate and make complex topics easy to digests. Cheers !!", "likes": 3, "published_at": "2021-06-16T22:45:50Z", "sentiment": 0.8436, "entities": []}, {"author": "@markgrain6172", "comment": "Hey Brandon! We need a podcast of all your YouTube videos! I would love to listen while I\u2019m at work! Could help grow your channel, love what your doing!", "likes": 15, "published_at": "2021-06-16T19:51:38Z", "sentiment": 0.9227, "entities": []}, {"author": "@suearsenault3515", "comment": "You keep mentioning vwc but the screen says zwc?", "likes": 1, "published_at": "2021-06-11T03:50:17Z", "sentiment": 0.0, "entities": []}, {"author": "@ledeux", "comment": "I bought xei and zwc today after receiving dividen from my reit, i own a lot of the reit that is in VRE", "likes": 2, "published_at": "2021-06-09T18:03:19Z", "sentiment": 0.0, "entities": ["VRE"]}, {"author": "@jt8280", "comment": "ZWC and other BMO etf products has a return of capital, its part of the distribution/your money back to you.\n Not a true monthly dividend return.", "likes": 1, "published_at": "2021-06-09T05:30:16Z", "sentiment": -0.3252, "entities": ["ZWC", "BMO"]}, {"author": "@mamatatripathy9079", "comment": "Hi I have a young adult 21 years old . I want him to take up a bit of his current income money to invest. Please what kind of advice you will recommend for a starter without any real knowledge about investment. Hope to get a reply for a young mother to encourage a young man.", "likes": 0, "published_at": "2021-06-08T16:58:20Z", "sentiment": 0.8834, "entities": []}, {"author": "@js85", "comment": "is there tax advantage for Canadians to hold these ETFs?", "likes": 1, "published_at": "2021-06-07T02:43:28Z", "sentiment": 0.25, "entities": []}, {"author": "@sanjeevbhogal6818", "comment": "same chart as market, if coming crash happens this will go to 9.30$ trust me.", "likes": 0, "published_at": "2021-06-06T18:17:38Z", "sentiment": 0.1531, "entities": []}, {"author": "@dhkchung8219", "comment": "FYI, BMO charges NO COMMISSION FEE on VDY & XEI, and 80 other ETFs from iShares, Vanguard and BMO..", "likes": 1, "published_at": "2021-06-06T03:03:47Z", "sentiment": -0.3612, "entities": ["FYI", "BMO", "VDY & XEI", "iShares", "Vanguard", "BMO"]}, {"author": "@heyzeus4045", "comment": "*Check out the price history of Canoe EIT Income Fund. It's a great example of how this sort of investing can go wrong.*", "likes": 1, "published_at": "2021-06-05T16:47:31Z", "sentiment": 0.6249, "entities": ["Canoe EIT Income Fund"]}, {"author": "@xiaowei7381", "comment": "I\u2019m currently holding xgro for growth and xdiv for div and its low management cost", "likes": 1, "published_at": "2021-06-05T14:44:53Z", "sentiment": 0.128, "entities": []}, {"author": "@markwalsh1957", "comment": "Is my Math correct?           Example:\nXEI in your video was @ $23.25  & Yeild @ 3.92%\nSo, 0.0392 x 23.25 = $0.9114 / Share       (the dividend / share)\nTherefore, if i have 100 shares (only cost ~$2,300) \n$0.9114 x 100 = $91.14 / month in just DIVIDENDS??\n\nIs my math correct?? lmao that is insane", "likes": 0, "published_at": "2021-06-03T20:03:24Z", "sentiment": 0.7622, "entities": []}, {"author": "@stuart6478", "comment": "there's a better way.  its called ei", "likes": 0, "published_at": "2021-06-03T14:58:57Z", "sentiment": 0.4404, "entities": []}, {"author": "@asmith2406", "comment": "I would suggest the RBNK etf. It follows the Canadian bank yield index.", "likes": 0, "published_at": "2021-06-03T04:28:08Z", "sentiment": 0.0, "entities": ["RBNK"]}, {"author": "@Cedandkikisailing", "comment": "ZWC is a great suggestion - I have owned a similar fund, ZWQ for BMO covered call utilities ETF. Same fund but concentrated in the utilities. Great funds for those searching for regular income. Would be nice to see similar investments for US$ income.", "likes": 1, "published_at": "2021-06-02T12:06:25Z", "sentiment": 0.9169, "entities": ["ZWC", "ZWQ", "BMO"]}, {"author": "@dsyz4270", "comment": "I have big numbers of high dividends stock ENB and PPL and will hold it longer times. what is the strategy to helge the market drop? Thanks so much for your answer.", "likes": 0, "published_at": "2021-06-01T19:56:20Z", "sentiment": 0.2023, "entities": ["ENB", "PPL"]}, {"author": "@curtispineo9393", "comment": "Cant wait to see what AMC does", "likes": 7, "published_at": "2021-06-01T02:08:37Z", "sentiment": 0.0, "entities": ["AMC"]}, {"author": "@lesliemcfarlane783", "comment": "I do own ZWC and so far its been great.  I even have some share appreciation.  I'm investing right back in from my monthly payout.  I'm interested in The other 2 as well.   Thanks for the videos.", "likes": 16, "published_at": "2021-06-01T02:04:40Z", "sentiment": 0.946, "entities": ["ZWC"]}, {"author": "@Veritas84Aequitas", "comment": "Thoughts on Canoe EIT Income fund?", "likes": 0, "published_at": "2021-05-31T22:57:53Z", "sentiment": 0.0, "entities": []}, {"author": "@climbergreg5011", "comment": "Those are crap yields... I don't like them.  ZWC is ok, but yield is still not all that impressive, I like 10%.", "likes": 0, "published_at": "2021-05-31T22:24:44Z", "sentiment": -0.789, "entities": ["ZWC"]}, {"author": "@jordanj.5681", "comment": "You missed $SPHD", "likes": 0, "published_at": "2021-05-31T01:57:33Z", "sentiment": -0.296, "entities": []}, {"author": "@Incantato", "comment": "Yeah but how much you need to deposit in order to have a decent yearly passive income? I guess about at least 500k$ to have 30k$/40k$ per year", "likes": 4, "published_at": "2021-05-30T15:37:24Z", "sentiment": 0.4215, "entities": []}, {"author": "@luciat662", "comment": "Thank you Brandon! Would appreciate your review on some of the popular ETFs which pays out a high % but with roc, such as XTR, how should an investor justify that?", "likes": 5, "published_at": "2021-05-30T07:26:20Z", "sentiment": 0.5848, "entities": ["XTR"]}, {"author": "@DannE11TV", "comment": "Those two last ETFs were extremely interesting. Had to bust out my research book n take notes and also ended up placing VRE & ZWC in my watchlist ! Respects Brandon !", "likes": 2, "published_at": "2021-05-29T05:03:37Z", "sentiment": 0.7075, "entities": ["VRE & ZWC"]}, {"author": "@augustuscaesar5291", "comment": "Hey Brandon. If I have a US dividend in my TFSA do I need to do any paperwork with my taxes.", "likes": 1, "published_at": "2021-05-28T18:15:18Z", "sentiment": 0.0, "entities": []}, {"author": "@oly2048", "comment": "Good information Brandon on ETFs. I have 1kcad sitting in my Questrade account.  When is the right time to purchase ETF stock, like for XEI it's at 23.57 as of this writing. Do I have to wait even for a slight dip before buying, or it doesn't matter as the EFT pays dividends? Thanks for answering my dumb question :)", "likes": 0, "published_at": "2021-05-28T15:36:11Z", "sentiment": 0.7861, "entities": ["EFT"]}, {"author": "@akshanshjain", "comment": "Hey Brandon, can you please make a video on the DIVIDEND CAPTURE STRATEGY? Does it work or not after considering taxes and other aspects?", "likes": 1, "published_at": "2021-05-28T07:08:53Z", "sentiment": 0.3939, "entities": ["DIVIDEND"]}, {"author": "@nounx101", "comment": "can i put this in my tfsa?", "likes": 0, "published_at": "2021-05-28T03:16:19Z", "sentiment": 0.0, "entities": []}, {"author": "@momo35444", "comment": "great video brandon!! thanks for the info.", "likes": 0, "published_at": "2021-05-28T01:18:32Z", "sentiment": 0.8217, "entities": []}, {"author": "@PassiveCanuck", "comment": "Love my VDY and ZWC. Every month they are both being reinvested with DRIPs and  every month they get bigger and bigger\ud83d\udc4f", "likes": 3, "published_at": "2021-05-27T15:29:17Z", "sentiment": 0.6369, "entities": ["VDY", "ZWC"]}, {"author": "@rajcherian578", "comment": "very nice presentation, no dragging but to the point.", "likes": 0, "published_at": "2021-05-27T06:47:56Z", "sentiment": 0.081, "entities": []}, {"author": "@cathyschannel7276", "comment": "I really like you and your dad", "likes": 0, "published_at": "2021-05-27T05:27:54Z", "sentiment": 0.4201, "entities": []}, {"author": "@bosiu8", "comment": "How much do these ETF companies pay you to provide these promotions?", "likes": 3, "published_at": "2021-05-27T02:50:05Z", "sentiment": -0.1027, "entities": []}, {"author": "@gnoyalneha", "comment": "Hello, thanks for this video. M new to investing, just wondering about REITs esp commercial buildings in covid and post covid world where lot of people who can work from home are working from home. These people are in millions and commerical office buildings would be ghost town at the moment and may still be in the future if work from home becomes a norm..what are your thoughts on it? Are their REITs specific to residential not commerical office buildings.. please do a video on that. Thanks", "likes": 2, "published_at": "2021-05-27T02:18:45Z", "sentiment": 0.7003, "entities": []}, {"author": "@donyaschuk6538", "comment": "The usual excellent work by Brandon. Please do a vid with just USA etf's like spy and vanguard. Cheers", "likes": 2, "published_at": "2021-05-27T01:06:54Z", "sentiment": 0.891, "entities": []}, {"author": "@tameemahossain63", "comment": "I am watching VFV though its not monthly dividend", "likes": 0, "published_at": "2021-05-27T00:21:11Z", "sentiment": 0.0, "entities": ["VFV"]}, {"author": "@beanbag9796", "comment": "Hey Brandon i think to take your investing to the next level you should give value investing a try. It'll be good for the viewers to see fundamental analysis instead of just taking guesses as to what's undervalued or not. Sven carlin and Cameron Stewart are great ppl to learn from.", "likes": 0, "published_at": "2021-05-27T00:09:26Z", "sentiment": 0.8555, "entities": []}, {"author": "@rickmarcotte3851", "comment": "hello there, I have a question , on january 6 there was almost a coup in the united states , if there was to be another coup later this year and this time it was (successful) how would that affect the stock market in the USA and how could it affect the stock market in Canada and the rest of the world. I don't presume that there will be another coup but from what we see on the news the political divergence of the 2 parties in the USA is not getting any better as time goes by. And thank you for your advice about the stock market in general.", "likes": 0, "published_at": "2021-05-26T21:53:12Z", "sentiment": 0.6799, "entities": []}, {"author": "@outtastate0449", "comment": "Hi bro I\u2019ve been watching you channel great content. My question is can you invest in American stocks with a Canadian tfsa account???? Or is it better to use a cash account ???", "likes": 0, "published_at": "2021-05-26T17:35:53Z", "sentiment": 0.8385, "entities": []}, {"author": "@JoeSmith-pu9hi", "comment": "question: the performance % shown on etfs and mutual funds includes the MER factored in? Is this correct?", "likes": 0, "published_at": "2021-05-26T17:28:48Z", "sentiment": 0.0, "entities": ["MER"]}, {"author": "@williamdedrick5095", "comment": "What about how much you need for DRIP?", "likes": 1, "published_at": "2021-05-26T16:53:51Z", "sentiment": 0.0, "entities": ["DRIP"]}, {"author": "@alejandroruiz4891", "comment": "Hey Brandon, I wanted to thank you for all your content! \nI started investing last year and learned a lot from your channel. Thanks for telling us about Canadian Tire last year too ;)\nKeep up the great work!", "likes": 7, "published_at": "2021-05-26T16:44:46Z", "sentiment": 0.8997, "entities": []}, {"author": "@donmcleod2235", "comment": "As a bit of a contrarian investor and Buffet follower, having $10,000 to invest in your 4 ETF picks, maybe $2500 each, would I be better off in the long term to buy $1000 each of the 10 best stocks of the collective 100+ stocks of the 4 ETFs? And where possible have the dividends reinvested? Maybe you could do a comparison over 10 years of holding ETFs vs stocks?", "likes": 0, "published_at": "2021-05-26T16:27:01Z", "sentiment": 0.8243, "entities": ["Buffet"]}, {"author": "@andrewwilliams5500", "comment": "Thank you so much for this!!", "likes": 1, "published_at": "2021-05-26T15:01:21Z", "sentiment": 0.4738, "entities": []}, {"author": "@Jackwhore626", "comment": "I'm quite novice at this, been watching lots of videos from you and others about investing in Canada. Some holdings I have are in: XDIV, XIU, ZIC, ZMI, ZWU, NXF, and RIT are some dividend ETFs I own. I do own a share of ZWC and I have looked at VDY and XEI before, but as I stated I'm quite green at this; I've learned a lot in the last 2 months, however.", "likes": 24, "published_at": "2021-05-26T14:11:30Z", "sentiment": 0.1531, "entities": ["XIU", "ZIC", "ZMI", "NXF", "RIT", "ZWC", "VDY"]}, {"author": "@35JohnnyC", "comment": "What about something like FFN? Also bank heavy, about 7$ w/ .1 monthly dividend.", "likes": 0, "published_at": "2021-05-26T14:06:08Z", "sentiment": 0.3612, "entities": ["FFN"]}, {"author": "@ivan2056", "comment": "Hey Brandon,  great channel love the videos.  Just curious do you have any information on PSXP and SHLX both midstream companies?  A video on those 2 would be awesome very high dividend yields on these 2 companies.", "likes": 0, "published_at": "2021-05-26T13:14:30Z", "sentiment": 0.9403, "entities": []}, {"author": "@paulsantori8920", "comment": "I currently have VDY and ZWC, looking forward to more monthly dividend videos.", "likes": 0, "published_at": "2021-05-26T11:40:25Z", "sentiment": 0.0, "entities": ["VDY", "ZWC"]}, {"author": "@TheJohnmmullin", "comment": "Thoughts on XDIV?", "likes": 0, "published_at": "2021-05-26T10:18:27Z", "sentiment": 0.0, "entities": []}, {"author": "@wellsimple8375", "comment": "thank you brandon.", "likes": 0, "published_at": "2021-05-26T06:27:59Z", "sentiment": 0.3612, "entities": []}, {"author": "@MrJamesDaniels", "comment": "Love your selections!", "likes": 1, "published_at": "2021-05-26T04:32:26Z", "sentiment": 0.6696, "entities": []}, {"author": "@Rob-ob3sh", "comment": "Finally a positive view on ZWC as so many YouTube channels turn away from them calling covered call ETF\u2019s risky. Nonsense good work Brandon and thanks for the great video as always.", "likes": 4, "published_at": "2021-05-26T04:09:42Z", "sentiment": 0.875, "entities": ["ZWC"]}, {"author": "@badwifiop", "comment": "hey brandon. not sure if you have covered this in another video but i had a question about etfs and the MER. is this fee deducted from the dividends when they are paid out? what happens if the etf does not have a dividend? do i need to keep cash in the account to pay? or is the MER baked into the stock price? thanks", "likes": 2, "published_at": "2021-05-26T04:01:31Z", "sentiment": 0.576, "entities": ["MER", "MER"]}, {"author": "@jasonstupak4535", "comment": "Watched and liked, thanks Brandon!  Please really work on speaking those ticker symbols correctly.  If I was visually impaired I'd be in big trouble \ud83e\udd23.  I own XEI, ZWC, HHL, CGXF, TXF, QYLD, RYLD, SCHD, MTUM, NUSI, SPYD.  Keep these videos coming.  Love the content!", "likes": 5, "published_at": "2021-05-26T03:59:12Z", "sentiment": 0.8774, "entities": ["ZWC", "HHL", "CGXF", "TXF", "QYLD", "SCHD", "MTUM", "NUSI"]}, {"author": "@CaptainBlankENT", "comment": "Previously held 3/4. but took profits recently and now have 2/4 long term as I'm taking a more aggressive approach.  All great options!", "likes": 1, "published_at": "2021-05-26T03:19:07Z", "sentiment": 0.8574, "entities": []}, {"author": "@investlearner2798", "comment": "I own VDY. 10% return since since January 2021 plus dividend pay out. Love the steady growth and devidend pay out.", "likes": 0, "published_at": "2021-05-26T03:12:28Z", "sentiment": 0.7184, "entities": []}, {"author": "@Victoria-rw7zt", "comment": "I have vee vre xic and vun", "likes": 0, "published_at": "2021-05-26T02:20:03Z", "sentiment": 0.0, "entities": []}, {"author": "@kmsnow6292", "comment": "As I understand, the fee for an ETF includes 2 pieces: MER and TER. In this video you only discuss MER. Is that because these companies don\u2019t want to show the TER, or hiding it for some reason?", "likes": 1, "published_at": "2021-05-26T01:51:41Z", "sentiment": -0.2263, "entities": ["MER", "TER", "TER"]}, {"author": "@33svetlana", "comment": "XIC or XEI?", "likes": 1, "published_at": "2021-05-26T01:24:53Z", "sentiment": 0.0, "entities": ["XIC"]}, {"author": "@renzenker2526", "comment": "Brandon could you please do a video on ZWC vs. DFN?", "likes": 11, "published_at": "2021-05-26T01:10:17Z", "sentiment": 0.3182, "entities": ["ZWC", "DFN"]}, {"author": "@renzenker2526", "comment": "Brandon you said XIC?! not the one you meant to say.", "likes": 2, "published_at": "2021-05-26T00:54:23Z", "sentiment": 0.0, "entities": []}, {"author": "@realgarlic4644", "comment": "I have 3 of these already. I have a Healthcare one that is paying well too. Not too much for DFN, a little nervous about the high return LOL", "likes": 3, "published_at": "2021-05-26T00:51:23Z", "sentiment": 0.5894, "entities": ["Healthcare", "DFN", "LOL"]}, {"author": "@TwinworldGameReviews", "comment": "With the REIT ETF only having around a dozen holdings, folks might be better off purchasing a few of the top 10 individually. They'd most likely get a better dividend payout and wouldn't have to worry about the MER. If the ETF had like 40-50+ holdings, that'd be another story.", "likes": 8, "published_at": "2021-05-26T00:48:23Z", "sentiment": 0.8887, "entities": ["REIT", "MER", "ETF"]}, {"author": "@hbh2470", "comment": "These are nice funds, but there's way better stocks that pay better monthly dividends over 10% if you want to take a risk.", "likes": 0, "published_at": "2021-05-26T00:09:36Z", "sentiment": 0.7783, "entities": []}, {"author": "@kaos6093", "comment": "I hold VDY ZWC EIT and DFN for dividend stocks. So far they are all great!", "likes": 3, "published_at": "2021-05-25T23:59:38Z", "sentiment": 0.6588, "entities": ["VDY ZWC EIT", "DFN"]}, {"author": "@kelleyhaldorson209", "comment": "I have VDY,and VRE.  I also have TEC gives exposure to the Nasdaq and I have XIT Basically because of the concentrated exposure to Shopify and Constelation Software.  The Back bone of my Portfolio is VGRO for international exposure and bonds I love the Balance that that ETF offers.", "likes": 0, "published_at": "2021-05-25T23:53:58Z", "sentiment": 0.6369, "entities": ["VDY", "VRE", "TEC", "XIT Basically", "VGRO"]}, {"author": "@perpetualdividends6719", "comment": "I used to hold VDY.  Nice and easy!", "likes": 0, "published_at": "2021-05-25T22:46:03Z", "sentiment": 0.7177, "entities": ["VDY"]}, {"author": "@wongralvju", "comment": "First three appear to be expensive with less than 4% dividend at the moment.", "likes": 2, "published_at": "2021-05-25T22:31:29Z", "sentiment": 0.0, "entities": []}, {"author": "@ankitgoyani5634", "comment": "why did he said ZWC a VWC ?", "likes": 1, "published_at": "2021-05-25T21:43:08Z", "sentiment": 0.0, "entities": ["ZWC", "VWC"]}, {"author": "@StrongestCreatureOnEarth", "comment": "I just started my portfolio on questrade, currently holding XGRO/BTCC.B\n\nNoob Question: Does it make sense to add more ETFs in my portfolio? Im afraid of me doubling up on some of the same holdings. Not sure if this makes sense.", "likes": 7, "published_at": "2021-05-25T21:40:52Z", "sentiment": -0.2874, "entities": []}, {"author": "@canadiandividendgrowthinve3213", "comment": "Love VDY", "likes": 0, "published_at": "2021-05-25T21:35:58Z", "sentiment": 0.6369, "entities": []}, {"author": "@robertbazso5053", "comment": "Thanks for the good video, just purchased 100 shares of ZWC... trying to balance my ETF\u2019s... I also own ZEB and ZDV as well as CDZ... may have too many redundant with. the last 3... let me know what you think... bern buying up everything you and your dad suggested", "likes": 0, "published_at": "2021-05-25T21:25:14Z", "sentiment": 0.8442, "entities": ["ZWC", "ZEB", "ZDV", "CDZ"]}, {"author": "@ryanburkitt424", "comment": "I\u2019m glad to see the positive view of ZWC I have some of it, I have viewed a lot of the videos on Passive Income Investing YouTube channel and liked these covered call funds a lot... but I did analyze them and if you look at total return - share price over 5 years plus dividends then the \u2018non-covered call\u2019 funds like VDY did better over the long run, as the covered call funds loose a lot when the prices are going up. However they seem great if you are living off the dividends and want the monthly cash and not as worried about growth.", "likes": 0, "published_at": "2021-05-25T21:21:47Z", "sentiment": 0.9761, "entities": ["ZWC", "VDY"]}, {"author": "@every_day_dad_1550", "comment": "Again. Another awesome and insightful video.", "likes": 1, "published_at": "2021-05-25T21:14:23Z", "sentiment": 0.6249, "entities": []}, {"author": "@ab.4425", "comment": "Great information buddy!! Thank you so much!!", "likes": 0, "published_at": "2021-05-25T21:10:28Z", "sentiment": 0.8302, "entities": []}, {"author": "@millereats5836", "comment": "\ud83d\udc4d\ud83c\udffe\ud83d\udc4d\ud83c\udffe\ud83d\udc4d\ud83c\udffe", "likes": 0, "published_at": "2021-05-25T21:10:14Z", "sentiment": 0.0, "entities": ["\ud83d\udc4d\ud83c\udffe\ud83d\udc4d"]}, {"author": "@prudencek7087", "comment": "Just getting started... so this is a legit question... What is the benefit of purchasing etf's rather than individual stocks, when the individual stocks pay a higher yield?", "likes": 3, "published_at": "2021-05-25T21:05:02Z", "sentiment": 0.3818, "entities": []}, {"author": "@unnecessary982", "comment": "anything bad about zwc?", "likes": 1, "published_at": "2021-05-25T20:53:23Z", "sentiment": -0.5423, "entities": []}, {"author": "@shockout1", "comment": "Thanks Brandon. Great video as always. Perfect timing. I have been considering selling my VRE position to put into IDR. May reconsider now. May I ask what you think of IDR?\nThank you.", "likes": 0, "published_at": "2021-05-25T20:37:36Z", "sentiment": 0.9217, "entities": ["IDR", "IDR"]}, {"author": "@NatePolmateer", "comment": "Brandon, just saw you in a TD video today from when you had 75k subs. Always appreciate the time you take. Another great video!", "likes": 4, "published_at": "2021-05-25T20:34:48Z", "sentiment": 0.7959, "entities": ["TD"]}, {"author": "@Slimshady316", "comment": "Loved the video! This is exactly what I was looking for. Can you please make a similar video for US Dividend ETF's. Thank you \ud83d\ude42", "likes": 13, "published_at": "2021-05-25T20:25:20Z", "sentiment": 0.8398, "entities": []}, {"author": "@streamingzone9571", "comment": "Great content \u2026detailed study", "likes": 0, "published_at": "2021-05-25T20:24:16Z", "sentiment": 0.6249, "entities": []}, {"author": "@gjreid4873", "comment": "I'm not confused all. XEI-XIC? VWC-ZWC?", "likes": 2, "published_at": "2021-05-25T20:24:14Z", "sentiment": 0.323, "entities": []}, {"author": "@rrahul963", "comment": "Can you please share your views on DFN?", "likes": 2, "published_at": "2021-05-25T20:05:44Z", "sentiment": 0.5423, "entities": ["DFN"]}, {"author": "@gerardsahagun4156", "comment": "Hi Brandon! I\u2019m a new subscriber to your channel :) Are we charged the MER fees every month or only every time we buy the ETF? Thanks, your videos are part of my daily routine now.", "likes": 3, "published_at": "2021-05-25T19:48:39Z", "sentiment": 0.6588, "entities": ["MER"]}, {"author": "@clarifyingquestions", "comment": "Should these be put in TFSA before RRSP accounts - thanks And why is XEI only getting 2 Morningside stars", "likes": 0, "published_at": "2021-05-25T19:37:56Z", "sentiment": 0.4404, "entities": ["RRSP"]}, {"author": "@David_C_83", "comment": "Thanks a lot for these, I do own some VDY and ironically XIC (and not XEI like in your video). I have been debating whether I should sell one or the other and reinvest the money elsewhere, but I like that XIC more diversified. However I feel that most of the good all Canadian ETFs have a certain overlap in their holdings, like for example the banks.", "likes": 3, "published_at": "2021-05-25T19:09:43Z", "sentiment": 0.4516, "entities": ["VDY", "XIC", "XIC"]}, {"author": "@fahimhassan675", "comment": "I own ZEB.TO, XUT  and CDZ", "likes": 1, "published_at": "2021-05-25T19:00:53Z", "sentiment": 0.0, "entities": ["XUT", "CDZ"]}, {"author": "@jkwacker8225", "comment": "With the fees you mentioned are we just paying the MER? I also see a management fee. Is that fee part of the MER or something we have to add to the MER? Just looking for clarification.", "likes": 21, "published_at": "2021-05-25T18:54:35Z", "sentiment": 0.0, "entities": ["MER"]}, {"author": "@lofiseed", "comment": "Personally, I would go with XDIV over VDY and XEI. Because I already own XIC I feel like a nice balance to that would be a more concentrated dividend-focused ETF... if that makes any sense.", "likes": 7, "published_at": "2021-05-25T18:38:26Z", "sentiment": 0.6486, "entities": ["VDY", "XIC"]}, {"author": "@leowilson4539", "comment": "I am currently holding ZWC and EIT.UN", "likes": 8, "published_at": "2021-05-25T18:26:12Z", "sentiment": 0.0, "entities": ["ZWC"]}, {"author": "@lichellecruz5744", "comment": "I own txf, incredible return for the past 10years plus over 10% divy, super love it", "likes": 28, "published_at": "2021-05-25T18:23:08Z", "sentiment": 0.8442, "entities": []}, {"author": "@patrickbelanger6253", "comment": "VDY is one of my favorite. CDZ and ZWC too", "likes": 5, "published_at": "2021-05-25T18:12:13Z", "sentiment": 0.4588, "entities": ["VDY", "CDZ", "ZWC"]}, {"author": "@evanboudreau988", "comment": "FIE but i recently sold being near all time highs to buy the tesla dip. I sorta us it as a cash position till I see something on sale. Monthly 4 cent dividend.", "likes": 2, "published_at": "2021-05-25T18:08:30Z", "sentiment": 0.0, "entities": ["FIE"]}, {"author": "@vickyop6580", "comment": "I have VDY and VRO. I m still confused on cematrix crop CVX", "likes": 0, "published_at": "2021-05-25T18:03:58Z", "sentiment": -0.3182, "entities": ["VDY", "CVX"]}, {"author": "@MayuraWijeyaratne", "comment": "I hold both VDY and XEI. I was contemplating whether to invest in just one of them as they are essentially the same. Not sure what I should do just now, may be I'll invest in only XEI as it's much diversified than VDY. \nA question that I have is if I have invested in these ETFs through a trading platform like WealthSimple, when is the MER fees get deducted? Is it deducted from the dividend that they issue or do they take the fee directly from my account?", "likes": 2, "published_at": "2021-05-25T17:51:25Z", "sentiment": 0.2259, "entities": ["VDY", "VDY", "WealthSimple", "MER"]}, {"author": "@anne-mariel3256", "comment": "VDY pays for my internet monthly... i sold VRO plus more people work from hone, so empty commercial space it wasn\u2019t growing much ... love the other ones too. Glad they are BBI approved...", "likes": 5, "published_at": "2021-05-25T17:41:34Z", "sentiment": 0.7603, "entities": ["VDY", "BBI"]}, {"author": "@cantonpop", "comment": "i owned almost all of them!!! But still it's good to know more about these ETFs from Brandon's perspectives!", "likes": 5, "published_at": "2021-05-25T17:39:08Z", "sentiment": 0.72, "entities": ["Brandon"]}, {"author": "@CanadianDividendInvesting", "comment": "Awesome ETFs, thanks for sharing!", "likes": 0, "published_at": "2021-05-25T17:37:47Z", "sentiment": 0.8777, "entities": ["Awesome"]}, {"author": "@premnathalfred2785", "comment": "Hi brandon thanks for the video. Does this income for the VDY fall under the category of eligible dividend income in terms of CRA rules for tax purposes, as it contains only Canadian companies.", "likes": 2, "published_at": "2021-05-25T17:33:16Z", "sentiment": 0.4404, "entities": ["VDY", "CRA"]}, {"author": "@annehenderson7911", "comment": "I will always\u201dlike\u201d I so appreciate the serious research that goes into your choices.", "likes": 44, "published_at": "2021-05-25T17:21:34Z", "sentiment": 0.4456, "entities": []}, {"author": "@beaviswealth", "comment": "Hey Everyone! Here is a list of all of the funds mentioned in today's video for you to check out further. Don't forget to drop a THUMBS UP if you enjoyed! :) \n\nVDY - https://www.vanguardcanada.ca/advisors/products/en/detail/etf/9560/equity\nXEI - https://www.blackrock.com/ca/investors/en/products/239846/ishares-sptsx-equity-income-index-etf?switchLocale=y&siteEntryPassthrough=true\nVRE - https://www.vanguardcanada.ca/advisors/products/en/detail/etf/9559/equity\nZWC - https://www.bmogam.com/ca-en/advisors/zwc-bmo-canadian-high-dividend-covered-call-etf/\n\n\ud83d\udcc8\ud83d\udcda As always, if you're a beginner to the Stock Market in Canada and you're looking for a step-by-step blueprint on how to get started... Find out more about our Investing Academy here - https://bit.ly/theinvestingacademy", "likes": 56, "published_at": "2021-05-25T17:14:51Z", "sentiment": 0.8542, "entities": ["the Stock Market", "Investing Academy"]}, {"author": "@abroadstateofmind5571", "comment": "Important info that I was looking for. Have to be early for the knowledge this year thank you!", "likes": 12, "published_at": "2021-05-25T17:14:24Z", "sentiment": 0.5562, "entities": []}]