[{"author": "@MegsCarpentry-lovedogs", "comment": "Always appreciate having Marc present, the keel of the ship and the intelligent flow.  MegsCarpentry/lovedogs enjoying these live streams...from Atlantic Canada   \ud83d\udc4d        \ud83c\udde8\ud83c\udde6", "likes": 1, "published_at": "2023-06-29T17:59:01Z", "sentiment": 0.8442, "entities": ["MegsCarpentry"]}, {"author": "@allisonparker6302", "comment": "Can you please drop links to the other channels?", "likes": 0, "published_at": "2023-06-29T14:06:31Z", "sentiment": 0.0516, "entities": []}, {"author": "@jankay8569", "comment": "Why the hell is Robin Haney there? He isnt contributing to anything and its not surprising since he doesnt know anything. He used to stock shelves at a grocery store for a living and has zero financial/accounting knowledge, education or professional experience.", "likes": 1, "published_at": "2023-06-28T23:04:54Z", "sentiment": -0.7517, "entities": []}, {"author": "@gmarks1559", "comment": "This was great. I watch most of your channels separately, it was neat seeing everyone together talking stocks! Cheers.", "likes": 0, "published_at": "2023-06-28T12:16:54Z", "sentiment": 0.8883, "entities": []}, {"author": "@vincelucarelli3886", "comment": "Yes yes and yes!", "likes": 0, "published_at": "2023-06-28T04:13:42Z", "sentiment": 0.8122, "entities": []}, {"author": "@wenwang9156", "comment": "Awesome\ud83c\udf89", "likes": 0, "published_at": "2023-06-28T03:18:41Z", "sentiment": 0.0, "entities": []}, {"author": "@user-fv6ke8vv2z", "comment": "How might one gauge the level of - ROC - as part of the distributions that contribute to the overall income from the cover calls ?\nHow much is too much  ?\nThanks for looking", "likes": 0, "published_at": "2023-06-27T23:55:07Z", "sentiment": 0.504, "entities": []}, {"author": "@ryanm7171", "comment": "Has Marc actually joined Blossom?  I have been waiting for Marc to join before I would join as I am closer to his age.", "likes": 2, "published_at": "2023-06-27T22:26:40Z", "sentiment": 0.5267, "entities": []}, {"author": "@MountainFinance", "comment": "It was great to get together. Lots of great conversation as always!", "likes": 3, "published_at": "2023-06-27T20:01:53Z", "sentiment": 0.8588, "entities": []}, {"author": "@robertyoung406", "comment": "Nice to see the avengers of investing assemble!", "likes": 2, "published_at": "2023-06-27T19:37:23Z", "sentiment": 0.4753, "entities": []}, {"author": "@keithjoy8842", "comment": "As a recovery takes hold (fingers crossed), what's next after covered calls are do they still have a roll within the portfolio", "likes": 0, "published_at": "2023-06-27T19:27:20Z", "sentiment": 0.0, "entities": []}, {"author": "@BdInvesting", "comment": "This was great! Always fun with you guys!!", "likes": 1, "published_at": "2023-06-27T19:08:52Z", "sentiment": 0.851, "entities": []}]