[{"author": "@beaviswealth", "comment": "\ud83d\udcc8Join The Investing Academy \u27a4 https://bit.ly/theinvestingacademy \n\ud83d\udcaeBlossom Social (See My Exact Portfolio & Trades) \u27a4  https://getblossom.page.link/brandon\n\nWhat book recommendations for you have for me? Let me know down below!!", "likes": 1, "published_at": "2023-01-24T17:33:59Z", "sentiment": 0.0, "entities": ["The Investing Academy", "Blossom Social (See My Exact Portfolio & Trades"]}, {"author": "@Victoria-rw7zt", "comment": "Thank you for this book review video", "likes": 0, "published_at": "2023-02-28T18:04:33Z", "sentiment": 0.3612, "entities": []}, {"author": "@barettmac", "comment": "Psychology of Money - Morgan Housel, Why We Sleep - Matthew Walker", "likes": 0, "published_at": "2023-02-11T04:03:45Z", "sentiment": 0.0, "entities": ["Money - Morgan Housel"]}, {"author": "@andresmontielc", "comment": "Awesome list! Thanks for sharing. There are a lot of books out there that most people haven't heard about that should get a lot more exposure. The last one I read was When Dying Is Not a Problem and I really liked it, but very few people know about it.", "likes": 0, "published_at": "2023-01-27T22:45:40Z", "sentiment": 0.8109, "entities": []}, {"author": "@juanperez-gh8bl", "comment": "Hi Brandon, great recommendations. I wanted to recommend a useful book, it's very big, but you had a baby, I think you'd find good guidance in it and this book follows development at different ages, so you don't have to read it all, you can wait until it's time for each section. The book is Developing Person Through Childhood and Adolescence by Kathleen Stassen Berger. It's my favorite abour development!", "likes": 0, "published_at": "2023-01-25T03:47:47Z", "sentiment": 0.9245, "entities": []}, {"author": "@riverbankfrank4896", "comment": "Novels are important because they spark your imagination and provide an opportunity to get in touch with humanity. Storytelling in general is a historical motivator and has been source of meaning as long as humans have been around.", "likes": 0, "published_at": "2023-01-25T01:14:11Z", "sentiment": 0.6705, "entities": []}, {"author": "@90909james90909", "comment": "The Great Depression- A Diary. Is a great book with economic/investing interest to it.", "likes": 0, "published_at": "2023-01-24T23:57:49Z", "sentiment": 0.8176, "entities": []}, {"author": "@jayr8134", "comment": "Thanks again for a part 2 to the video, loved it. So happy that my comment inspired you to make another video on books.", "likes": 1, "published_at": "2023-01-24T22:14:35Z", "sentiment": 0.9324, "entities": []}, {"author": "@electric-lemonade", "comment": "Pretty good suggestions, looking forward to reading some of these. Thanks !", "likes": 1, "published_at": "2023-01-24T18:10:55Z", "sentiment": 0.8516, "entities": []}, {"author": "@wts7273", "comment": "Hey. Just wanted to let you know how much I love your channel and how much I\u2019ve learned from you. I also wanted to let you know that I was very interested in the course you were offering. I signed up and set up the phone call. The person you have working for you that makes those phone calls was absolutely horrible. Not informative or helpful at all. He seemed uneducated and uninspired and was definitely not a people person. The opposite of you. It was a super awkward phone call and and completely turned me off taking the course. I thought you would want to know. Still love your channel and support you. Would really rethink who you have making those phone calls to sign people up.", "likes": 5, "published_at": "2023-01-24T17:48:39Z", "sentiment": 0.9357, "entities": []}]