[{"author": "@beaviswealth", "comment": "\ud83d\udcc8\ud83d\udcda Join The Investing Academy \u27a4 https://bit.ly/theinvestingacademy \r\n\r\nThe markets dropped again since our last series update?  Has the bottom of the correction been reached?  In this video, we'll look at 7 indicators to help you assess and manage your investment portfolio.", "likes": 2, "published_at": "2022-12-13T22:32:26Z", "sentiment": 0.6868, "entities": ["The Investing Academy"]}, {"author": "@basseon", "comment": "It's a lot of analysis and time to, in the end, miss the rally we've been experiencing since this video. The job market had some unexpected good numbers, which is positive for the economy but that's not what we want right now if we're gonna control inflation. That tight job market is gonna be an added challenge to cool down the economy since it puts pressure on increasing wages, which puts more money into people's pockets and fuels the economy. \n\nIf course we're still expecting a recession anytime with the accompanying market crash, but it very well could be a mild and quick recession. The analysts at RBC are all very positive about the market for 2023. \nI just feel since it's impossible to predict what will happen these analysis are basically a waste of time.", "likes": 1, "published_at": "2023-02-08T14:12:40Z", "sentiment": -0.5336, "entities": ["RBC"]}, {"author": "@robertbogott8304", "comment": "Great video. could you maybe create weekly updates via community posts or short videos?", "likes": 0, "published_at": "2022-12-28T11:42:42Z", "sentiment": 0.7351, "entities": []}, {"author": "@willshakespeare38", "comment": "One of the most sensible videos out there! Forget all stupid crap videos from covid and just follow him", "likes": 0, "published_at": "2022-12-28T02:55:46Z", "sentiment": -0.8016, "entities": []}, {"author": "@peterdel3307", "comment": "Brandon I agree with your explanation and reasons why very interesting, but I do believe the USA government and the fed don't want the market to recover,it doesn't help when investors panic and sell on a sneeze of slightly bad news but that's only my opinion best wishes and many thanks for sharing new friend looking forward to seeing more of your work \ud83d\udc4d", "likes": 1, "published_at": "2022-12-22T10:43:34Z", "sentiment": 0.8838, "entities": ["fed"]}, {"author": "@sensationaldenny", "comment": "But the malls are busy right now...Isn't that an indicator of a strong market?", "likes": 0, "published_at": "2022-12-21T05:40:17Z", "sentiment": 0.6652, "entities": []}, {"author": "@James_48", "comment": "The market is not allowed to bottom until I contribute to my TFSA in January. LOL. After that, let \u2018er rip.", "likes": 0, "published_at": "2022-12-20T12:57:00Z", "sentiment": 0.5473, "entities": []}, {"author": "@JackOfHearts42", "comment": "This is such a strange recession so far though. I say this, because actual unemployment is staying low, job openings remain high, and consumer spending remains high. The stock market has dropped a lot faster than the inflation as well. I feels like this recession is almost purely stock market based, but not so much the real world.", "likes": 0, "published_at": "2022-12-20T11:27:25Z", "sentiment": -0.5267, "entities": []}, {"author": "@roberttaylor3594", "comment": "Has anyone else noticed how bad the market has been since this video dropped?  \nJust sayin\u2026. A coincidence? Or\u2026.?", "likes": 0, "published_at": "2022-12-17T00:31:20Z", "sentiment": -0.6174, "entities": []}, {"author": "@Ceciliamontgomery141", "comment": "Biggest lesson of 2022 in the stock market: Nobody knows what is going to happen next, so practice some humility and follow a strategy with a long term edge.", "likes": 4, "published_at": "2022-12-15T23:19:04Z", "sentiment": 0.0, "entities": []}, {"author": "@CanuckDividends", "comment": "Thank you for this review Marc and opinion on the state of our economy. I appreciate the updates and will be following to see future recaps from you.  I appreciate hearing opinions from people that have been in the markets for considerable length of time and are not telling everyone to panic sell like some \"Rich father, unrich father\" celebrities are doing and have been for a while now. I listen to many people's opinion and then make my own mind to go one way or another", "likes": 0, "published_at": "2022-12-15T18:22:01Z", "sentiment": 0.8658, "entities": []}, {"author": "@philcadorette1383", "comment": "Awesome video Marc, appreciate your time and expertise in putting these videos together. Look forward to each new one!", "likes": 0, "published_at": "2022-12-15T17:24:34Z", "sentiment": 0.7959, "entities": []}, {"author": "@mahirhaque1801", "comment": "Hey Marc can you elaborate into how Canadian long term bond etfs (VLB) would probably perform in the ensuing months? they have already rallied 15% from their all-time lows?", "likes": 0, "published_at": "2022-12-15T15:54:18Z", "sentiment": -0.2869, "entities": ["VLB"]}, {"author": "@GhaneshDas", "comment": "Excellent!", "likes": 0, "published_at": "2022-12-15T15:40:01Z", "sentiment": 0.6114, "entities": []}, {"author": "@canpin", "comment": "Thanks again Marc!", "likes": 0, "published_at": "2022-12-15T11:32:35Z", "sentiment": 0.4926, "entities": []}, {"author": "@juanperez-gh8bl", "comment": "very good information, as you always show Marc, with data, this year we got a lot of pain, but I hope at least a little of Christmas rally and a great 2023\n\n\"muy buena informaci\u00f3n, como siempre lo muestras Marc, con datos, este a\u00f1o tuvimos un monton de dolor, pero espero al menos un poco de rally navide\u00f1o y un gran 2023\"", "likes": 0, "published_at": "2022-12-15T01:53:19Z", "sentiment": 0.8872, "entities": ["un", "al", "un"]}, {"author": "@Tobi_Jones", "comment": "this market bottom series is super helpful and informative", "likes": 1, "published_at": "2022-12-14T23:37:10Z", "sentiment": 0.7717, "entities": []}, {"author": "@MurrMan23", "comment": "12:12 Very fortunate to have access to your knowledge. Thank you Marc.", "likes": 0, "published_at": "2022-12-14T23:24:51Z", "sentiment": 0.6901, "entities": []}, {"author": "@CanadianDividendInvesting", "comment": "Awesome stuff Mark, thanks for sharing your opinion!", "likes": 0, "published_at": "2022-12-14T19:57:13Z", "sentiment": 0.8777, "entities": []}, {"author": "@jasonstupak4535", "comment": "Watched and liked, thanks Marc!  Appreciate these updates.", "likes": 0, "published_at": "2022-12-14T19:21:03Z", "sentiment": 0.8268, "entities": []}, {"author": "@AceVenturaXii", "comment": "This series is really fantastic. I always look forward to this.", "likes": 1, "published_at": "2022-12-14T17:30:40Z", "sentiment": 0.5984, "entities": []}, {"author": "@thereverendramirez", "comment": "So curious on your guys' thoughts on AQN Algonquin, I'm pretty sure you guys recommended them many times before but my position there has dropped significantly and when I look at their debt, its very concerning....", "likes": 0, "published_at": "2022-12-14T14:09:40Z", "sentiment": 0.177, "entities": []}, {"author": "@Lopersen", "comment": "Keep up the good work. Thank you so much.", "likes": 0, "published_at": "2022-12-14T13:36:39Z", "sentiment": 0.6597, "entities": []}, {"author": "@MegsCarpentry-lovedogs", "comment": "You asked if one follows the vix, I do not, I might now because you introduced it and how to read it. The indicators I use are similar to yours, RSI, MacD, and I add CCI, Keltner Channel. Pivot points also to put things into deeper perspective.  For over 13 yrs, since I was first introduced to these indicators, they really have helped tremendously in finding that \"area of value\" to consider buying. Again, Marc, so important to have this sort of discussion, especially when times are more uncertain than usual. \ud83d\udc4d\ud83d\udcaf\ud83c\udde8\ud83c\udde6", "likes": 0, "published_at": "2022-12-14T12:58:29Z", "sentiment": 0.3123, "entities": ["RSI", "Keltner Channel"]}, {"author": "@MegsCarpentry-lovedogs", "comment": "Yes, Marc, your presentations on Market indicators are so well done. Keeping it real and no \"fluffy data.\"  A series on this topic is very welcomed. Thank you Marc....the selling off period of losers around this time of year means market indicator discussion is appreciated. \ud83d\udcc9\ud83c\udde8\ud83c\udde6", "likes": 0, "published_at": "2022-12-14T12:45:35Z", "sentiment": 0.8231, "entities": []}, {"author": "@sutts1283", "comment": "Thank you, H5!!", "likes": 0, "published_at": "2022-12-14T10:47:20Z", "sentiment": 0.4738, "entities": []}, {"author": "@electr0nux", "comment": "Wonderful and super helpful as always. Glad to see top quality content coming from an experienced person. Hats off!", "likes": 0, "published_at": "2022-12-14T09:17:40Z", "sentiment": 0.9381, "entities": []}, {"author": "@eco3thoughts286", "comment": "You my friend are becoming slowly but surely,  the reference. But keep on staying humble.  That's the strength of your videos. Well done!", "likes": 0, "published_at": "2022-12-14T09:09:52Z", "sentiment": 0.9215, "entities": []}, {"author": "@adventuretofinowildlifetou6385", "comment": "Just wondering about the rate hikes. I thought that is what is affecting the markets right now and some of those indicators you are using are going the right way for the feds to slow down the hikes. What are your thoughts on that?", "likes": 1, "published_at": "2022-12-14T07:11:00Z", "sentiment": 0.0, "entities": []}, {"author": "@brandonleo3316", "comment": "What online portfolio trackers do people recommend? I tried doing spreadsheets but I want something more automatic. I have seen global predictions or personal capital.", "likes": 0, "published_at": "2022-12-14T05:52:14Z", "sentiment": 0.296, "entities": []}, {"author": "@spacebarwasd9782", "comment": "Thanks Marc, cash is king right now...", "likes": 0, "published_at": "2022-12-14T04:44:58Z", "sentiment": 0.4404, "entities": []}, {"author": "@Azel247", "comment": "Good to see the economy weakening as that means interest rate hikes may be nearing an end?", "likes": 0, "published_at": "2022-12-14T04:41:17Z", "sentiment": 0.5574, "entities": []}, {"author": "@mrslcom", "comment": "Sell during the Santa rally and buy back when the market drops?", "likes": 1, "published_at": "2022-12-14T03:44:44Z", "sentiment": 0.0, "entities": ["Santa"]}, {"author": "@MountainFinance", "comment": "Thank you for continuing this series Marc \ud83d\ude42. I am in agreement, I do not think we have seen the bottom yet and if we do get a half decent Santa Rally, it may lull a few people into thinking we are good when we really have more pain before a real recovery.", "likes": 1, "published_at": "2022-12-14T03:10:17Z", "sentiment": 0.578, "entities": ["Santa Rally"]}, {"author": "@derekcox6531", "comment": "As always Marc you provide a sober observation. I think (personally) that if we are not already in a \u2018recession\u2019 we are almost certainly close.  I know people fear recessions,but inevitably,when one arrives it also provides opportunity for folks to get into blue chip companies That might be out of range during a bull market! 2023 will provide some opportunities. For example if someone said to a 25 yr old right now,\u2018don\u2019t buy RBC\u2026I\u2019d say you\u2019re crazy not to. Some companies are just so solid that you almost can\u2019t afford NOT to buy them when the market tanks. That\u2019s especially true for young investors I\u2019d say. It might not be sexy,but 30 years from now you\u2019ll be giggling when you see how much wealth you made. That\u2019s just my opinion of course.", "likes": 9, "published_at": "2022-12-14T02:50:56Z", "sentiment": 0.9023, "entities": ["RBC", "I\u2019d"]}, {"author": "@alexandrecontr", "comment": "LOVEEE these updates! Keep them coming, Mark! And consider having your own channel!", "likes": 6, "published_at": "2022-12-14T02:50:51Z", "sentiment": 0.0, "entities": []}, {"author": "@MikeyPaper", "comment": "Great video Marc! Thank you so much for the info. Appreciate it", "likes": 0, "published_at": "2022-12-14T02:38:38Z", "sentiment": 0.8622, "entities": []}, {"author": "@dbryant4", "comment": "Thanks, Marc.  Great, and insightful, as always.  Things are gyrating to the point I think we're in a generally sideways stock market for the foreseeable future.  Therefore, I've opted to fully invest for the time being with an emphasis on good dividend payers while I ride things out.  That being said, I hail from the Lone Ranger and Tonto school of investing, so when Kemo sabe tells me to watch the bad guys and shoot them if they make any false moves, that's what I do with my stocks; liquidate if they make any false moves ;)", "likes": 1, "published_at": "2022-12-14T02:37:35Z", "sentiment": 0.6249, "entities": []}, {"author": "@jcabral6231", "comment": "...sell..sell..sell...:)", "likes": 0, "published_at": "2022-12-14T02:37:20Z", "sentiment": 0.0, "entities": []}, {"author": "@momo35444", "comment": "thanks for the great knowledge!! awesome video. I love these great indicators you keep showing us", "likes": 0, "published_at": "2022-12-14T02:35:56Z", "sentiment": 0.9682, "entities": []}, {"author": "@BURGATRON", "comment": "Thanks for the update, sir Marc!", "likes": 0, "published_at": "2022-12-14T02:29:03Z", "sentiment": 0.4926, "entities": []}, {"author": "@cristiansoave5752", "comment": "March23 3200 bottom.....", "likes": 1, "published_at": "2022-12-14T02:21:24Z", "sentiment": 0.0, "entities": []}, {"author": "@David_C_83", "comment": "I was just thinking about this yesterday, thanks for the update!", "likes": 0, "published_at": "2022-12-14T02:19:36Z", "sentiment": 0.4926, "entities": []}, {"author": "@sagara7667", "comment": "japan faced 30 years to go up,  lets hope not the same situation with usa stock market", "likes": 0, "published_at": "2022-12-14T02:01:21Z", "sentiment": 0.4404, "entities": []}, {"author": "@Kevin_Street", "comment": "Thank you for this video. This kind of informative and non-clickbaity analysis is really interesting and not that easy to find on YouTube. It looks like we should keep the hatches battened down and prepare for some more rough weather.", "likes": 4, "published_at": "2022-12-14T01:58:58Z", "sentiment": 0.6795, "entities": ["YouTube"]}, {"author": "@mr.financial", "comment": "We appreciate how you do not try to be a fortune teller of the market. Great analysis Marc. What we have done to love from you.", "likes": 16, "published_at": "2022-12-14T01:27:59Z", "sentiment": 0.9001, "entities": []}, {"author": "@florendogomezcasuga7043", "comment": "T\u2019was mid October", "likes": 0, "published_at": "2022-12-14T01:09:40Z", "sentiment": 0.0, "entities": []}, {"author": "@markj4306", "comment": "These are great. Thanks for sharing your perspective!", "likes": 0, "published_at": "2022-12-14T01:08:27Z", "sentiment": 0.8777, "entities": []}, {"author": "@martinithechobit", "comment": "J pow will do what needs to be done.", "likes": 0, "published_at": "2022-12-14T01:00:22Z", "sentiment": 0.0, "entities": []}, {"author": "@turbofanlover", "comment": "Thanks for the update, Marc.  :)", "likes": 1, "published_at": "2022-12-14T01:00:05Z", "sentiment": 0.7096, "entities": []}, {"author": "@piknik8230", "comment": "thank you always for these video marc! keep them coming! \ud83c\udf89", "likes": 2, "published_at": "2022-12-14T00:44:11Z", "sentiment": 0.4738, "entities": []}, {"author": "@roberttaylor3594", "comment": "I predict you will say no!  Now I will watch and see what you say...", "likes": 3, "published_at": "2022-12-14T00:31:56Z", "sentiment": -0.3595, "entities": []}]