[{"author": "@beaviswealth", "comment": "\ud83d\udcc8Join The Investing Academy \ud83c\udde8\ud83c\udde6 \u27a4 https://bit.ly/theinvestingacademy \n\ud83d\udcf1Download Blossom Social (See My Exact Portfolio & Trades) \u27a4  https://getblossom.page.link/brandon", "likes": 3, "published_at": "2023-03-24T22:02:16Z", "sentiment": 0.0, "entities": ["The Investing Academy"]}, {"author": "@zenow527", "comment": "Omg! How did i miss this, my fav in one place", "likes": 0, "published_at": "2023-12-11T07:08:10Z", "sentiment": 0.4003, "entities": []}, {"author": "@MotiA.", "comment": "Haven't watched this but love it already! We don't have too many Canadian women finance resources!", "likes": 0, "published_at": "2023-04-27T09:35:23Z", "sentiment": 0.8118, "entities": []}, {"author": "@FrancescaCadhit", "comment": "Love this. It's so great to hear conversations about money -- especially among Canadian women (and you!)", "likes": 0, "published_at": "2023-04-11T11:40:00Z", "sentiment": 0.8941, "entities": []}, {"author": "@suebee1540", "comment": "Thank you Brandon for hosting this great collab. I am going to use the cherry tree analogy when I talk to my 25 year old grandson about investing.", "likes": 0, "published_at": "2023-04-01T10:14:04Z", "sentiment": 0.8113, "entities": []}, {"author": "@pamjiang", "comment": "Yes I can resonate with you all, Chinese parents favor real estate investment so I started w. RE.  I only started stock investments in recent yrs. and still learning\u2026. But my mom now is open to stock investments as well and asked me to help her.  Great session!! I manage my family finances.", "likes": 0, "published_at": "2023-03-31T17:15:52Z", "sentiment": 0.9445, "entities": []}, {"author": "@judisamoisette1258", "comment": "Thank you for gathering these women and all their insights, great questions, and what a pleasure to hear woman\u2019s voices. I loved the advice, I practice some of it House Hacking, my goal was to own my own home and have my two children start as soon as possible to own their own homes, they learned all about mortgages, debt management, equity and they will be mortgage free before 45 years old so proud of that bit of finance I thought them. They were easily sold on buying versus renting.", "likes": 0, "published_at": "2023-03-27T17:58:08Z", "sentiment": 0.9698, "entities": ["House"]}, {"author": "@morriisonsmicrogrowery3366", "comment": "Hi Brandon, I wanted to ask if you've got a video or have one in the works for canadian parents wanting to start an investing account for their little ones and get the children's investing journeys started.", "likes": 0, "published_at": "2023-03-27T15:07:48Z", "sentiment": 0.0, "entities": []}, {"author": "@rain0344", "comment": "Can you please make a video with an investor from Qu\u00e9bec? I am a newcomer and not sure if it is very different here in la belle prov compared to the rest of \ud83c\udde8\ud83c\udde6", "likes": 0, "published_at": "2023-03-27T01:01:29Z", "sentiment": 0.0869, "entities": ["la belle prov"]}, {"author": "@Chap17", "comment": "Always remember, if You  overcompensate for your partner and carry the weight..You'll  end up broke ..burnout and resentful money is a Business \nFemale or Male make sure you're a match, not codependent. Be smart and savvy, no  rose colored \ud83d\udd76\ufe0f", "likes": 0, "published_at": "2023-03-27T00:58:52Z", "sentiment": -0.794, "entities": []}, {"author": "@Chap17", "comment": "A very \ud83c\udf89Smart move Brandon ...thoroughly enjoyed it \ud83d\ude0a", "likes": 0, "published_at": "2023-03-27T00:50:25Z", "sentiment": 0.5106, "entities": ["\ud83c\udf89Smart"]}, {"author": "@AshtonVsMarket", "comment": "we all know what happened after", "likes": 1, "published_at": "2023-03-26T13:48:30Z", "sentiment": 0.0, "entities": []}, {"author": "@tdl2920", "comment": "this was a great session.  learned a few things, and made a few new follows.  thanks!", "likes": 0, "published_at": "2023-03-26T12:21:41Z", "sentiment": 0.807, "entities": []}, {"author": "@meetblossomsocial", "comment": "We're proud to have so many amazing women ambassadors on Blossom \ud83e\udd17 Great video Brandon!", "likes": 0, "published_at": "2023-03-26T06:49:07Z", "sentiment": 0.9113, "entities": ["Blossom \ud83e\udd17"]}, {"author": "@momo35444", "comment": "great video!!! love to see the diversity in this video, with all the different views!", "likes": 0, "published_at": "2023-03-25T22:14:02Z", "sentiment": 0.8877, "entities": []}, {"author": "@AlphabetRock", "comment": "This was great to watch! Thanks for including women investors in your discussions about investing. I find it is a challenge to find female friends with whom to talk about these topics, and I'm all for increasing the demographic of women in this space.", "likes": 0, "published_at": "2023-03-25T20:52:28Z", "sentiment": 0.8932, "entities": []}, {"author": "@waynebaillie3278", "comment": "I really enjoyed this video and listening to the perspectives of these women.", "likes": 0, "published_at": "2023-03-25T19:16:27Z", "sentiment": 0.5563, "entities": []}, {"author": "@mustafaal-humairi6477", "comment": "The thing with Investing that every body seems to like a different style and it\u2019s totally fine. There are many ways to make money in the stock market. However, the only part that makes me sad and mad when somebody talks or promotes the  scam cover call ETFs and convince people this is the only way to go. Good job ladies and Brandon hopefully more girls comes to the space", "likes": 1, "published_at": "2023-03-25T18:20:00Z", "sentiment": 0.3804, "entities": []}, {"author": "@addyinvest", "comment": "Great content!", "likes": 2, "published_at": "2023-03-25T17:58:46Z", "sentiment": 0.6588, "entities": []}, {"author": "@jo-annguthur7314", "comment": "Could you do a video that would compare investing vs real estate investing?", "likes": 1, "published_at": "2023-03-25T17:38:04Z", "sentiment": 0.0, "entities": []}, {"author": "@siam9845", "comment": "As a female DIY inventor it is lonely because my female friends don\u2019t and don\u2019t want to hear about it.  I was so excited when I got started and quickly learned most are not interested.   Also Canadians don\u2019t talk about money.  Love the YouTube and Blossom community.", "likes": 8, "published_at": "2023-03-25T16:42:45Z", "sentiment": 0.7714, "entities": ["DIY", "YouTube"]}, {"author": "@marquiscloutier9137", "comment": "Awesome video collab!!!\nLike your dad brings a total different perspective on your channel Brandon, the entire world should listen a lot more to what these brilliant ladies have to say! Take what fits you and leave everything else behind, but this is always been a huge plus for me to try looking at things on different angles. A lot a of mens are indeed jumping the guns way faster that most women will ever do, but it doesn\u2019t guarantee a better outcome. We are in 2023 for God sake!!! Discussion around skin colour and genders should be wayyyy behind us! Keep fighting for your ideas ladies, your are all perfect models for the future generations!! \ud83d\udc95", "likes": 0, "published_at": "2023-03-25T16:08:37Z", "sentiment": 0.9662, "entities": ["Awesome"]}, {"author": "@marianamarchetti2391", "comment": "Wow I loved this video \ud83e\udd70", "likes": 1, "published_at": "2023-03-25T15:36:27Z", "sentiment": 0.8271, "entities": ["\ud83e\udd70"]}, {"author": "@MountainFinance", "comment": "Great video Brandon. Thank you for giving women a voice \ud83d\ude42.", "likes": 2, "published_at": "2023-03-25T14:09:35Z", "sentiment": 0.8402, "entities": []}, {"author": "@CanadianDividendInvesting", "comment": "What an amazing collab, thanks for sharing ladies!", "likes": 1, "published_at": "2023-03-25T13:46:05Z", "sentiment": 0.8687, "entities": []}, {"author": "@cassmelo", "comment": "thanks for having us!! \ud83d\ude4f", "likes": 4, "published_at": "2023-03-25T09:57:15Z", "sentiment": 0.5399, "entities": ["\ud83d\ude4f"]}, {"author": "@debbassgirl586", "comment": "I started investing in High School in the mid 80's. I could find no other peers to discuss money, never mind investing. Thanks to Mr. Hammershmidt in Grade 11 Consumer Education. I learned the magic of compound investing!  I looked up to my mom who instilled self discipline with my finances.  She took care of the household finances, even though my dad was the breadwinner. I decided at 18 that I would retire at 55. Happy to say I just turned 55. Retired after 30 years of nursing. I love DIY investing.", "likes": 1, "published_at": "2023-03-25T07:39:40Z", "sentiment": 0.831, "entities": ["DIY"]}, {"author": "@3inchMorningwood", "comment": "Where is erica from PLL :D", "likes": 0, "published_at": "2023-03-25T07:29:19Z", "sentiment": 0.6166, "entities": ["PLL :D"]}, {"author": "@maxwellnicholson6668", "comment": "Amazing video!!", "likes": 1, "published_at": "2023-03-25T05:25:02Z", "sentiment": 0.658, "entities": []}, {"author": "@Carol8693", "comment": "Creative and fun idea , Brandon \ud83d\ude0a   Go girls !!!!!! \ud83e\udd73\ud83e\udd73\ud83e\udd73 \ud83e\udd42 but. You are still my favourite at all times, Brandon  \u2600\ufe0f\u2b50\ufe0f\ud83d\ude4f\u2705 Success to all of us ! \ud83e\udd42", "likes": 1, "published_at": "2023-03-25T02:55:18Z", "sentiment": 0.8839, "entities": ["\ud83d\ude4f", "Success"]}, {"author": "@pinkpeachz", "comment": "Love this thank you Brandon!!", "likes": 1, "published_at": "2023-03-25T02:37:19Z", "sentiment": 0.8065, "entities": []}, {"author": "@MrSoccerHighlighter", "comment": "brandon the rizz god", "likes": 9, "published_at": "2023-03-25T01:53:17Z", "sentiment": 0.2732, "entities": []}, {"author": "@petershirley2025", "comment": "Came here from joyees page, loved hearing everything from everyone. Thanks for the content!\ud83e\udd20", "likes": 3, "published_at": "2023-03-25T00:52:58Z", "sentiment": 0.7959, "entities": []}, {"author": "@natasha-4287", "comment": "I\u2019m wondering if you invited the woman from Mountain Finance. She is so informative and helpful. I sent her a message and she responded immediately.", "likes": 3, "published_at": "2023-03-25T00:52:41Z", "sentiment": 0.4703, "entities": []}, {"author": "@FinancialNirvanaMama", "comment": "Thank you Brandon for having this collab! So many wonderful discussions and thought provoking tips! So great to be part of blossom!", "likes": 8, "published_at": "2023-03-25T00:50:13Z", "sentiment": 0.8989, "entities": []}, {"author": "@allendesjardins2470", "comment": "Thank you for a better understanding for women investing . Cheers to all.", "likes": 4, "published_at": "2023-03-25T00:49:00Z", "sentiment": 0.8176, "entities": []}, {"author": "@NotL_Lag", "comment": "\ud83d\ude4c\ud83d\ude4c\ud83d\ude4c", "likes": 0, "published_at": "2023-03-24T23:52:57Z", "sentiment": 0.0, "entities": []}, {"author": "@MegsCarpentry-lovedogs", "comment": "Tracy about the Cherry......excellent analogy.....So well done to you all ladies! Thank you for wanting to be on this sort of platform to share your experiences.  From another female investor who is doing alright from investing in the stock market!  Go Girl Power! \ud83d\udcaa\ud83d\udcaa\u2640   \ud83c\udde8\ud83c\udde6", "likes": 2, "published_at": "2023-03-24T23:35:21Z", "sentiment": 0.826, "entities": ["Cherry"]}, {"author": "@MegsCarpentry-lovedogs", "comment": "Brandon, we would LOVE to have another one of these wonderful presentations! \ud83d\udc4d\ud83d\udcaf    \ud83c\udde8\ud83c\udde6", "likes": 5, "published_at": "2023-03-24T23:32:04Z", "sentiment": 0.8728, "entities": []}, {"author": "@krisskross8985", "comment": "If you have been divorced I would definitely say to keep your money separate and talk about finances in detail before you live together.", "likes": 2, "published_at": "2023-03-24T23:30:35Z", "sentiment": 0.4019, "entities": []}, {"author": "@evadeanu1", "comment": "Great session! Thanks all!", "likes": 0, "published_at": "2023-03-24T23:22:44Z", "sentiment": 0.8217, "entities": []}, {"author": "@MegsCarpentry-lovedogs", "comment": "Dividend Snowball!  Tracy!  That is a PERFECT visual phrase!     It is a keeper...I will be using it moving forward. \ud83d\udc4d\ud83d\udcaf    \u263a\ud83c\udde8\ud83c\udde6", "likes": 2, "published_at": "2023-03-24T23:04:40Z", "sentiment": 0.7437, "entities": ["Dividend Snowball"]}, {"author": "@krisskross8985", "comment": "Terrific!  Great video I know a few women. I guess there are not too many mature (over 50) women on you tube in the investment space.", "likes": 2, "published_at": "2023-03-24T22:53:00Z", "sentiment": 0.7319, "entities": []}, {"author": "@MegsCarpentry-lovedogs", "comment": "Yupeeee.....let's go there ladies!   Bravo for getting involved with investing.\ud83d\udcaf\ud83d\udc4d\ud83c\udde8\ud83c\udde6", "likes": 2, "published_at": "2023-03-24T22:43:58Z", "sentiment": 0.0, "entities": []}, {"author": "@user-fp3lf8jz8y", "comment": "Love this! \ud83d\udc4f\ud83d\udc4f", "likes": 3, "published_at": "2023-03-24T22:41:41Z", "sentiment": 0.6696, "entities": []}, {"author": "@Acvsdfe3245a", "comment": "lol", "likes": 1, "published_at": "2023-03-24T22:38:26Z", "sentiment": 0.4215, "entities": []}, {"author": "@franklynbagwer3396", "comment": "# investment adviser \nhappiness is the key To Success when you make a great profit  from the market \ud83e\udd70", "likes": 4, "published_at": "2023-03-24T22:33:19Z", "sentiment": 0.936, "entities": ["Success", "\ud83e\udd70"]}]