[{"author": "@beaviswealth", "comment": "\ud83d\udcc8\ud83d\udcda As always, if you're a beginner to the Stock Market in Canada and you're looking for a step-by-step blueprint on how to get started... Find out more about our Investing Academy here - https://bit.ly/theinvestingacademy", "likes": 3, "published_at": "2021-10-14T16:17:05Z", "sentiment": 0.0, "entities": ["the Stock Market", "Investing Academy"]}, {"author": "@kent570253", "comment": "You guys have a very great channel.", "likes": 0, "published_at": "2021-11-27T11:37:06Z", "sentiment": 0.659, "entities": []}, {"author": "@lindadickson2427", "comment": "Thank you for doing this video,  nice to hear about  the ups and downs", "likes": 0, "published_at": "2021-10-26T16:50:18Z", "sentiment": 0.6486, "entities": []}, {"author": "@JoeSmith-pu9hi", "comment": "This is a great channel.", "likes": 0, "published_at": "2021-10-18T04:31:55Z", "sentiment": 0.6249, "entities": []}, {"author": "@zampej963", "comment": "hi guys , love the shows .  i have a question  i have made over 417% on a etf ...\ndo i sell it, take back the amount invested ,  leave it alone . I bought WCP for 1.40  its at $7+      HELP , what do i do ????   thank you in advance .", "likes": 0, "published_at": "2021-10-17T19:04:22Z", "sentiment": 0.8718, "entities": ["WCP"]}, {"author": "@tylerwilson6842", "comment": "I can't help but get excited when I see a new video featuring both Brandon and Marc. Thank you both so much for the great advice and keep up the amazing hard work. Much love from Fort St John, BC", "likes": 2, "published_at": "2021-10-17T16:17:49Z", "sentiment": 0.9744, "entities": ["BC"]}, {"author": "@nimitaw1167", "comment": "Could you talk about how leveraged ETFs like SPXL are affected when SP500 drops 50%?", "likes": 0, "published_at": "2021-10-16T23:03:56Z", "sentiment": 0.2263, "entities": []}, {"author": "@roberttaylor3594", "comment": "I like to look at any price loses and then see if they are offset by dividends.  Check every three months or so to roughly sync with quarterly dividend payments.", "likes": 0, "published_at": "2021-10-16T20:55:39Z", "sentiment": 0.0516, "entities": []}, {"author": "@ab.4425", "comment": "Great video guys!! Thank you so much!!", "likes": 0, "published_at": "2021-10-15T23:42:47Z", "sentiment": 0.8302, "entities": []}, {"author": "@momo35444", "comment": "great video, thanks for this. reassurance is great. thanks to both of you", "likes": 0, "published_at": "2021-10-15T20:25:09Z", "sentiment": 0.9477, "entities": []}, {"author": "@pkarowic", "comment": "This was explained very well. Thanks.", "likes": 0, "published_at": "2021-10-15T16:39:49Z", "sentiment": 0.6779, "entities": []}, {"author": "@mariefran9232", "comment": "Another great comforting content!\n\nAlso, it's in the news everywhere - coal crisis. What's you 2 cents on how this will affect the economy and stock market in general? Which sector would be hit hard and which sector would be gaining from it (if there's any)?", "likes": 0, "published_at": "2021-10-15T14:27:57Z", "sentiment": 0.6958, "entities": []}, {"author": "@mrpmj00", "comment": "The problem about waiting for the stock market to tank 5%-20% is that while you are waiting, it probably went up by the same percentage so you're buying at \r\nthe same price now as you would have months ago.\r\nAnd if the market doesn't tank, then you're buying higher.\r\n\r\nthat's what they said last year and now those who stood on the sidelines are paying 60% higher because the market goes up in the long term!\r\nThat's what those who stood on the sidelines in 2009 said and now it's 4-5 times more (or 450% return) because the market goes up in the long term!\r\n\r\nI bought these on the dips in the last few days.\r\nAmazon\r\nFacebook\r\nApple", "likes": 1, "published_at": "2021-10-15T07:25:08Z", "sentiment": -0.3786, "entities": ["Amazon", "Apple"]}, {"author": "@littleninjai222", "comment": "Timely! Even as a seasoned investor, it's nice to get these educated reminders, especially from someone like Marc who's been through these market volatilities many times.", "likes": 0, "published_at": "2021-10-15T07:06:27Z", "sentiment": 0.7055, "entities": []}, {"author": "@tysonmou1", "comment": "So, buy the dip to average down when fear and volatility are high, and HODL with diamond hands watching those gains go sky high?", "likes": 0, "published_at": "2021-10-15T05:43:13Z", "sentiment": 0.1531, "entities": ["HODL"]}, {"author": "@MegsCarpentry-lovedogs", "comment": "charts were greatly appreciated. Fantastic that this video can be viewed in years to come to help with coping with any volatility. Thanks guys:)\ud83d\udcaf\ud83c\udde8\ud83c\udde6\ud83c\udf41", "likes": 0, "published_at": "2021-10-15T03:45:47Z", "sentiment": 0.9197, "entities": []}, {"author": "@ryanm7171", "comment": "I just happened to take over my portfolio  from my financial advisors, and yes I had 3, on November 2008.  Within months, I was down 39 percent.  Thank God I didn't panic, and I within a couple of years, I made my money back.  I remember stock markets going up and down 7 percent in the same week.  I agree with you both that this is normal and I wouldn't even call it volitile.  Some stocks and sectors might be, but not the North American markets.  Volitility to me really starts to happen at a 10 percent decline.", "likes": 0, "published_at": "2021-10-15T03:13:47Z", "sentiment": 0.6957, "entities": []}, {"author": "@krysiaru8571", "comment": "I am enjoying your videos \ud83d\udc4d\ud83d\udc4f but I realized that you address younger generation I would appreciate if  Mark could discuss  investing for seniors.I am 71 and I am very confused about my RRIF  investing ,could you talk about boring bonds and other  holdings  which would be appropriate for baby boomers .\nThanks", "likes": 0, "published_at": "2021-10-15T03:02:18Z", "sentiment": 0.5041, "entities": ["RRIF"]}, {"author": "@JoeSmith-pu9hi", "comment": "How about a TSX forecast?", "likes": 0, "published_at": "2021-10-15T02:57:09Z", "sentiment": 0.0, "entities": ["TSX"]}, {"author": "@gush5465", "comment": "People ignore a day when their portfolio is green but as soon as u get a red day they panic \ud83d\ude0a", "likes": 0, "published_at": "2021-10-15T00:44:23Z", "sentiment": -0.7351, "entities": []}, {"author": "@carson1861", "comment": "Thank you Brandon and Mark. You had already prepared me for this volatility and yes, I did not like it but in-bedded in my INvesting heart  was WHAT I LEARNED in the academy and the security that  it will return and I am already way ahead of it crashing/volatility.  YOU GUYS ARE GREAT AND RIGHT ON IN MY BOOKS.", "likes": 0, "published_at": "2021-10-15T00:32:22Z", "sentiment": 0.9238, "entities": []}, {"author": "@yen_mytran5435", "comment": "Thanks", "likes": 1, "published_at": "2021-10-14T22:57:21Z", "sentiment": 0.4404, "entities": []}, {"author": "@hutzy3607", "comment": "Awesome video guys it really helps us students take a different approach outside our regular comfort zone.", "likes": 0, "published_at": "2021-10-14T22:51:43Z", "sentiment": 0.8588, "entities": []}, {"author": "@willkeen5010", "comment": "Great research and advise. I was in my early 20\u2019s during the tech bubble. Dad would check the local  Ottawa news to see the value of Nortel and found it quite odd how was gaining so fast. His IG advisor (mine now) advised him to possibly sell as it was about 80% of his entire portfolio. He did but kept 200 shares just to keep some skin in the game as they say. Well I have those in my portfolio now but it was great advise to diversify before it crashed.", "likes": 1, "published_at": "2021-10-14T22:15:05Z", "sentiment": 0.9377, "entities": ["Nortel", "IG"]}, {"author": "@Lopersen", "comment": "Great work! Voices of reason! :)", "likes": 0, "published_at": "2021-10-14T22:00:20Z", "sentiment": 0.8264, "entities": []}, {"author": "@renzenker2526", "comment": "Well, do you guys think anyone in their right mind with a lump sum to invest should do so now regardless of their time frame? Don't think so!", "likes": 0, "published_at": "2021-10-14T21:28:47Z", "sentiment": 0.3382, "entities": []}, {"author": "@renzenker2526", "comment": "The market has simply recovered much too fast...I sold  everything end of June 2021 and just look at this choppiness now waiting for a correction or a crash . Yes I am losing out on dividends in the meantime, but I made huge gains as I bought in March 2020, as I was 100% cash then. So not to be greedy and patient now is hard.", "likes": 0, "published_at": "2021-10-14T21:20:19Z", "sentiment": 0.7264, "entities": []}, {"author": "@eseskay99", "comment": "Thanks for the great information, Brandon and Marc.  Would you consider talking about how you use Stop Losses.  Interested in hearing your thoughts.  Thank you for your videos.", "likes": 1, "published_at": "2021-10-14T20:55:34Z", "sentiment": 0.8074, "entities": []}, {"author": "@MegsCarpentry-lovedogs", "comment": "Brandon and Marc, I am helping two other people in investing, a sort of mini investment meetings done regularly. YOUR video's are key in helping them. I pick which ones I feel they appear to be able to take in at whatever stage they are in in the present moment! (A lot of words in that last sentence. I hope I got my point across though, LOL) Thank you for helping out so many Canadians! You Both Rock! Atlantic Canada is watching\ud83d\udc4d\ud83d\ude09\ud83c\udf41\ud83c\udde8\ud83c\udde6", "likes": 0, "published_at": "2021-10-14T19:50:16Z", "sentiment": 0.9037, "entities": ["LOL"]}, {"author": "@khuo0219", "comment": "Buy the dip! This is nothing, I started investing in high school in 2001, the next time I put money in the market was 2007 and one year later the market was down 40%. I also started investing aggressively in 2020. The first investment helped pay for my college, the second investment helped with the downpayment. I hope the third one will help me retire early!", "likes": 2, "published_at": "2021-10-14T19:34:02Z", "sentiment": 0.5399, "entities": []}, {"author": "@MegsCarpentry-lovedogs", "comment": "SUPER important topic....when is this pullback? Who knows....difficult to have cash sitting not making money on dividend income ???", "likes": 0, "published_at": "2021-10-14T19:29:03Z", "sentiment": 0.8122, "entities": []}, {"author": "@turbofanlover", "comment": "This volatility is nothing, really.  Wait until this over decade long bull market finally ends...and we enter a legit bear market.  That will be more of a test/lesson for newbie investors who piled into the market over the past 18 months.", "likes": 2, "published_at": "2021-10-14T19:15:12Z", "sentiment": 0.0, "entities": []}, {"author": "@anonuser12345", "comment": "I have noticed a lot of newer investors seem to think there  is a lot of volatility. If they keep investing over the long term, they will get used to it.", "likes": 3, "published_at": "2021-10-14T18:58:30Z", "sentiment": 0.0, "entities": []}, {"author": "@AtharAfzal", "comment": "Very informative and incredibly insightful!  \n\nAppreciate the 'reassurance' if I may say?  \n\nThanks for always being so helpful.", "likes": 0, "published_at": "2021-10-14T18:58:11Z", "sentiment": 0.8685, "entities": []}, {"author": "@bryanmorgan758", "comment": "The boys are back in town! Great advice and very timely. Thanks gentlemen!", "likes": 2, "published_at": "2021-10-14T18:57:24Z", "sentiment": 0.8344, "entities": []}, {"author": "@The_Bronze_Spoon_Investor", "comment": "What I do on my channel, The Bronze Spoon Investor is to provide perspective, something that is generally lacking in the finance industry.  Thank you guys for your time, education and solid advice on understanding what is, \"normal\".", "likes": 0, "published_at": "2021-10-14T17:50:21Z", "sentiment": 0.4767, "entities": ["The Bronze Spoon Investor"]}, {"author": "@xcom5121", "comment": "Hey guys, excellent video. I followed a lot of investing channels before but you are the only one that really changed my investing strategy and vision. Thanks ! Cheers from Quebec", "likes": 0, "published_at": "2021-10-14T17:32:57Z", "sentiment": 0.9208, "entities": []}, {"author": "@glennalbertaguado1017", "comment": "Great video \ud83d\udc4c", "likes": 0, "published_at": "2021-10-14T17:24:59Z", "sentiment": 0.6249, "entities": []}, {"author": "@RyanThomasWoods", "comment": "Probably one of my favourite videos! I love market updates like this with numbers to put things into perspective and hope you can produce a bi-weekly market update regularly as they keep me more calm and ease my anxiety when you guys put it into perspective", "likes": 4, "published_at": "2021-10-14T16:59:28Z", "sentiment": 0.9267, "entities": []}, {"author": "@Loiswomgawesome", "comment": "Can you do a video on how to balance your portfolio?", "likes": 2, "published_at": "2021-10-14T16:58:16Z", "sentiment": 0.0, "entities": []}, {"author": "@johnmailey943", "comment": "Hi, how many students do you have now in the Ivesting Academy?", "likes": 1, "published_at": "2021-10-14T16:52:49Z", "sentiment": 0.0, "entities": ["the Ivesting Academy"]}, {"author": "@cesardrudi8238", "comment": "Volatility is a good thing. Im going to do some swing trading in dividend paying companies I would gladly hold for 10+ years. That way I have a chance to make some extra profits and if I end up buying just before a crash Im fine with that since I'll be holding the companies I want to own anyway.\n\nAlso if I may, Let's go Brandon! =)", "likes": 0, "published_at": "2021-10-14T16:42:13Z", "sentiment": 0.902, "entities": []}, {"author": "@reptilianskin", "comment": "Volatility does not bother me so much. Especially because I am a dividend stock investor. If I needed to sell my holdings to generate income for retirement, I get it if retirees have concerns. But lower stock prices for me means more shares, more dividends for the same dollar amount invested.", "likes": 1, "published_at": "2021-10-14T16:41:29Z", "sentiment": 0.24, "entities": []}, {"author": "@Liplucky", "comment": "I think this was a great topic to approach and discuss.  To curb volatility you mention investing in bonds.  What are your favourite bonds or bond ETFs to invest in?", "likes": 0, "published_at": "2021-10-14T16:34:56Z", "sentiment": 0.6249, "entities": []}, {"author": "@gg2cool4u", "comment": "Glad to see you two in person! Hope you had a great Thanksgiving.", "likes": 6, "published_at": "2021-10-14T16:17:02Z", "sentiment": 0.8832, "entities": []}]