[{"author": "@beaviswealth", "comment": "\ud83d\udcc8\ud83d\udcda As always, if you're a beginner to the Stock Market and you're looking for a step-by-step blueprint on how to get started... Find out more about our Investing Academy here - https://bit.ly/theinvestingacademy\n\nThanks for watching everyone! Leave a like if you enjoy the video! :D", "likes": 9, "published_at": "2020-10-10T15:34:40Z", "sentiment": 0.9188, "entities": ["the Stock Market", "Investing Academy"]}, {"author": "@momo35444", "comment": "thanks for the video! great content!", "likes": 0, "published_at": "2021-01-23T03:07:37Z", "sentiment": 0.8217, "entities": []}, {"author": "@momo35444", "comment": "love the content!!!! every video is so knowledgeable.", "likes": 0, "published_at": "2021-01-23T02:27:46Z", "sentiment": 0.7482, "entities": []}, {"author": "@vtheb1299", "comment": "This is a remarkable channel. Brandon manages to translate all the wisdom of the greats into millennial language. Great job Brandon!!! One tiny suggestion: don't say things like 95% of people (get burned)....  because the people who need your advice the most will think \"I'm gonna be of the other 5%\". As if!! So just beware of such trigger phrases.", "likes": 0, "published_at": "2021-01-14T22:56:31Z", "sentiment": 0.9034, "entities": []}, {"author": "@jamal9999100", "comment": "Anyone need invest in dubai or business i can help", "likes": 0, "published_at": "2020-11-05T03:40:34Z", "sentiment": 0.4019, "entities": []}, {"author": "@bcssynchro5596", "comment": "When you pick a stock what are the main first few thing you look at to know wheather its worth looking more into before investing into it", "likes": 1, "published_at": "2020-10-29T03:19:58Z", "sentiment": 0.2263, "entities": []}, {"author": "@fatimamoradian9958", "comment": "THANKS for the video, ,is it time to buy shopify", "likes": 0, "published_at": "2020-10-28T03:00:47Z", "sentiment": 0.5622, "entities": []}, {"author": "@MrBizteck", "comment": "Was seriously considering dropping 90% of my savings into the market.   Thanks for putting me stright.", "likes": 1, "published_at": "2020-10-16T08:43:11Z", "sentiment": 0.296, "entities": []}, {"author": "@manojmohan7264", "comment": "Wow. You stuck to your fundamental beliefs even during these times. Respect. Subscribed !", "likes": 1, "published_at": "2020-10-14T15:25:19Z", "sentiment": 0.7345, "entities": []}, {"author": "@3xetfs", "comment": "Thanks for the wonderful video\nHi Brandon just had a question. If I buy stock and sell it in 3 to 4 days (consistingly keep doing it  and make profits) will it fall under business income or capital gains?", "likes": 1, "published_at": "2020-10-13T05:49:30Z", "sentiment": 0.8402, "entities": []}, {"author": "@WaysToWealth", "comment": "Buy High Sell High lolol \nDon't chase is good advice", "likes": 0, "published_at": "2020-10-12T09:58:19Z", "sentiment": -0.3412, "entities": []}, {"author": "@iReagorn", "comment": "Great vid.\n\nHave a random question. I saw TD self directs market research available recently and have been trying to find an external site (paid or free) that provides similar information (such as articles, target prices, analyst ratings, etc). Would you happen to know any site that provides that information? What resources do you use to do your research?", "likes": 1, "published_at": "2020-10-11T16:36:29Z", "sentiment": 0.6662, "entities": ["TD"]}, {"author": "@paulsantori8920", "comment": "I'm interested in your comment about buying stocks at 12. My son is 15, how do you set up an account for someone under the age of 18? Maybe a video topic!!!", "likes": 2, "published_at": "2020-10-11T16:18:48Z", "sentiment": 0.5538, "entities": []}, {"author": "@ab.4425", "comment": "Great Video Brandon! Thank you so much!!", "likes": 0, "published_at": "2020-10-11T15:41:47Z", "sentiment": 0.8164, "entities": ["Great Video Brandon"]}, {"author": "@ARJUNxSx", "comment": "hey brandon beavis and butthead hehe jk jk\n\ngreat vid as per usual. Just a side point, i have access to a line of credit at prime-0.25. Wouldn't you say as a lonterm investor with TFSA room, that investing for the long term in broad diversification (e.g. VEQT or VGRO) would payout? We don't know that, but as a long term holder, the markets will increase overtime at a rate of higher than prime annually, and if they don't then there's bigger fish to fry because clearly the stock market is not a good investment for everyone anymore then\n\ncurious on your thoughts", "likes": 1, "published_at": "2020-10-11T06:46:48Z", "sentiment": 0.8908, "entities": ["VGRO"]}, {"author": "@susanxyz", "comment": "Cute acne studio piece! \ud83d\ude0d\ud83d\ude0d", "likes": 0, "published_at": "2020-10-11T05:34:47Z", "sentiment": 0.5093, "entities": []}, {"author": "@NicksTaxes", "comment": "Appreciate the tips! Great reminders", "likes": 0, "published_at": "2020-10-11T03:48:02Z", "sentiment": 0.7959, "entities": []}, {"author": "@jqng6688", "comment": "Do you answer instagram DM's? Had a beefier question about RRSP's and if selling stocks in RRSP's counted as withdrawals and if you had to deduct from your income every time you contributed.", "likes": 1, "published_at": "2020-10-11T03:43:23Z", "sentiment": 0.0, "entities": ["DM", "RRSP", "RRSP"]}, {"author": "@tadbbq", "comment": "I bought a few on TD stock on Friday. Ppl say low interest rate is bad for bank stocks; but I keep increase TD % in my portfolio. Lol. Somehow, I feel like TD will bounce back by next year. What do you think bank stocks in such low interest rate now?", "likes": 4, "published_at": "2020-10-11T03:39:16Z", "sentiment": 0.8873, "entities": ["TD", "TD"]}, {"author": "@alifasha3017", "comment": "Hi Brandon, Thanks for the video, every time I am learning so much from your video. \nCould you please advise me if I hold long-term of American stock in using TFSA than do I have to pay extra? Regards", "likes": 0, "published_at": "2020-10-11T01:25:29Z", "sentiment": 0.5859, "entities": []}, {"author": "@davidwilliams9386", "comment": "Hey Brandon! Investor from southern Ontario here! Ran into a few of your adds and I think they're very classy and well put together. Just thought you wouldn't mind hearing some feedback \ud83d\ude0a", "likes": 3, "published_at": "2020-10-10T22:33:01Z", "sentiment": 0.7303, "entities": []}, {"author": "@Alan-ck6fg", "comment": "Thumb Up and Thank you~", "likes": 0, "published_at": "2020-10-10T22:02:15Z", "sentiment": 0.3612, "entities": []}, {"author": "@arnoldmacalipay3018", "comment": "Wuaw acne studios! Great vid bro", "likes": 0, "published_at": "2020-10-10T20:50:16Z", "sentiment": 0.6588, "entities": []}, {"author": "@Rob-ob3sh", "comment": "Another great video Brandon thanks.   Brandon is it more expensive to trade U.S. stocks on Wealth simple or Questrade ? I heard from a friend who said Wealth simple would be more ?  Thanks", "likes": 1, "published_at": "2020-10-10T19:22:02Z", "sentiment": 0.9645, "entities": []}, {"author": "@canadianinvestor5682", "comment": "Thanks for the guidance brandon! I have been accumulating more cash than usual lately , keep up the content!", "likes": 2, "published_at": "2020-10-10T19:17:27Z", "sentiment": 0.5399, "entities": []}, {"author": "@kurts3779", "comment": "Had to pause the video when you started talking about debt. I took a 100k from my Credit Card (1% balance transfer, zero percent interest for 1 year) and bought just over a thousands shares of Canadian Tire at $93 a few months ago. Today Canadian Tire is around $140.00. Over 50% return on equity plus some dividends along the way. Would you sell CT at this time Brandon if you were in my position? Also, the reduced mortgage rate of 1.64% that I just signed off on, on my rental property has increased my monthly cash flow by more than the cost of borrowing the 100k and the dividends from CT is a bonus too. I really am tempted to sell but it just looks so good in Questrade to see the green 53.10% P&L. Should I shuffle things around in other areas and clear up the debt on expiry and keep the stock or sell. Also, I was never a stock guy until March 2020 and I only got in March because I knew enough to know that Covid brings plenty buying opportunity and this would be the time to buy. I have a few rental properties which i guess made me comfortable with debt and leverage and kind of went into stocks with a real estate investors mind set for the first time in my life at 43. So far I can say I like stocks but I do have friends that are telling me I'm lucky and it wasn't always like this. I really don't mind buying stocks and holding long term 10+ years and taking on debt for stock with that long term vision. As a matter of fact, I was even considering selling one of my rentals where I'll clear about 750k and putting that all into stocks at this time because I think I can do better with stocks at this particular time and don't think real estate with continue with the crazy trajectory it has been on.", "likes": 0, "published_at": "2020-10-10T19:10:25Z", "sentiment": 0.9877, "entities": ["Credit Card", "CT", "CT"]}, {"author": "@tommytran7954", "comment": "Which account should I use if I were to do short term trades ?", "likes": 1, "published_at": "2020-10-10T19:04:24Z", "sentiment": 0.0, "entities": []}, {"author": "@MrPublicexposure", "comment": "Successful people will make money in any government, as long as it\u2019s not a bolshevik government.", "likes": 2, "published_at": "2020-10-10T18:48:09Z", "sentiment": 0.5859, "entities": []}, {"author": "@tomahawk581", "comment": "My vaccine-Stocks: JNJ, Pfizer ;) (Not owning it because of that)", "likes": 2, "published_at": "2020-10-10T18:47:48Z", "sentiment": 0.2263, "entities": ["JNJ", "Pfizer ;)"]}, {"author": "@FK-ef7xx", "comment": "I agree with you. \nKeep the investments in the solid companies. The ones that you studied and know. Events comes and goes. Get solid companies that you believe and invest. \nLeveraging does not seem to be a good time to do. Specially on the penny stocks.", "likes": 0, "published_at": "2020-10-10T18:35:07Z", "sentiment": 0.765, "entities": []}, {"author": "@livinnbaballer", "comment": "Great video Brandon. Perhaps you can do a video on what to look for in a quality company?", "likes": 4, "published_at": "2020-10-10T17:27:35Z", "sentiment": 0.6249, "entities": []}, {"author": "@musiclife6692", "comment": "Great video!", "likes": 0, "published_at": "2020-10-10T17:18:18Z", "sentiment": 0.6588, "entities": []}, {"author": "@mindfulinvestor", "comment": "Best tips ever, I love the HODL play where you just (Hold Onto your stocks for Dear Life) for the longterm gains! \ud83d\udd25 \ud83c\udde8\ud83c\udde6", "likes": 2, "published_at": "2020-10-10T17:17:35Z", "sentiment": 0.9441, "entities": ["HODL", "Dear Life"]}, {"author": "@Cat-zc8nj", "comment": "I dropped a second. you're welcome \ud83d\ude06", "likes": 2, "published_at": "2020-10-10T16:49:10Z", "sentiment": 0.4588, "entities": []}, {"author": "@5602KK", "comment": "Would you suggest buying airline stocks like air canada?", "likes": 1, "published_at": "2020-10-10T16:15:46Z", "sentiment": 0.3612, "entities": ["air canada"]}, {"author": "@nighatnaqi6797", "comment": "Great content \ud83d\udc4d", "likes": 0, "published_at": "2020-10-10T16:10:02Z", "sentiment": 0.6249, "entities": []}, {"author": "@nighatnaqi6797", "comment": "By \"pay off your debt\" do you mean pay extra on your mortgage too or just debts????", "likes": 0, "published_at": "2020-10-10T16:09:13Z", "sentiment": -0.644, "entities": []}, {"author": "@amc7615", "comment": "Great vid brandon! Do a video with your dad again! He\u2019s awesome haha.. been a while since you guys did a video again", "likes": 11, "published_at": "2020-10-10T15:47:44Z", "sentiment": 0.8684, "entities": []}, {"author": "@mevanscodes", "comment": "What about us down south \ud83d\ude41 lol this is perfect about to add to my portfolio again soon  and still am such a beginner when researching and finding companies and projects with great use cases", "likes": 2, "published_at": "2020-10-10T15:36:00Z", "sentiment": 0.891, "entities": []}, {"author": "@johnleskew6631", "comment": "First comment... while im here any thoughts on Blackberry (BB)", "likes": 1, "published_at": "2020-10-10T15:34:46Z", "sentiment": 0.0, "entities": ["Blackberry"]}]