[{"author": "@beaviswealth", "comment": "\ud83d\udcc8\ud83d\udcda\ud83c\udde8\ud83c\udde6 Join The Investing Academy Today - https://bit.ly/theinvestingacademy\n\nBlue Chip Opportunity | These companies should be part of every investor's portfolio.  Thank you to Harvest ETFs for sponsoring this video.", "likes": 3, "published_at": "2022-10-13T22:25:45Z", "sentiment": 0.7579, "entities": ["\ud83c\udde6 Join The Investing Academy", "Blue Chip Opportunity", "Harvest"]}, {"author": "@Future-Gazillionaire", "comment": "This is a great video Marc. Can you and Brandon do a video on your top blue chip company picks?", "likes": 1, "published_at": "2022-11-30T00:03:59Z", "sentiment": 0.7096, "entities": []}, {"author": "@CanuckDividends", "comment": "Great video. I am hearing a lot about these ETF's (mainly advertising) and will have to DYOR on them", "likes": 0, "published_at": "2022-10-19T15:09:58Z", "sentiment": 0.6249, "entities": []}, {"author": "@chairmanmike5858", "comment": "Sold. I called the bottom last Friday and bought a s#*t pile in Harvest. Now, they need you on their board!", "likes": 0, "published_at": "2022-10-17T15:20:08Z", "sentiment": 0.0, "entities": []}, {"author": "@Carol8693", "comment": "Love your way of explaining:)  great presentation as always:)", "likes": 0, "published_at": "2022-10-17T01:43:09Z", "sentiment": 0.8519, "entities": []}, {"author": "@CanadianDividendInvesting", "comment": "Awesome video, thanks for sharing!", "likes": 0, "published_at": "2022-10-16T19:12:41Z", "sentiment": 0.8777, "entities": []}, {"author": "@willkeen5010", "comment": "Have to agree Marc. Sure you can try and pick a small cap winner and sell at 10x what you originally paid for it but I feel that\u2019s more like gambling vs investing. I think slow and steady wins the race and blue chip dividend payers help me sleep at night. With blue chip players being down some 20% only makes the drip work harder for us if we are not living off of them yet. All the best to all of us.", "likes": 0, "published_at": "2022-10-16T02:26:36Z", "sentiment": 0.9747, "entities": []}, {"author": "@fokana1", "comment": "Do you own the ETF you are advertising? If so, how much or what percentage of your portfolio it is.", "likes": 0, "published_at": "2022-10-15T23:41:21Z", "sentiment": 0.0, "entities": []}, {"author": "@juanperez-gh8bl", "comment": "I really love a company with dividends that grow strongly and safely, with earnings that are well sustained over time, like LOW.\n\n\"Realmente amo una empresa con unos dividendos que crecen con fuerza y seguridad, con unas ganancias bien sostenidas en el tiempo, como LOW.\" Great video Marc!", "likes": 0, "published_at": "2022-10-14T23:20:17Z", "sentiment": 0.9428, "entities": []}, {"author": "@strikingleafs013", "comment": "I came to this channel for Brandon. I stay for Marc. Thanks for this video!", "likes": 0, "published_at": "2022-10-14T20:46:46Z", "sentiment": 0.4926, "entities": []}, {"author": "@mr.financial", "comment": "That was a great video Mark. It is rare to have someone advocate for boring blue chips. The slow and boring strategy works incredibly well as some of the top investors have proven over the past 100 years. The majority of my portfolio has been blue chip stocks that I've bought while out of favor and that itself has helped our portfolio to outperform the S&P500 and smashed the TSX. Even very boring telecom stocks like BCE and T are now paying us out handsomely on our initial investments. Time has allowed the dividend to compound and even with little capital appreciation over the years, the overall return is very good. A great hockey team is not made up of a few superstars surrounded by duds. It is a collection of good players that are a cohesive group. Investing follows a similar principle. Don't just look for the home run \ud83d\ude0e", "likes": 1, "published_at": "2022-10-14T20:23:33Z", "sentiment": 0.9719, "entities": ["S&P500", "TSX", "BCE", "Time"]}, {"author": "@matthewellis4260", "comment": "While harvest might be a good option. Some of the more recent uploads just seam to be paid advertising for this company. I understand that sponsors are  important revenue for you guys but perhaps if you have not already concider the way it might appear to viewers and how you have growen your channel so successfully without this type of sponsor. Cheers", "likes": 4, "published_at": "2022-10-14T16:18:29Z", "sentiment": 0.9213, "entities": []}, {"author": "@MrLiggyman", "comment": "Hey Brandon, Your Wealthsimple Trade code doesn't work.  Questrade was accepted.", "likes": 0, "published_at": "2022-10-14T15:05:51Z", "sentiment": 0.2732, "entities": []}, {"author": "@MasterMind468", "comment": "Nobody should be surprised with the market crash this year. Work hard and provide labour to the economy and negotiate your wages. You are underpaid thats why you are desperate to invest money.", "likes": 1, "published_at": "2022-10-14T13:02:16Z", "sentiment": -0.5423, "entities": []}, {"author": "@MountainFinance", "comment": "I am absolutely a total return investor and this is great as often your blue chip companies such as CN tend to bring in a much higher total return return compared to many of those stocks the yield chasers love. Math always wins :-).  Love this video Marc.", "likes": 1, "published_at": "2022-10-14T12:00:09Z", "sentiment": 0.9531, "entities": []}, {"author": "@anwarmaru1523", "comment": "Hello Mark! Thank you for the content. We are going though a real rough time in the market. Your personality and the way you explain things has helped me, as I'm sure many others, to keep a positive mentality.", "likes": 4, "published_at": "2022-10-14T11:09:56Z", "sentiment": 0.8268, "entities": []}, {"author": "@pixelino", "comment": "Excellent video, Marc.", "likes": 0, "published_at": "2022-10-14T07:27:30Z", "sentiment": 0.5719, "entities": []}, {"author": "@roberttaylor3594", "comment": "Boring companies I'm glad I own right now, many of which I received a heads up on at this channel:  SRU.UN, T, BMO, PPL, AW.UN, SU, EMB, DE, EMA, MFT, POW, ATD, RSI, NXF, HDIF, HDIV, MMP, NWH.UN, ZWC, BCF, CP, DIS.   and two I believe in for the future: HPQ and PYR.", "likes": 0, "published_at": "2022-10-14T03:05:29Z", "sentiment": 0.1779, "entities": ["BMO", "PPL", "SU", "EMB", "DE", "EMA", "MFT", "POW", "ATD", "RSI", "NXF", "HDIF", "ZWC", "BCF", "DIS", "HPQ", "PYR"]}, {"author": "@barrettdonovan525", "comment": "Great video. You guys always put out great videos. Would you do a video on what your favourite blue chip Canadian companies and why you like them?  Thanks.", "likes": 1, "published_at": "2022-10-14T02:43:28Z", "sentiment": 0.9274, "entities": []}, {"author": "@TemujinBC", "comment": "Sound quality is m'eh.\n\nContent is spot on.\n\nGreat stuff as always.", "likes": 1, "published_at": "2022-10-14T01:55:55Z", "sentiment": 0.6249, "entities": ["Content"]}, {"author": "@Chap17", "comment": "Set up an appointment and no call ?", "likes": 1, "published_at": "2022-10-14T01:21:47Z", "sentiment": -0.296, "entities": []}, {"author": "@oanhpham8780", "comment": "Thank you \ud83d\ude4f", "likes": 0, "published_at": "2022-10-13T23:40:39Z", "sentiment": 0.3612, "entities": ["\ud83d\ude4f"]}, {"author": "@stevenoverton6329", "comment": "I'm hurting a little like most investors, I'm looking forward to your continuing video on when we might see the bottom and a more positive trend. It would be nice to invest a little at close to the bottom.", "likes": 3, "published_at": "2022-10-13T23:26:19Z", "sentiment": 0.7351, "entities": []}, {"author": "@piknik8230", "comment": "thank you marc for this video! \nI was wondering if, do you still buy stocks? or do you just let your portfolio gives you growth and dividends?", "likes": 1, "published_at": "2022-10-13T23:04:47Z", "sentiment": 0.6958, "entities": []}, {"author": "@perkyb1213", "comment": "The two of you are so very helpful. Thank you so much. \ud83d\ude0a", "likes": 1, "published_at": "2022-10-13T22:40:20Z", "sentiment": 0.7516, "entities": []}, {"author": "@marvinpham5180", "comment": "First again", "likes": 4, "published_at": "2022-10-13T22:30:03Z", "sentiment": 0.0, "entities": []}]