[{"author": "@picklerick6561", "comment": "Thanks Mark . Hoping you\u2019re watching and can explain to us Government of Alberta\u2019s move to try to run its own pension plan separating from CPP. If Alberta managed to pull out it\u2019s $$$ from CPP . How will it affect the rest of Canada ( Alberta being one of the richer provinces)?", "likes": 0, "published_at": "2023-10-18T15:23:16Z", "sentiment": 0.8442, "entities": ["CPP"]}, {"author": "@helenconcepcion9385", "comment": "Thank u Marc", "likes": 0, "published_at": "2023-10-17T16:18:46Z", "sentiment": 0.3612, "entities": []}, {"author": "@MountainFinance", "comment": "Hi Marc, At least that CPI is trending in the right direction :-) (Viewing this after the Tuesday morning data drops)", "likes": 0, "published_at": "2023-10-17T14:27:41Z", "sentiment": 0.3182, "entities": []}, {"author": "@willkeen5010", "comment": "Funny but not funny. When I read the tile of this video, it reminds me that these could be lyrics to Billy Joel\u2019s \u201cWe didn\u2019t start the fire\u201d song", "likes": 1, "published_at": "2023-10-17T13:56:14Z", "sentiment": -0.2867, "entities": []}, {"author": "@ib516", "comment": "Appreciate these videos Marc", "likes": 0, "published_at": "2023-10-17T10:44:41Z", "sentiment": 0.4019, "entities": []}, {"author": "@Upstuck", "comment": "Thumbnail is kinda gunny. Rent is up w a pic of a women prob being evicted and your grinning ear to ear lol", "likes": 0, "published_at": "2023-10-17T08:32:20Z", "sentiment": 0.6486, "entities": []}, {"author": "@aelaan12", "comment": "I just feel hopeless some days, we seem to be in a downwards spiral where I see younger people just wondering how they can afford to live.  We seem to spiral into a full on recession.  Been through it before, it is not good, but I am going to take it day by day.", "likes": 0, "published_at": "2023-10-17T03:31:21Z", "sentiment": -0.5578, "entities": []}, {"author": "@taehwahong5824", "comment": "Great grahic Marc !!!", "likes": 0, "published_at": "2023-10-17T03:07:37Z", "sentiment": 0.7163, "entities": []}, {"author": "@trenthogan4212", "comment": "Yet, Canada's debt to GDP is the envy of the G7. We have the lowest debt to GDP ratio in the G7 by far at a mere 14%. 2nd is Germany at 44%, and the remaining five countries are north of 95%.  It's funny the rightist tabloids avoid this fact.  Canada is also #1 in economic growth going on three years running.", "likes": 0, "published_at": "2023-10-17T02:46:01Z", "sentiment": -0.6597, "entities": []}, {"author": "@behuman5725", "comment": "The price of groceries is awful. There\u2019s one cereal I eat and actually look for deals. You know it\u2019s bad when you order 6 boxes on Amazon prime day lol. I feel sorry for young couples unless both have really high incomes it\u2019s almost impossible for them to buy a house like decades ago", "likes": 3, "published_at": "2023-10-17T00:41:48Z", "sentiment": -0.2023, "entities": ["Amazon"]}, {"author": "@evadeanu1", "comment": "Thanks Marc. Lots of news, not looking great.", "likes": 0, "published_at": "2023-10-17T00:04:34Z", "sentiment": -0.1012, "entities": []}, {"author": "@ADobbin1", "comment": "I doubt the parliamentary budget office knows more about the economy than I do. Its not saying much.", "likes": 0, "published_at": "2023-10-16T23:58:34Z", "sentiment": -0.3612, "entities": []}, {"author": "@Kevin_Street", "comment": "Thanks for another great video. And boy am I glad I own a house. Those poor renters...", "likes": 1, "published_at": "2023-10-16T23:51:03Z", "sentiment": 0.7845, "entities": []}, {"author": "@momo35444", "comment": "great video. thanks Marc!", "likes": 0, "published_at": "2023-10-16T23:12:31Z", "sentiment": 0.807, "entities": []}, {"author": "@roberttaylor3594", "comment": "At least today you are smiling! Whew!     Not sure how people afford rent in those big cities.  No wonder credit card debt is so high.  What would we do without credit cards?!? Sheesh!\n\nOMG! Am I FIRST?", "likes": 1, "published_at": "2023-10-16T22:30:10Z", "sentiment": 0.6423, "entities": []}, {"author": "@beaviswealth", "comment": "\ud83d\udcc8\ud83d\udcda Join The Investing Academy \u27a4 https://bit.ly/theinvestingacademy \r\n\r\nIn this episode, we'll look at how much rents have gone up, and how much the price of housing has dropped.  The Canadian budget deficit is higher than expected, and US inflation (CPI) remains at the same level as August.  Microsoft closes Activision Blizzard deal, but owes the IRS billions of dollars.  GM auto workers ratify a new contract, and Rite-Aid files for bankruptcy.", "likes": 4, "published_at": "2023-10-16T22:01:35Z", "sentiment": -0.0644, "entities": ["The Investing Academy", "Microsoft", "IRS", "GM"]}]