[{"author": "@hermes8258", "comment": "I like to keep things simple and in my best financial interests, ideally paying no tax to any government, at least in my TFSA. Is there a way of screening ETFs so that there are no surprises? Maybe it is better (or worse?) to have a trading account in a jurisdiction with no tax treaty with Canada?\n\nWhy does this even exist - revenue? If I go to Japan and buy a camera, when I present my passport I am not charged sales tax. So, what is the rational to charge income tax to foreigners (e.g. Canadians) before even knowing whether they are in an income rax braket where they pay any raxes and if they do, at what rate? \n\nIs the reverse also true - Americans get charged tax on their earnings in Canada? This of course begs the question what legal strategies are there to have a trading account in tax-free jurisdictions or maybe setting up a legal entity that is tax-free. If billionaires like Trump can do it there might be methods for the little guy also.\n\nFrankly, I don't understand the legal and ethical reasons for charging taxes unless something is provided in return. Is this to pay for the SEC?\n\nThe term 'withholding' tax sounds disingenuous to me. It reminds me of when Customs officials in Indonesia taxed me for bringing in video equipment. They told me I would get it back. I never did.  figure if any tax is automatically taken off it should be automatically given back. Otherwise the burden is on the taxpayer to spend his time filling out forms. Time is money.", "likes": 0, "published_at": "2024-03-14T14:54:15Z", "sentiment": 0.9598, "entities": ["Trump", "SEC", "Customs"]}, {"author": "@r.t.7925", "comment": "Exactly what I was looking for. Thank you !", "likes": 0, "published_at": "2024-03-12T19:39:43Z", "sentiment": 0.4199, "entities": []}, {"author": "@vwoosh4987", "comment": "I know it's an old video, but would HDIF have withholding tax on the entire dividend? Or a % amount due to cover calls and a mix of canadian holdings?", "likes": 0, "published_at": "2024-03-08T12:14:20Z", "sentiment": 0.0, "entities": ["HDIF"]}, {"author": "@learnerinfinance", "comment": "What about withholding tax in FHSA? Thank you!", "likes": 0, "published_at": "2024-02-13T18:14:28Z", "sentiment": 0.4199, "entities": ["FHSA"]}, {"author": "@NavjotSinghpatiala", "comment": "Very good to the point and with clarity", "likes": 0, "published_at": "2024-01-25T04:47:14Z", "sentiment": 0.7089, "entities": []}, {"author": "@dorothyloney8479", "comment": "I have NonResidentTax being withheld on dividends from DMLP, Texas  in an RRSP account. I will pay tax again when I withdraw funds from my RRSP. If we have a treaty, is there anything I can do about this one?", "likes": 0, "published_at": "2024-01-11T18:50:09Z", "sentiment": -0.1027, "entities": ["NonResidentTax", "RRSP", "RRSP"]}, {"author": "@yannik9341", "comment": "What about mutual funds for example RBC Select Aggressive Growth in RRSP & TFSA. It is 39% US. Are there withholding taxes in the RRAP & TFSA?", "likes": 0, "published_at": "2023-11-25T02:58:36Z", "sentiment": 0.25, "entities": ["RRSP & TFSA"]}, {"author": "@themusic6808", "comment": "One thing to consider is if you hold investments in US dollars in a TFSA or RRSP they can\u2019t leave the account without being converted back to Canadian dollars, as both accounts are registered plans so all withdrawals and contributions have to be made in CAD. Whereas in a non registered account you could actually take investments held in USD, sell them while keeping them in US currency, and then move that money around anywheres else outside of the account still in USD. So just in case anyone wants to hold USD and use it outside of Canada like maybe buy property, purchase goods or transfer it to a foreign bank, US investments in registered plans may grow tax advantaged but you\u2019re still going to get hammered on the exchange back to our currency if you ever want to use that money in USD cause you\u2019d take a big loss on the converting it back to Canadian to get it out then re-purchasing American. Food for thought.", "likes": 1, "published_at": "2023-09-14T05:34:36Z", "sentiment": -0.0387, "entities": ["RRSP", "USD"]}, {"author": "@doubleeeeeee", "comment": "Does this also apply to the FHSA?", "likes": 0, "published_at": "2023-08-31T22:21:09Z", "sentiment": 0.0, "entities": ["FHSA"]}, {"author": "@venesaloginathin8832", "comment": "Great video\u2019 to be clear- in have VOO- in a us tfsa- if I transfer to my rsp will it go up and down based on exchange rate? If so might be better to leave it as is", "likes": 0, "published_at": "2023-08-23T01:01:33Z", "sentiment": 0.8646, "entities": []}, {"author": "@rajavignesh6139", "comment": "How is ZSP.U taxed. It is listed in TSE but in USD?", "likes": 1, "published_at": "2023-08-12T03:20:48Z", "sentiment": 0.0, "entities": ["TSE"]}, {"author": "@Mike-ym6rl", "comment": "Informative...thanks! What if its a Canadian company listed on the NYSE? The Company ticker, GROY. Hold in a TFSA or RRSP?", "likes": 1, "published_at": "2023-08-04T16:53:45Z", "sentiment": 0.0, "entities": ["NYSE", "RRSP"]}, {"author": "@toasty-toast", "comment": "I'm moving to the US, Can you do an update on this with tips on RESP and how best to fund your kids education if you move, as well as LIRAs?", "likes": 0, "published_at": "2023-07-31T18:28:54Z", "sentiment": 0.743, "entities": []}, {"author": "@richardleger4537", "comment": "What about capital gains , if you sell some stocks ? how are you taxed then still 15 % the same as dividends ?", "likes": 1, "published_at": "2022-10-09T13:06:41Z", "sentiment": 0.4137, "entities": []}, {"author": "@tuanis73", "comment": "sorry if this is obvious, in a TFSA, after you received the US dividend taxed, does this dividend add onto your income when filing taxes? Does the received Canadian dividend add on to your income so needs to be declared?", "likes": 1, "published_at": "2022-09-07T17:55:57Z", "sentiment": -0.168, "entities": []}, {"author": "@joaquinsalvador3133", "comment": "How about if you have a Canadian LIRA with US stock, do you have to pay withholding tax in the USA?", "likes": 0, "published_at": "2022-07-28T14:58:58Z", "sentiment": -0.1027, "entities": []}, {"author": "@marysmith5891", "comment": "You should have talked about whether this withholding tax ever gets reimbursed", "likes": 1, "published_at": "2022-04-27T14:53:30Z", "sentiment": 0.0, "entities": []}, {"author": "@jordan240", "comment": "In a TFSA do I need to fill something in my tax report if I own US dividends stock or the withholding tax will just be deducted in my dividend payment? I just love the fact that I have nothing to fill right now in my TFSA", "likes": 1, "published_at": "2022-02-15T18:29:04Z", "sentiment": 0.6369, "entities": []}, {"author": "@ulyhpiga3830", "comment": "Great Video and perspective. \n\nDo i need to file W8-BEN forms for all of my accounts to my Questrade portfolios or i just need one fill up ?", "likes": 1, "published_at": "2022-02-05T16:25:31Z", "sentiment": 0.6249, "entities": ["Great Video"]}, {"author": "@MegsCarpentry-lovedogs", "comment": "The chart was so important for clarity on where things stand. Brilliantly well thought out to viewers. I just bought an ETF Canadian based but it has all USA pharmaceuticals hhL...in my TFSA...and voila! I thought there would be no withholding tax on the divvy yield which is about 8.5%...you educated me that this is not so and the first divvy to be shown this month will probably show the withholding tax...go figure! Glad I bought ever so small a position in it....time to rethink these ETF's.....thinking having a basket of a Canadian base ETF with USA stocks was a way around the withholding tax was a myth in my part. Keep up the wonderful education you are providing to Canadians. \ud83c\udf41\ud83c\udde8\ud83c\udde6\ud83c\udf41", "likes": 4, "published_at": "2021-10-01T14:27:37Z", "sentiment": 0.9267, "entities": ["USA"]}, {"author": "@KOTNEmpire", "comment": "Are you taxed in Canada on ROC paying US stocks in a cash account?", "likes": 0, "published_at": "2021-09-25T13:06:57Z", "sentiment": 0.0, "entities": []}, {"author": "@omarrd33", "comment": "This video is so valuable. Thank you so much.", "likes": 1, "published_at": "2021-07-16T11:04:09Z", "sentiment": 0.7763, "entities": []}, {"author": "@papytofu3796", "comment": "What about global ETFs that are composed of canadians, us and world stocks such as VGRO, listed on the TSX? Is the dividend, which is a sum of the dividends of each stock, is calculated with 15% withheld on some stocks and not on the canadians stocks or is the dividend withheld of 15% altogether by \"contamination\"? I guess we're then talking about a difference of 0.000001% but just curious about the technicality. Thanks Brandon for the video!", "likes": 1, "published_at": "2021-07-11T13:37:46Z", "sentiment": 0.8152, "entities": ["VGRO", "TSX"]}, {"author": "@MrRBond007", "comment": "So which of VTI, VUN, or VUS should you buy in a TFSA? Or would you change it up depending on how the CAD is doing vs the USD at the time? Let's ignore the exchange rate by doing Norbert's gambit. Is the MER a serious consideration when it's 0.03% for VTI vs 0.16% for VUN and VUS? Thanks", "likes": 0, "published_at": "2021-06-15T19:29:36Z", "sentiment": 0.163, "entities": ["VUN", "CAD", "MER", "VUN"]}, {"author": "@kurts7268", "comment": "You mentioned one of the cons for purchasing foreign ETF\u2019s is there are fluctuations in the currency exchange that can be unpredictable and uncertain and can be a big contributor for when it\u2019s time to cash out.... But there are currency Hedged ETF\u2019s to protect from the currency fluctuations. is this correct?  I also noticed that ishares ETF that you used for demonstration purposes was a Hedged fund. Can you confirm my information is correct. As I am still learning. Lots to learn.", "likes": 1, "published_at": "2021-06-13T01:50:41Z", "sentiment": 0.5267, "entities": []}, {"author": "@kurts7268", "comment": "Excellent video", "likes": 0, "published_at": "2021-06-13T01:14:28Z", "sentiment": 0.5719, "entities": []}, {"author": "@augustuscaesar5291", "comment": "So how do I pay this tax, and do I need to talk to someone?", "likes": 0, "published_at": "2021-05-24T23:18:01Z", "sentiment": -0.1689, "entities": []}, {"author": "@itsChannel2K00L14", "comment": "Seen it asked before, but does anyone know if capital gains on US holdings in a TFSA are also subject to a 15-30% withholding tax?", "likes": 1, "published_at": "2021-05-21T22:01:44Z", "sentiment": 0.4767, "entities": []}, {"author": "@manpreetd4967", "comment": "Do you have to report your your U.S. dividends as well as Canadian dividends earned on your annual income tax, even though subject to a 15% withholding tax on a TFSA account? Are you then subject to double taxation especially if holding a TFSA account?", "likes": 1, "published_at": "2021-04-14T01:15:23Z", "sentiment": 0.3527, "entities": []}, {"author": "@geraldineb.9204", "comment": "I've learned a lot from this video. Thanks Brandon", "likes": 0, "published_at": "2021-04-08T04:15:33Z", "sentiment": 0.4404, "entities": []}, {"author": "@tingotingoting", "comment": "How about RESP?", "likes": 0, "published_at": "2021-03-29T05:31:30Z", "sentiment": 0.0, "entities": []}, {"author": "@clarifyingquestions", "comment": "If I buy a NON dividend ETF ie Arkk in my RRSP, will I be taxed 15%.", "likes": 0, "published_at": "2021-03-25T18:20:49Z", "sentiment": 0.0, "entities": ["NON", "RRSP"]}, {"author": "@jigneshanjara946", "comment": "Awesome video, bro.", "likes": 0, "published_at": "2021-03-11T04:56:43Z", "sentiment": 0.6249, "entities": []}, {"author": "@MM-hw6fz", "comment": "Hello Brandon, I believe TSX listed EFTs does not require us to pay the withholding taxes as it is paid by the Fund Manager/asset manager. Is that true, would love to hear your opinion on it.", "likes": 1, "published_at": "2021-03-04T20:48:16Z", "sentiment": 0.765, "entities": ["TSX"]}, {"author": "@kazzam8620", "comment": "Hi There, what about if you hold a foreign non-US stocks in your RRSP and TFSA? For example, a stock in a Tokyo Stock Exchange, which the CRA says is a designated stock exchange and is allowable to be in your RRSP or TFSA. Do you have to pay Withholding tax on Dividends on foreign non-US Stock?", "likes": 1, "published_at": "2021-02-01T17:06:11Z", "sentiment": -0.1926, "entities": ["RRSP", "Tokyo Stock Exchange", "CRA", "RRSP", "non-US Stock"]}, {"author": "@alam917406", "comment": "Well explained,  Thanks Brandon,,\r\n No capital gain tax from RRSP, Any withdrawal   from RRSP is a taxable income. No penalty if you withdraw from RRSP before retirement. RRSP useful in working years when you have a high income tax bracket.", "likes": 0, "published_at": "2021-01-26T20:31:13Z", "sentiment": 0.6124, "entities": ["RRSP", "RRSP", "RRSP", "RRSP"]}, {"author": "@KatriceJustice", "comment": "This is soooo helpful!", "likes": 0, "published_at": "2021-01-03T06:12:49Z", "sentiment": 0.4753, "entities": []}, {"author": "@angelcosmos1794", "comment": "I have in my RRSP an ETF - VFV (in Canadian funds for S&P 500) where I receive full dividends from them each quarterly.  When does the 15% withholding tax come into effect?  When I sell and withdraw the amount?  Am I subject to any capital gain withholding tax when I sell VFV stocks?", "likes": 2, "published_at": "2020-11-27T03:55:09Z", "sentiment": 0.6046, "entities": ["RRSP", "VFV"]}, {"author": "@alejandrobj1", "comment": "Thank you! I have been looking all over for this! As a beginner Canadian investor, I think it would be better to consider sticking with Canadian interest and dividend securities in your TFSA in the beginning.", "likes": 1, "published_at": "2020-11-05T22:34:31Z", "sentiment": 0.8802, "entities": []}, {"author": "@cloysterX418", "comment": "What about capital gains?  Are those subject to tax as well?", "likes": 1, "published_at": "2020-10-11T15:26:56Z", "sentiment": 0.594, "entities": []}, {"author": "@FFKonFire", "comment": "Hello quick question ... My contribution limit in TFSA is a lot more than RRSP ... (I am also interested in US Stocks > Canadian Stocks)\n\nYes, I will save 15% withholding tax with RRSP. But the number of stocks ($$$) available to me would be much less than if purchased through TFSA.\n\nIn my situation... would you rather ...\n\nA) Buy US Stocks via TFSA since I will be able to have more purchasing power\nOR\nB) Buy US Stocks via RRSP and accept the fact that I will not have much purchasing power", "likes": 0, "published_at": "2020-09-29T02:14:42Z", "sentiment": 0.8248, "entities": ["RRSP", "US Stocks", "Canadian Stocks", "RRSP", "Buy US Stocks", "Buy US Stocks", "RRSP"]}, {"author": "@umarb4523", "comment": "Why are TSX etf stocks not exempt from TFSA accounts?", "likes": 1, "published_at": "2020-09-28T14:23:24Z", "sentiment": -0.0762, "entities": ["TSX"]}, {"author": "@Tobi_Jones", "comment": "So if you are buying US stock that does not pay dividends, for the taxes, does not matter if it is a TFSA or RRSP account?", "likes": 0, "published_at": "2020-09-13T19:05:06Z", "sentiment": 0.0572, "entities": ["RRSP"]}, {"author": "@deepugaught3148", "comment": "Very informative video Brandon. thnx for sharing. If I receive dividends in my RRSP account and Am I able to use them? or how it works. thanks", "likes": 0, "published_at": "2020-09-06T16:16:51Z", "sentiment": 0.6908, "entities": ["RRSP"]}, {"author": "@cp-5628", "comment": "Are all Vanguard ETFs American-listed? To your last point Brandon, does that mean that it's better to go with iShares than Vanguard since the iShares are Canadian-listed? (assuming I am correct in stating that all Vanguard ETFs are American listed)?", "likes": 1, "published_at": "2020-09-02T12:44:42Z", "sentiment": 0.533, "entities": ["iShares", "Vanguard"]}, {"author": "@costantinomongelli4169", "comment": "Good morning Brandon, thank you for this helpful video.  I do have a question which I could not concretely find an answer for in the linked documents.,  Would I be subject to the US withholding tax on Canadian companies inter-listed on US exchanges that I own in my TFSA?", "likes": 0, "published_at": "2020-08-23T10:36:08Z", "sentiment": 0.8248, "entities": []}, {"author": "@DISTURBEDSAS", "comment": "Wouldnt XUS be a better option?", "likes": 0, "published_at": "2020-08-23T02:01:51Z", "sentiment": -0.3412, "entities": []}, {"author": "@_jdfx", "comment": "TLDR: put them in your RRSP. that is all, no need for a 10min video.", "likes": 0, "published_at": "2020-08-15T23:42:35Z", "sentiment": -0.296, "entities": ["RRSP"]}, {"author": "@user-tj3fw1nh8g", "comment": "PWL capital!!! Where\u2019s my boy Ben felix at ? :\u2019)", "likes": 0, "published_at": "2020-08-02T18:49:47Z", "sentiment": 0.0, "entities": ["PWL"]}, {"author": "@yousufmemon4443", "comment": "Hi,  Brandon , Do Canadian Citizen upon receiving dividend after deduction of withholding tax  from  US listed company , have to have  USA Social Security Number for reporting of withholding tax amount to IRS, or, there is no need to have USA Social Security Number, and the the withholding tax so deducted in USA is treated as foreign ( non resident ) tax payer, and no reporting is to be done to IRS, and Canadian Citizens only have to report to CRA the dividend  and withholding tax so received from USA listed company. KINDLY REPLY.", "likes": 1, "published_at": "2020-08-02T02:59:32Z", "sentiment": 0.7125, "entities": ["USA Social Security", "IRS", "USA Social Security Number", "IRS", "Canadian Citizens", "CRA", "KINDLY REPLY"]}, {"author": "@NotAnotherTravelPodcast", "comment": "Great video mate.... Question for you.... when we receive a dividend from either a Canadian or U.S. company, the company is paying tax on the dividend then we get the after-tax dividend amount right? We are not receiving 100% of the dividend/the pre-tax dividend amount right? If that is the case how can we find out how much company tax is paid on our dividends and thus how much of the dividend we are really receiving after company tax? And is the company tax paid on dividends the same for each company? Or does it change from company to company? Keep up the great work mate.", "likes": 1, "published_at": "2020-07-29T08:54:57Z", "sentiment": 0.8796, "entities": []}, {"author": "@rh353", "comment": "So Canadian ETF divdends are taxed no matter what (whether it's in TFSA or RRSP)???", "likes": 0, "published_at": "2020-07-27T05:01:58Z", "sentiment": -0.3899, "entities": ["RRSP"]}, {"author": "@bakdjkafgs", "comment": "RRSP - Dividend tax. = USA dont have to pay Dividend TAX, Pay on CAN stocks n ETF, But how about when i file my taxes when i decide to take out RRSP. I get taxed on my Dividends? 15-30%\nTFSA - Dividend tax  = CAN + USA. = 15% USA  and 15 % CAN?", "likes": 0, "published_at": "2020-07-10T21:59:50Z", "sentiment": -0.1058, "entities": ["RRSP", "Dividend TAX", "ETF", "RRSP"]}, {"author": "@alanmacleod2669", "comment": "Why are dividends of a Canadian listed ETF held in a RRSP subject to 15% with holding tax? We are constantly told that a RRSP is tax free.... you are saying a RRSP is not entirely tax free..... that you will still pay 15% tax on dividends from a Canadian listed ETF in a RRSP? \n\nAlso, is this 15% tax only for Canadian ETFs that hold US stocks, held in a RRSP? Or are all Canadian listed ETFs in a RRSP are subject to 15% tax? What about if I hold a Canadian listed ETF that only hold Canadian stocks in my RRSP? \n\nAnd finally, in regards to TSFA, we are constantly told that only dividends from US stocks and US ETFs are tax at 15% and that dividends from Canadian stocks and ETFs are not subject to 15% tax but in your video it says in a TSFA dividends from a Canadian ETF are subject to 15% tax... so which is it, very confused, please clarify, thanks", "likes": 0, "published_at": "2020-06-25T00:19:59Z", "sentiment": 0.6796, "entities": ["RRSP", "RRSP", "RRSP", "RRSP", "RRSP", "RRSP", "RRSP"]}, {"author": "@rossmacintosh5652", "comment": "Thanks for the video. What makes this subject confusing for me is I've found the withholding isn't consistently applied. Looking at my questrade statement I can see some dividend payments from US-listed ETFs where there was withholding and others where there was none. Also I haven't seen my VFV.to (a Canadian-listed ETF that invests in US stocks) have any withholding on its dividends in my TFSA.\nJust to make things even more complicated see Vanguard Canada's info sheet on withholdings: https://www.vanguardcanada.ca/documents/impact-of-withholding-taxes.pdf", "likes": 1, "published_at": "2020-06-22T15:05:49Z", "sentiment": 0.25, "entities": ["Vanguard Canada's"]}, {"author": "@judyca5562", "comment": "Most helpful video on this subject! Already subscribed!", "likes": 0, "published_at": "2020-06-14T21:46:44Z", "sentiment": 0.5686, "entities": []}, {"author": "@parksol6261", "comment": "Hey Brandon Thanks for the Great Video! I just started investing in stocks and Got a question for ya. I have registered TFSA account with questrade, and I'm looking to buy \"Non Dividend US stocks\", do I still need to pay taxes?", "likes": 0, "published_at": "2020-06-12T00:00:25Z", "sentiment": 0.784, "entities": ["Non Dividend US"]}, {"author": "@SpeedandSplendor", "comment": "What about DRIPS? Is the tax applied before the dividend is reinvested or is it just a shared that gets added at full value? Thanks :)", "likes": 1, "published_at": "2020-06-08T07:08:25Z", "sentiment": 0.8767, "entities": []}, {"author": "@xxIndridcold99xx", "comment": "Hi Brandon ! If I\u2019m in the state\u2019s and buying BMO am I going to receive a withholding tax ?", "likes": 0, "published_at": "2020-05-20T02:24:35Z", "sentiment": 0.0, "entities": ["BMO"]}, {"author": "@skatzz121", "comment": "Thanks! This video, as well as your other videos, are fantastic.  They have really helped guide me down the rabbit hole I've been on for the past few months.  \n\n\nJust so I am clear, what you are saying in other words is... ETFs that are under a TFSA OR RRSP MUST track Canadian Markets and be traded in CAD$ to be tax-exempt, correct?", "likes": 1, "published_at": "2020-05-09T01:22:25Z", "sentiment": 0.895, "entities": ["Canadian Markets"]}, {"author": "@ozeXpress", "comment": "Since there is a withholding tax on US dividends. Don\u2019t we technically get it back once we convert it to CAD currency? Since our dollars worth less ? Also does withholding tax mean it is automatically done or do I have to claim it or something ? PLEASE HELP!", "likes": 2, "published_at": "2020-04-29T10:24:56Z", "sentiment": 0.848, "entities": ["CAD"]}, {"author": "@Dj-uy1kp", "comment": "Great video!!! Are US  stocks capital gain are taxed in a TFSA? What about Canadian Etf that tracks the S&P 500?Where is the best account to keep US  stocks(No dividend) if I need them in 5 years? Thank u!!", "likes": 2, "published_at": "2020-04-29T03:18:50Z", "sentiment": 0.951, "entities": []}, {"author": "@cryptozer8801", "comment": "Thank you for this, very well done!", "likes": 0, "published_at": "2020-04-29T02:38:09Z", "sentiment": 0.6352, "entities": []}, {"author": "@timetoaxe", "comment": "Great video. What happens if I see my US Stocks / ETFs ? Does this 15% is applicable on that too ?", "likes": 0, "published_at": "2020-04-24T07:02:24Z", "sentiment": 0.6662, "entities": ["US Stocks"]}, {"author": "@kurtiswoodward5339", "comment": "Brandon, I am strictly looking to invest in stocks in which I receive a dividends at the end of each quarter or semi annually etc. I have a TFSA right now with Questrade, is it best for me to move my holding to an RRSP with Questrade? If I do this doe's it limit me withdrawing my dividends every now and then to pay bills or will I be taxed for doing so?", "likes": 1, "published_at": "2020-04-21T03:43:38Z", "sentiment": 0.6322, "entities": ["RRSP"]}, {"author": "@eternalfizzer", "comment": "Finally. An explanation that clears up who gets the money and what that means. Thank you.", "likes": 1, "published_at": "2020-04-20T14:30:54Z", "sentiment": 0.4215, "entities": []}, {"author": "@bullet1900", "comment": "Very informative.. Thanks. btw, how about CAD stocks like TD, BMO dividend?", "likes": 1, "published_at": "2020-04-15T16:06:13Z", "sentiment": 0.6887, "entities": ["CAD", "TD", "BMO"]}, {"author": "@georgeemil3618", "comment": "My total TFSA withholding tax is $3.72.  In my taxable account it is \n$80.82.  No big deal.  It would cost me more in time and effort to try to get it back.  In my RRSP, I see no US withholding tax at all.", "likes": 4, "published_at": "2020-04-10T17:20:49Z", "sentiment": -0.5267, "entities": ["RRSP"]}, {"author": "@georgeemil3618", "comment": "Let's put it this way.  Somebody has to pay for that wall.", "likes": 1, "published_at": "2020-04-10T16:03:19Z", "sentiment": -0.1027, "entities": []}, {"author": "@walterego4785", "comment": "Hi Brandon, i have a question for you.  I was wondering if you keep any of your US stocks or ETF's in your TFSA knowing that those investments are exempt from the 15% withholding and capital gains taxes?  Would you say its more beneficial to max out your TFSA before your contribute to the RRSP?  If so could you please explain why?  Just wondering whats your thoughts on that.  Thanks for your time and the info you share on your channel :)", "likes": 1, "published_at": "2020-04-06T07:25:43Z", "sentiment": 0.9451, "entities": ["ETF", "RRSP"]}, {"author": "@MrMadanibarry", "comment": "Hi, how much does the Canadien Government taxes afterwards?!", "likes": 0, "published_at": "2020-04-02T20:54:30Z", "sentiment": 0.0, "entities": ["the Canadien Government"]}, {"author": "@alexnezhynsky9707", "comment": "What about international stock? Do you get the ~12% tax waived if you hold it in RRSP instead of TFSA? Or does it vary between countries?", "likes": 1, "published_at": "2020-02-27T18:49:15Z", "sentiment": 0.0, "entities": ["RRSP"]}, {"author": "@lastcastproduction4030", "comment": "Are Capital gains taxed for a US stock in TFSA?", "likes": 4, "published_at": "2020-02-13T16:55:52Z", "sentiment": 0.34, "entities": []}, {"author": "@deanoudhini7292", "comment": "I\u00a0apprecite the vidThx", "likes": 0, "published_at": "2020-02-10T14:54:26Z", "sentiment": 0.0, "entities": []}, {"author": "@huyduong5716", "comment": "Hi Brandon. Can we Canadian hold US REIT stock that pay a distribution not dividend. \nAlso can we also hold US MLP in TFSA., I read somewhere that theres a 39.6% holding income tax for MLP regardless of register or non register account.\n\nhttps://www.dividendearner.com/dividend-vs-distribution/", "likes": 0, "published_at": "2019-11-12T08:15:32Z", "sentiment": -0.1027, "entities": []}, {"author": "@MrFrozenDivine", "comment": "So is the 15% withholding going to be refunded by the end of the year or somehow? or do the IRS just keep the 15%", "likes": 1, "published_at": "2019-10-23T12:45:04Z", "sentiment": 0.0, "entities": ["IRS"]}, {"author": "@huyduong5716", "comment": "So. I bought international stock, ex. Like BTI. There will be a 15% holding tax because it\u2019s listed in the US stock plus a 12% holding tax on top of the 15% because it\u2019s international stock. \ud83e\udd14\ud83e\udd14, we Canadian sure get the shorter end of the stick don\u2019t you think?  Lol.", "likes": 1, "published_at": "2019-10-22T05:31:23Z", "sentiment": 0.8126, "entities": ["BTI"]}, {"author": "@huyduong5716", "comment": "90% of my stocks in my TFSA are US stock. Lol. \n1) transfer $5000+ cnd. To TSFA\n2) do the Norbert gambit strategy. To reduce the conversion fee. \n3) buy US paying dividend stocks.", "likes": 3, "published_at": "2019-10-22T05:19:39Z", "sentiment": 0.4215, "entities": []}, {"author": "@hobbies222", "comment": "I made a lot of money on AMD on my TSFA I wondering if it going to bit me in the ass", "likes": 2, "published_at": "2019-10-21T23:31:22Z", "sentiment": -0.5423, "entities": ["AMD"]}, {"author": "@raymond2206", "comment": "\ud83d\udc4f\ud83d\udc4f\ud83d\udc4fvery helpful!!!", "likes": 0, "published_at": "2019-10-21T09:24:29Z", "sentiment": 0.5684, "entities": []}, {"author": "@coinswaptrader2915", "comment": "As a Canadian it is always better to hold ALL foreign Interest and dividend securities in your RRSP accounts and then to hold Canadian interest and dividend securities outside both your TFSA & RRSP to benefit from the Dividend Tax credit for Canadian sources we can claim in our tax returns. The best type of stocks to hold in a TFSA are mostly ONLY capital gains stocks both Canadian or foreign with the highest ROI!", "likes": 18, "published_at": "2019-10-21T09:17:52Z", "sentiment": 0.9744, "entities": ["RRSP", "Dividend Tax"]}, {"author": "@zetter4013", "comment": "Yesssss!!!!!!!!!!!! I just started this video and thank you already you are awesome! Gonna start next year in US stocks so this is perfect. Thanks Brandon! You rock! Love this channel!", "likes": 1, "published_at": "2019-10-21T00:55:03Z", "sentiment": 0.963, "entities": []}, {"author": "@Slickpete83", "comment": "so who do u pay the US dividend tax to when you hold vsp.to in your TSFA account , u never get any print out forms for TSFA in your brokerages during tax time ??", "likes": 2, "published_at": "2019-10-21T00:39:20Z", "sentiment": -0.2555, "entities": []}, {"author": "@dandaan", "comment": "I really appreciate this. Thanks", "likes": 1, "published_at": "2019-10-20T23:36:30Z", "sentiment": 0.7716, "entities": []}, {"author": "@daves6488", "comment": "Currently fluctuations affect Canadian listed foreign etfs as well. You make it sound like it doesn\u2019t", "likes": 0, "published_at": "2019-10-20T23:18:09Z", "sentiment": 0.5574, "entities": []}, {"author": "@daves6488", "comment": "Why not compare voo to vfv?", "likes": 2, "published_at": "2019-10-20T23:13:37Z", "sentiment": 0.0, "entities": []}, {"author": "@rosejohnson7603", "comment": "Brandon, great video! The chart was especially helpful. Does having a TFSA-USD account change anything? And if you wanted to invest in US-listed stocks/ETFs, would it make sense to convert a \"large\" amount of CAD into USD once and then buy/sell US-listed stocks/ETFs in a TFSA-USD account to avoid getting hit with currency conversion costs when trading these equities? Thanks!", "likes": 3, "published_at": "2019-10-20T21:43:58Z", "sentiment": 0.8701, "entities": ["CAD", "USD"]}, {"author": "@koolaidpuc", "comment": "Brandon, this is a great video! Awsome info! Why isn\u2019t the IRS recognize the TFSA as a tax shelter account like the RRSP for canadians? That\u2019s weird that both governments have a treaty for the RRSP but not the TFSA. There must be a valuable explanation for this. Also, are capital GAINZ exempt on the TFSA when a Canadian investor holds us equities as well in it?", "likes": 6, "published_at": "2019-10-20T17:38:05Z", "sentiment": 0.9061, "entities": ["IRS", "RRSP", "RRSP", "GAINZ"]}, {"author": "@philxue", "comment": "Hey brandon. What if i have a canadian holding corporation and invests in index funds such as XSP?", "likes": 0, "published_at": "2019-10-20T16:39:42Z", "sentiment": 0.0, "entities": ["XSP"]}, {"author": "@dylongarrett4779", "comment": "*dont let taxes influence your investing decisions* \ud83e\udd19\ud83e\udd19", "likes": 3, "published_at": "2019-10-20T16:32:00Z", "sentiment": 0.0, "entities": []}, {"author": "@PassiveIncomeTom", "comment": "Very interesting information.  I live in the US and sure many Canadians invest in US stocks.  \ud83d\udc4d", "likes": 7, "published_at": "2019-10-20T16:31:40Z", "sentiment": 0.6478, "entities": []}, {"author": "@GenExDividendInvestor", "comment": "Thanks.. Re: don't let the tax tail wag the dog --- I agree to focus on the investment, first.  What is your take on MLPs in various accounts given their tax headaches?", "likes": 7, "published_at": "2019-10-20T16:25:53Z", "sentiment": 0.3182, "entities": []}, {"author": "@DeparturesCapital", "comment": "Love the new video and Solid topic Mr Beavis!", "likes": 1, "published_at": "2019-10-20T16:20:09Z", "sentiment": 0.7263, "entities": []}, {"author": "@NickPeitsch", "comment": "What a valuable video! As a Canadian investor, the withholding tax is definitely a consideration when purchasing dividend stocks.", "likes": 23, "published_at": "2019-10-20T16:19:15Z", "sentiment": 0.7263, "entities": []}, {"author": "@wolfofdubai", "comment": "Amazing Brandon, great video\ud83d\udc4d\ud83c\udffc you was one of the important inspirations to get me out of my comfort zone to start my own financial Stock Market YouTube Channel!", "likes": 1, "published_at": "2019-10-20T16:17:40Z", "sentiment": 0.9392, "entities": []}, {"author": "@The_Millennial_Investor", "comment": "How do you make your thumbnails? I always love the way you make them!", "likes": 1, "published_at": "2019-10-20T16:17:07Z", "sentiment": 0.6696, "entities": []}]