[{"author": "@jdrublebuble", "comment": "Hi Brandon, will be great if you make video for puts and calls", "likes": 0, "published_at": "2020-07-02T17:17:31Z", "sentiment": 0.6249, "entities": []}, {"author": "@Mrwillems1981", "comment": "Looking at this is retrospect, you have made a very good decision moving into bonds", "likes": 0, "published_at": "2020-05-31T16:48:27Z", "sentiment": 0.4927, "entities": []}, {"author": "@Steven-wq8tx", "comment": "This video aged well. Would love to hear what you\u2019re doing with your bonds during this recession", "likes": 0, "published_at": "2020-04-17T05:37:23Z", "sentiment": 0.4678, "entities": []}, {"author": "@hugosmith6776", "comment": "listen to your gut (relating to bonds)\nknow the difference between temptation as well.\n\nand YES,   more on puts and shorts please!!", "likes": 0, "published_at": "2020-02-05T04:56:06Z", "sentiment": 0.8135, "entities": []}, {"author": "@OlgaKavchak", "comment": "Hey B, please do a video on puts and calls. Thanks for all the videos.", "likes": 0, "published_at": "2019-12-30T22:38:15Z", "sentiment": 0.6369, "entities": []}, {"author": "@BrainSurg101", "comment": "It would be great if you could do separate videos that go more in-depth into shorting and putting stocks. Still confused about what they are.", "likes": 0, "published_at": "2019-12-28T06:06:46Z", "sentiment": 0.4215, "entities": []}, {"author": "@0BRAN0", "comment": "I would love to see a video on puts calls and (hopfully) covered calls!", "likes": 0, "published_at": "2019-10-14T14:47:28Z", "sentiment": 0.6696, "entities": []}, {"author": "@mikeb5030", "comment": "Make a vid about puts!!!!", "likes": 0, "published_at": "2019-09-26T12:49:53Z", "sentiment": 0.0, "entities": []}, {"author": "@timothyshin2337", "comment": "love your videos Brandonnn", "likes": 0, "published_at": "2019-04-10T12:39:10Z", "sentiment": 0.6369, "entities": []}, {"author": "@subscripciones", "comment": "what do you think about the all-weather portfolio?", "likes": 0, "published_at": "2019-03-24T01:19:59Z", "sentiment": 0.0, "entities": []}, {"author": "@split_____144", "comment": "Someone knows and it's a lucky guess", "likes": 0, "published_at": "2019-03-23T02:59:13Z", "sentiment": 0.4215, "entities": []}, {"author": "@scottscriticalmass", "comment": "This might be a very timely video... :-)  Truly enjoyed it.\nI'd never recommend an Inverse ETF, simply because few understand what it means to reset daily, which they do. As an example from 'Learning Markets'... see below.\n\nInverse ETF\nDay one starting balance = $100 but the market falls 20%\nDay two starting balance = $120 but the market falls another 20%\nDay three starting balance = $144 but the market rises 20%\nEnding balance = $115.20 for a total gain of +15.20%\n\nThe inverse ETF did perform better than the normal ETF but it underperformed expectations because the ETF is designed to match the inverse of the daily performance of the other index not its long term returns. This contra-compounding is the unique risk of inverse and leveraged ETFs.", "likes": 0, "published_at": "2019-03-18T17:12:19Z", "sentiment": 0.8786, "entities": ["'Learning Markets'", "ETF"]}, {"author": "@perpetualdividends6719", "comment": "Maintaining dividend income in a recession is so important for passive income!", "likes": 0, "published_at": "2019-03-17T09:23:35Z", "sentiment": 0.1652, "entities": []}, {"author": "@joshuaguo1326", "comment": "Very good advice Brandon!", "likes": 0, "published_at": "2019-03-16T16:27:24Z", "sentiment": 0.54, "entities": []}, {"author": "@brydenhunter9276", "comment": "Great video as always. I would very much enjoy a video on options. Keep up the good work!", "likes": 1, "published_at": "2019-03-14T13:42:25Z", "sentiment": 0.895, "entities": []}, {"author": "@stephenboda8756", "comment": "Hi Brandon! Would love to see a video on what bonds you are looking to invest in. Thanks ;)", "likes": 1, "published_at": "2019-03-14T03:02:10Z", "sentiment": 0.8516, "entities": []}, {"author": "@ManMountain1974", "comment": "Great video!!!!!", "likes": 0, "published_at": "2019-03-13T08:56:00Z", "sentiment": 0.7405, "entities": []}, {"author": "@awesamvlogs", "comment": "Would be great to see a video about options!", "likes": 0, "published_at": "2019-03-11T21:54:56Z", "sentiment": 0.6588, "entities": []}, {"author": "@lakshman1896", "comment": "Video on puts and shorting stocks please", "likes": 0, "published_at": "2019-03-11T05:21:12Z", "sentiment": 0.3182, "entities": []}, {"author": "@shockingtop5s941", "comment": "Great advice. Wouldn\u2019t mind if stocks went on sale sometime soon", "likes": 1, "published_at": "2019-03-10T17:53:09Z", "sentiment": 0.6249, "entities": []}, {"author": "@tdusang2956", "comment": "please do video on put's and reccommend bonds to invest in long term aside from what you have listed", "likes": 0, "published_at": "2019-03-10T17:38:21Z", "sentiment": 0.3182, "entities": []}, {"author": "@hobbies222", "comment": "you try out options! I also agree options are pure gambling unless it long term.", "likes": 1, "published_at": "2019-03-10T16:12:47Z", "sentiment": 0.4199, "entities": []}, {"author": "@ulysseperez4606", "comment": "Yes I would be very interested in a video to how to do put or call.", "likes": 0, "published_at": "2019-03-09T16:09:28Z", "sentiment": 0.6901, "entities": []}, {"author": "@Kevin_Street", "comment": "Very interesting video! This one is just educational for me, though.", "likes": 0, "published_at": "2019-03-08T23:12:07Z", "sentiment": 0.5081, "entities": []}, {"author": "@jorgklatt396", "comment": "From my experience, people that shy out in downturns are pretty likely to miss the upswing as well.\nI have a watchlist and noted my investment hypotheses + price alarms. If any stock hits the alarm, I only check if my hypotheses are still intact and if so, I will buy.\nRecently happened a lot in December, but also in January for Altria and Coca Cola", "likes": 0, "published_at": "2019-03-08T22:19:16Z", "sentiment": 0.0, "entities": ["Coca Cola"]}, {"author": "@regianeragauskas1864", "comment": "Hey Brandon, great video! And please, we certainly need a video talking about puts and calls. Would appreciate that!", "likes": 3, "published_at": "2019-03-08T17:30:02Z", "sentiment": 0.9018, "entities": []}, {"author": "@panemanager", "comment": "If only someone was able to predict a market crash... like if they wanted to short the housing market!  \ud83d\ude09Great video Brandon. I would really be interested in a video on how people would go about potentially profiting on a bear market. Not as familiar with that side. Shorts, put options, inverse etf\u2019s, etc. Thanks man!", "likes": 0, "published_at": "2019-03-08T16:15:48Z", "sentiment": 0.8901, "entities": []}, {"author": "@robinhoodrich3301", "comment": "I really need to learn options...", "likes": 0, "published_at": "2019-03-08T07:52:52Z", "sentiment": 0.0, "entities": []}, {"author": "@InvestingRobinhoodInvestor", "comment": "Great strategies Brandon! I'm in it for the long term", "likes": 2, "published_at": "2019-03-08T06:59:01Z", "sentiment": 0.6588, "entities": []}, {"author": "@dougo5673", "comment": "I\u2019ve sold my stocks during the first 10-15% drop and rebought in at or near the bottom during the past 20 years. I really don\u2019t think it\u2019s that hard and I really think it\u2019s idiotic to keep your money in stocks during the whole crash/correction. The crash is usually all over the news so you should know within 24 hours. And the total drop takes weeks.", "likes": 0, "published_at": "2019-03-08T06:24:38Z", "sentiment": -0.8797, "entities": []}, {"author": "@anthonyt994", "comment": "Keep it up brother \ud83d\udcaf\ud83d\udcaf\ud83d\udcaf", "likes": 0, "published_at": "2019-03-08T04:52:37Z", "sentiment": 0.0, "entities": []}, {"author": "@InvestingEducation", "comment": "Buy more of high quality companies in a recession. Thats what I did for my real money portfolio", "likes": 5, "published_at": "2019-03-08T02:06:25Z", "sentiment": -0.4215, "entities": []}, {"author": "@FF2PM", "comment": "Demonstate put, short etc on your 2nd account I suppose :)", "likes": 0, "published_at": "2019-03-08T01:46:03Z", "sentiment": 0.4588, "entities": []}, {"author": "@perryjaialai", "comment": "What I have been doing in hedging with put  options.", "likes": 0, "published_at": "2019-03-08T01:39:54Z", "sentiment": 0.0, "entities": []}, {"author": "@macacorisoto7472", "comment": "please put options videooooo <3", "likes": 0, "published_at": "2019-03-08T01:29:05Z", "sentiment": 0.6369, "entities": []}, {"author": "@StasTalksStocks", "comment": "Shorting stocks is definitely a risky ordeal.  I\u2019m with you, put options are the way to go!", "likes": 0, "published_at": "2019-03-07T23:30:13Z", "sentiment": 0.2942, "entities": []}, {"author": "@DeparturesCapital", "comment": "Awesome video, I love the topics you talk about and They are basically what I want to make videos on if I wasnt too caught up in the daily news. Lets go Options Trading!!! Make that Vid!!", "likes": 2, "published_at": "2019-03-07T23:18:26Z", "sentiment": 0.8949, "entities": []}, {"author": "@cosmoshan1", "comment": "I\u2019m adding precious metals for protection !", "likes": 0, "published_at": "2019-03-07T22:48:21Z", "sentiment": 0.6114, "entities": []}, {"author": "@chrisb5048", "comment": "Yes do a video on puts and calls please", "likes": 1, "published_at": "2019-03-07T21:21:23Z", "sentiment": 0.6124, "entities": []}, {"author": "@40finance", "comment": "Buying through price drops is the key to winning at long term investing.  Continuously lowering your cost basis on quality stocks has made many millionaires.", "likes": 14, "published_at": "2019-03-07T20:00:15Z", "sentiment": 0.34, "entities": []}, {"author": "@nickfararis411", "comment": "Thanks Brandon A one of kind great and so needed Video now a days in this unique  why in red ? indexes   an option and put and calls will be a great one to watch Thank you", "likes": 0, "published_at": "2019-03-07T19:52:54Z", "sentiment": 0.9517, "entities": []}, {"author": "@rsturcke", "comment": "Yes! I'm interested in seeing a video on Put options.  Thanks, Bob", "likes": 0, "published_at": "2019-03-07T19:16:50Z", "sentiment": 0.8221, "entities": []}, {"author": "@tradefeedz3560", "comment": "DCA in bear markets is bad advice.. LOL Why not stand aside in 2% money market and wait it out? I don't get it. What about metals (gold, etc)? Lots of great options not even mentioned", "likes": 1, "published_at": "2019-03-07T18:51:40Z", "sentiment": 0.6697, "entities": []}, {"author": "@deanoudhini7292", "comment": "Yes a video on call and put optionsThx", "likes": 2, "published_at": "2019-03-07T17:53:14Z", "sentiment": 0.4019, "entities": []}, {"author": "@PointsInbound", "comment": "I like to keep some of my portfolio with trailing stop losses to protect myself on the downside. I have some positions that are long term and some with stop losses. I would really like to hear about options, I have done a lot selling puts and covered calls on paper but haven't started with real money yet.", "likes": 1, "published_at": "2019-03-07T16:09:34Z", "sentiment": -0.2732, "entities": []}, {"author": "@danzwku", "comment": "would definitely be interested in a video on calls and puts", "likes": 0, "published_at": "2019-03-07T15:46:49Z", "sentiment": 0.6597, "entities": []}, {"author": "@PositiveInvesting", "comment": "02:53 - LOL! Dragon's Den ftw!! haha", "likes": 1, "published_at": "2019-03-07T15:40:53Z", "sentiment": 0.8862, "entities": []}, {"author": "@imSwiftehhhh", "comment": "I don\u2019t think you can short stocks in a TFSA but I could be mistaken.", "likes": 1, "published_at": "2019-03-07T14:50:56Z", "sentiment": -0.5023, "entities": []}, {"author": "@kevinjourneau8645", "comment": "Option video", "likes": 0, "published_at": "2019-03-07T14:49:57Z", "sentiment": 0.0, "entities": []}, {"author": "@valsaini", "comment": "Hi Brandon, great video, please do a video on Put Options and Call Options, that would be very informative!", "likes": 4, "published_at": "2019-03-07T14:47:31Z", "sentiment": 0.7712, "entities": ["Put Options", "Call Options"]}, {"author": "@TheHump24", "comment": "Do the options video \ud83d\udd25", "likes": 0, "published_at": "2019-03-07T12:34:18Z", "sentiment": 0.0, "entities": []}, {"author": "@Krash845", "comment": "Yes please, let\u2019s see a video on puts.", "likes": 1, "published_at": "2019-03-07T11:55:08Z", "sentiment": 0.6124, "entities": []}, {"author": "@vvolfflovv", "comment": "I'm staying extremely defensive atm as It's becoming a very tricky time to be invest.  It's funny how bonds have become such a bad word but they may not be such a bad idea.", "likes": 0, "published_at": "2019-03-07T11:52:43Z", "sentiment": -0.743, "entities": []}, {"author": "@sergiosellerio5847", "comment": "Thank Brandon for your always very useful contribution. Please,  go with a Trading Option video. Stay Strong !! \ud83d\ude4f\ud83c\udf86", "likes": 0, "published_at": "2019-03-07T10:48:56Z", "sentiment": 0.903, "entities": []}, {"author": "@canine7236", "comment": "Which exact bond will u be getting. What is your plan percentage", "likes": 0, "published_at": "2019-03-07T09:41:07Z", "sentiment": 0.0, "entities": []}, {"author": "@BirdsR", "comment": "Brandon I have a question buddy I read that another way is to buy stock in everyday situations people would use like Dollar Tree, Public storage, Spirit Airlines ,Gold ,Walmart, Staples ,Big Lots, McDonalds, Auto Zone, Walt Disney, These Stocks all held up very well in the last Crash ,things people will use or need no matter what ! What do u think Brandon on this type of Stock Market Strategy? I'm personally buying up shares of Nokia the 5G Infrastructure and hardware play ! 5g is the 4th revolution and will be deployed even in a crash as governments around the world are racing to be at the forefront of this technology and Nokia is # 2 in the world in 5g right now ! With the Chinese government And American Government fighting basically over this and Huawei the # 1 5g company being band around the world Nokia gets there Contracts along with Ericsson! Plus the Nokia dividend is sweet !", "likes": 4, "published_at": "2019-03-07T07:14:18Z", "sentiment": 0.6554, "entities": ["Spirit Airlines", "Gold ,Walmart", "McDonalds", "Crash", "Nokia", "Nokia", "American Government", "Huawei", "Nokia", "Contracts", "Nokia"]}, {"author": "@sheehanramirez2134", "comment": "Is the fed going back to QE??\ud83e\uddd0\ud83e\uddd0", "likes": 0, "published_at": "2019-03-07T07:13:01Z", "sentiment": 0.0, "entities": ["fed"]}, {"author": "@sabmason", "comment": "Good video Brandon, it would be good to get your in take on shorting stock.", "likes": 1, "published_at": "2019-03-07T06:43:31Z", "sentiment": 0.7003, "entities": []}, {"author": "@Brees34", "comment": "what kind of bonds are you going to get? please make a vid on your favorite bond etfs", "likes": 0, "published_at": "2019-03-07T06:37:03Z", "sentiment": 0.6486, "entities": []}, {"author": "@TheMonkWay", "comment": "Great video, from this recent downturn, I think my strategy is keeping more cash and adding some stocks with dollar cost averaging over time, more so if they dip harder. Similar to yours basically but without the bonds.", "likes": 7, "published_at": "2019-03-07T06:21:47Z", "sentiment": 0.3716, "entities": []}, {"author": "@Jason-xg6zy", "comment": "This is a great quality driven channel, Keep up the god work Brandon! And yes please make a detailed video on options", "likes": 14, "published_at": "2019-03-07T06:16:41Z", "sentiment": 0.8883, "entities": []}, {"author": "@HMLifeStyle", "comment": "I wonder how many likes i can get \ud83d\udc40", "likes": 0, "published_at": "2019-03-07T06:12:23Z", "sentiment": 0.4215, "entities": []}, {"author": "@whitewoody7", "comment": "1st wahoo", "likes": 0, "published_at": "2019-03-07T06:04:43Z", "sentiment": 0.0, "entities": []}, {"author": "@beaviswealth", "comment": "*What do you guys think of my strategy for 2019?* Let me know your thoughts down below.. I hope you enjoy today's video! :D\n\n\ud83d\udcc8\ud83d\udcda As always, if you're a beginner to the Stock Market in Canada and you're looking for a step-by-step blueprint on how to get started... Find out more about our Investing Academy here - https://bit.ly/theinvestingacademy", "likes": 6, "published_at": "2019-03-07T06:04:10Z", "sentiment": 0.8866, "entities": ["the Stock Market", "Investing Academy"]}]