[{"author": "@beaviswealth", "comment": "\ud83d\udcc8\ud83d\udcda As always, if you're a beginner to the Stock Market in Canada and you're looking for a step-by-step blueprint on how to get started... Find out more about our Investing Academy here - https://bit.ly/theinvestingacademy", "likes": 2, "published_at": "2021-12-09T17:55:40Z", "sentiment": 0.0, "entities": ["the Stock Market", "Investing Academy"]}, {"author": "@vishal198900", "comment": "ATVI jumped 30% today because of the deal with MSFT. What is the right time to sell or should we keep it for the long term as suggested earlier in the video?", "likes": 0, "published_at": "2022-01-18T15:21:04Z", "sentiment": 0.0, "entities": ["MSFT"]}, {"author": "@torenatkinson1986", "comment": "Can you get these stocks on Wealthsimple?", "likes": 1, "published_at": "2021-12-23T00:58:29Z", "sentiment": 0.0, "entities": []}, {"author": "@donmcleod2235", "comment": "Interesting opposing ends of the market both with future robust gains for investors. Great stats presented to supoort. Both to my long term inventing strategy. Both with current downsides. Terrific opportunity to jump in! Thanks Brandon!  :)", "likes": 0, "published_at": "2021-12-22T12:35:34Z", "sentiment": 0.9719, "entities": []}, {"author": "@mariacalma2535", "comment": "Buying Pfizer, a lot cheaper than J&J with higher dividends..", "likes": 0, "published_at": "2021-12-16T21:54:12Z", "sentiment": 0.0, "entities": ["Pfizer"]}, {"author": "@meganmcdonald5229", "comment": "I\u2019ve been buying Activision over the last month for exactly those reasons.", "likes": 0, "published_at": "2021-12-14T15:33:14Z", "sentiment": 0.0, "entities": []}, {"author": "@simonledoux2744", "comment": "I got my friends teasing me that my JNJ is a snail in bull markets, but I love it nonetheless. I have it in my RRSP as well, I believe it is where US Dividend stocks belong", "likes": 0, "published_at": "2021-12-13T21:47:36Z", "sentiment": 0.8847, "entities": ["JNJ", "RRSP", "US Dividend"]}, {"author": "@lanceroberts1066", "comment": "I am from the US and I keep pumping money into the Canadian Airlines ACDVF, sitting at the 50% level of it's highs. Like this for a 2 year play for doubling my money.", "likes": 0, "published_at": "2021-12-12T21:09:37Z", "sentiment": 0.5994, "entities": ["Canadian Airlines ACDVF"]}, {"author": "@CanadianDividendInvesting", "comment": "Awesome picks man! It's really nice to hear what you're actually adding to your portfolio", "likes": 0, "published_at": "2021-12-12T18:51:34Z", "sentiment": 0.8169, "entities": ["Awesome"]}, {"author": "@user-ku3oi6uu4t", "comment": "JNJ STRONG BUY\r Target price Over $180\n\n\r\nATVI STRONG SELL\r Target price Under $35", "likes": 0, "published_at": "2021-12-12T04:16:49Z", "sentiment": 0.8429, "entities": ["Target"]}, {"author": "@thomaslecours9681", "comment": "I have a question. How do i make to match my tsfa from my bank (rbc) on wealthsimple, like my money invest would be the money i have in my rbc tsfa ?? can someone answer.", "likes": 0, "published_at": "2021-12-11T23:32:18Z", "sentiment": 0.4329, "entities": []}, {"author": "@Yodrop", "comment": "How are you buying when you sold to buy a house?", "likes": 0, "published_at": "2021-12-11T21:04:55Z", "sentiment": 0.0, "entities": []}, {"author": "@kdk200", "comment": "I just bought vfv, vfv and more vfv. Never disappoints", "likes": 1, "published_at": "2021-12-11T20:03:32Z", "sentiment": 0.3501, "entities": []}, {"author": "@thedividenddream", "comment": "I know the gaming market extremely well.  Good idea and thanks for the video! From a fellow creator and millionairess\u2026 \ud83e\udd11\ud83e\udd11\ud83d\udc46\ud83d\udc4b", "likes": 0, "published_at": "2021-12-11T18:09:55Z", "sentiment": 0.83, "entities": []}, {"author": "@NickPeitsch", "comment": "As Peter Lynch says, spin-offs are ripe territory for new investors! Will be interesting to see how this plays out", "likes": 0, "published_at": "2021-12-11T17:54:51Z", "sentiment": 0.6419, "entities": []}, {"author": "@GentlemenOfSport", "comment": "Scandals or not activision is a great company", "likes": 0, "published_at": "2021-12-11T01:11:34Z", "sentiment": -0.7575, "entities": []}, {"author": "@michellejohn2918", "comment": "Thanks for the video Brandon.  Just curious- if you like JNJ, what was it that made you sell your whole position in the first place?  I've owned JNJ for several years as well.  Thanks.", "likes": 2, "published_at": "2021-12-10T19:47:52Z", "sentiment": 0.8934, "entities": ["JNJ", "JNJ"]}, {"author": "@joeypeteza3554", "comment": "I love jnj not in my budget right now but I love the company I got a couple of ATVI just starting up", "likes": 0, "published_at": "2021-12-10T18:44:31Z", "sentiment": 0.8555, "entities": []}, {"author": "@felyg31", "comment": "Blizzard - Alot more due diligence required. You should focus more on the products as the revenue driver. Look at the updates and release dates.", "likes": 0, "published_at": "2021-12-10T15:49:45Z", "sentiment": 0.0, "entities": ["Blizzard - Alot"]}, {"author": "@unicorn2161", "comment": "hard pass on Activision. Doesn\u2019t feel right to support them amidst issues. morally wrong sorry.", "likes": 0, "published_at": "2021-12-10T14:17:37Z", "sentiment": -0.2732, "entities": []}, {"author": "@jimmbboe", "comment": "Woohoo!! JNJ!!", "likes": 0, "published_at": "2021-12-10T05:34:53Z", "sentiment": 0.6671, "entities": ["Woohoo", "JNJ"]}, {"author": "@roshanpty", "comment": "What is the best tool for portfolio management? To keep an eye on the swings in the market? I am aware of Wallmine. Are there any platforms that allow importing of portfolios in csv or excel format for free?", "likes": 1, "published_at": "2021-12-10T02:57:25Z", "sentiment": 0.9176, "entities": []}, {"author": "@defierdarer3289", "comment": "NFYEF, MELI, KOF, and now ATVI! I'm not entirely sure of your choices now.", "likes": 0, "published_at": "2021-12-10T02:20:34Z", "sentiment": -0.355, "entities": ["MELI", "KOF"]}, {"author": "@stephennichol3620", "comment": "Activision is all about propping up short term profits they release terrible unfinished products just to make their quarterly sales numbers.  With every game they release the company loses more of its goodwill.  I dont see it getting any better and would avoid it.  You make some decent arguments about the numbers but even if you are right it could be a short term value play like how Buffet describes the cigar butts on the ground but it is not something to hold for long term imo.", "likes": 3, "published_at": "2021-12-10T01:32:25Z", "sentiment": 0.802, "entities": ["Buffet"]}, {"author": "@kelleyhaldorson209", "comment": "JNJ is on my watchlist and a bucket list stock for me, but to be honest I am leery about spin off movement and things like that.  Probably cause I'm new and  am just cutting my teeth on valuing companies.  I would need to do a lot more research or just wait till the spin off happens before deciding to invest now!?  I love the Activistion play, I have the Gaming ETF HERO and it is a larger position in that ETF.  I did a quick look at all the companies in that ETF and the main ones definitely appeared healthy.  If I had a bit more money to invest right now I would be seriously considering it too.  Right now I am being very selective too with my purchases, waiting for a correction here and trying to build a bit of a war chest for when it does crash.  Last stock bought was BABA and now I'm at Max portfolio valuation for that position.", "likes": 0, "published_at": "2021-12-10T01:26:33Z", "sentiment": 0.9732, "entities": ["JNJ", "Activistion", "ETF"]}, {"author": "@TheFuzzyEwok", "comment": "I like the ATVI pick, but i've gone with SONY as my video game pick. Similar PE without the scandals", "likes": 0, "published_at": "2021-12-10T00:32:22Z", "sentiment": 0.636, "entities": ["SONY"]}, {"author": "@roberttaylor3594", "comment": "I think both of these are impacted by covid; more gaming in the basement, more cleaning surfaces (except in the basement, maybe!).\n\nJ&j is more my style.  Activision gets 5 Morningstar rating, which you don\u2019t see every day. That drop doesn\u2019t seem business results related at all, so\u2026perhaps a quick in and out over a year to catch the bounce?  Also not my style.", "likes": 0, "published_at": "2021-12-10T00:12:26Z", "sentiment": -0.3382, "entities": ["J&j", "Activision"]}, {"author": "@aleksandarkarajovic4125", "comment": "Also great Square, paypal, disney...", "likes": 1, "published_at": "2021-12-10T00:10:47Z", "sentiment": 0.6249, "entities": []}, {"author": "@ab.4425", "comment": "Great stocks Brandon!! Thank you so much for the video!!", "likes": 1, "published_at": "2021-12-09T22:58:55Z", "sentiment": 0.8302, "entities": []}, {"author": "@turbofanlover", "comment": "I'm 50% in cash.  Cash is king, right now...IMO.  Stay tuned.\n\nP.S.  I'm NOT a fan of trying to catch a falling knife.  But to each their own.", "likes": 0, "published_at": "2021-12-09T22:56:51Z", "sentiment": -0.1977, "entities": []}, {"author": "@TheJoeMoneyShow", "comment": "Just go all in Apple all you need", "likes": 1, "published_at": "2021-12-09T22:52:07Z", "sentiment": 0.0, "entities": ["Apple"]}, {"author": "@uplivedlivingsolutions9360", "comment": "That's awesome...I literally just bought more atvi last night \ud83d\ude01", "likes": 0, "published_at": "2021-12-09T22:32:25Z", "sentiment": 0.0, "entities": []}, {"author": "@bulatok1", "comment": "any thoughts about disney? is it a buy now?", "likes": 1, "published_at": "2021-12-09T22:03:29Z", "sentiment": 0.0, "entities": []}, {"author": "@arnaudj.7162", "comment": "atvi... no thanks", "likes": 1, "published_at": "2021-12-09T22:01:34Z", "sentiment": 0.1779, "entities": []}, {"author": "@plda123", "comment": "I started buying ATVI 15% ago. haha. Been cost averaging since then.", "likes": 0, "published_at": "2021-12-09T21:54:48Z", "sentiment": 0.4588, "entities": []}, {"author": "@BrentInvesting", "comment": "Bought LMT, WMT, O, SYY Lately in Div Portfolio, Added a Nice Chunk to FB.  Sold 3 Puts on SPY (Made a lil over 2k so far in Dec) Doing It \ud83d\ude00", "likes": 1, "published_at": "2021-12-09T21:40:55Z", "sentiment": 0.4215, "entities": ["LMT", "WMT"]}, {"author": "@CorsiHockey", "comment": "You should mention green companies in a video. Would be nice as they are big players in fighting climate change, even though they're only penny stocks at the moment. Good Natured Products, Pond Technologies, Xebec Adsorption, FAN etf, etc.", "likes": 3, "published_at": "2021-12-09T21:23:51Z", "sentiment": 0.7378, "entities": ["Good Natured Products", "Pond Technologies", "FAN"]}, {"author": "@Senikeee", "comment": "Huge fan, love you Brandon but hard pass on Activision. Doesn\u2019t feel morally correct to support them. I also know you mentioned F2P Battle Royals Warzone, which I disagree with. Their competitor game, Apex Legends seem to be gaining a lot more momentum. The outlook of their products rather look dim especially with the recent loss of skilled workers amidst the controversy IMO", "likes": 1, "published_at": "2021-12-09T21:07:09Z", "sentiment": 0.2023, "entities": ["Battle Royals Warzone", "IMO"]}, {"author": "@jolivera6701", "comment": "I agree with ATVI, bought 200 shares recently. Long term dividend growth hold for me.", "likes": 0, "published_at": "2021-12-09T20:58:05Z", "sentiment": 0.743, "entities": ["ATVI"]}, {"author": "@snicky3594", "comment": "I've looked pretty hard into activison. The new cod is doing awful. New warzone map is broken. They need a new ceo badley and even xbox and Sony have condemn them. If you want to see a floor before u invest in wait till they fire  Bobby kotick", "likes": 3, "published_at": "2021-12-09T20:12:38Z", "sentiment": -0.7906, "entities": ["Sony"]}, {"author": "@dyingpentas", "comment": "Sandal aside, there massive loss of talented workers is my biggest concern. If people don't want to work for a company, their productivity and fundamentals will suffer. I'll wait a bit too see how the management handle this", "likes": 5, "published_at": "2021-12-09T20:09:30Z", "sentiment": -0.4063, "entities": []}, {"author": "@Ilikeavocados123", "comment": "I mean hell nah for activision", "likes": 3, "published_at": "2021-12-09T20:01:29Z", "sentiment": -0.7184, "entities": []}, {"author": "@jasonstupak4535", "comment": "Watched and liked, thanks Brandon!", "likes": 0, "published_at": "2021-12-09T19:55:32Z", "sentiment": 0.7177, "entities": []}, {"author": "@alexandreblais6853", "comment": "What is happening to NFI?", "likes": 0, "published_at": "2021-12-09T19:25:40Z", "sentiment": 0.0, "entities": ["NFI"]}, {"author": "@tianic", "comment": "Blizzard has been in some serious scandals I'm not so sure it's potentially in a rising trend", "likes": 3, "published_at": "2021-12-09T19:19:14Z", "sentiment": -0.7161, "entities": []}, {"author": "@kirandeepkaur1582", "comment": "Thanks Brandon that helps a lot \ud83d\udc4d", "likes": 0, "published_at": "2021-12-09T19:16:46Z", "sentiment": 0.6705, "entities": []}, {"author": "@GubeTube19", "comment": "Don't touch ATVI. The worst company I've ever seen (not even referring to their recent scandal with the staff and CEO). They blatantly disregard their consumers. Their success will only last for so long", "likes": 11, "published_at": "2021-12-09T19:16:20Z", "sentiment": -0.6597, "entities": []}, {"author": "@cozzy5088", "comment": "Activision might be a good value play right now that should continue to bring in more money, but i do have to say their corporate problems are a lot worse and there's likely a clean house coming. Personally i want to see who they bring in to manage the company and right the ship before getting in and see if there is some support in the stock, it does look like a falling knife as you said.", "likes": 27, "published_at": "2021-12-09T18:48:03Z", "sentiment": 0.6757, "entities": []}, {"author": "@marcdeguzmanmarc3140", "comment": "k/d ratio > p/e ratio", "likes": 12, "published_at": "2021-12-09T18:44:56Z", "sentiment": 0.0, "entities": []}, {"author": "@cindyl3900", "comment": "Hi Brandon what do you think about the new plus features the wealthsimple offer. Can you make a video to share your thoughts on that vs the questrade?", "likes": 3, "published_at": "2021-12-09T18:37:28Z", "sentiment": 0.296, "entities": []}, {"author": "@andrewsharpe7630", "comment": "I have no problem with the \"boys will be boys\" frat culture at Activision, especially if it's not impeding their fundamentals. Personally, I simply don't play a wide enough variety of video games to feel confident enough committing capital to an individual game company. I also feel \"Triple A\" studies are rightfully criticized for their lack of creativity, quality, etc.", "likes": 1, "published_at": "2021-12-09T18:32:52Z", "sentiment": -0.5627, "entities": ["Activision"]}, {"author": "@diannecarter5536", "comment": "Not to change the subjectbut what are your feelings on lightspeed", "likes": 4, "published_at": "2021-12-09T18:09:11Z", "sentiment": 0.0, "entities": []}, {"author": "@FrankHuynh", "comment": "Thanks for the video!", "likes": 0, "published_at": "2021-12-09T18:08:56Z", "sentiment": 0.4926, "entities": []}, {"author": "@mohamedzmahmoud3470", "comment": "What I really appreciate about you, is you are not click-baiting,\nGood job lad", "likes": 6, "published_at": "2021-12-09T18:08:36Z", "sentiment": 0.1499, "entities": []}, {"author": "@annehenderson7911", "comment": "Thanks, Brandon.", "likes": 1, "published_at": "2021-12-09T17:59:57Z", "sentiment": 0.4404, "entities": []}]