[{"author": "@beaviswealth", "comment": "\ud83d\udcc8\ud83d\udcda Join The Investing Academy \u27a4 https://bit.ly/theinvestingacademy \r\n\r\nHas the stock market correction / crash bottomed out?  In this update, we look at six market indicators that can help you become a better investor.", "likes": 3, "published_at": "2022-09-28T22:41:57Z", "sentiment": 0.6249, "entities": ["The Investing Academy"]}, {"author": "@canpin", "comment": "Hi Marc, its Feb -any update \ud83d\ude01", "likes": 0, "published_at": "2023-02-14T00:43:14Z", "sentiment": 0.0, "entities": []}, {"author": "@MegsCarpentry-lovedogs", "comment": "Marc, I really like this type of information. Thank you for a follow up. Will look forward to another one when you are ready.", "likes": 1, "published_at": "2022-10-18T23:15:37Z", "sentiment": 0.7778, "entities": []}, {"author": "@naturetherapyfilms", "comment": "Thank you guys. You\u2019re a knowledgeable person and I appreciate it. Brandon, too, is a cool guy. Thank you both", "likes": 0, "published_at": "2022-10-14T16:17:34Z", "sentiment": 0.8402, "entities": []}, {"author": "@leadingworld", "comment": "A really great episode as always.\nI had asked couple of months ago if possible to take a case of investment (my case if possible) to showcase what are the bad decisions done and how to try to overcome them. I'm 34 year old , PhD international student in Canada, I created a TFSA account and used all my limit (+23$) I'm almost -9000$, haven't sold anything but really frustrated especially as the account is TFSA.\nThanks in advance", "likes": 0, "published_at": "2022-10-05T22:55:15Z", "sentiment": -0.0626, "entities": []}, {"author": "@scottscriticalmass", "comment": "Excellent video... It's good to hear your thoughts on where you 'think' we stand in relation to a potential market bottom.  Thanks a bunch Marc!", "likes": 0, "published_at": "2022-10-04T03:34:56Z", "sentiment": 0.8687, "entities": []}, {"author": "@jasonstupak4535", "comment": "Watched and liked, thanks Marc!  Always appreciate your insight.", "likes": 0, "published_at": "2022-10-03T18:56:42Z", "sentiment": 0.8268, "entities": []}, {"author": "@metalpolishshop", "comment": "Good video Marc. I am at the point of nibbling if we hold this level on the SPY.  Then waiting for more confirmation to which direction.  I also see that people  still seem to be spending like they just robbed a bank. When the reality of what they are doing hits them I believe we will have a huge \"stop spending \" moment and the market will go down further at that point and that may the true bottom.  Time will tell but we all must be ready either way", "likes": 0, "published_at": "2022-10-02T21:16:38Z", "sentiment": 0.7845, "entities": ["SPY", "Time"]}, {"author": "@RS_Edm", "comment": "Hi, is it good time to invest $10,000 in S&P 500 ETF right now?", "likes": 0, "published_at": "2022-10-02T19:26:21Z", "sentiment": 0.4404, "entities": []}, {"author": "@MountainFinance", "comment": "It pretty much followed what both of us had suspected. I do believe that there is still a lot of pain ahead and the only real thing that is still up in the air is the depth and length of the recession.", "likes": 0, "published_at": "2022-10-02T15:44:51Z", "sentiment": -0.5859, "entities": []}, {"author": "@GhaneshDas", "comment": "Excellent", "likes": 0, "published_at": "2022-10-02T15:37:36Z", "sentiment": 0.5719, "entities": []}, {"author": "@mashacamashaca877", "comment": "Us: \u201cHas the market hit bottom yet?\u201d\n\nMarc: \u201cHold my beer, I got yah\u201d\n\nAwesome, awesome analysis. Thank you Marc and Brandon", "likes": 2, "published_at": "2022-10-01T20:37:47Z", "sentiment": 0.8934, "entities": ["Awesome"]}, {"author": "@mckessa17", "comment": "Now is the time to buy.", "likes": 0, "published_at": "2022-10-01T08:23:29Z", "sentiment": 0.0, "entities": []}, {"author": "@hugosmith6776", "comment": "EXCELLENT video\n\nkeep this up, you are pointing out what different creatures in the forest are doing reacting to the environment.\n\ndo another in 6-8 weeks please.\nLove from Alberta <3", "likes": 1, "published_at": "2022-10-01T00:48:26Z", "sentiment": 0.9304, "entities": []}, {"author": "@derekcox6531", "comment": "Great episode Marc. As for me\u2026I\u2019m holding a bunch of cash at this time. It\u2019s very likely I\u2019ll miss the bottom,but that\u2019s ok. I\u2019m conservative by nature,(I guess)but I have filled out a position in Algonquin power during this weakness and added to amazon. I think I\u2019m pretty content to hold those for a longer term.\ud83e\udd14  it seems to me that one should look to blue chippers at this time. If one has a long term perspective and can stomach the volatility,I think there\u2019s lots of opportunity in the coming year.", "likes": 0, "published_at": "2022-09-30T19:13:47Z", "sentiment": 0.8354, "entities": ["nature,(I"]}, {"author": "@irenatz2825", "comment": "Great video... much appreciated.", "likes": 0, "published_at": "2022-09-30T17:03:21Z", "sentiment": 0.8126, "entities": []}, {"author": "@kitnoCC", "comment": "Very valuable content! Thx. Subbed.", "likes": 0, "published_at": "2022-09-30T12:38:18Z", "sentiment": 0.7542, "entities": []}, {"author": "@juanperez-gh8bl", "comment": "Hola Marc, hablasste muy rapido, pero te entend\u00ed :D creo que es un gran momento para comprar, septiembre suele ser un mal mes para el mercado. Gran video! ten un buen d\u00eda\n\"Hi Marc, you spoke very fast, but I understood you :D I think it's a great time to buy, september is usually a bad month for market. Great video! have a good day\"", "likes": 0, "published_at": "2022-09-30T02:35:15Z", "sentiment": 0.9684, "entities": ["muy", "un", "un", "un"]}, {"author": "@kylegardiner3885", "comment": "Thanks for the continued analysis Marc, really appreciate your explanation of ways to interpret these indicators.", "likes": 0, "published_at": "2022-09-30T02:16:17Z", "sentiment": 0.7089, "entities": []}, {"author": "@Lopersen", "comment": "\ud83d\udc4d\ud83d\udc4dthank you team!", "likes": 0, "published_at": "2022-09-30T00:23:08Z", "sentiment": 0.0, "entities": []}, {"author": "@anderson6379", "comment": "Very useful. Interesting. Thanks", "likes": 0, "published_at": "2022-09-29T23:33:35Z", "sentiment": 0.8532, "entities": []}, {"author": "@MurrMan23", "comment": "Down markets is how you make money. This is when dividend investors sit back, keep buying, and watch the show.", "likes": 1, "published_at": "2022-09-29T22:19:41Z", "sentiment": 0.0, "entities": []}, {"author": "@djayjp", "comment": "Strong video as always, Mark, but I think there's only one indicator which matters: when rates stop rising faster than expected or they stop/reverse. :P\n\nOf course a sign of that to come is if inflation stops (in US the month over month inflation has already stopped last 2 months). But Powell and company only appear to be using the extremely lagging indicator of year over year... Ugh", "likes": 0, "published_at": "2022-09-29T18:36:18Z", "sentiment": -0.7461, "entities": []}, {"author": "@evadeanu1", "comment": "Brilliant! Thanks", "likes": 0, "published_at": "2022-09-29T16:56:17Z", "sentiment": 0.7901, "entities": []}, {"author": "@FukenRonald", "comment": "Love these videos about the hitting bottom. Thanks Marc!", "likes": 2, "published_at": "2022-09-29T14:50:24Z", "sentiment": 0.8122, "entities": []}, {"author": "@RyanThomasWoods", "comment": "Love this new monthly series!! Looking forward to next month and of any signals turn yes \ud83d\udc40", "likes": 2, "published_at": "2022-09-29T14:45:21Z", "sentiment": 0.8168, "entities": []}, {"author": "@lintonmeyer", "comment": "Great video. This should be a popular one. Bears repeating periodically. Thanks for your great content.", "likes": 0, "published_at": "2022-09-29T14:29:07Z", "sentiment": 0.9313, "entities": []}, {"author": "@timhennigar1468", "comment": "somewhat tired of these analyses - yours (and everyone's charts) show one thing - HISTORY - they say nothing really about the future - yes- you and others will all claim when the future unfolds - you saw what you wanted to see in your charts that explains it - great . still means nothing - you and nobody else can predict what unfolds tomorrow - demographics, wars, etc  .. impacts difficult or ignored in this.", "likes": 0, "published_at": "2022-09-29T13:33:37Z", "sentiment": -0.4951, "entities": []}, {"author": "@MikeyPaper", "comment": "Great video. Quantitative tightening is just starting to ramp up. Fed is still raising interest rates. That means earning recession and pulling money out of the economy. I think theres still a lot of pain to come. \n\nThats why I love inverse etfs. The more the market goes down, the more money you make!", "likes": 0, "published_at": "2022-09-29T11:41:37Z", "sentiment": 0.7574, "entities": ["Fed"]}, {"author": "@shanmugamkatna9534", "comment": "Nice informative video.", "likes": 0, "published_at": "2022-09-29T11:01:44Z", "sentiment": 0.4215, "entities": []}, {"author": "@ParallelWealth", "comment": "Very nice breakdown Marc.", "likes": 0, "published_at": "2022-09-29T04:07:34Z", "sentiment": 0.4754, "entities": []}, {"author": "@dbryant4", "comment": "I always look forward to these videos. The wild card in the economy these days is that we've never had a government in power whose goal was to actually destroy major parts of the economy.  Short term \"missions\" to extract some funds from the market might be the best strategy for the next couple of years.  Traditional long term investors are in for some soul-killing agony.", "likes": 0, "published_at": "2022-09-29T03:14:31Z", "sentiment": -0.2732, "entities": []}, {"author": "@canpin", "comment": "Great video Marc. Quite informative. Thanks!", "likes": 0, "published_at": "2022-09-29T02:42:15Z", "sentiment": 0.821, "entities": []}, {"author": "@willkeen5010", "comment": "I\u2019ve been through a few of these down turns. Sure it\u2019s hard to watch the pull back but if you zoom out at the chart, this is just another bump in the road. I have turned on most of my drips which will purchase more blue chips securities at a nice 20% discount. In time, (year or two) I\u2019m sure it I will be pleased with that decision.", "likes": 2, "published_at": "2022-09-29T02:23:19Z", "sentiment": 0.9342, "entities": []}, {"author": "@ABb-xw6jy", "comment": "I have just started investing.  It\u2019s a good time to buy.", "likes": 0, "published_at": "2022-09-29T02:12:17Z", "sentiment": 0.4404, "entities": []}, {"author": "@Slickpete83", "comment": "*when Jim Kramer on CNBC tells you to sell all your stocks you know the bottom is in* \ud83d\ude05\ud83e\udd23\ud83d\ude02", "likes": 3, "published_at": "2022-09-29T02:03:11Z", "sentiment": 0.0, "entities": ["CNBC"]}, {"author": "@fs982", "comment": "Don't fight the fed guys. We have another leg lower before it hits the fan", "likes": 4, "published_at": "2022-09-29T01:45:49Z", "sentiment": 0.3147, "entities": ["fed"]}, {"author": "@AmolGharat", "comment": "Perfect timing! I just posted yesterday on the previous video asking for this \ud83d\ude42", "likes": 0, "published_at": "2022-09-29T01:43:56Z", "sentiment": 0.6114, "entities": []}, {"author": "@Tobi_Jones", "comment": "this video is great, so much good content", "likes": 0, "published_at": "2022-09-29T01:43:42Z", "sentiment": 0.8062, "entities": []}, {"author": "@BURGATRON", "comment": "Great video! Very direct and informative", "likes": 6, "published_at": "2022-09-29T01:25:39Z", "sentiment": 0.6588, "entities": []}, {"author": "@NGreedia", "comment": "During this recent crash/correction combined with aggressive interest rate hikes, I've been wondering if paying down high interest debt like putting money towards a mortgage is better than investing or staying invested if the markets are going to be like this for the foreseeable future with doom and gloom, recession etc going on", "likes": 4, "published_at": "2022-09-29T01:13:54Z", "sentiment": 0.1779, "entities": []}, {"author": "@timallsopp9622", "comment": "hmm, 10yr and 2yr is what i was taught, interesting with the 3month, currently i think we need capitulation, when the market pukes, retailers sell on a few massive down days with a vix spike.maybe we see a squeeze or chop to take the oct. puts out then down but still think something very nasty coming still in 23", "likes": 2, "published_at": "2022-09-29T01:07:13Z", "sentiment": -0.7535, "entities": []}, {"author": "@andyscheid3041", "comment": "Much appreciated Marc.  Thank you", "likes": 0, "published_at": "2022-09-29T01:00:06Z", "sentiment": 0.7003, "entities": []}, {"author": "@thetruthfornow6045", "comment": "I love the so called you tube experts. The market drops by 500 points and recession, depression and its Biden's fault. Today the market rises by 500 points and it is clear sailing ahead. The fed will raise interest rates by .75 percent next week. I guess Wall street is now okay with that now. Last week they were upset about that.", "likes": 0, "published_at": "2022-09-29T00:57:34Z", "sentiment": -0.0258, "entities": ["fed"]}, {"author": "@mr.financial", "comment": "There is a decent possibility of some serious head winds with liquidity moving forward. UK was the first to buckle and inject more liquidity into the market to the tune of 65 billion pounds and at the same time the government cuts taxes so people have more cash to spend. This is similar to what Canada and the US did, except we haven't added liquidity yet. Us and Canada are just starting their portfolio draw downs. If north america reverses course, we could be in for some very wild times. Both our debts have ballooned and income is shrinking. Who doesn't like a wild ride? \ud83d\ude0e", "likes": 3, "published_at": "2022-09-29T00:54:56Z", "sentiment": -0.5588, "entities": []}, {"author": "@marvinpham5180", "comment": "I am holding heavy on cash to see any discounted companies that is worth investing atm.", "likes": 0, "published_at": "2022-09-29T00:54:04Z", "sentiment": 0.2732, "entities": []}, {"author": "@momo35444", "comment": "Thanks for the video Marc. very informational. very scary moment for my portfolio, so its a good knowledge to obtain.\n-marco-", "likes": 0, "published_at": "2022-09-29T00:53:46Z", "sentiment": 0.323, "entities": []}, {"author": "@nacre6233", "comment": "Thanks as always Marc.  I continue to dollar cost average but now much slower as the dip may be deeper and more prolonged.  My alternative was initially 90 day GIC ladders.  I have since decided the recovery will be longer and have put a substantial part of my portfolio into 2 year GIC ladders at 4.3-4.4% while nibbling at purchases on the dips.  Keep up the great work.  Much appreciated by many.", "likes": 10, "published_at": "2022-09-29T00:51:36Z", "sentiment": 0.9354, "entities": ["GIC", "GIC"]}, {"author": "@kevinn1158", "comment": "The markets hit a big moving average.  The range between the 180 and 200 week moving averages for the NAS has been huge.  Last time it broke below was 2008.  Think about that.  The SPY is in a critical range as well.  The Fed is about to tip the markets completely over if they don't slow down on the rate hikes.  We are still in a downtrend.  We might see a relatively big rebound but we are in trouble.  I'd also say, real estate and the auto industry are going to completely get smashed in the next 6 months.  Bond markets are targeting 4.5% short term now.", "likes": 0, "published_at": "2022-09-29T00:49:45Z", "sentiment": -0.5994, "entities": ["NAS", "SPY", "Fed"]}, {"author": "@AceVenturaXii", "comment": "Outstanding video. If you keep the updates coming every couple months or so I can see them being a big hit.", "likes": 28, "published_at": "2022-09-29T00:28:06Z", "sentiment": 0.6124, "entities": []}, {"author": "@pauljose1261", "comment": "Excellent information and presentation style. I look forward to the next update. Thanks Marc.", "likes": 9, "published_at": "2022-09-29T00:25:41Z", "sentiment": 0.765, "entities": []}, {"author": "@DeparturesCapital", "comment": "Great vid!! I am long the broader commodity sector and will DCA for the next 12 months!", "likes": 0, "published_at": "2022-09-29T00:12:01Z", "sentiment": 0.7163, "entities": []}, {"author": "@Rfmarano", "comment": "It can\u2019t be done yet, interest rates are still at intense levels, the economy is still in a recession, etc. Indicators and technical analysis can\u2019t really do much when the external environment is uneasy", "likes": 1, "published_at": "2022-09-29T00:11:50Z", "sentiment": -0.2732, "entities": []}, {"author": "@turbofanlover", "comment": "Well, the one thing that is for certain is that we're closer to the bottom now than we were 6 weeks ago.  ;)", "likes": 17, "published_at": "2022-09-29T00:07:18Z", "sentiment": 0.6249, "entities": []}, {"author": "@TheRealDyscyples", "comment": "Not the first comment", "likes": 1, "published_at": "2022-09-28T23:59:42Z", "sentiment": 0.0, "entities": []}]