[{"author": "@beaviswealth", "comment": "\ud83d\udcc8\ud83d\udcda As always, if you're a beginner to the Stock Market in Canada and you're looking for a step-by-step blueprint on how to get started... Find out more about our Investing Academy here - https://bit.ly/theinvestingacademy\n\nWhat is your biggest investing mistake? Comment below!! Also, put your name down for the Private Membership Group waitlist! I'm thinking somewhere along the lines of $19 CAD/mo??? Very reasonable in my opinion for everything that will come with it... Will keep you all up to date! :D", "likes": 5, "published_at": "2021-04-05T16:20:51Z", "sentiment": 0.6967, "entities": ["the Stock Market", "Investing Academy", "the Private Membership Group", "CAD"]}, {"author": "@Landonta", "comment": "With number 4 point. It sounds like we keep investing and investing pouring the money into it. What if u need money and cash? and when would be an exit from those stocks.?", "likes": 0, "published_at": "2021-04-15T04:57:19Z", "sentiment": 0.4871, "entities": []}, {"author": "@David_C_83", "comment": "Agree on those, I only started investing now in my late 30s and yes I wished I had started sooner, especially since I always had an interest in the stock market just never really did any research to understand how it works. But yes, I tend to stick to my strategy, am sticking to what I know, I see some people believe a lot in certain things that I don't know or have much interesting... if it works out for them then great, I'll be happy for them.", "likes": 0, "published_at": "2021-04-12T20:05:11Z", "sentiment": 0.9702, "entities": []}, {"author": "@ArielStar", "comment": "This is great, thank you!", "likes": 0, "published_at": "2021-04-10T04:42:11Z", "sentiment": 0.784, "entities": []}, {"author": "@annstaple6371", "comment": "I am 60 yrs old and have just started investing. Better late than never. Thank you for the informative videos.", "likes": 1, "published_at": "2021-04-08T16:18:42Z", "sentiment": 0.1999, "entities": []}, {"author": "@kelleyhaldorson209", "comment": "I'm even worse than Blake!  AAAAahhhhrrrrggg", "likes": 0, "published_at": "2021-04-07T23:02:59Z", "sentiment": -0.5255, "entities": []}, {"author": "@yannickrichard8212", "comment": "Your videos bring so much value compared to any other youtubers out there... thank you!!", "likes": 1, "published_at": "2021-04-07T19:26:19Z", "sentiment": 0.6968, "entities": []}, {"author": "@Lopersen", "comment": "...And growing... Thanks.", "likes": 1, "published_at": "2021-04-06T23:03:55Z", "sentiment": 0.4404, "entities": []}, {"author": "@futurenvesting", "comment": "Great video Brandon, not opinionated or biased at all, just speaking the truth! loved it as always.", "likes": 1, "published_at": "2021-04-06T22:10:47Z", "sentiment": 0.9082, "entities": []}, {"author": "@qp9vp", "comment": "IPO:s can actually be worthwhile investments in Sweden and the other scandinavian countries. THe difference is that we can get shares before they are traded. Unlike in the US (and maybe Canada). So even small time investors can be a part of the journey from a cheaper price and the initial POP (or drop...). Your rule is still true though. Its better to wait and let the company prove itself first. \n\nCouldnt agree more on the other rules. I try to zone out from all the buzz. Im more interested in hearing about new stock cases from Motley fool or other trustworthy sources than to hear the latest short-term prediction. Because they are almost always short-term predictions. And the few long term predicions (bitcoin, inflation and the growing mountain of debt etc). Who knows if they will actually be a problem. Is the world in such a state that governments and corporations would actually allow another 30s depression? Hardly. The biggest shocks to the markets can\u00b4t be predicted, because if they could, the stock prices would likely already be reflecting them.", "likes": 0, "published_at": "2021-04-06T20:42:33Z", "sentiment": 0.5018, "entities": ["IPO"]}, {"author": "@qp9vp", "comment": "Hey Brandon, would love to hear your view on Abcellera. A very interesting Canadian company in my opinion. And now might be a good entry point too. It will likely be a volatile ride but in 5+ years it looks very interesting.", "likes": 0, "published_at": "2021-04-06T20:30:47Z", "sentiment": 0.8603, "entities": []}, {"author": "@Adrian-cn5rk", "comment": "I guess you didn't bother to link any of those other YouTube videos", "likes": 1, "published_at": "2021-04-06T19:46:58Z", "sentiment": 0.2584, "entities": ["YouTube"]}, {"author": "@JulianBocchinfuso", "comment": "I love the suttle shots at the clickbait youtubers :p", "likes": 0, "published_at": "2021-04-06T18:22:58Z", "sentiment": 0.765, "entities": [":p"]}, {"author": "@MartinMcClellanGT", "comment": "Well said Brandon!", "likes": 0, "published_at": "2021-04-06T17:06:33Z", "sentiment": 0.3382, "entities": []}, {"author": "@niftydom", "comment": "A common mistake is to co-sign loans or credit cards to other people.  Such a risky move.  I paid the high price for that one! \nit set me back financially years ago.", "likes": 0, "published_at": "2021-04-06T16:11:41Z", "sentiment": -0.2244, "entities": []}, {"author": "@michellejohn2918", "comment": "Thanks Brandon for this video!  It was very helpful and reassuring.  Keep up the good work!", "likes": 1, "published_at": "2021-04-06T13:56:39Z", "sentiment": 0.9089, "entities": []}, {"author": "@kartiksharma-bw7is", "comment": "Great video bro", "likes": 0, "published_at": "2021-04-06T09:07:36Z", "sentiment": 0.6249, "entities": []}, {"author": "@nicoleselfe2126", "comment": "You\u2019re great for telling everyone about these investing tips, it\u2019s not common sense to everyone!", "likes": 1, "published_at": "2021-04-06T06:58:44Z", "sentiment": 0.6588, "entities": []}, {"author": "@jeffpeng6673", "comment": "Bg track distracting. Couldn\u2019t get through with headphones on.", "likes": 0, "published_at": "2021-04-06T06:46:49Z", "sentiment": -0.296, "entities": []}, {"author": "@klompkast", "comment": "Been following for awhile now and definitely solid advice here. Thanks for the great info. \ud83d\udc4d", "likes": 0, "published_at": "2021-04-06T04:35:02Z", "sentiment": 0.8834, "entities": []}, {"author": "@surestepbath", "comment": "I am very late at investing and just learning the game.  I enjoy you two as a father/son investing as gives both ends of the thinking based on age etc. Also love to see a down to earth attitude of both of you. Any info on slow and steady dividend paying stocks, catches my attention. I am at an age I can't afford to lose and wait years for a stock to recover so good solid, even with turtle growth is OK for me.", "likes": 0, "published_at": "2021-04-06T04:09:47Z", "sentiment": 0.9629, "entities": []}, {"author": "@Ryedor", "comment": "One more piece of advice ... always use \"limit\" buys and sells.   2 years ago ... my very first investment ... I was buying some Blackberry ... it was at $12.00.   I put in a \"market\" buy  , not knowing about \"limit\" buys ,  The order went in and got filled at $16.00 .   The stock somehow \"spiked \" between the time I put in the order and the time the brokerage \"bought\" , and then ... it went right down to $12.00 again. lol    Lesson learned. :)  I finally got out of that trade with a gain ... because of WSB gang.   Got lucky.  \nAdded bonus tip ... never bet \"for\" or \"against\" the Leafs.  They'll burn ya no matter what. lol    Good video eh !", "likes": 1, "published_at": "2021-04-06T03:27:29Z", "sentiment": 0.9606, "entities": ["WSB"]}, {"author": "@joycedepaula2797", "comment": "Great call about investing asap. Appreciate the advice as I know I'm procrastinating too much \ud83d\ude2d", "likes": 0, "published_at": "2021-04-06T02:37:15Z", "sentiment": 0.7783, "entities": []}, {"author": "@ShlonBetts", "comment": "I sold KDP about 3 weeks ago, thinking I would be able to get higher gains elsewhere in the market with my money.  In hindsight, probably should and could just stick with KDP and climb it like a gentle staircase.  :*(.  I'm still considering jumping back in as I think there's very little risk.", "likes": 0, "published_at": "2021-04-06T02:36:39Z", "sentiment": 0.6922, "entities": ["KDP", "KDP"]}, {"author": "@reneebell585", "comment": "where do you get on the waiting list for the private membership group", "likes": 1, "published_at": "2021-04-06T02:15:37Z", "sentiment": 0.0, "entities": []}, {"author": "@kevindefreitas901", "comment": "Great vid Brandon.\n\nI always feel like I've come to the right place when I visit your channel.", "likes": 1, "published_at": "2021-04-06T01:51:45Z", "sentiment": 0.765, "entities": []}, {"author": "@waynejohnson931", "comment": "What trading platform do you use and would recommend for a novice/beginner?", "likes": 0, "published_at": "2021-04-06T01:22:09Z", "sentiment": 0.3612, "entities": []}, {"author": "@jasonstupak4535", "comment": "Watched and liked, thanks Brandon!  Worst thing you can do is watch YouTubers that end up causing you to invest/trade emotionally with all their clickbait.  Just turn off all the noise and listen to sensible YouTubers, read and research yourself.", "likes": 1, "published_at": "2021-04-06T01:18:42Z", "sentiment": 0.2244, "entities": ["YouTubers", "YouTubers"]}, {"author": "@hotsmalltown7533", "comment": "In almost 20 years, I have only sold 2 stocks/etfs... Rest I have held for just as long. I do sometimes divest as I get too much in one stock... other than that I hold and it works.", "likes": 0, "published_at": "2021-04-06T01:02:03Z", "sentiment": 0.0, "entities": []}, {"author": "@charlesburry7898", "comment": "The day I got 18, I registered to a brokerage account ! So glad", "likes": 1, "published_at": "2021-04-06T00:50:10Z", "sentiment": 0.5551, "entities": []}, {"author": "@electrickfreak2741", "comment": "I'm 41 and I've cleared all my debts and I'm investing now , but since I dont have debts I can push and put more in my tfsa. I know its not early but now I'm safe with my money.", "likes": 2, "published_at": "2021-04-06T00:38:11Z", "sentiment": 0.6187, "entities": []}, {"author": "@notsteve1475", "comment": "But I want to make a living from trading/investing.", "likes": 1, "published_at": "2021-04-05T23:18:26Z", "sentiment": 0.1154, "entities": []}, {"author": "@newwhirledclown4791", "comment": "The biggest mistake I made was watching you asking people for money in the beginning of the video", "likes": 1, "published_at": "2021-04-05T23:17:32Z", "sentiment": -0.34, "entities": []}, {"author": "@ab.4425", "comment": "Excellent Buddy Great video!! Thank you so much bud!!", "likes": 1, "published_at": "2021-04-05T22:38:58Z", "sentiment": 0.9094, "entities": []}, {"author": "@abbaw23", "comment": "Great points Brandon. I\u2019m in my 40's and now taking control of my investing. I'll let you know what it looks like in 10 years! No more mutual funds!\nBiggest mistake, letting others control my portfolio.", "likes": 5, "published_at": "2021-04-05T22:31:42Z", "sentiment": 0.555, "entities": []}, {"author": "@kishanpatel2229", "comment": "Great information \nReally worth it \nKeep it up buddy", "likes": 1, "published_at": "2021-04-05T22:22:51Z", "sentiment": 0.7425, "entities": []}, {"author": "@sachinnarkhede4410", "comment": "Very informative video\ud83d\udc4c\ud83d\udc4d.\n\nI have a question on a Canadian stock BBD.B (Bombardier). Do you think it\u2019s a buy at current price of $ 0.97 ? \nI read that company management has changed in April 2020 and since then they did lot of positive changes.\nWhat is your take ?\nThanks,", "likes": 1, "published_at": "2021-04-05T22:03:32Z", "sentiment": 0.782, "entities": ["Bombardier"]}, {"author": "@momo35444", "comment": "very good opinions! thanks for the video", "likes": 1, "published_at": "2021-04-05T22:03:09Z", "sentiment": 0.7683, "entities": []}, {"author": "@nickfararis411", "comment": "Thank you for great video i was wondering if may offer an ideas about making a Video with kids whom needs to know the value of money and spending and saving my son is mixed race and  smart kit we are here in Vancouver im not sure i been watching u since 2018  my best Regards to you and your dad", "likes": 2, "published_at": "2021-04-05T22:01:59Z", "sentiment": 0.9317, "entities": []}, {"author": "@Titan-Fall2", "comment": "One thing I was taught early on was to never, ever go over go the Venture exchange - you don't want to get caught up in a pump and dump", "likes": 1, "published_at": "2021-04-05T21:58:10Z", "sentiment": -0.4257, "entities": ["Venture"]}, {"author": "@turbofanlover", "comment": "Good vid, dude.", "likes": 1, "published_at": "2021-04-05T21:23:53Z", "sentiment": 0.4404, "entities": []}, {"author": "@Bigbarry889", "comment": "I lost 20k because of a car and 8k gambling with forex ... I just should have put this money in a high dividend ETF... Nobody ever told me to invest when I was 20, I am saddened that my parents didn't know how to invest.", "likes": 0, "published_at": "2021-04-05T20:30:52Z", "sentiment": -0.6908, "entities": []}, {"author": "@Victoria-rw7zt", "comment": "I started investing last year after watching a few of your videos.  So, I got a questrade account using your affiliate link.  My only regret is not starting earlier.  Keep making videos you are great", "likes": 0, "published_at": "2021-04-05T20:14:51Z", "sentiment": 0.3182, "entities": []}, {"author": "@emmapaynter9893", "comment": "So good!", "likes": 0, "published_at": "2021-04-05T19:40:33Z", "sentiment": 0.54, "entities": []}, {"author": "@paateach", "comment": "My favorite quote: \"The best time to plant a tree is 10 years ago, the second best time is now\".", "likes": 5, "published_at": "2021-04-05T19:37:17Z", "sentiment": 0.9081, "entities": []}, {"author": "@SKcanuckfan", "comment": "My best investment were my two kids, you are now 18 and 17 years old.  I'm now teaching them the importance of budgeting and investing their money.  Staying out of unnecessary debt is huge in my opinion and a persons monthly credit card balance should be $0.  That's was probably my biggest financial downfall, being in debt and paying way too much interest on credit cards and lines of credit.", "likes": 1, "published_at": "2021-04-05T19:26:11Z", "sentiment": 0.93, "entities": []}, {"author": "@eddy563", "comment": "Biggest mistake I have done so far in investing is to buy without proper due diligence, one time I had some overconfidence that led me to overlook key financial details.. not looking carefully under the hood before investing; and I paid the price. The second biggest mistake was employing leverage without understanding the dangers of leverage in amplifying both gains and losses.. These mistakes were much more significant than mistakes of under/over estimating the earnings potential of a company. and I continue to learn everyday :)", "likes": 0, "published_at": "2021-04-05T19:24:53Z", "sentiment": -0.0127, "entities": []}, {"author": "@clarifyingquestions", "comment": "Tesla - going all in on this stock was just luck not brains.", "likes": 2, "published_at": "2021-04-05T19:11:56Z", "sentiment": 0.4588, "entities": []}, {"author": "@denisplouffe514", "comment": "Thank you for this valuable information.\nI\u2019m 71 and I started at 18 and you and \ndad are great sources for all \u00ab\u00a0investors\u00a0\u00bb.", "likes": 1, "published_at": "2021-04-05T19:05:59Z", "sentiment": 0.8814, "entities": []}, {"author": "@Astral106", "comment": "I made the second mistake. \ud83d\ude05 Thank you for informing others about this.", "likes": 0, "published_at": "2021-04-05T19:03:27Z", "sentiment": 0.0258, "entities": []}, {"author": "@coleniemi731", "comment": "Great video! im just starting", "likes": 0, "published_at": "2021-04-05T19:02:15Z", "sentiment": 0.6588, "entities": []}, {"author": "@j.p.6228", "comment": "Love videos like this. Even for people that aren\u2019t beginners, there\u2019s still value in hearing you opinions buddy!", "likes": 2, "published_at": "2021-04-05T19:02:06Z", "sentiment": 0.8553, "entities": []}, {"author": "@george6323", "comment": "I just started investing at 50 lol.  Tried back when I was younger but was to hard,  internet was not as big back then.", "likes": 2, "published_at": "2021-04-05T18:28:58Z", "sentiment": 0.0772, "entities": []}, {"author": "@CanadianTShirt", "comment": "Great video Brandon!! \ud83d\ude4c\nThanks for always being a voice of reason, especially for us Canadians! \ud83c\udde8\ud83c\udde6", "likes": 19, "published_at": "2021-04-05T18:25:55Z", "sentiment": 0.8349, "entities": []}, {"author": "@jackingramfinance5771", "comment": "Such a great video packed with genuine & helpful info, as always.. thanks Brandon! :)", "likes": 3, "published_at": "2021-04-05T18:25:13Z", "sentiment": 0.92, "entities": ["genuine &"]}, {"author": "@UsmanJabbar905", "comment": "Amazing video man. Thanks for this", "likes": 0, "published_at": "2021-04-05T18:16:33Z", "sentiment": 0.7717, "entities": []}, {"author": "@ShameerRavji", "comment": "No. 5 def applied to me", "likes": 0, "published_at": "2021-04-05T18:14:13Z", "sentiment": -0.296, "entities": []}, {"author": "@AbsoluteFunction", "comment": "Biggest mistake was not doing my own research before buying stocks and participating in meme stock hype and losin money there because i thought it was fast money. Learned to stick to slow and high conviction stocks and made back all the 200$ i initially lost within 2 months thank god.", "likes": 1, "published_at": "2021-04-05T18:05:39Z", "sentiment": -0.0258, "entities": []}, {"author": "@maxympatenaude138", "comment": "I was lucky with BITC.U , sold half of my share for 50% of profit and i regret it , should of keep it and not listen to random trader . Im in for long term so like you said ill stick with my strategy !!! I sold last thursday !! To be fair i both BTCC.B !! \n\nDividen TFSA portefolio \nStock play's  personnal portefolio", "likes": 1, "published_at": "2021-04-05T18:03:06Z", "sentiment": 0.8405, "entities": []}, {"author": "@Mr_Spock512", "comment": "Investing in penny stocks on the Venture Exchange ... never again!!!", "likes": 2, "published_at": "2021-04-05T18:02:21Z", "sentiment": 0.0, "entities": ["the Venture Exchange"]}, {"author": "@DT-km3jh", "comment": "Dont do clickbait, you dont gotta be that dude.", "likes": 4, "published_at": "2021-04-05T17:59:15Z", "sentiment": 0.0, "entities": []}, {"author": "@cesardrudi8238", "comment": "My five mistakes:\nBuying without doing my due dilligence\nBuying for the high dividend\nTaking profits too early and then fomo back in\nSold some holdings in march 2020, should have doubbled down\nNr 5...I bet its around the corner, Im constantly learning", "likes": 1, "published_at": "2021-04-05T17:42:54Z", "sentiment": 0.1027, "entities": []}, {"author": "@khaledbenali5736", "comment": "My biggest mistake, looking too often at the market and my portfolio performance. I\u2019m working on in this to gradually reduce the frequency and I start already to feel much more relaxed and confident in my strategy this way.", "likes": 1, "published_at": "2021-04-05T17:17:18Z", "sentiment": 0.6764, "entities": []}, {"author": "@thegreatone2975", "comment": "Whenever I'm up big on a position I always keep at least a small portion of it just in case. I've heard too many stories of people selling their crypto or tesla shares a bit too early and missing out on huge gains so I figure if I keep at least a small position I'll still get some of those gains and if the position goes down then at least I took some gains while it was up", "likes": 1, "published_at": "2021-04-05T17:05:36Z", "sentiment": 0.8176, "entities": []}, {"author": "@CanadianDividendInvesting", "comment": "Awesome info as always Brandon, always love hearing your point of view!", "likes": 1, "published_at": "2021-04-05T16:55:13Z", "sentiment": 0.8622, "entities": []}, {"author": "@pahuljanoha548", "comment": "Hey Brandon, I'm 13 years old and I have bought around 6 stocks (4 companies). Do you think thatvI am to young to invest or should on going? The companies I have are ford, ebay, telus, and cvs health", "likes": 4, "published_at": "2021-04-05T16:54:14Z", "sentiment": 0.0, "entities": ["ford", "ebay"]}, {"author": "@MonsieurDee", "comment": "Great video brother. What's been your irr since you started investing? Or are you more focused on the journey?", "likes": 3, "published_at": "2021-04-05T16:37:24Z", "sentiment": 0.8102, "entities": []}, {"author": "@geewot5631", "comment": "Biggest mistake was getting caught up in the potstock bubble, it was my first time investing in stocks and im still holding some bags a few years later \ud83e\udd23\u2764", "likes": 9, "published_at": "2021-04-05T16:36:21Z", "sentiment": -0.34, "entities": []}, {"author": "@CaseyBurnsInvesting", "comment": "Losing it all in penny stocks and marijuana stocks were all I needed to learn to stick to the slow lane.", "likes": 13, "published_at": "2021-04-05T16:27:14Z", "sentiment": -0.3818, "entities": ["marijuana"]}, {"author": "@laylaabdi7231", "comment": "You just posted this 5 mins ago and the video is 17 mins long... how can someone dislike? Someone lost money on gme I bet", "likes": 4, "published_at": "2021-04-05T16:24:59Z", "sentiment": -0.5994, "entities": []}, {"author": "@kennethtambuwun1698", "comment": "Notif Squad!\nPlease consider a video on how to calculate taxes for investors who maxed out TFSA and RRSP!\nAdjusted Cost Base calculation is kinda confusing.", "likes": 4, "published_at": "2021-04-05T16:19:51Z", "sentiment": 0.3131, "entities": ["Notif Squad", "RRSP"]}, {"author": "@romanlanon3706", "comment": "Notification squad \ud83d\udd14\ud83d\udcaa\ud83c\udffc", "likes": 8, "published_at": "2021-04-05T16:18:44Z", "sentiment": 0.0, "entities": []}]