[{"author": "@beaviswealth", "comment": "\ud83d\udcc8\ud83d\udcda Join The Investing Academy \u27a4 https://bit.ly/theinvestingacademy \r\n\r\nCanada's Inflation (CPI) is up again, the Chinese economy is showing signs of cracking, Home Depot & Suncor earnings reports reviewed, WeWork on the bring of bankruptcy, and will Vinfast give Tesla a run for its money?", "likes": 3, "published_at": "2023-08-17T00:16:40Z", "sentiment": 0.296, "entities": ["The Investing Academy", "Home Depot & Suncor", "Vinfast", "Tesla"]}, {"author": "@Dave004", "comment": "Never been a fan of looking at credit card or household debt as a figure such as $1 trillion where you need to look at it from a % of GDP or % of household income. If household income rises by 10%, and the credit card debt raises 8% but now has a figure of $1 trillion, well that sounds like a lot but thats relative to household income that has risen so its actually better. We have inflation, so cost of everything rises and that means debt rises but so does wages. So showing a figure vs % is more for headlines than actual information i'd say.", "likes": 0, "published_at": "2023-09-03T20:52:03Z", "sentiment": 0.759, "entities": []}, {"author": "@financeandcryptoshow", "comment": "Thanks", "likes": 0, "published_at": "2023-08-21T11:20:19Z", "sentiment": 0.4404, "entities": []}, {"author": "@robertk5441", "comment": "Thank you Mark for all the info. As far as EVs are concerned, I'd say that Tesla figured it out. If they drop driving range to 5 miles and lower the price accordingly, you might buy one and get paid. Considering government incentive. EVs are the biggest joke of the millennium.", "likes": 0, "published_at": "2023-08-17T22:40:01Z", "sentiment": 0.4404, "entities": ["Tesla"]}, {"author": "@Skypatel171", "comment": "Sir, I have csc license should make youtube videos related to investment advise or no", "likes": 0, "published_at": "2023-08-17T19:59:33Z", "sentiment": -0.296, "entities": []}, {"author": "@MountainFinance", "comment": "Another great job Marc \ud83d\ude42", "likes": 0, "published_at": "2023-08-17T16:24:04Z", "sentiment": 0.6249, "entities": []}, {"author": "@Rob-ob3sh", "comment": "Thanks Marc. I have always enjoyed watching your business news not sure but if you don\u2019t do it but having the date posted when you start the video would be a nice feature.", "likes": 0, "published_at": "2023-08-17T14:32:07Z", "sentiment": 0.7445, "entities": []}, {"author": "@MegsCarpentry-lovedogs", "comment": "Thanks Marc. \ud83d\ude4fI was waiting for your update with latest numbers that were out.  Timing to view is perfect as it is evening here on Prince Edward Island when you pop up on the screen\ud83d\ude0a       A great time to soak in what you have to share after a long physical and mental day of work \u263a       \ud83c\udde8\ud83c\udde6", "likes": 0, "published_at": "2023-08-17T12:36:07Z", "sentiment": 0.9169, "entities": []}, {"author": "@79nsg", "comment": "Saying the date at the beginning \ud83d\udc4d\ud83c\udffd", "likes": 1, "published_at": "2023-08-17T02:27:46Z", "sentiment": 0.0, "entities": []}, {"author": "@smashmouthbucs8524", "comment": "I really find these brief market/financial updates informative and convenient. Lots of good info but easy to consume. Great work! The only thing that would make them better would be if there were videos available right through the week, Monday to Friday. :)", "likes": 9, "published_at": "2023-08-17T02:02:33Z", "sentiment": 0.9665, "entities": []}, {"author": "@ADobbin1", "comment": "I hate when politicians and experts use statistics. It purposely hides the truth. If you want to know how bad things are use actual numbers. Here's a number. 2 bags of chips, a package of muffins and a package of lunch meat cost as much as a weeks worth of food 15 years ago. McDonalds McGriddle meal 2 years ago cost a bit over $6 after tax, it now costs $11 after tax. Thats a 100% increase over 2 years ago.", "likes": 0, "published_at": "2023-08-17T01:37:28Z", "sentiment": -0.4215, "entities": ["McDonalds McGriddle"]}, {"author": "@ardentenquirer8573", "comment": "I have a little bit different view on inflation *** BOC has to raise rates to stop/teach  the government to mend their ways \n\nMilton Friedman's work aligns logically with my understanding. Thus, considering both the US and Canada, if governments continue their excessive spending, it's likely that inflation will persist and not decline rapidly until these spending practices are curbed.\n\nThere are two primary methods of generating money:\n\r\n1.\tThe first method involves government spending, often resulting in the creation of debt or deficits. (Public sector)\r\n2.\tThe second method is through banks and shadow banking, which occurs when they lend out money. Shadow Banking can be likened to concepts such as installment payments or purchasing in-store installment plans (Private sector)\n\nGiven that human demand is insatiable \n\n\"Inflation is always and everywhere a monetary phenomenon in the sense that it is and can be produced only by a more rapid increase in the quantity of money than in output.\" - Milton Friedman", "likes": 0, "published_at": "2023-08-17T00:40:42Z", "sentiment": 0.1725, "entities": []}, {"author": "@evadeanu1", "comment": "Thanks for the updates, Marc.", "likes": 0, "published_at": "2023-08-17T00:28:21Z", "sentiment": 0.4404, "entities": []}, {"author": "@davdride4850", "comment": "I\u2019m\nIn Alberta. My electric bill went from $125 a month to 202 a month", "likes": 1, "published_at": "2023-08-17T00:17:32Z", "sentiment": 0.0, "entities": []}, {"author": "@davdride4850", "comment": "This correction will hurt but we will rebound.", "likes": 1, "published_at": "2023-08-17T00:16:35Z", "sentiment": -0.296, "entities": []}, {"author": "@davdride4850", "comment": "I\u2019m\nOn the ball \u26bd\ufe0f", "likes": 0, "published_at": "2023-08-17T00:15:29Z", "sentiment": 0.0, "entities": []}]