[{"author": "@beaviswealth", "comment": "\ud83d\udcc8\ud83d\udcda As always, if you're a beginner to the Stock Market in Canada and you're looking for a step-by-step blueprint on how to get started... Find out more about our Investing Academy here - https://bit.ly/theinvestingacademy", "likes": 5, "published_at": "2021-10-07T14:38:15Z", "sentiment": 0.0, "entities": ["the Stock Market", "Investing Academy"]}, {"author": "@eac381", "comment": "Loving your videos with you and your dad and whipping thru them over the holidays. Do you hold the US dividend stocks in your TFSA or in a non registered account? I know there are tax consequences to US$ dividends in a TFSA", "likes": 0, "published_at": "2021-12-25T23:50:56Z", "sentiment": 0.7579, "entities": []}, {"author": "@joeypeteza3554", "comment": "Nice", "likes": 0, "published_at": "2021-11-22T14:20:47Z", "sentiment": 0.4215, "entities": []}, {"author": "@mahirhaque1801", "comment": "Activision didn't age well! But they are trading at a historically low P/E!", "likes": 0, "published_at": "2021-11-20T01:59:20Z", "sentiment": -0.5634, "entities": []}, {"author": "@gialves25", "comment": "Hi\u2026do you know if has an online system that provides financial and fundamental information on companies with shares listed in Canada and the United States?", "likes": 0, "published_at": "2021-11-03T17:05:45Z", "sentiment": 0.6124, "entities": []}, {"author": "@daakudaaku7008", "comment": "Love these short videos...\nKeep them coming", "likes": 0, "published_at": "2021-10-27T16:32:28Z", "sentiment": 0.6369, "entities": []}, {"author": "@monubhogal4839", "comment": "Good info. thanks for sharing your picks.", "likes": 0, "published_at": "2021-10-24T01:14:48Z", "sentiment": 0.8225, "entities": []}, {"author": "@braveheart9658", "comment": "Gonna make the move and buy alibaba. \nThanks Brandon.", "likes": 0, "published_at": "2021-10-16T23:25:11Z", "sentiment": 0.4404, "entities": []}, {"author": "@waynejohnson2500", "comment": "Great video! Thanks.", "likes": 0, "published_at": "2021-10-16T04:55:03Z", "sentiment": 0.807, "entities": []}, {"author": "@dalilalee", "comment": "love this quick series!!!! keep them going!", "likes": 1, "published_at": "2021-10-15T01:25:47Z", "sentiment": 0.7482, "entities": []}, {"author": "@RAF0769", "comment": "Great series", "likes": 0, "published_at": "2021-10-14T21:46:21Z", "sentiment": 0.6249, "entities": []}, {"author": "@snehaahire9160", "comment": "It\u2019s good information!\nLove to see your picks! Keep \u2018em coming!", "likes": 1, "published_at": "2021-10-14T01:32:29Z", "sentiment": 0.8392, "entities": []}, {"author": "@vincentblanc8432", "comment": "Awesome vid, straight to the point. As I don't take the time to follow closely the market, it's perfect. Keep 'em coming, thx a bunch", "likes": 1, "published_at": "2021-10-14T01:16:47Z", "sentiment": 0.9042, "entities": []}, {"author": "@jimmywoodward4887", "comment": "I like all your videos including the long one's \ud83d\ude42", "likes": 0, "published_at": "2021-10-13T02:41:28Z", "sentiment": 0.3612, "entities": []}, {"author": "@rockyrejex1247", "comment": "Brandon. Please, please do a video on investing in Asia/emerging markets (i.e brokerages that allow you to directly invest into these markets to avoid the 'pink sheet' ).", "likes": 0, "published_at": "2021-10-13T00:04:38Z", "sentiment": 0.5106, "entities": []}, {"author": "@jonathanseverson9331", "comment": "views on the stock wish?? will it ever have a turn around??", "likes": 0, "published_at": "2021-10-12T23:41:31Z", "sentiment": 0.5661, "entities": []}, {"author": "@phmedia5427", "comment": "Hey Brandon, thanks for your awesomes videos, very helpfull to me.\nCould you do a video on CIBC CDR'S, what you think about it, is it safe, is it worth?\nThanks, have a good one!", "likes": 1, "published_at": "2021-10-12T13:17:47Z", "sentiment": 0.9151, "entities": []}, {"author": "@ssenger009", "comment": "Awesome to the point video Brandon.  Just getting my 18 year old son starting to invest and he enjoys your channel :)  Happy Thanksgiving to you and your Family as well!  We're just over in Kamloops not too far away.", "likes": 0, "published_at": "2021-10-11T14:55:28Z", "sentiment": 0.9476, "entities": ["Kamloops"]}, {"author": "@jvalue7204", "comment": "Big fan! I love the challenge series you have going on !", "likes": 0, "published_at": "2021-10-10T22:50:43Z", "sentiment": 0.8118, "entities": []}, {"author": "@KraftFamily", "comment": "Keep it coming! Thanks as always for the great content", "likes": 0, "published_at": "2021-10-10T14:48:50Z", "sentiment": 0.807, "entities": []}, {"author": "@jotgolf69", "comment": "I like this type of video. Keep this series going please", "likes": 0, "published_at": "2021-10-10T11:01:32Z", "sentiment": 0.5859, "entities": []}, {"author": "@kieranclarke9918", "comment": "Can you do another video on TSX stocks to buy? I am in on MG, CVE, NTR, and BAM-A", "likes": 0, "published_at": "2021-10-10T07:09:06Z", "sentiment": 0.0, "entities": ["TSX", "MG", "CVE", "NTR"]}, {"author": "@kieranclarke9918", "comment": "Can you do another video on TSX stocks to buy? I am in on MG, CVE, NTR, and BAM-A", "likes": 0, "published_at": "2021-10-10T07:08:58Z", "sentiment": 0.0, "entities": ["TSX", "MG", "CVE", "NTR"]}, {"author": "@dannyleblanc4141", "comment": "love the picks thanks for the info Brandon!", "likes": 0, "published_at": "2021-10-10T02:45:43Z", "sentiment": 0.8122, "entities": []}, {"author": "@oliviaplese234", "comment": "I like this vid/length!! I almost forgot about Manulife when I was thinking of what to add to my portfolio :) Thanks!!", "likes": 0, "published_at": "2021-10-10T00:42:00Z", "sentiment": 0.8614, "entities": []}, {"author": "@candiceboden42", "comment": "Ya solid no to Activision any time soon. I'm surprised anyone would support this brutal work culture. Smells bad", "likes": 1, "published_at": "2021-10-09T21:00:07Z", "sentiment": -0.7488, "entities": []}, {"author": "@MaryJaneNZL", "comment": "still following munger i see. legend back in the day but he doesnt know whats happening in china lets be honest. their whole systems about to go kaputz", "likes": 0, "published_at": "2021-10-09T10:43:03Z", "sentiment": 0.6652, "entities": []}, {"author": "@tylerwilson6842", "comment": "Great Job once again Brandon, keep up the great work!", "likes": 1, "published_at": "2021-10-09T04:50:19Z", "sentiment": 0.8588, "entities": []}, {"author": "@henrymar7339", "comment": "Perfect timing. Not too short.  Not too long.  Don't you get benefit by having the video 10 mins? I think that would not be too long either.  keep up great work.", "likes": 1, "published_at": "2021-10-09T02:18:08Z", "sentiment": 0.7446, "entities": []}, {"author": "@jonisousa-guthrie3121", "comment": "I\u2019m enjoying this new shorter series.", "likes": 2, "published_at": "2021-10-09T01:58:54Z", "sentiment": 0.5267, "entities": []}, {"author": "@yisroelnissanoff7994", "comment": "Short videos are better. Thanks.", "likes": 2, "published_at": "2021-10-08T23:45:28Z", "sentiment": 0.7003, "entities": []}, {"author": "@clarifyingquestions", "comment": "Considering buying more RBLX and BABA.", "likes": 1, "published_at": "2021-10-08T20:07:04Z", "sentiment": 0.0, "entities": ["BABA"]}, {"author": "@shawnwaldron8912", "comment": "Rogers vs Bell what would be the better option in your opinion", "likes": 1, "published_at": "2021-10-08T20:05:13Z", "sentiment": 0.4404, "entities": []}, {"author": "@RaphaelRowley", "comment": "FedEx and ups long term I feel will lose out to amazon who\u2019s slowly creeping into delivery", "likes": 1, "published_at": "2021-10-08T18:46:44Z", "sentiment": -0.25, "entities": []}, {"author": "@celestinfortier-rheaume8634", "comment": "Really like these quick suggestions and great picks!!", "likes": 1, "published_at": "2021-10-08T13:40:53Z", "sentiment": 0.8165, "entities": []}, {"author": "@arikhassan", "comment": "Love this series man, appreciate your good work.", "likes": 2, "published_at": "2021-10-08T12:07:58Z", "sentiment": 0.8689, "entities": []}, {"author": "@acdatz6222", "comment": "Great video, short and full of good info.", "likes": 1, "published_at": "2021-10-08T11:57:55Z", "sentiment": 0.7906, "entities": []}, {"author": "@Southwesterncannabis", "comment": "I gotta do some research on activation but I bought more NFI it dropped by %20   hybrid busses and electric busses I think are gonna be the future", "likes": 1, "published_at": "2021-10-08T11:50:46Z", "sentiment": 0.0, "entities": ["NFI"]}, {"author": "@arigutman", "comment": "Solid video, thank you for sharing. Some of these stocks, I haven\u2019t heard of while others from BABA to V and FedEx to BTI, of course I have.. there is no better time to double down on high quality plays than now while the market is in a state of volatility given the amount id uncertainty out there. I myself just went ahead to buy more shares of two of my never sells and began a brand new position with LMT\u2026 for me my investments must have a proven track record of dividends therefore most of them are on the aristocrat or kings list, \ud83d\ude80 \ud83d\ude80 easy money \ud83d\ude4c\ud83c\udffb", "likes": 2, "published_at": "2021-10-08T10:31:30Z", "sentiment": 0.8908, "entities": ["BABA", "BTI", "LMT"]}, {"author": "@ShameerRavji", "comment": "Thx for the vid. Have BTI and MFC in my portfolio. Also noticed ur on one of those TD Investing webinars.", "likes": 1, "published_at": "2021-10-08T04:43:46Z", "sentiment": 0.3612, "entities": ["BTI", "MFC"]}, {"author": "@benjaminalomia9034", "comment": "Brandon, what do you think about Rio Tinto? And HD recent partnership with wmt ?", "likes": 1, "published_at": "2021-10-08T04:12:47Z", "sentiment": 0.0, "entities": []}, {"author": "@lokintpk10", "comment": "Missing your old intro music..", "likes": 1, "published_at": "2021-10-08T03:21:28Z", "sentiment": -0.296, "entities": []}, {"author": "@mitchdenman109", "comment": "This is great stuff man! Are you able to give us an idea of time frames you would hold these for or all they are 10+ year buy and hold type picks?", "likes": 1, "published_at": "2021-10-08T03:03:21Z", "sentiment": 0.6588, "entities": []}, {"author": "@jasonstupak4535", "comment": "Watched and liked, thanks Brandon!", "likes": 1, "published_at": "2021-10-08T02:48:02Z", "sentiment": 0.7177, "entities": []}, {"author": "@MartinMcClellanGT", "comment": "Buying $BABA is basically like buying a scam at this point, China stocks are dangerous and untrustworthy, you don\u2019t own the company or the shares, your money lands  at those Cayman Islands. Sad because Alibaba the company is solid.", "likes": 0, "published_at": "2021-10-08T02:43:17Z", "sentiment": -0.6808, "entities": []}, {"author": "@jcpcga", "comment": "Great video! Love the mix of CAD and USD stocks.", "likes": 2, "published_at": "2021-10-08T02:30:36Z", "sentiment": 0.8622, "entities": ["CAD", "USD"]}, {"author": "@benoitvigneau7664", "comment": "I like this new series, very interesting, but personnaly I don't buy stock like BABA because it's not real stock and we never know what    is going to happen with the chinese goverment about those businesses, but other picks look good! Keep going!", "likes": 1, "published_at": "2021-10-08T01:12:51Z", "sentiment": 0.8868, "entities": ["BABA"]}, {"author": "@33svetlana", "comment": "Love these short  videos Brandon!  Thanks a lot!", "likes": 1, "published_at": "2021-10-08T00:36:36Z", "sentiment": 0.8264, "entities": []}, {"author": "@glenharper5810", "comment": "SU -seasonality is here. oil going up up up", "likes": 1, "published_at": "2021-10-08T00:34:24Z", "sentiment": 0.0, "entities": []}, {"author": "@theelites5642", "comment": "Interesting video!!!", "likes": 3, "published_at": "2021-10-08T00:30:49Z", "sentiment": 0.5538, "entities": []}, {"author": "@roymurray8782", "comment": "Just picked up Activision last week it\u2019s a long hold for sure. Others to have a look at in my opinion. Garmin, Yeit, Go easy, Sony Deep dive would be interesting. Gamble play LIT.V", "likes": 1, "published_at": "2021-10-08T00:20:24Z", "sentiment": 0.8519, "entities": ["Activision", "Garmin", "Sony Deep"]}, {"author": "@wallstreetinternationalinv7998", "comment": "Would PRTY for this Halloween month be a good play this year? Volume seems good \ud83d\udc4d", "likes": 1, "published_at": "2021-10-08T00:16:01Z", "sentiment": 0.802, "entities": []}, {"author": "@Jman3teen", "comment": "Great video! I've been studying for hours so im glad it wasn't too in depth... my brain cant take it. I think variety in video types is key", "likes": 1, "published_at": "2021-10-08T00:00:24Z", "sentiment": 0.8258, "entities": []}, {"author": "@darrenpinkham1649", "comment": "I love this type of video please keep them comming!", "likes": 1, "published_at": "2021-10-07T23:11:53Z", "sentiment": 0.7777, "entities": []}, {"author": "@marcos1990ism", "comment": "any thoughts on Algonquin Power?", "likes": 2, "published_at": "2021-10-07T22:50:04Z", "sentiment": 0.0, "entities": []}, {"author": "@sniperfx20", "comment": "How many stocks do you hold in total?", "likes": 2, "published_at": "2021-10-07T22:42:04Z", "sentiment": 0.0, "entities": []}, {"author": "@RockNcountrySTAR", "comment": "Hey Brandon, new to your channel but I\u2019ve checked out quite a few of your videos lately and so far I\u2019m enjoying what I\u2019m hearing, l like videos like this , under 10-15 minutes and straight to the point , like most the picks today especially BABA and really interested in the BTI pick , love the Dividend on that one and I checked out the history and it\u2019s been pretty solid with its distribution even during 2020 so thanks for that pick !", "likes": 1, "published_at": "2021-10-07T22:36:58Z", "sentiment": 0.9909, "entities": ["BABA", "BTI", "Dividend"]}, {"author": "@shawnwaldron8912", "comment": "Rogers vs Bell what would be the better option in your opinion", "likes": 1, "published_at": "2021-10-07T22:20:16Z", "sentiment": 0.4404, "entities": []}, {"author": "@MegsCarpentry-lovedogs", "comment": "Concise, to the point, good visuals on why and where you get your info so to make the best decision for yourself. Great job Brandon....and yes, the shorter vids are appreciated. I like the longer vids with your dad though....when you discuss changes to your holdings and where you go the information. \ud83d\udcaf\ud83c\udde8\ud83c\udde6\ud83c\udf41 Wondering if at some point you might consider showcasing Canadian stocks that have US exposure but do not have the withholding tax issue.  Medical facilities, DR on the tax is just one example...and I own it, have done for years.The pandemic reduced their dividend but I feel it is a solid company and once things get sorted I hope they will reinstate back to where they were pre pandemic.", "likes": 1, "published_at": "2021-10-07T21:45:49Z", "sentiment": 0.9393, "entities": []}, {"author": "@MattMG84", "comment": "About Alibaba: aren't the shares some sort of holding in the Caymans since we can't actually invest in the Chinese stock market?", "likes": 5, "published_at": "2021-10-07T21:43:49Z", "sentiment": -0.2235, "entities": []}, {"author": "@ab.4425", "comment": "I love this new series buddy!! Great video excellent picks and I can't wait for the next one lol!! Thanks bud excellent Video!!\u2705\ud83d\udc4d\ud83d\ude80", "likes": 1, "published_at": "2021-10-07T21:09:32Z", "sentiment": 0.9737, "entities": []}, {"author": "@CrispyAssasin_-td3rr", "comment": "what about master card", "likes": 2, "published_at": "2021-10-07T21:05:35Z", "sentiment": 0.0, "entities": []}, {"author": "@leagueplays2100", "comment": "As someone who has played all of blizzard's games, i'll let you know blizzard is letting all of their games die, it is almost like they want their company to fail. Wow, on the brink of death. Overwatch not as popular as it was and overwatch 2 is a nothing game. Diablo 4 should've been released ages ago. Starcraft, one of their most beloved game titles left in the dust. Hearthstone is meh, basically only game doing decently. Heroes of the storm had the competitive scene killed by Blizzard themselves, and they're not working on it. Warcraft... \"remastered\" aka, destroyed. Activision is the sole reason anyone would buy it. This doesn't include all the china controversies, female harassment, poor worker wages and total disregard for anything the consumer wants. Terrible company. \n\nI would also never buy any company that is tainted by Tencent and the CCP. Riot, blizzard, etc. Absolutely awful.", "likes": 5, "published_at": "2021-10-07T20:52:09Z", "sentiment": -0.9758, "entities": ["Diablo 4", "Tencent", "CCP"]}, {"author": "@momo35444", "comment": "yes, great video. short and sweet. as long as you're not explaining something complex, you can make short videos. this was great. thanks brandon!!!", "likes": 2, "published_at": "2021-10-07T20:43:12Z", "sentiment": 0.9564, "entities": []}, {"author": "@simonledoux2744", "comment": "You made me look for Discord notifications :P", "likes": 0, "published_at": "2021-10-07T20:38:48Z", "sentiment": 0.1111, "entities": ["Discord", ":P"]}, {"author": "@InstalockLoL", "comment": "BABA rebounded quite a bit today", "likes": 1, "published_at": "2021-10-07T20:28:24Z", "sentiment": 0.0, "entities": []}, {"author": "@harlyredhonda9938", "comment": "News is Bti is going away from dividends as of September 30,21 am I wrong ?", "likes": 1, "published_at": "2021-10-07T19:54:29Z", "sentiment": -0.4767, "entities": []}, {"author": "@antoinefillion-mariage6975", "comment": "Just added bti thanks man", "likes": 0, "published_at": "2021-10-07T18:59:43Z", "sentiment": 0.4404, "entities": []}, {"author": "@GG-dp4jo", "comment": "Love these quick videos Brandon! Thank You\nCan you please make a video for long term hold dividend stocks for US and Canada?", "likes": 1, "published_at": "2021-10-07T18:34:33Z", "sentiment": 0.8516, "entities": []}, {"author": "@anjrud4941", "comment": "Would love to see more of these types of videos.  Thanks!", "likes": 1, "published_at": "2021-10-07T17:33:09Z", "sentiment": 0.8122, "entities": []}, {"author": "@juliendupont433", "comment": "BABA all the way Brandon! Big day today for the stock!", "likes": 1, "published_at": "2021-10-07T17:26:25Z", "sentiment": 0.0, "entities": []}, {"author": "@filb", "comment": "I'll definitely add fed ex in my watch list, thanks", "likes": 1, "published_at": "2021-10-07T16:55:30Z", "sentiment": 0.6808, "entities": []}, {"author": "@wallyg8020", "comment": "Yes man this is good posting monthly watch list easy for people who are busy . U got my like \ud83d\udc4d", "likes": 1, "published_at": "2021-10-07T16:54:03Z", "sentiment": 0.875, "entities": []}, {"author": "@BigGroupHug", "comment": "Longer videos justifying your selection. More CAD stocks. And more Euro continent stocks, especially those in non EU countries.", "likes": 0, "published_at": "2021-10-07T16:49:37Z", "sentiment": 0.0, "entities": ["CAD", "EU"]}, {"author": "@CanadianDividendInvesting", "comment": "Great update man, always nice to hear your picks!", "likes": 1, "published_at": "2021-10-07T16:37:48Z", "sentiment": 0.8016, "entities": []}, {"author": "@busdriver3330", "comment": "I love all your videos.  Especially the quick one that hit stocks.  I've owned visa since it was 130$. But in those days the p/e was in the high 30's.  Although I wouldn't sell it, how can it be bought when p/e is in the 50's. Visa seems way too expensive now.", "likes": 1, "published_at": "2021-10-07T16:23:53Z", "sentiment": 0.3818, "entities": []}, {"author": "@CrxAwd", "comment": "Watching TRUL, down a lot but seem to have reach the bottom and in consolidation mode for a wild", "likes": 1, "published_at": "2021-10-07T16:19:43Z", "sentiment": 0.0387, "entities": []}, {"author": "@nacre6233", "comment": "This is a great idea Brandon.  Thanks for all your great work", "likes": 2, "published_at": "2021-10-07T16:18:40Z", "sentiment": 0.9022, "entities": []}, {"author": "@davidchen5661", "comment": "I really enjoy your videos Brandon, very informative and useful. But as a Chinese, my suggestion is stay away from those Chinese stocks. They are way beyond the definition of \u201cinvestment\u201d", "likes": 2, "published_at": "2021-10-07T16:13:13Z", "sentiment": 0.5152, "entities": []}, {"author": "@capitalzgrowth2147", "comment": "Nice picks Brandon. I've been buying shares of MFC. Another company I'll be taking advantage this month is AQN.", "likes": 3, "published_at": "2021-10-07T16:10:30Z", "sentiment": 0.7184, "entities": ["AQN"]}, {"author": "@meetingmsme8855", "comment": "I love this video! Thanks!", "likes": 1, "published_at": "2021-10-07T16:10:12Z", "sentiment": 0.8264, "entities": []}, {"author": "@seth3461", "comment": "great stuff! keep it up!!!", "likes": 0, "published_at": "2021-10-07T15:59:30Z", "sentiment": 0.7405, "entities": []}, {"author": "@hutzy3607", "comment": "This series is going to pop off. My October watch list is mostly Canadian dividend stocks", "likes": 11, "published_at": "2021-10-07T15:58:33Z", "sentiment": 0.0, "entities": []}, {"author": "@mrbest514", "comment": "Yes, thanks for keeping it short \ud83d\udcaf \ud83d\udc4c \ud83d\udc4d \ud83d\udc4f", "likes": 2, "published_at": "2021-10-07T15:57:01Z", "sentiment": 0.6808, "entities": []}, {"author": "@dancooper4663", "comment": "Excellent video Brandon! Keep them coming!", "likes": 1, "published_at": "2021-10-07T15:44:19Z", "sentiment": 0.6467, "entities": []}, {"author": "@GubeTube19", "comment": "I refuse to buy Activision blizzard. Aside from all the other controversies, they have shown time and time again that they are willing to spit in the face of consumers. Sure their cod games may continue to gouge money from the kids that still play that game series after its deterioration, but their treatment of consumers will slowly bite them in the butt in the future. Absolutely despise that company. One of the few on my list that no matter how low the price goes and how great a value play it becomes, I refuse to ever buy it out of principle.", "likes": 35, "published_at": "2021-10-07T15:38:49Z", "sentiment": 0.4516, "entities": []}, {"author": "@Aaron-zv2sx", "comment": "This is an awesome video!!!\nKeep it up.", "likes": 1, "published_at": "2021-10-07T15:37:23Z", "sentiment": 0.7163, "entities": []}, {"author": "@diveintothesky00", "comment": "I cannot tell you how annoying it is to constantly be lambasted with Chinese stock picks. Listen, it\u2019s a communist country. Your money is never yours when investing in China, as well goes directly against the interests of both Canada and the US. Please stop with these nonsense pump and dump stocks", "likes": 0, "published_at": "2021-10-07T15:33:07Z", "sentiment": -0.5859, "entities": []}, {"author": "@Mixolydian74", "comment": "Big fan of this new series. Keep them coming!", "likes": 19, "published_at": "2021-10-07T15:32:53Z", "sentiment": 0.3802, "entities": []}, {"author": "@RyanThomasWoods", "comment": "Love these short stock videos! Please discuss more CAD stocks\ud83d\ude0d", "likes": 9, "published_at": "2021-10-07T15:30:56Z", "sentiment": 0.7777, "entities": ["CAD"]}, {"author": "@RG-gq3sh", "comment": "Another solid episode. Kudos Brandon", "likes": 0, "published_at": "2021-10-07T15:28:03Z", "sentiment": 0.5994, "entities": []}, {"author": "@justinakajc", "comment": "As for alibaba I don\u2019t wanna fund the ccp plus looking at evergrande you\u2019ll notice they defaulted on foreign investors not Chinese investors. The ccp only cares about keeping the power they grovelled for all these years", "likes": 0, "published_at": "2021-10-07T15:14:32Z", "sentiment": 0.4588, "entities": ["ccp", "ccp"]}, {"author": "@justinakajc", "comment": "No one is excited for the next cod", "likes": 2, "published_at": "2021-10-07T15:07:20Z", "sentiment": 0.0516, "entities": []}, {"author": "@baasitnabi779", "comment": "Got out of Activision after the news surfaced of their toxic work environment (\"bro\" culture). Not investing in a company that lets female employees get abused and undermine their work just because of their gender.", "likes": 7, "published_at": "2021-10-07T14:52:23Z", "sentiment": -0.6705, "entities": ["Activision"]}, {"author": "@davidbooth2175", "comment": "For US traded companies you mentioned are they better held in the RRSP or TFSA ?", "likes": 2, "published_at": "2021-10-07T14:50:18Z", "sentiment": 0.4404, "entities": ["RRSP"]}, {"author": "@skylerdelaurier713", "comment": "Whats your opinions on the new Canadian CDR's that allow you to buy big tech in CDN dollars?", "likes": 1, "published_at": "2021-10-07T14:41:13Z", "sentiment": 0.2263, "entities": ["CDR"]}, {"author": "@ec938", "comment": "Great picks Brandon! Would love to see more these videos going forward!~", "likes": 3, "published_at": "2021-10-07T14:40:39Z", "sentiment": 0.8715, "entities": []}, {"author": "@rp5339", "comment": "Surprised you don't have any energy picks up here when oil has soared from 30 dollars to now 80 dollars a barrel and projected to go even higher with energy shortages around the world", "likes": 1, "published_at": "2021-10-07T14:38:05Z", "sentiment": -0.3244, "entities": []}, {"author": "@f3wbs", "comment": "I bought RCI.B @ 67 and I want to double down on it soon but I don't have enough money. XD", "likes": 1, "published_at": "2021-10-07T14:31:56Z", "sentiment": 0.8151, "entities": []}]