[{"author": "@beaviswealth", "comment": "\ud83d\udcc8\ud83d\udcda As always, if you're a beginner to the Stock Market in Canada and you're looking for a step-by-step blueprint on how to get started... Find out more about our Investing Academy here - https://bit.ly/theinvestingacademy\n\nThanks for watching everyone! Don't forget to leave a thumbs up! :D", "likes": 7, "published_at": "2021-03-08T19:56:44Z", "sentiment": 0.853, "entities": ["the Stock Market", "Investing Academy"]}, {"author": "@vicki5472", "comment": "Okay 56 here no nest egg and low income. What would you do for them? I understand it is not ideal but there has to be some advice for so many of us who haven't invested for various reasons.", "likes": 0, "published_at": "2022-02-08T23:34:33Z", "sentiment": -0.3794, "entities": []}, {"author": "@gordonmiller1", "comment": "You are wise beyond your years! Very impressive.  Thank you. \ud83d\ude42", "likes": 0, "published_at": "2021-12-19T07:46:44Z", "sentiment": 0.8678, "entities": []}, {"author": "@smallmj2886", "comment": "I find that I have less responsibilities in my late 40s than when I was in my late 20s.  At 27 I had a new baby, a mortgage, an RESP with a monthly commitment, and lots of uncertainty.  Now the house is paid off, I have zero debt, the kids are starting to leave home, and we've met our RESP goals.  I find that I'm able to seriously increase my RRSP/TFSA contributions and with retirement being 10+ years away I don't mind investing with a growth mindset.  Do I wish that I'd invested more when i was younger?  Of course, but the race is far from over.", "likes": 0, "published_at": "2021-06-11T09:50:57Z", "sentiment": 0.296, "entities": ["RRSP"]}, {"author": "@samanthatyrrell8864", "comment": "that intro was amazing", "likes": 0, "published_at": "2021-04-18T19:19:43Z", "sentiment": 0.5859, "entities": []}, {"author": "@carolynkingdon5139", "comment": "So thrilled to see Marc join the channel. I appreciate his more seasoned perspective for those of us who are older. I would love to hear his advice on how to invest when you're in your 50s and started a little late. Thanks!", "likes": 5, "published_at": "2021-04-06T01:30:56Z", "sentiment": 0.935, "entities": []}, {"author": "@chrisdonnasaffel9663", "comment": "Excellent content. I would love to hear some advice for those late bloomers. Those of us who didn\u2019t start investing until our 40\u2019s and 50\u2019s. \ud83d\ude2c\ud83d\ude2c", "likes": 4, "published_at": "2021-04-05T00:05:58Z", "sentiment": 0.836, "entities": []}, {"author": "@jonmorris1215", "comment": "You should critique viewers investment portfolios!", "likes": 0, "published_at": "2021-03-30T19:15:19Z", "sentiment": 0.0, "entities": []}, {"author": "@jillbiggar1787", "comment": "HUGELY helpful, guys!! With this uptick in young investors and me being super new to investing while being a bit later to start (age 38), it's so helpful to have this broad range of options for whatever age I am. Thank you and I'll be starting the investing academy right away", "likes": 0, "published_at": "2021-03-30T14:13:28Z", "sentiment": 0.9396, "entities": ["HUGELY"]}, {"author": "@mrtinboy75", "comment": "It would be nice to see a video about strategies to start investing when you are 40+. Six years ago I went through a divorce and had to spend almost all my savings on buying a new apartment, furnitures etc.  Now I am in a position where I have started investing again, about twenty years before my retirement. What should my strategy be?", "likes": 0, "published_at": "2021-03-28T10:51:05Z", "sentiment": 0.4215, "entities": []}, {"author": "@jayluke2149", "comment": "Hi Brandon been watching alot of your videos for some time now I want to start investing in an etf that pay dividend don't have much capital to begin with so I will be adding every month it gets so confusing when trying to figure out which one to invest in Canadian vs US since now I learn about withholding tax and different accounts rrsp vs tfsa would really love your input", "likes": 0, "published_at": "2021-03-27T18:00:27Z", "sentiment": 0.4408, "entities": []}, {"author": "@realgarlic4644", "comment": "Years ago ... We had mutual funds in RRSP and was forced to take them out during a crash...to pay university tuition. Does this still happen? A 18 - 20 year could have savings but then decide to go to post secondary and not qualify for grants etc. Is it just nice then to pay cash for their tuition and then start over? Do you know anything about this? Advice for the 18 -20 year old, driving the junker car and saving?", "likes": 0, "published_at": "2021-03-16T03:36:16Z", "sentiment": -0.2638, "entities": ["RRSP"]}, {"author": "@jimenezsaulpaulo3085", "comment": "I didn\u2019t start until my 40\u2019s and I\u2019m still in my 40\u2019s, and got 5 out of 5 goals, just hope it encourages someone that it doesn\u2019t matter if you don\u2019t have any of them right now, you can start TODAY regardless your age and change your future! Great video! Thanks for sharing!", "likes": 0, "published_at": "2021-03-15T03:51:57Z", "sentiment": 0.9483, "entities": []}, {"author": "@michellejohn2918", "comment": "Great video Marc!  I think it was an excellent idea to have you join the channel.  I love Brandon, but I am 46 years old and I have always found Brandon's videos to be highly geared towards younger investors.  This is the best of both worlds.  I have a question- do you think it is possibly to retire with a 100% stock portfolio (as opposed to stock/real estate/bonds as many financial advisors suggest).  My dad has never believed in this and he has done quite well for himself on 100% stocks and is a very aggressive investor (he is in his 70's and still actively investing).  Although,  I don't have exactly the same risk profile as him, I have never been keen on owning bonds or real estate and my current portfolio is 100% stocks.  I do have mainly blue chip dividend paying stocks and I would like to get some growth into my portfolio.  I have just recently gotten a lot more into investing so I am learning a lot as go.  Thank you.", "likes": 0, "published_at": "2021-03-14T18:46:40Z", "sentiment": 0.9735, "entities": []}, {"author": "@Boostedv6", "comment": "Your dad is a great addition to this YouTube channel really loving this new content.\ud83d\udcaf\ud83d\udca5 it's amazing when you can have parents that are willing to support you through your YouTube Journey in this case not only is he supporting you but he is joining you on the journey amazing\ud83d\ude4fkeep it up Mark", "likes": 0, "published_at": "2021-03-14T17:47:22Z", "sentiment": 0.8536, "entities": ["YouTube", "\ud83d\ude4f"]}, {"author": "@lissakong4104", "comment": "Glad to see your dad join you in these videos. And also glad to hear you say that \u201cnot a one size fits all\u201d because I think that we all have different obligations and risk tolerances.", "likes": 1, "published_at": "2021-03-12T21:54:44Z", "sentiment": 0.7506, "entities": []}, {"author": "@blakeg4166", "comment": "That intro was orgasmic", "likes": 0, "published_at": "2021-03-12T19:28:12Z", "sentiment": 0.0, "entities": []}, {"author": "@estellest-jean3408", "comment": "a 50 something me too, How do we know if we have enough to retire and what are the strategy for preparing for making withdraw, the percentage in cash ready for short term versus the long term reserve for the TFSA and the RRSP.", "likes": 0, "published_at": "2021-03-11T17:45:12Z", "sentiment": 0.3612, "entities": ["RRSP"]}, {"author": "@shaunascanlan2869", "comment": "I honestly think you two have found a very winning combination ! Brendon is a smart young gentleman !  But Marc is closer to my chapter (age 65) and I am  risk averse but stuck now without the option of investing.  So Marks input hits home on a portfolio for me now... but Brendons input speaks to the over all market , strategies and insights I can discuss with my son or point him to Brendon..again..winning combo I think.  For me...I am more interested in the safest ways to stay invested..... because I now have to.  Great insights today Marc !", "likes": 0, "published_at": "2021-03-10T23:45:14Z", "sentiment": 0.9443, "entities": ["Marks"]}, {"author": "@denitanasavard6767", "comment": "Thank you Brandon for all your great videos and bringing your dad in, it just got better!\nMy husband and I are in our early 50`s and have been talking about our retirement in 10yrs. We are almost mortgage free and both have rrsp/tfsa that are not max yet. I found this link and would like to know if this strategy is true, and in your opinion the pros and cons.  https://youtu.be/l6e0dX9VyQ0\nAt what age should we consider this strategy?", "likes": 1, "published_at": "2021-03-10T17:10:00Z", "sentiment": 0.9525, "entities": []}, {"author": "@joeypeteza3554", "comment": "Started at 20 2 months in and seeing good results so far", "likes": 0, "published_at": "2021-03-10T16:28:19Z", "sentiment": 0.4404, "entities": []}, {"author": "@sabahmurad9905", "comment": "Great video, since it covers different ages and having your dad with all of his experience a long side with you !. it would be great to see both of you in the coming videos. Thanks.", "likes": 1, "published_at": "2021-03-10T15:08:59Z", "sentiment": 0.908, "entities": []}, {"author": "@perpetualdividends6719", "comment": "I dont think investing really changes with age.  Look at Warren Buffet buying Apple in his 80's!", "likes": 0, "published_at": "2021-03-10T10:50:13Z", "sentiment": 0.0, "entities": ["Apple"]}, {"author": "@thumperjr100", "comment": "Great video", "likes": 0, "published_at": "2021-03-10T08:28:46Z", "sentiment": 0.6249, "entities": []}, {"author": "@aretusal", "comment": "What do you think of Loblaw and ATCO stocks?", "likes": 0, "published_at": "2021-03-10T04:42:30Z", "sentiment": 0.0, "entities": ["ATCO"]}, {"author": "@sk77", "comment": "Thanks a lot for this great video but the first two minutes were excruciatingly painful to watch.", "likes": 2, "published_at": "2021-03-10T04:30:15Z", "sentiment": -0.744, "entities": []}, {"author": "@jessehamlin3420", "comment": "hi brandon, marc - any suggestions on allocations for paying off your mortgage vs investing (considering historically low interest rate period we are in)?", "likes": 1, "published_at": "2021-03-10T01:30:40Z", "sentiment": 0.2263, "entities": []}, {"author": "@lography6917", "comment": "Damn, this is BEYOND valuable. I'm watching these videos now.. and I'll come back to them in 30 years as well. Honestly, its incredible that this is free lol - not many people (if any) offering what you two combined, are offering on Youtube", "likes": 0, "published_at": "2021-03-09T23:45:29Z", "sentiment": 0.891, "entities": []}, {"author": "@wint2905", "comment": "Thank you for listening to our request. Are there any reliable dividend stocks that have a bit of growth potentials for investors closer to retirement?", "likes": 0, "published_at": "2021-03-09T23:27:56Z", "sentiment": 0.6249, "entities": []}, {"author": "@wandaorlesky2117", "comment": "Your channel is awesome, and I\u2019m so happy your father has joined . My husband and I are in our early  60\u2019s and retired .One of us has a Gov pension and the other one doesn\u2019t. Love to hear about growing and preserving our portfolio at this age.", "likes": 0, "published_at": "2021-03-09T23:02:48Z", "sentiment": 0.9407, "entities": []}, {"author": "@eddy563", "comment": "Hi.. thanks for the nice video with the funny intro :D.. I hold Unilever and I think this company's has unique competitive advantage when it comes to supply chain optimization. Their speed to market, i.e. the time it takes them to bring a product from the lab to the shelf is amazing. Unilever owns their shelf space at retail, they have strong bargaining power. It is very hard to dismantle their position as they are a leader in all the categories they compete in; especially if we look outside North America in countries of Europe and APAC where retail is more fragmented than the US or Canada. Pensions in Europe are heavily invested in Unilever for the stability of the dividend and the defensive nature of the business, so we should expect some constraint from the part of management when it comes to major acquisitions... when it comes to portfolio management, I kind of have a different approach to investing than the text book approach or what the banker sells. One strategy I follow: buy good businesses at reasonable prices, and always keep some dry powder in case an opportunity comes nocking (like Costco, thanks for the tip! ;). Regardless if I am 20, 30, 40 or 50 years old, I think my principle remains sound. It is just a matter of discipline and consistency. The market will give you some crazy opportunities like the financial crises or Brexit or COVID in January last year.. just be ready to dive when everybody is fleeing.. thanks again for the video, keep it going :)", "likes": 0, "published_at": "2021-03-09T22:43:35Z", "sentiment": 0.9895, "entities": ["Unilever", "Unilever", "APAC", "Unilever", "Costco"]}, {"author": "@jkrob5978", "comment": "Another great video! It's good to know what mindset to have in your 20s - 50s. Thanks.", "likes": 0, "published_at": "2021-03-09T20:28:28Z", "sentiment": 0.8805, "entities": []}, {"author": "@mackhughson3722", "comment": "One of my new favourite channels man, keep on firing!", "likes": 1, "published_at": "2021-03-09T19:04:28Z", "sentiment": -0.4003, "entities": []}, {"author": "@petertaylor8377", "comment": "Sitting with my cup of coffee,refreshing my YouTube app waiting for your video to drop you are the man .", "likes": 25, "published_at": "2021-03-09T18:35:28Z", "sentiment": -0.2732, "entities": []}, {"author": "@meetyassin-roadtomillionai350", "comment": "This is actually great information that\u2019s not really out there too much, will share!", "likes": 0, "published_at": "2021-03-09T18:34:08Z", "sentiment": 0.7644, "entities": []}, {"author": "@MrKnight0r", "comment": "This Chanel in phenomenal. The quality and the advise given in your videos is unmatched in this space as a Canadian financial you tuber. Plus the perspective of you and your dad is perfect and exactly what this community needs .", "likes": 0, "published_at": "2021-03-09T18:26:28Z", "sentiment": 0.5267, "entities": ["Chanel"]}, {"author": "@laurielovestheholidays", "comment": "As a 50 something investor I would like to hear more about investing during you last 5 years of paid income leading to retirement. And draw down strategies once retired ie- cash wedge", "likes": 8, "published_at": "2021-03-09T18:25:22Z", "sentiment": 0.3612, "entities": []}, {"author": "@jaywalkingaroundtown5879", "comment": "I am very interested to hear what your dad has to say as I am 40 something heading to retirement in 20 years. Thank you so much for the content. It is high-quality content and it is not every day that we have access to financial high-quality content for Free on the internet. Also, I think this partnership is fantastic, the young and new (ready to conquer and change the world) and the not old, but experienced and 'lived enough' to know the changes that most of us go through in life. Again, I appreciate your willingness in sharing your knowledge.", "likes": 4, "published_at": "2021-03-09T18:00:12Z", "sentiment": 0.9441, "entities": []}, {"author": "@veganvixen8690", "comment": "This.  This is amazing.   I'm 35 so im between you and your dad and this is amazing.  My investments tend to fall in between both strategies respectively.   You guys should do a (possibly) a series of how to build a portfolio from scratch, from both perspectives.  Take people through how you both would decide your portfolio allocations and how much % you guys would want for each based on age, then some episode on some good first stocks, mid stock and stock to finish rounding out the portfolio, then difference in how you guys would reallocate and rebalance going forward.", "likes": 3, "published_at": "2021-03-09T15:52:41Z", "sentiment": 0.9217, "entities": []}, {"author": "@lorenville", "comment": "What is the best move to do first to pay down a large mortgage or invest in stocks where should you put your money????", "likes": 1, "published_at": "2021-03-09T14:10:31Z", "sentiment": 0.6966, "entities": []}, {"author": "@AndyinMTL", "comment": "Great video!", "likes": 0, "published_at": "2021-03-09T10:52:47Z", "sentiment": 0.6588, "entities": []}, {"author": "@ricochet7498", "comment": "Hi Brandon and Marc, I\u2019m 19 living in bc, recently graduated high school and have been working a while since I decided I have not yet figured out what I want to major in yet.  I really enjoy the dynamic you two share and different perspectives you have.  I\u2019m learning about what I can expect when I\u2019ve matured more and have begun starting to piece together a vague idea of what my goals are going to be.  From what I understand in my later years is that I shouldn\u2019t expect a dramatic shift in strategy and recognize circumstances and opportunity.  I\u2019m seriously considering finance as a career and just wanted to say how much I enjoy these kinds of videos that are giving me invaluable knowledge.\n\nI wouldn\u2019t even mind becoming a project to see how fast I could learn about economics and the market.  Thanks for reading my comment.", "likes": 0, "published_at": "2021-03-09T08:50:48Z", "sentiment": 0.9542, "entities": []}, {"author": "@mikem6611", "comment": "Good job guys very good video", "likes": 0, "published_at": "2021-03-09T07:36:04Z", "sentiment": 0.7264, "entities": []}, {"author": "@dakshbhatt5191", "comment": "Can you guys make one video with all safer stocks for young person!", "likes": 1, "published_at": "2021-03-09T07:01:51Z", "sentiment": 0.4753, "entities": []}, {"author": "@thegreatone2975", "comment": "Is it worth it for me, an 18 year old soon to be 19, to max out my RRSP? My income is still very low so I wouldn't really benefit from the tax deductions and I like the flexibility of being able to remove money when I please.", "likes": 0, "published_at": "2021-03-09T06:28:59Z", "sentiment": 0.4111, "entities": ["RRSP"]}, {"author": "@KGhostvato", "comment": "What an insightful video!", "likes": 0, "published_at": "2021-03-09T05:27:07Z", "sentiment": 0.0, "entities": []}, {"author": "@davidjr1365", "comment": "I just finished post secondary in my late 20s and began a full time job. One issue I am facing is the the large sum of student loans I have collected from ~7-8 years of schooling. Was wandering what your suggestion would be in this particular topic. \n\nI paid down my loan to $40,000 so far with a 2.5% interest rate. I am looking to focus on paying this sum down quickly but have also been advised to focus on investing. Any suggestions?", "likes": 0, "published_at": "2021-03-09T04:55:41Z", "sentiment": 0.25, "entities": []}, {"author": "@ryanreid8608", "comment": "I'm 2 mins in and already hit the like button.  Ha ha ha", "likes": 1, "published_at": "2021-03-09T04:55:17Z", "sentiment": 0.8271, "entities": []}, {"author": "@arikhassan", "comment": "Great video guys!", "likes": 0, "published_at": "2021-03-09T04:23:43Z", "sentiment": 0.6588, "entities": []}, {"author": "@christierney2", "comment": "Would love advice for a us/ Canadian dual citizen living in Canada from a tax perspective", "likes": 1, "published_at": "2021-03-09T04:18:58Z", "sentiment": 0.6369, "entities": []}, {"author": "@valueguy1271", "comment": "Great stuff Gents. What % of intrinsic value of a stock do you like to start taking a position?", "likes": 0, "published_at": "2021-03-09T04:12:16Z", "sentiment": 0.8402, "entities": []}, {"author": "@MillennialInvestors", "comment": "Wow my thumbnails got featured. I\u2019m honoured :)", "likes": 7, "published_at": "2021-03-09T03:50:51Z", "sentiment": 0.875, "entities": []}, {"author": "@surreycase", "comment": "Great info, thanks for the education.  I'm in my eatiy 50s and selling my place at a profit. What would you suggest putting that money that will generate some income.", "likes": 0, "published_at": "2021-03-09T03:47:16Z", "sentiment": 0.872, "entities": []}, {"author": "@anocheceres", "comment": "Marc is a NATURAL!! Loving these Son&Dad duo \ud83e\udd70 keep it going! \ud83d\udc4f\ud83d\udc4f\ud83d\udc4f", "likes": 0, "published_at": "2021-03-09T03:17:20Z", "sentiment": 0.8405, "entities": ["NATURAL"]}, {"author": "@ItsBurnahMan", "comment": "this vid came at a perfect time for me and my mom, thanks brandon and marc", "likes": 0, "published_at": "2021-03-09T03:17:10Z", "sentiment": 0.765, "entities": []}, {"author": "@cheloi1805kami", "comment": "Hi Brandon. Because of your channel me and my wife are starting to invest in our rrsp's. We are both 35 and just wondering where to put the majority of our rrsps for our 1st home. Is it better to put it in a bank rrsp or eq/wealth simple.\n\nThank you so much!", "likes": 0, "published_at": "2021-03-09T02:55:08Z", "sentiment": 0.69, "entities": []}, {"author": "@JustTez", "comment": "Great video!", "likes": 1, "published_at": "2021-03-09T02:18:48Z", "sentiment": 0.6588, "entities": []}, {"author": "@BrentRoss", "comment": "Best intro ever", "likes": 1, "published_at": "2021-03-09T01:50:55Z", "sentiment": 0.6369, "entities": []}, {"author": "@wilsonchen6929", "comment": "As a young baby boomer, I love your videos first and even more enjoy your Dad's talks right now. Mark, please give more stock analysis and pick-up logic. Great. audient diverse!", "likes": 0, "published_at": "2021-03-09T01:46:31Z", "sentiment": 0.937, "entities": []}, {"author": "@GabrielaCarnovale", "comment": "Love the intro! Great video as always, thank you guys!", "likes": 0, "published_at": "2021-03-09T01:29:09Z", "sentiment": 0.9078, "entities": []}, {"author": "@jonisousa-guthrie3121", "comment": "I\u2019m retired and love to learn more about investing during this stage of my life.  Thank you for the great content. I\u2019m always learning so much from this channel.", "likes": 0, "published_at": "2021-03-09T01:27:54Z", "sentiment": 0.8957, "entities": []}, {"author": "@Robert-nd4hb", "comment": "This is exactly what I hoped Marc would bring to the table. Well done!", "likes": 2, "published_at": "2021-03-09T01:26:28Z", "sentiment": 0.6114, "entities": []}, {"author": "@br0wnguy135", "comment": "Great job Marc", "likes": 0, "published_at": "2021-03-09T01:13:48Z", "sentiment": 0.6249, "entities": []}, {"author": "@lI-tm2pn", "comment": "0:03 guy on left looks like Ian from smosh dressed as a grandma", "likes": 0, "published_at": "2021-03-09T01:09:51Z", "sentiment": 0.6597, "entities": []}, {"author": "@pinkcandystripes", "comment": "LOVE the skits !", "likes": 0, "published_at": "2021-03-09T01:02:23Z", "sentiment": 0.7371, "entities": []}, {"author": "@paulsantori8920", "comment": "I would love some monthly dividend stock videos for the \"older\" crowd looking to retire in the next few years! Thanks and stay safe!", "likes": 14, "published_at": "2021-03-09T00:58:27Z", "sentiment": 0.8906, "entities": []}, {"author": "@Bubblegum4289", "comment": "Loved this! Will stay tuned and def share the videos directed to people in their 50s to my parents/relatives :)", "likes": 0, "published_at": "2021-03-09T00:46:03Z", "sentiment": 0.8553, "entities": []}, {"author": "@selwynjalova168", "comment": "Thank you. I'm in my 20s and these are definitely the things that we need to hear.", "likes": 0, "published_at": "2021-03-09T00:30:46Z", "sentiment": 0.6369, "entities": []}, {"author": "@reneebell585", "comment": "Marc is a great addition!! He is very informative and educational. I wish he had used CDN stock examples instead of US", "likes": 1, "published_at": "2021-03-09T00:30:15Z", "sentiment": 0.8118, "entities": ["CDN"]}, {"author": "@neilloresco6446", "comment": "Awesome fun intro! Thanks for this video guys. We need this content. As usual, you guys are awesome... but I just gotta say... Marc has a tiny bit of an edge... lol...", "likes": 0, "published_at": "2021-03-09T00:29:33Z", "sentiment": 0.7133, "entities": []}, {"author": "@tannerharcus8833", "comment": "love your videos but i had to search tfsa to find your channel again.  i dont know why but your are never recommended.", "likes": 0, "published_at": "2021-03-09T00:19:21Z", "sentiment": 0.1808, "entities": []}, {"author": "@paateach", "comment": "What about staring out in you mid to late 30's? Is it much of the same as 20s?", "likes": 1, "published_at": "2021-03-09T00:06:44Z", "sentiment": 0.0, "entities": []}, {"author": "@Bosu0", "comment": "Is it more tax efficient to invest US dividend stocks in a TFSA or RRSP?", "likes": 0, "published_at": "2021-03-08T23:59:14Z", "sentiment": 0.4728, "entities": ["RRSP"]}, {"author": "@Alex__96", "comment": "Your dad has been a great addition. Keep it going \ud83d\udc4d.", "likes": 1, "published_at": "2021-03-08T23:52:49Z", "sentiment": 0.6249, "entities": []}, {"author": "@jcabral6231", "comment": "when in your 50's...buy lottery tickets to retire", "likes": 0, "published_at": "2021-03-08T23:40:24Z", "sentiment": 0.0, "entities": []}, {"author": "@Slimshady316", "comment": "Marc looks quite comfortable in front of the camera. Not bad for his first solo video \ud83d\ude42", "likes": 14, "published_at": "2021-03-08T23:38:13Z", "sentiment": 0.7538, "entities": []}, {"author": "@vincentlemire9521", "comment": "Could you please do a review on Canoe EIT ?", "likes": 0, "published_at": "2021-03-08T23:36:22Z", "sentiment": 0.3182, "entities": []}, {"author": "@TheKdcool", "comment": "That feels like a response to the guy in the last video that said that Marc lived through the roaring 20's \ud83d\ude02", "likes": 4, "published_at": "2021-03-08T23:32:17Z", "sentiment": 0.3612, "entities": []}, {"author": "@pinkhairblackman8141", "comment": "yess you listened to me and put ur dad in a skit!", "likes": 1, "published_at": "2021-03-08T23:30:51Z", "sentiment": 0.0, "entities": []}, {"author": "@roshanraban415", "comment": "I liked the introduction...! Great content... keep up the good work... learning a lot with  academy .....", "likes": 0, "published_at": "2021-03-08T23:28:36Z", "sentiment": 0.8777, "entities": []}, {"author": "@taraparis1069", "comment": "Hi ... what advice would you give to a 52 yr old that wants to retire at 60 or 65 & only has $120,000 K in dividend paying investments ... what is your opinion Re retiring \u201cpoor\u201d Re CPP, OAS & GIS?", "likes": 2, "published_at": "2021-03-08T23:17:03Z", "sentiment": 0.0, "entities": ["CPP", "OAS & GIS"]}, {"author": "@FinancialFutureGuideAlexCourt", "comment": "I found that investing has a great effect on your ability  to save as well. When I first started my portfolio, I'd save 15-20% of my paycheck. Nowadays it's closer to 40%. Yes I have to make a lot of sacrifices but it's worth it no question! Thanks for the video guys \ud83d\udc4c", "likes": 1, "published_at": "2021-03-08T23:10:36Z", "sentiment": 0.9098, "entities": []}, {"author": "@ab.4425", "comment": "Great video guys!! Really good information it's good to know those two points of view!", "likes": 1, "published_at": "2021-03-08T23:10:01Z", "sentiment": 0.9074, "entities": []}, {"author": "@DKKUBALA", "comment": "Love your dad's perspective! I've been looking for ways to get my pops into doing something with his cash. He keeps telling me that \"it's too late...\" :(", "likes": 4, "published_at": "2021-03-08T23:09:44Z", "sentiment": 0.3802, "entities": []}, {"author": "@alexschiller3967", "comment": "Love the content and the presentation!", "likes": 1, "published_at": "2021-03-08T22:56:31Z", "sentiment": 0.6696, "entities": []}, {"author": "@turbofanlover", "comment": "Excellent vid.  One of my biggest regrets is that I didn't start investing in my early 20s.  A lot of young people just don't know any better, unfortunately.\n\nP.S.  Are you, as a dude still in your 20s, going to nibble a bit more in FANS, Brandon, now that it's taken a 50%+ haircut?  Just curious.", "likes": 1, "published_at": "2021-03-08T22:54:11Z", "sentiment": -0.0788, "entities": []}, {"author": "@f3wbs", "comment": "I'm looking into small caps so I guess that's my risk.", "likes": 0, "published_at": "2021-03-08T22:41:02Z", "sentiment": -0.2732, "entities": []}, {"author": "@lynxacresb5331", "comment": "do you guys have a tool or chart that one can play around with for figuring out how much to invest each year to get to ones goal in retirement? like that chart showing investing $5000/yr for 10 years at 25 vs starting at 35 and continuing was made?", "likes": 1, "published_at": "2021-03-08T22:12:09Z", "sentiment": 0.644, "entities": []}, {"author": "@knguncle3", "comment": "great topic. Myself is approaching 50's and there are days that I had similar thoughts.  Such as, I need to take more risk in order to have more college funds for my kids, etc.  But I'm mature enough to know that Growth investments are my cup of tea.\n\nOne thing I would like to know is that what resources are available to help me find the right Growth stocks that has potential but does not have extreme risks.", "likes": 0, "published_at": "2021-03-08T21:52:25Z", "sentiment": 0.9656, "entities": ["Growth"]}, {"author": "@CandaceMountain", "comment": "Great video. Adding your Dad to the channel was a huge plus for the channel.", "likes": 4, "published_at": "2021-03-08T21:42:43Z", "sentiment": 0.7506, "entities": []}, {"author": "@LarvisK10", "comment": "Question for your dad. What Canadian Dividend stocks should I suggested to the older adults in my life? Aged 50-70?", "likes": 0, "published_at": "2021-03-08T21:40:29Z", "sentiment": 0.0, "entities": []}, {"author": "@MutantMycoGenix", "comment": "GG on the intro skit, was awesome!", "likes": 2, "published_at": "2021-03-08T21:40:05Z", "sentiment": 0.8087, "entities": []}, {"author": "@isaiahc2994", "comment": "Beginning had me thinking I clicked on the wrong video\ud83d\ude02, great skit. Also marc doing a great job, good energy and great information. Love hearing from him even as a 20yr old. Would love to hear thoughts about when you should consider completely or partially selling off a stock", "likes": 1, "published_at": "2021-03-08T21:33:25Z", "sentiment": 0.9738, "entities": []}, {"author": "@InvestingSolutions23", "comment": "I\u2019m loving the skits you have been adding to the vids! Also it\u2019s absolutely ESSENTIAL to start investing as fast as you can! Time in the market will always beat timing the market!", "likes": 8, "published_at": "2021-03-08T21:30:18Z", "sentiment": 0.6981, "entities": []}, {"author": "@Lion95", "comment": "Can you do an analysis of LSPD? (Lightspeed), thank you!", "likes": 3, "published_at": "2021-03-08T21:28:59Z", "sentiment": 0.4199, "entities": ["LSPD"]}, {"author": "@maoxuliu8860", "comment": "what's the point of first two mins?", "likes": 1, "published_at": "2021-03-08T21:18:22Z", "sentiment": 0.0, "entities": []}, {"author": "@JeanOfmArc", "comment": "This was already a great channel to begin with, but having both Brandon and Marc on the stream just makes it stand out as an even more well-rounded channel than most investing channels. Love the father-son team-up here!", "likes": 3, "published_at": "2021-03-08T20:48:43Z", "sentiment": 0.8761, "entities": []}, {"author": "@welditful", "comment": "Doing what your dad is talking about  for investing in your 20's, you'd be guaranteed to be a millionaire by your 50's.", "likes": 2, "published_at": "2021-03-08T20:45:06Z", "sentiment": 0.0, "entities": []}, {"author": "@girfalcon1", "comment": "so happy your dad came on the channel, Brandon. I grew up in van, as well, and am around your age and find these videos and perspectives immensely helpful", "likes": 3, "published_at": "2021-03-08T20:36:20Z", "sentiment": 0.8357, "entities": []}, {"author": "@kevinmackay2838", "comment": "Thanks Brandon and Marc! Another great video. As a 50's something investor who's looking ahead to retirement, any guidelines on determining what your retirement income amount should be?", "likes": 6, "published_at": "2021-03-08T20:21:55Z", "sentiment": 0.807, "entities": []}, {"author": "@jbainbridge22", "comment": "Talk about OTC's please and thanks.", "likes": 1, "published_at": "2021-03-08T20:21:28Z", "sentiment": 0.6369, "entities": []}, {"author": "@danielbileu", "comment": "i just found it a quite offensive intro. unsubscribing now.", "likes": 1, "published_at": "2021-03-08T20:16:37Z", "sentiment": -0.5095, "entities": []}, {"author": "@GubeTube19", "comment": "What's the best way to stay informed of market news and economic news? Do you pay for subscription services like Bloomberg or Cnbc pro? Or is the free stuff provided by yahoo finance the way to go? Wanna stay informed daily.\n\nGreat video Brandon!", "likes": 0, "published_at": "2021-03-08T20:15:06Z", "sentiment": 0.9386, "entities": ["Cnbc", "yahoo"]}, {"author": "@mattnarayan6147", "comment": "Anyone questioning Brandon's advice to start putting away a portion of your pay and investing early should Google the Warren Buffett story about the \"$300,000 Haircut\"", "likes": 2, "published_at": "2021-03-08T20:13:56Z", "sentiment": -0.2023, "entities": ["Google"]}, {"author": "@avinavdhakal6840", "comment": "That was the greatest intro to any video on youtube", "likes": 4, "published_at": "2021-03-08T20:11:59Z", "sentiment": 0.6369, "entities": []}, {"author": "@weirdapebeard4975", "comment": "You should setup a podcast studio. Have your Dad and yourself tag team a podcast with special guests talking about investing.", "likes": 37, "published_at": "2021-03-08T20:10:06Z", "sentiment": 0.4019, "entities": []}, {"author": "@abrohamlincoln2232", "comment": "Does this work for non canadians", "likes": 1, "published_at": "2021-03-08T20:06:46Z", "sentiment": 0.0, "entities": []}, {"author": "@robertyoung406", "comment": "I'm only at 4:50 of your video but wanted to ask before I forget: so for stocks I'm aware that there is capital appreciation and dividend growth. But what is the compounding interest you mentioned at 3:25? Do stocks rise in interest as well? is this the same as dividend growth/capital appreciation?", "likes": 0, "published_at": "2021-03-08T20:02:14Z", "sentiment": 0.9724, "entities": []}, {"author": "@minahwd", "comment": "Really good points to keep in mind. \u2615\ufe0f", "likes": 0, "published_at": "2021-03-08T20:01:04Z", "sentiment": 0.4927, "entities": []}, {"author": "@j.p.6228", "comment": "The skits with your buddies are golden ahaha", "likes": 3, "published_at": "2021-03-08T20:00:12Z", "sentiment": 0.0, "entities": []}, {"author": "@Slimshady316", "comment": "I saw Marc yesterday in downtown but was too shy to go up and talk to him \u263a\ufe0f", "likes": 2, "published_at": "2021-03-08T20:00:11Z", "sentiment": -0.3612, "entities": []}, {"author": "@CaseyBurnsInvesting", "comment": "Been buying grandpa stocks all month and I\u2019m up on them.", "likes": 8, "published_at": "2021-03-08T19:58:44Z", "sentiment": 0.0, "entities": []}, {"author": "@Kodykenway", "comment": "WINNING", "likes": 0, "published_at": "2021-03-08T19:56:55Z", "sentiment": 0.5267, "entities": []}, {"author": "@lukassjoseph4934", "comment": "FIRSTTT", "likes": 0, "published_at": "2021-03-08T19:56:54Z", "sentiment": 0.0, "entities": ["FIRSTTT"]}, {"author": "@beaviswealth", "comment": "\ud83d\udcc8\ud83d\udcda As always, if you're a beginner to the Stock Market in Canada and you're looking for a step-by-step blueprint on how to get started... Find out more about our Investing Academy here - https://bit.ly/theinvestingacademy\n\nThanks for watching everyone! Don't forget to leave a thumbs up! :D", "likes": 7, "published_at": "2021-03-08T19:56:44Z", "sentiment": 0.853, "entities": ["the Stock Market", "Investing Academy"]}]