[{"author": "@beaviswealth", "comment": "\ud83d\udcc8\ud83d\udcda As always, if you're a beginner to the Stock Market in Canada and you're looking for a step-by-step blueprint on how to get started... Find out more about our Investing Academy here - https://bit.ly/theinvestingacademy", "likes": 5, "published_at": "2021-06-03T17:22:17Z", "sentiment": 0.0, "entities": ["the Stock Market", "Investing Academy"]}, {"author": "@davdride4850", "comment": "Marc. Is a world of info.     His YouTube channel is a wealth of knowledge and his presentation always great", "likes": 0, "published_at": "2024-03-28T14:00:39Z", "sentiment": 0.8074, "entities": ["YouTube"]}, {"author": "@judisamoisette1258", "comment": "This is sooo helpful", "likes": 0, "published_at": "2023-05-06T19:03:48Z", "sentiment": 0.4215, "entities": []}, {"author": "@CNT40868", "comment": "I have two RRSP accounts...One I started when I was in my early 20s..the other is self directed after my wife passed away...My bank RRSP...is in an equity growth and income fund..it creates monthly dividends in a drip...I haven't contributed any new money to it in 15 years..money is generated and buys me new units..monthly...although..I was told... I could not just turn the drip off...and reinvest the cash in something else..which peaves me off. I could do that with my self directed broker.  My wife had an advisor..that had made some good calls and not so good...and yes I have made mistakes. One would think..your money is safe with investing in investment companies or reits...i have been burnt..with cutting of dividends leading to cuts in share prices...uranium companies going broke..or downturns that last decades...ive learned passive income w dividends works best for me and gives me a monthly income..its not get rich quick..but i can afford to live off dividends and not touch my principal. I retired at 47...i will live off my dividends and probably start moving my money out of my rrsps into tfsas or non reg accounts when i hit 60...to reduce what i will have to take out when converted to a Rif at 71..if i make it that far...tax planning also needs to be factored in... Its great to save...but not to hand a huge chunk back to the govt every year past 71...retire early..withdraw it at a lower tax rate..enjoy what you've worked so hard for.", "likes": 0, "published_at": "2023-04-27T10:27:18Z", "sentiment": 0.6763, "entities": ["RRSP", "RRSP"]}, {"author": "@robertross8565", "comment": "I am a DIY investor but I am seriously thinking of passing my portfolio to a portfolio manager as I head into retirement.", "likes": 0, "published_at": "2023-02-27T07:02:37Z", "sentiment": -0.2617, "entities": ["DIY"]}, {"author": "@trickpatdolla5329", "comment": "Respectable liquor collection there, Sir.", "likes": 0, "published_at": "2023-01-07T23:27:24Z", "sentiment": 0.4404, "entities": []}, {"author": "@Chap17", "comment": "I like the idea all 3 \nquestrade wealthsimple and advisor", "likes": 0, "published_at": "2022-11-10T03:20:27Z", "sentiment": 0.3612, "entities": []}, {"author": "@annietetrault6201", "comment": "Hello! I have about 1/3 under management and 2/3 DIY.", "likes": 0, "published_at": "2022-05-17T17:49:45Z", "sentiment": 0.0, "entities": ["DIY"]}, {"author": "@jovicrazed", "comment": "Any suggestions on where I can find a truly qualified CFP for retirement and tax planning, plus have folks that handle the investment management side?  My investments are with a Canadian bank but the CFP is not capable of creating a retirement and tax planning plan for me.  I do not get any value from the fees that I pay him.  I do not want to manage my own investments.  Any idea where I can look to get both the investment management and solid financial / retirement / tax planning?  Thank you very much.", "likes": 1, "published_at": "2021-11-22T23:29:30Z", "sentiment": -0.432, "entities": ["CFP", "CFP"]}, {"author": "@harrydost8557", "comment": "I have been diy for 25 years after dabbling in mutual funds using an advisor then finally moving to self directed platform in individual stocks and ETFS . The biggest takeaway I have is that it is a lot of work following the constantly changing economic environment and doing the research in order to make sound investment decisions. Really good independent research also costs money. The psychological hand holding through tough market swings can be a benefit to someone in keeping them from making rash decisions when working with an advisor. It\u2019s the old story of providing your own sweat equity or paying for a service. There\u2019s no free ride, but no one has as much interest in your hard earned money than you do.", "likes": 2, "published_at": "2021-11-17T09:41:15Z", "sentiment": 0.6424, "entities": ["ETFS"]}, {"author": "@gilles3491", "comment": "I'm excitedly looking forward to your next video on this topic. Please compare fee-only advisers versus those who are paid as a percentage of one's portfolio. Also please share tips on how to find a good fee-only adviser.", "likes": 1, "published_at": "2021-09-28T00:57:29Z", "sentiment": 0.9001, "entities": []}, {"author": "@ADobbin1", "comment": "I decided to do it primarily myself when I realized my self directed portfolio was making more money per year than my managed account with a bank. That being said I've got an rrsp through work and a mutual fund I contribute too as well. I figure cover my bases.", "likes": 2, "published_at": "2021-09-02T05:06:42Z", "sentiment": 0.2732, "entities": []}, {"author": "@freedomlife3623", "comment": "Well I\u2019ve tried both for last 8 years, moved to DYI as my own managed portfolio performed much better. I figure I have learned enough and had enough practice to manage my whole portfolio. Besides, I will always have my own interest at heart and will put more effort into it. Now I am a complete DYI and excited continue the learning. Will hire a fee for service financial planner in a year or two to make sure I am on the right track.", "likes": 1, "published_at": "2021-08-05T01:37:18Z", "sentiment": 0.8934, "entities": ["DYI", "DYI"]}, {"author": "@JJS432", "comment": "Great video - been looking for an answer for this question!", "likes": 0, "published_at": "2021-07-23T21:44:02Z", "sentiment": 0.6588, "entities": []}, {"author": "@michaelpoczynek", "comment": "Thanks for making this video, Marc.  I have found the biggest challenge to finding a financial investor is finding one that is really good and works for an hourly rate, not a percentage of my portfolio.  Also, looks at the whole picture and asset classes, margin usage, real estate, other holdings (companies).  Any suggestions on where to find one?", "likes": 0, "published_at": "2021-07-20T12:14:36Z", "sentiment": 0.8357, "entities": []}, {"author": "@Investingrookie", "comment": "I worked with a td adviser for over a decade. The gains during that time averaged under 2% a year. I started watching YouTube and learning how to take control of my portfolio. It was the best decision I ever made.", "likes": 0, "published_at": "2021-06-28T02:41:15Z", "sentiment": 0.765, "entities": ["YouTube"]}, {"author": "@saurabhjain7672", "comment": "With all respect. 90% advisors don't even match the bench mark return after their fee. I can easily get 7-8% just putting in S&P 500. I can even reduce my risk by just buying total US market etf with almost no fee. Any advisor who can not give 10% shouldn't get their fee.", "likes": 0, "published_at": "2021-06-27T23:28:50Z", "sentiment": 0.3597, "entities": []}, {"author": "@ybc8495", "comment": "i am professional consider 0% chance to hire someone", "likes": 0, "published_at": "2021-06-23T01:56:26Z", "sentiment": 0.25, "entities": []}, {"author": "@gordongilbertson943", "comment": "The downside risks of having a poor advisor seem pretty high to me.  Perhaps the video I need to be convinced is how to find a trustworthy and competent advisor.", "likes": 9, "published_at": "2021-06-22T18:55:35Z", "sentiment": 0.6808, "entities": []}, {"author": "@stephennichol3620", "comment": "Financial advisors aren't experts in finance or the markets etc.. They are experts in selling things.", "likes": 1, "published_at": "2021-06-22T01:29:59Z", "sentiment": 0.0, "entities": []}, {"author": "@ellieD23", "comment": "I really enjoy your videos! Both you and Brandon are very natural and engaging in front of the camera. I did find this one a little unbalanced, strongly favouring the advisor approach. Your examples were appropriate, mind you, and it resonated to compare it to small claims court versus a murder charge, depending on where you're at in life...I get that. But just don't think this discussion is complete without raising awareness about the fees charged by advisors. I would love some further breakdown about mutual funds vs. ETFs, and how to choose an advisor...but I believe you said that's coming :) Thanks for the high-quality Canadian content on this channel!", "likes": 0, "published_at": "2021-06-19T00:30:01Z", "sentiment": 0.9523, "entities": []}, {"author": "@jackjia8773", "comment": "It really depends on the advisors. After some of my friends joins that career, I found it hard to trust advisors.", "likes": 0, "published_at": "2021-06-14T19:42:43Z", "sentiment": 0.7184, "entities": []}, {"author": "@ramican9155", "comment": "Great video, I just subscribed. Question: what will be the risk to the equities, if the companies individuals are using (like questrad or wealthsimple, or bank) got hacked or worse, bankrupted ??    Thanks.", "likes": 0, "published_at": "2021-06-13T22:19:30Z", "sentiment": 0.1179, "entities": []}, {"author": "@jorrellelim6697", "comment": "ive had an advisor in the last few years. i was never told what to invest in. mostly bought their mutual funds by reseraching myself. just realized how much im paying in fees and getting no advise since i picked my own mutual funds. i dont see the value in planning either since ive been saving about 50% of my income in the last 8 years adn doing it by myself. the moment i sold all my mutual funds the next day my advisor called to ask why i sold .. told him i can do it on my own", "likes": 0, "published_at": "2021-06-13T04:14:46Z", "sentiment": -0.5, "entities": []}, {"author": "@winnie6384", "comment": "We need more advisor like you. Lots of advisors are looking after their own interests rather than their clients' interests. Looking forward to ur next video. Thanks, Marc.", "likes": 2, "published_at": "2021-06-11T14:47:13Z", "sentiment": 0.8261, "entities": []}, {"author": "@Doctair", "comment": "This is great Marc. I think the biggest concern is finding that advisor that can bring that value. My experience has not been great and they don't seem to be all that competent or qualified. some are not even \"certified\" as Financial planners but still work for the EJs and MUs of Canada as advisors.\nI'd really like to see your next video on the question to ask as I know there are those flags or gut feels people have with their current advisors.\n\n Just an idea , maybe you could start a referral  program for advisors!?  Like Homes or Buamer, BBI approved , oh  I can see it now ;)", "likes": 0, "published_at": "2021-06-09T01:15:38Z", "sentiment": 0.9624, "entities": ["BBI"]}, {"author": "@nacre6233", "comment": "Three years to retirement.  I will look forward to the next video.  Thanks for the great info.", "likes": 0, "published_at": "2021-06-07T21:02:58Z", "sentiment": 0.7906, "entities": []}, {"author": "@jagwarz", "comment": "Who is your favourite F1 driver?", "likes": 0, "published_at": "2021-06-07T16:58:23Z", "sentiment": 0.0, "entities": []}, {"author": "@navidhillon27", "comment": "Great video, can't be at better time. I am planning to hire advisor for my RRSP. will eagerly wait for your next video you mentioned. Thanks", "likes": 0, "published_at": "2021-06-07T06:24:06Z", "sentiment": 0.8017, "entities": ["RRSP"]}, {"author": "@fareesk", "comment": "I wondered what value a new addition would bring to Brandon's channel, and this video alone has made me leave what I may believe is my first comment.  Well done sir, this is a question I have been struggling with for almost a year now.  I am a son of a retired couple now getting into their 80's and I am reviewing their finances in detail.  They were both DIY and using an advisor.  I am a DIY and around 50 so am a little more of a risk taker at my age.  I am struggling to grasp what value this person has and am looking forward to your next installment in this topic.  Great job.  Also, I work in the liquor industry and am also mesmerized by your background, almost distractingly so.", "likes": 0, "published_at": "2021-06-06T16:52:53Z", "sentiment": -0.0056, "entities": ["DIY", "DIY"]}, {"author": "@curtistonello4636", "comment": "I love this channel! Great job!", "likes": 0, "published_at": "2021-06-06T16:52:46Z", "sentiment": 0.8715, "entities": []}, {"author": "@worzelgummage4245", "comment": "Get professional help  - love the back drop today", "likes": 0, "published_at": "2021-06-05T23:34:48Z", "sentiment": 0.7003, "entities": []}, {"author": "@nathanielbassett6008", "comment": "I am 50% DYI and 50% investing with an advisor! Love the videos! Great work.", "likes": 0, "published_at": "2021-06-05T19:40:48Z", "sentiment": 0.8715, "entities": ["DYI"]}, {"author": "@ryanm7171", "comment": "In the beginning  of my investing timeline, I tried using at least 5 different advisors from different brokerage firms.  Not one gave me value, time, or beat the market. In fact, a few actually lost money.  Nobody cares about your money as much as you do.  I would advise anyone with time to try DIY investing, but invest mostly in TSX 60 or SP 500 type companies.  Limit your the percentage you invest until you know what you are doing.  If you have no interest, buy a few index ETFs.  At least you will get the market return.  Listen and learn from others who have invested successfully before.  I wouldn't use an advisor unless someone I truly trusted who had a successful relationship with their advisor referred me, and that has never happened because there aren't too many of them.  I live in Ontario, and until advisors have a fiduciary responsibility to their client, I won't ever consider using one.", "likes": 0, "published_at": "2021-06-05T19:04:10Z", "sentiment": 0.9711, "entities": ["DIY", "TSX", "Limit"]}, {"author": "@momo35444", "comment": "great  video, thanks for the advise!", "likes": 0, "published_at": "2021-06-05T16:31:11Z", "sentiment": 0.807, "entities": []}, {"author": "@annehenderson7911", "comment": "Great reflection points and analogies.", "likes": 0, "published_at": "2021-06-05T15:07:38Z", "sentiment": 0.6249, "entities": []}, {"author": "@roberttaylor3594", "comment": "Good advice and explanation off the cost-benefit.  I think I would be the snowbird that enjoys looking at the market while I'm wintering away!", "likes": 1, "published_at": "2021-06-05T04:30:12Z", "sentiment": 0.7574, "entities": []}, {"author": "@kayvonmotamed", "comment": "If you're gaining around 3% more by having an advisor, but they are charging you around that same amount for their services, wouldn't it just you ended up the same as doing it yourself? I would imagine if you could gain 10% with an advisor, giving them a few percent would be worth it, not if you end up just \"breaking even\", especially on a no-fee platform like Wealthsimple", "likes": 0, "published_at": "2021-06-05T03:16:29Z", "sentiment": 0.9349, "entities": []}, {"author": "@CanadianDividendInvesting", "comment": "Great points! It's crazy what you can do with youtube!", "likes": 0, "published_at": "2021-06-05T01:18:07Z", "sentiment": 0.508, "entities": []}, {"author": "@torontoBluejays87", "comment": "As someone who was inexperienced and young who got screwed by an Advisor, I have can honestly say this video made me consider going again...", "likes": 0, "published_at": "2021-06-05T00:32:27Z", "sentiment": -0.0516, "entities": ["Advisor"]}, {"author": "@alwayspositive999", "comment": "Great video thanks- yes it would be good to know what to look in an advisor bec there could be many fakes out there", "likes": 0, "published_at": "2021-06-05T00:03:51Z", "sentiment": 0.8689, "entities": []}, {"author": "@AgnesPelletier", "comment": "could you answer this on a future video: is the role of an advisor to help you \"beat the market\" or to \"meet your goals\"? I am wondering, if the market returns 10% and your managed portfolio returns 7%, do we consider that the portfolio manager did a good job? The \"performance\" aspect of the manager always puzzles me when the client may have other goals than pure returns (SRI prioritized over returns, securing income, etc).", "likes": 0, "published_at": "2021-06-04T21:17:48Z", "sentiment": 0.8053, "entities": []}, {"author": "@AgnesPelletier", "comment": "We used to go to financial advisors at our local branch and were let down big time. Mutual funds with high fees or GIC with virtually no return, and no satisfying options for SRIs. And then, boom, I ended up on a YT video from Brandon explaining the RRSP. Then I watched the one on the TFSA. Then I watched some more. We are currently done with banks-advisors. The day we find someone trustworthy we may go back, but feeling pretty good about where we sit now as new investors thanks to Youtubers like Brandon who explain things well and seem to actually care about how their advice may affect people (3 months of investing ourselves returned more than 5 years in that GIC - which makes me quite frustrated about the financial advising industry). We also watched a lot of Tim Nash (Good Investing) for the SRI piece. Having Marc is a great addition to the channel for the \"I worry about supporting my family and my retirement\" aspect. And for the good stories.", "likes": 1, "published_at": "2021-06-04T21:03:47Z", "sentiment": 0.9842, "entities": ["GIC", "YT", "RRSP", "GIC"]}, {"author": "@benbryson8662", "comment": "Great video Mark! Put this in the background as I was doing work", "likes": 0, "published_at": "2021-06-04T19:52:58Z", "sentiment": 0.6588, "entities": []}, {"author": "@eddy563", "comment": "I have an advisor called the S&P 500 index fund ETF :) it costs me 0.67% per year.. when I cannot invest on my own I will go to my best friend :)", "likes": 0, "published_at": "2021-06-04T16:09:45Z", "sentiment": 0.9246, "entities": []}, {"author": "@ab.4425", "comment": "Excellent Video Marc!! Thank you so much for the information!!", "likes": 0, "published_at": "2021-06-04T15:33:47Z", "sentiment": 0.811, "entities": []}, {"author": "@antoinearchambault117", "comment": "Hybrid", "likes": 0, "published_at": "2021-06-04T15:32:52Z", "sentiment": 0.0, "entities": []}, {"author": "@JackyTran", "comment": "I find that a lot of financial advisors, especially if they\u2019re from a big bank don\u2019t know what they\u2019re doing.  How do you weed out the ones that won\u2019t benefit you?", "likes": 0, "published_at": "2021-06-04T13:30:34Z", "sentiment": 0.4588, "entities": []}, {"author": "@paulsantori8920", "comment": "I had an advisor for many years, unfortunately all of his advice was to buy Mutual Funds. In hindsight I feel that I wasted the better part of the past 20 years! I'm now managing my own portfolio and happy with the results thus far. Looking forward to more of your content Marc, especially for us older guys!! \ud83d\udc4d", "likes": 5, "published_at": "2021-06-04T13:20:16Z", "sentiment": 0.4359, "entities": []}, {"author": "@nate7404", "comment": "Question for anyone who knows. How much should a CPA here in Canada charge annually to do your tax return?", "likes": 0, "published_at": "2021-06-04T11:40:34Z", "sentiment": 0.0, "entities": []}, {"author": "@user-vq3mz9ob9d", "comment": "Can I be an ape by YOLOing my entire TFSA into $BB.TO?  Just finished highschool.", "likes": 0, "published_at": "2021-06-04T06:00:02Z", "sentiment": 0.0, "entities": []}, {"author": "@isma4219", "comment": "The problem is study shows 95% of portfolio manager can't beat the market so yeah it works when you find the 5% who can but odds are stack against you. Agreed on the psychological aspect tho if you can't discipline yourself to save it's worth it but otherwise the cost is insane! Let's you pay your financial advisor 1% that's an average of 40k$ over a career crazy when you can just buy all in one fund for 0,20% MER.", "likes": 0, "published_at": "2021-06-04T05:41:58Z", "sentiment": 0.3453, "entities": ["MER"]}, {"author": "@WeReno", "comment": "is this slightly bias? you know being a financial advisor....", "likes": 1, "published_at": "2021-06-04T05:20:34Z", "sentiment": -0.0276, "entities": []}, {"author": "@busdriver3330", "comment": "I'm 55.  Had a financial planner that I inherited from my parents. Thought he was great until I got to know what he was doing with my parents and now mine and my sisters money.  He turned out to be a disaster.  Bought us horrible stocks, useless mutual funds.  We made no money and our portfolio bounced around like a rubber ball and we were never generating any cash.  We had no dividend assets.  I fired him.  I do my own investing now.  I watch some great YouTube channels.  I read the Globe and Mail and BNN.  My and my families portfolios are now stable.  We make money every month on dividends and capital appreciation. We keep it simple. Some Canadian banks, utilities, CNR, VFV, QQA etc.  We pay no monthly fees for some clown to buy us Cineplex stock at 41 dollars (yup ! He actually did that. Bought us 25k of CGX at 41 dollars per share). \nMoral of the story, if you have a calm disposition and can do unbiased research you can do it yourself.", "likes": 0, "published_at": "2021-06-04T04:39:47Z", "sentiment": -0.2942, "entities": ["the Globe and Mail", "BNN", "CNR", "VFV", "CGX"]}, {"author": "@NorthernTrapper", "comment": "Great advice Marc. I messed up in the past and sat on lots of cash because I was afraid to invest.", "likes": 0, "published_at": "2021-06-04T03:42:25Z", "sentiment": 0.4019, "entities": []}, {"author": "@AhMeMann", "comment": "Good video Marc. Very informative. Most of my money is with an advisor but I don't like the high fees. The advisor is good but he doesn't help me with my decisions. I also have a company matching plan and I also invest in Stocks/ETFs through questrade.", "likes": 0, "published_at": "2021-06-04T03:17:32Z", "sentiment": 0.0639, "entities": []}, {"author": "@BusterDarcy", "comment": "Thanks for this. I\u2019m pure dyi, started with investing a few years ago and now into full on retirement planning, tax considerations, the works. Every time I hit a wall or learn about some new layer, I consider going with an advisor from there but then I decide to do some research first. There\u2019s some initial pain and confusion and then inevitably I come out the other side with the knowledge and confidence I need to continue moving forward. \n\nI\u2019m not patting myself on the back when I say this isn\u2019t for everyone. There are different dispositions and some will just never want to tackle this stuff. But it\u2019s all doable if you want it to be. I mean planners aren\u2019t wizards with magic powers, they\u2019re just people like the rest of us. If you\u2019re willing to put the time in, which may even be more than most actual planners are willing to, then you can really own and feel good about your finances.", "likes": 2, "published_at": "2021-06-04T02:46:19Z", "sentiment": 0.6792, "entities": []}, {"author": "@renzenker2526", "comment": "Ha ha...here in Vancouverland nobody will even talk to you if you don't have $500K!!!!", "likes": 1, "published_at": "2021-06-04T02:36:52Z", "sentiment": 0.5526, "entities": []}, {"author": "@kelleyhaldorson209", "comment": "My friend just came into a large sum of money.  He seeked help from a financial adviser to help him make decisions, how his choices would effect his tax situation his immediate future and his long term goals.  It was a great idea to get advice and it helped him to make an informed and beneficial decision for the future of himself and his family.  There is a reason he is taking a year or 2 off of work.  Its not that he's lazy or unmotivated its just that it makes more sense to enjoy some time rather than pay the extra tax!", "likes": 1, "published_at": "2021-06-04T02:30:22Z", "sentiment": 0.9563, "entities": []}, {"author": "@grimmandy8427", "comment": "Young investor here (early 20's). Currently using an Advisor but recently my stock picks have matched or surpassed those of my advisor's, causing me to believe I don't need him! Looking forward to your future video about what to look for in an advisor!", "likes": 1, "published_at": "2021-06-04T01:35:41Z", "sentiment": 0.0, "entities": ["Advisor"]}, {"author": "@jonisousa-guthrie3121", "comment": "Please include the cost of an advisor  in your next video Marc.   Thank you", "likes": 0, "published_at": "2021-06-04T01:17:58Z", "sentiment": 0.5859, "entities": []}, {"author": "@m.b4054", "comment": "I think there are lots of good informations to learn on this channel. It definitely helped me learn TFSA, RRSP....and other things.\nSo thank you very much.\nBut when an advisor is trying to convince you to spend your money on their academy, I humbly disagree.\nIf you value your money then you should take the time to educate yourself. There  are lots of great books. You don't need to paye a professional to put your money on a ETF or buy some stocks from apple or Coca-Cola. If you loose some of your money, you could live with that decision. But if it's someone else, could you?\nNevertheless I think there are only few channels that teach you a lot for free. But you have to do the work and find them yourself.", "likes": 1, "published_at": "2021-06-04T01:12:44Z", "sentiment": 0.9331, "entities": ["RRSP", "Coca-Cola"]}, {"author": "@papytofu3796", "comment": "I think the spectrum of DIY and professional help, as you have pointed out during the judiciary comparison, greatly depends on the amount of capital someone has accumulated. Someone who is starting and putting their first thousands of dollars into their account should probably go for a safe and stable diy strategy as they won't find much value in hiring a professional for a couple hundred of dollars, let alone find one willing to work for them. As the sum of capital available grows, such as in latter stages of life, hiring a professional starts making more sense. If I suddenly won a million dollar, I would probably seek the services of a professional but for now I'll stick to my ETF \ud83e\udd23. As always, thanks for the video, very well put!", "likes": 0, "published_at": "2021-06-04T00:46:01Z", "sentiment": 0.8993, "entities": ["DIY"]}, {"author": "@scottscriticalmass", "comment": "Thanks for the video Marc... I think the vast majority of folks should absolutely use a financial advisor.  I won't go into the \"why's\" since you covered them far better than I ever could.  The trick is finding a financial advisor that's trustworthy and a good fit for you personally.  Trustworthy is unfortunately difficult in itself, but finding the right fit might be the bigger challenge IMO.\n\nWith that said, I'm of the belief it's possible to successfully manage one's own investments.  I've never had a financial advisor and I think I've done pretty well over the years and I started from a point of absolute ignorance.  The only thing I learned growing up was what not to do as it related to money.  Managing my own investments requires copious amounts of work, year in and year out.  I couldn't have done it if I didn't have a passion for investing and a willingness to consistently do the work. \u00a0It's a level of work I don't think most want or are able to take on.  \n\nWith all that said, there's a good chance I'll take a different approach and hire an advisor when I reach retirement.  Why?  The wife and I plan on having a very active retirement with lots of travel and other activities.  I simply don't see myself being willing to dedicate the time required to manage my investments in a deserving manner. \u00a0Probably be a hybrid type model as there's no way I'm handing over the keys to my portfolio.  Nope!  :-)", "likes": 0, "published_at": "2021-06-04T00:35:48Z", "sentiment": 0.9769, "entities": []}, {"author": "@willkeen5010", "comment": "Very good advice. I do a little of both. Have had the same Investors Group advisor for decades. Started with my dad and the current advisor 's dad. Now the son is my advisor. We have come full circle.", "likes": 0, "published_at": "2021-06-04T00:28:05Z", "sentiment": 0.4927, "entities": ["Investors Group"]}, {"author": "@adstix", "comment": "\ud83d\udc4d\ud83d\udc4d\ud83d\udc4d multiple thumbs up for this loaded video, Marc!\nPlease permit me a few troubling questions:\n1) If someone in their later part of life invests in several stable, diversified, medium risk ETFs averaging 5%, do they still need an advisor?\n2) Would you recommend the use of a free online brokerage against a fee-charging bank's investment  unit?\n3) Are there any benefits to buying dividend stocks under a company name rather than using one's real name?\nThanking you in advance for your detailed analysis.", "likes": 0, "published_at": "2021-06-04T00:20:17Z", "sentiment": 0.7982, "entities": []}, {"author": "@MTN99999", "comment": "Wow Marc thank you very much for putting it out there I do both have a financial advisor for my kids and some family investments and I I do also manage my own portfolio. Being in my early 40's and having worked in the financial industry for more than a decade in my previous career I saw a lot of Bad apples out there however there are also good genuine people like you that speaks from the heart and are hard to find nowadays unfortunately. \ud83d\ude4f\ud83c\udffc", "likes": 1, "published_at": "2021-06-04T00:03:55Z", "sentiment": 0.6597, "entities": ["\ud83d\ude4f"]}, {"author": "@tessiechanp", "comment": "Financial advisor vs financial adviser vs financial planner vs financial consultant vs investment adviser or advisor.  How and Who do I pick????????", "likes": 1, "published_at": "2021-06-03T23:45:55Z", "sentiment": 0.0, "entities": []}, {"author": "@chairmanmike5858", "comment": "Great content, thank you gents. I do plan on hiring an advisor soon, as I want to head out sailing for a few years. Really looking forward to your selection advice video. \nIn speaking with one candidate advisor recently, he suggested that we may consider an RRSP loan to an MIC (Mortgage Investment Corp) option to reduce tax as it fit my personal scenario.  It almost seems to good to be true - I'd love your opinion on that topic when you can.  Cheers.", "likes": 0, "published_at": "2021-06-03T23:31:14Z", "sentiment": 0.9688, "entities": ["RRSP", "MIC", "Mortgage Investment Corp"]}, {"author": "@nizzam1", "comment": "Wow was anyone just looking the alcohol collection in the background \ud83d\ude02\ud83d\ude02", "likes": 0, "published_at": "2021-06-03T23:12:56Z", "sentiment": 0.5859, "entities": []}, {"author": "@waynelangstaff6419", "comment": "Drop the intro song it's brutal and irrelevant!! Great content from Marc once again", "likes": 2, "published_at": "2021-06-03T23:03:58Z", "sentiment": -0.3987, "entities": []}, {"author": "@juanperez-gh8bl", "comment": "Un asesor financiero suena como una buena idea, pero tengo que aceptar que me divierto mucho aprendiendo sobre el mercado de valores y eligiendo mis acciones.\n\"A financial advisor sounds like a good idea, but I have to accept that I have a lot of fun learning about the stock market and choosing my stocks.\"\nyour knowledge is invaluable!", "likes": 0, "published_at": "2021-06-03T22:57:00Z", "sentiment": 0.8966, "entities": ["Un"]}, {"author": "@chedabu", "comment": "Disagree. This advice would work if advisors actually  had a fiduciary relation to the client ( working in the interest of the client). Unfortunately in Canada, most advisors don't have that responsibility and are mostly nothing more than glorified salesmen ( telling you to buy expensive MER products)", "likes": 15, "published_at": "2021-06-03T22:55:34Z", "sentiment": -0.6004, "entities": ["MER"]}, {"author": "@bobkuchinski5277", "comment": "Hi Marc\u2026great video on being a DIY investor or having an advisor\u2026I am definitely a DIY investor!", "likes": 0, "published_at": "2021-06-03T22:55:19Z", "sentiment": 0.4574, "entities": ["DIY", "DIY"]}, {"author": "@fredericlarose2614", "comment": "oh my god.  so interesting .thank you so much .\nfred from montreal \npeace !", "likes": 0, "published_at": "2021-06-03T22:52:09Z", "sentiment": 0.9034, "entities": []}, {"author": "@fcf777", "comment": "The real challenge is finding not only the most qualified financial advisor but one with integrity who will be able to fit into your goals and risk tolerance. It's still best to DIY if you are so inclined and have the required aptitude to learn all about investing and financial planning, because no one else cares more about your money than yourself.", "likes": 0, "published_at": "2021-06-03T22:37:25Z", "sentiment": 0.9428, "entities": ["DIY"]}, {"author": "@shawnhaywood8211", "comment": "This room reminds me of a college house but all of the bottles would be empty!", "likes": 1, "published_at": "2021-06-03T22:37:05Z", "sentiment": -0.3595, "entities": []}, {"author": "@pwong0227", "comment": "I like the LCBO background and I prefer fee based financial adviser rather than mgmt fee based on the portfolio.", "likes": 1, "published_at": "2021-06-03T22:26:53Z", "sentiment": 0.3612, "entities": []}, {"author": "@dajgaonkar", "comment": "Hey Marc great video as usual. Is it possible for you to help me in my retirement planning let me know.", "likes": 0, "published_at": "2021-06-03T21:44:28Z", "sentiment": 0.7783, "entities": []}, {"author": "@speedyfeint", "comment": "i guess it all depends, but personally i've had nothing but bad experience with my advisor so i will always stick to doing it myself.", "likes": 0, "published_at": "2021-06-03T21:38:57Z", "sentiment": 0.5824, "entities": []}, {"author": "@PabloDiabloable", "comment": "Never-mind the stock market, looks like you've been investing in the sweetest drinking parlour I've ever seen!", "likes": 4, "published_at": "2021-06-03T21:32:17Z", "sentiment": 0.4199, "entities": []}, {"author": "@AtharAfzal", "comment": "Thanks Marc - appreciate the insights!  \n\nIn my experience, I've had various advisors and I feel a lot are not even aware of what is being offered by the individual funds they are advising you to get into.  Definitely do your homework!\n\nI do have to ask that I had heard that some investment advisors are paid a bit more on mutual funds than they are on ETFs - not sure if that's the case but if it is - that would mean they don't act in your favor?", "likes": 0, "published_at": "2021-06-03T21:09:20Z", "sentiment": 0.8076, "entities": []}, {"author": "@seanclarke4832", "comment": "How do I invest in that liquor collection? Impressive!", "likes": 0, "published_at": "2021-06-03T21:08:28Z", "sentiment": 0.5562, "entities": []}, {"author": "@ronbatt756", "comment": "Good advisor?  Is that an oxymoron?   I had a professional advisor for many years. Someone I should have been able to trust 100%.  At the time, I was a busy professional in another field.   My advisor met with my wife and myself occasionally.  He stated....we should ask no questions.  We should not monitor the market at all! We should never have any cash not invested ready to buy more mutual funds on dips. Etc etc. He flew off all the time to exotic locations sponsored by mutual fund companies to find opportunities.   My portfolio did very average I believe.  My professional couldn't tell me the actual performance!  \nWe dumped him and never had another.  We are very comfortably retired now with a growing net worth from our non real estate investments.  Who today actually honors fiduciary duty?  Very few in my opinion and how can you truly judge in advance? \nSmart people can build a reliable portfolio if they are emotionally disciplined and be ahead!\n\ud83c\udde8\ud83c\udde6", "likes": 3, "published_at": "2021-06-03T20:53:23Z", "sentiment": 0.9566, "entities": []}, {"author": "@rileymac7054", "comment": "I invest myself, but it definitely takes a lot of work.  I spent months and months researching before I even started dabbling(literally went through every single company listed on the TSX), and those months have turned into years of dollar cost averaging, and absorbing as much information as I can.  The biggest thing is not reacting with your emotions, even great companies are going to have down trends, but if you've done your research and are confident in that company, those are great times to take advantage.  The last year having the tech, renewable energy, and short squeeze phase.. I spent time investing in companies that were undervalued at the current time(and not going away anytime soon), not what was speculated to be the future.  People need to realize, just because it might be the future..doesn't mean it's not currently overvalued.  There will most likely be a better buy in price down the line, especially when every where you look someone is hyping it up saying \"this is the future\"", "likes": 1, "published_at": "2021-06-03T20:49:00Z", "sentiment": 0.9842, "entities": ["TSX"]}, {"author": "@jerrymalinowski9736", "comment": "At what point should you hire or consult an advisor? What size portfolio? And how much should it cost? Thanks", "likes": 0, "published_at": "2021-06-03T20:36:23Z", "sentiment": 0.533, "entities": []}, {"author": "@tapasya911", "comment": "I am a young investor in early 30s got started with investing this year. I want to build portfolio for retirement. Do you recommend having a portfolio manager from now or when I get closer to retirement. I want to do it right.", "likes": 6, "published_at": "2021-06-03T20:33:59Z", "sentiment": 0.4767, "entities": []}, {"author": "@Loopspin", "comment": "I'm 64 and I started watching Brandon's channel and learned lots. I thought that i could do it myself but am having second thoughts after watching this video and pondering the facts made, I cannot afford to make a major mistake period. Do you offer individual portfolio management as part of your course ? Thank You", "likes": 2, "published_at": "2021-06-03T20:32:41Z", "sentiment": 0.0387, "entities": []}, {"author": "@derekcox6531", "comment": "I manage a large portion of my own part of the nest egg,but even though my partner would be happy for me to manage hers as well,I don\u2019t. The 0.5% fee that we pay our advisor is well spent as far as I\u2019m concerned. (If for no other reason), I sleep better without the pressure of knowing that if I made a big mistake with my partners\u2019 retirement fund, it\u2019d almost certainly be the end of a very long and happy family.  Is the advisor worth MORE than .5%?  Not to me,but a higher fee would just mean we move on to an advisor who works better for us. That is one who chargers what we are happy paying.", "likes": 0, "published_at": "2021-06-03T20:24:11Z", "sentiment": 0.9577, "entities": []}, {"author": "@kmsnow6292", "comment": "I\u2019d be very interested in the next video that you mention at the end about things to look for, or questions to ask, wrt a financial advisor. As a piece of background, I used to leave my entire RRSP portfolio managed by a bank financial investor. Although I\u2019d specifically told him my risk tolerance is from low to intermediate so invest my money accordingly, for a couple of years I noticed my total asset (about 500K) didn\u2019t change. So I decided to sit down and drill through the details with this advisor. What I found out was 2 things: a)The market has been slow in the last 2 years, and b)There \u2018s a 2% per year management fee that the advisor charged me. Before I left the bank that day, my last instruction to him was \u201csell my entire portfolio now. I\u2019ll take it over from here\u201d.", "likes": 0, "published_at": "2021-06-03T20:14:05Z", "sentiment": 0.3597, "entities": ["RRSP"]}, {"author": "@twest9334", "comment": "Mixology and investing. Your new YouTube channel\u2026would be a great combo.", "likes": 1, "published_at": "2021-06-03T19:54:55Z", "sentiment": 0.6249, "entities": ["YouTube"]}, {"author": "@rodrigobalestrini8005", "comment": "Great video! I currently have an advisor but am leaning towards doing it myself now!", "likes": 1, "published_at": "2021-06-03T19:47:35Z", "sentiment": 0.4826, "entities": []}, {"author": "@Victoria-rw7zt", "comment": "Diy because I haven\u2019t come across a good financial adviser", "likes": 0, "published_at": "2021-06-03T19:45:19Z", "sentiment": 0.4404, "entities": []}, {"author": "@jolenethiessen118", "comment": "We have had \"bad\" advice with financial advisors and have now moved everything to Wealthsimple/Questrade.  We are however, interested in Retirement Planning and doing our Canadian research on who is qualified, etc etc.  We own a business with family, so we want to make sure we are protecting assets and business interests etc.", "likes": 1, "published_at": "2021-06-03T19:40:50Z", "sentiment": 0.8062, "entities": ["Wealthsimple/Questrade", "Retirement Planning"]}, {"author": "@gjreid4873", "comment": "Drink much?", "likes": 1, "published_at": "2021-06-03T19:36:49Z", "sentiment": 0.0, "entities": []}, {"author": "@nelife", "comment": "I have been investing on my own for 3 to 4 months now. They say not to put all your eggs in the same basket, and I took this saying very seriously. My retirement money is managed by an advisor at the bank, which will accumulate over the years. My other savings go to my wealthsimple account. In wealthsimple I also have two different accounts, one worth about 20% where I trade some more \"risky\" stocks. I often buy and sell the same stocks in the same week, depending on when they go up or down. Over the past 3 months, my performance is 21.42% (probably very lucky).\n\nMy second account contains about 80% and contains solid stocks that are much less risky, and offer very good dividends. I sell those a lot less, but I gain nice dividends regularly and the account keeps growing. Over the past 3-4 months, this one had a performance of 6.5%, which is also pretty good.\n\nWhen my wife saw I was making money and I was very careful with my investments, she also gave me her savings to manage (we already share all our money). So now the bank manages my retirement money, I also manage my own portfolio, and I ALSO manage someone else's saving.", "likes": 0, "published_at": "2021-06-03T19:33:53Z", "sentiment": 0.976, "entities": []}, {"author": "@shanepereira9433", "comment": "Awesome information.  Love the bar.  I am coming there for a 1 on 1.", "likes": 0, "published_at": "2021-06-03T19:33:01Z", "sentiment": 0.8519, "entities": []}, {"author": "@mozerm", "comment": "The quote about your weaknesses hurting you the most is very true. I manage about 10% of my portfolio and the rest is handled by professionals. I've considered taking on the whole thing but some mistakes (buying crypto at wrong time, buying a stock based on internet hype, etc.) have cost me more than the fees my professional charges. Also, when March 2020 hit and I was panicking I called the pro for advice and he talked me off the ledge and I stayed in the market and kept adding...thank god I did. In my opinion working with a (good) pro is worth it.", "likes": 0, "published_at": "2021-06-03T19:26:16Z", "sentiment": -0.8839, "entities": []}, {"author": "@TJI604", "comment": "Another great video, Marc.  For me, my RRSP is via a roboadvisor (so, not entirely a human FA) and DYI on my TFSA.  :)", "likes": 0, "published_at": "2021-06-03T19:15:30Z", "sentiment": 0.7964, "entities": ["RRSP"]}, {"author": "@marc-andredery9807", "comment": "I am CPA, and find that investing on your own is hard, not on a analysis stand point, but on a emotion level. I did so many mistake because on my emotion!", "likes": 0, "published_at": "2021-06-03T19:14:07Z", "sentiment": -0.6136, "entities": []}, {"author": "@HonqueJones", "comment": "Rename the channel Beavis & Butthead. I'll be listening to the old man and putting Brandon on mute from now on. I suggest you do the same...", "likes": 0, "published_at": "2021-06-03T19:13:31Z", "sentiment": 0.0, "entities": ["Beavis & Butthead"]}, {"author": "@pholsenaphommaseng4741", "comment": "Are you filming in a liquor store? Great content!", "likes": 9, "published_at": "2021-06-03T19:12:45Z", "sentiment": 0.6588, "entities": []}, {"author": "@dddborba", "comment": "Could you comment on services such as Morningstar, The Motley Fool and/or stock screeners? If they are reliable and if so, which ones you consider the best ones?", "likes": 1, "published_at": "2021-06-03T19:08:49Z", "sentiment": 0.3939, "entities": []}, {"author": "@BubbleGumPlant", "comment": "Deciding to hire an advisor is like deciding on whether or not to hire an accountant to do your taxes. The more complicated your portfolio is, the more value your advisor will be able to provide you, such as tax efficiencies. If you\u2019re simply buying index ETFs, no need for an advisor. If you own a business, have multiple properties in real estate, trade heavily in crypto and have a spouse who will be divorcing you in the near future, then absolutely hire an advisor. Or if you are someone who doesn\u2019t even want to bother taking one hour to learn the basics of finance, - what is a TFSA, when to utilize RRSP, etc. then an advisor would be helpful.", "likes": 0, "published_at": "2021-06-03T19:00:38Z", "sentiment": 0.7425, "entities": ["RRSP"]}, {"author": "@beardpapiworld", "comment": "The alcoholic investor lol", "likes": 0, "published_at": "2021-06-03T18:58:15Z", "sentiment": 0.4215, "entities": []}, {"author": "@COLTATRON", "comment": "I completely agree that guidance, accountability and strategy is the primary value.  It\u2019s not a bad idea to have a \u201cfun\u201d account you manage separately, but you have to have clear boundaries.", "likes": 0, "published_at": "2021-06-03T18:52:32Z", "sentiment": 0.7858, "entities": []}, {"author": "@lucafigueiredo6005", "comment": "We need more of marc on the channel his value from just his experience is worth tenfold", "likes": 49, "published_at": "2021-06-03T18:50:16Z", "sentiment": 0.5106, "entities": []}, {"author": "@jordanj.5681", "comment": "I wanted to dislike this guy because of bad experience I\u2019ve had with slimy advisors in the past but he seems like a good dude you can tell he genuinely wants to help people.", "likes": 17, "published_at": "2021-06-03T18:48:13Z", "sentiment": 0.8225, "entities": []}, {"author": "@308bar", "comment": "The backdrop has me mesmerized, didn't hear a word you said because the liquor bottles in the background were screaming DRINK ME!  My liver just died a little just looking at liquor.  We need a walk-through of your stash and what's your fave for the next video.  Lol.   Thanks Mark for the review.  Lots to consider.", "likes": 2, "published_at": "2021-06-03T18:47:04Z", "sentiment": 0.4003, "entities": []}, {"author": "@sergest-pierre6160", "comment": "thanks,  I'm near retirement and I will find a financial adviser to confirm or modified my plan.", "likes": 2, "published_at": "2021-06-03T18:37:12Z", "sentiment": 0.4404, "entities": []}, {"author": "@YaHussain03", "comment": "You have to do your own research prior to choosing an advisor. I've been through multiple advisors and most of them couldn't answer basic questions I had about investing. Majority of the time they'd just recommend a split investment between a few mutual funds.\n\nQuestion: When you were talking about making a catastrophic mistake as an investor, can you provide an example?\n\nGenerally, if you have a mix of low/mid risk ETFs in which you're DCA into, what is the scenario where there could be a large risk? Or where do you see that an advisor could add value in this scenario?", "likes": 1, "published_at": "2021-06-03T18:34:44Z", "sentiment": -0.6641, "entities": []}, {"author": "@psemchuk", "comment": "Great advice thanks very much. When do you expect to do the next installment?", "likes": 0, "published_at": "2021-06-03T18:33:33Z", "sentiment": 0.7906, "entities": []}, {"author": "@eun7496", "comment": "You are so great! Thank you for the great information ~ I did my retirement accounts with financial planner and small portion tfsa with questrade as well! ^^ can\u2019t wait for the next content.", "likes": 3, "published_at": "2021-06-03T18:24:19Z", "sentiment": 0.9512, "entities": []}, {"author": "@ericratynski", "comment": "I love the \u201cif you are young\u201d segment. I made a mistake in March of 2020 by not diversifying my portfolio. I felt like the biggest idiot but my dad reassured me that I\u2019m young and that if you understand the mistake you can fix it and prevent it from happening again. I still have long time of investing ahead of me and have not made the same mistake since. On the rebuild lol.", "likes": 7, "published_at": "2021-06-03T18:20:09Z", "sentiment": 0.4019, "entities": []}, {"author": "@BONKOYT", "comment": "$1000 or blowing up my house? I think I'll take my chances and put my $1000 into doge, thanks Marc. \ud83d\ude02", "likes": 0, "published_at": "2021-06-03T18:15:09Z", "sentiment": 0.5719, "entities": []}, {"author": "@jmanhappylife7350", "comment": "I was using TD bank for my investments but they were changing me 2.3% in fees for very little service. I now have a good accountant and learned all about investing myself. My investments are up 13% and my manage fees are very low because I moved from the TD bank. I am willing to do the research and read many books. It is good to  get help but don't go in with no knowledge about your money. Being in control of your money is the most important thing. Knowledge is power. I really enjoy your videos, keep up the great work.", "likes": 10, "published_at": "2021-06-03T17:54:27Z", "sentiment": 0.9656, "entities": ["TD", "TD"]}, {"author": "@karinebale4889", "comment": "I am 21 and going to school full time so I am comfortable with DIY investing. When I start working full time and really saving for retirement I\u2019ll for sure get an advisor for peace of mind. I am looking forward to your video on how to choose an advisor!!", "likes": 0, "published_at": "2021-06-03T17:51:42Z", "sentiment": 0.8739, "entities": ["DIY"]}, {"author": "@Slickpete83", "comment": "*main problem is most advisors want to stick people into Mutual funds instead of cheaper ETF's that do the same thing*", "likes": 5, "published_at": "2021-06-03T17:48:16Z", "sentiment": -0.2782, "entities": []}, {"author": "@white12345678", "comment": "Marc, that\u2019s about the best explanation I have ever heard for a financial advisor. But next question, how do you find a good one? And should you seek one at the Big Banks or something like Freedom55 or Manulife?", "likes": 14, "published_at": "2021-06-03T17:46:44Z", "sentiment": 0.8767, "entities": ["the Big Banks"]}, {"author": "@anne-mariel3256", "comment": "Marc are you an 'adviser'? thank you for your expertise videos!!! I had a planner before but they were only investing in Mutual Funds...and just put the money there and I lost so much when Covid hit...so I placed my $ in self-directing now. I have Questrade from Brandon's link.", "likes": 0, "published_at": "2021-06-03T17:39:09Z", "sentiment": -0.4724, "entities": []}, {"author": "@brinehamiltonchpa6992", "comment": "Great balanced explanation Marc. Personally I have RRSPs from my previous employment that have been managed by a professional I trust for 3 years. Recently I\u2019ve been using side accounts with Wealthsimple and Questrade in concert with the advice and teaching from this channel, the investment academy private group and lots of reading learn investing. As always Marc great video.", "likes": 0, "published_at": "2021-06-03T17:37:21Z", "sentiment": 0.91, "entities": ["Wealthsimple and Questrade", "the investment academy private group"]}, {"author": "@jerrywong2091", "comment": "Most of financial advisors provide mutual funds advise. Dividend and stocking picking need to do your own research. Both is always good in the end.", "likes": 0, "published_at": "2021-06-03T17:37:02Z", "sentiment": 0.4404, "entities": []}, {"author": "@abhinnaacharya8051", "comment": "ive just been counting how many bottles are in the back", "likes": 21, "published_at": "2021-06-03T17:28:05Z", "sentiment": 0.0, "entities": []}, {"author": "@sebside55", "comment": "Nice. Been wondering this", "likes": 0, "published_at": "2021-06-03T17:22:39Z", "sentiment": 0.4215, "entities": []}, {"author": "@beaviswealth", "comment": "\ud83d\udcc8\ud83d\udcda As always, if you're a beginner to the Stock Market in Canada and you're looking for a step-by-step blueprint on how to get started... Find out more about our Investing Academy here - https://bit.ly/theinvestingacademy", "likes": 5, "published_at": "2021-06-03T17:22:17Z", "sentiment": 0.0, "entities": ["the Stock Market", "Investing Academy"]}]