[{"author": "@winforyou4630", "comment": "Thank you for the succinct summary of the situation and interpretation. Happy New Year!", "likes": 0, "published_at": "2024-01-12T23:04:08Z", "sentiment": 0.7574, "entities": []}, {"author": "@titchglover2601", "comment": "how well do you think TD will do to recover?", "likes": 0, "published_at": "2024-01-12T01:48:35Z", "sentiment": 0.2732, "entities": []}, {"author": "@steevengingras4087", "comment": "With the amount of debt Trudeau has created the rates are not going down anytime soon.", "likes": 0, "published_at": "2024-01-12T01:27:29Z", "sentiment": -0.128, "entities": []}, {"author": "@tidy", "comment": "All banks hide anything that doesn't put them in the best light!", "likes": 0, "published_at": "2024-01-11T19:32:29Z", "sentiment": 0.5848, "entities": []}, {"author": "@svenhodaka9145", "comment": "TD. I\u2019m looking to add to my position and at <$81.60 that\u2019ll be a 5% yield.\ud83d\udc4d", "likes": 4, "published_at": "2024-01-11T06:54:34Z", "sentiment": 0.0, "entities": ["TD"]}, {"author": "@Kevin_Street", "comment": "Thanks for the new video! Hope you had a nice holiday.\n\nIt's disturbing that TD may have gotten mixed up with money laundering in the US, but hopefully the allegations only involve their American subsidiaries and don't involve anything back home.\n\nI wonder if the SEC hacker had any Bitcoin to sell? They could've made a lot of money from that one hack.", "likes": 3, "published_at": "2024-01-11T06:15:05Z", "sentiment": 0.8096, "entities": ["TD", "SEC"]}, {"author": "@LivingTheLifeRetired", "comment": "Great summary, love the show. Thank you.", "likes": 2, "published_at": "2024-01-11T04:43:46Z", "sentiment": 0.8957, "entities": []}, {"author": "@matthewnaraine4490", "comment": "thanks for the updates Marc. could you please share the source for the stat about uranium import from Kazakhstan discussed at 6:50?", "likes": 1, "published_at": "2024-01-11T04:34:34Z", "sentiment": 0.7506, "entities": []}, {"author": "@eun7496", "comment": "Thank you! I was wondering why td down too much today..", "likes": 5, "published_at": "2024-01-11T04:16:51Z", "sentiment": 0.4199, "entities": []}, {"author": "@Jake-iv6xi", "comment": "Thanks for the update Marc, it\u2019s always appreciated.", "likes": 3, "published_at": "2024-01-11T02:55:18Z", "sentiment": 0.7351, "entities": []}, {"author": "@christiangilescg", "comment": "I appreciate the information you provided. This is a great incite into the markets current trend I was confused about \n\ud83c\udf89Currently watching td stocks \ud83c\udf89", "likes": 1, "published_at": "2024-01-11T00:08:09Z", "sentiment": 0.6705, "entities": ["\ud83c\udf89"]}]