[{"author": "@joeypeteza3554", "comment": "HAHA words of wisdom my buddy lives out there and ya she\u2019s planning to move back to our province so she can afford her own house cuz I was talking to her about my plans in the next couple of years about owning my first home", "likes": 0, "published_at": "2024-01-10T14:51:10Z", "sentiment": 0.7983, "entities": []}, {"author": "@InvestInFrench", "comment": "Agree with his tips ;)", "likes": 1, "published_at": "2023-07-16T17:50:52Z", "sentiment": 0.5267, "entities": []}]