[{"author": "@beaviswealth", "comment": "Do you agree with my thoughts? Also, leave a comment down below with the stocks you are looking to buy during this crash! Thanks for watching :D\n\n\n\ud83d\udcc8\ud83d\udcda As always, if you're a beginner to the Stock Market in Canada and you're looking for a step-by-step blueprint on how to get started... Find out more about our Investing Academy here - https://bit.ly/theinvestingacademy", "likes": 7, "published_at": "2020-04-03T17:26:29Z", "sentiment": 0.7506, "entities": ["the Stock Market", "Investing Academy"]}, {"author": "@shantosani", "comment": "Very beginner, not own any stock yet. What i am thinking, i do have $60,000 in my line of credit. I plan to buy CCL stock for $14/ share to the full amount of $60,000 and after 3 to 4 months i am sure share value double and goes around $28. Then i will sell of $60,000 value of share and pay off my PCL, whatever left in my stock are my profit. Does it not make sense Brandon? Answer me please...", "likes": 0, "published_at": "2020-08-22T12:53:40Z", "sentiment": 0.9413, "entities": ["CCL", "PCL"]}, {"author": "@brybry111", "comment": "The thing is, as a long term investment buying these flight companies stock will eventually pay off and that's something we can be guaranteed of. Sure it'll be a rough patch for them starting up again but seeing stocks as low at 17 dollars it's a great time to buy a huge quantity knowing that after covid people are going to have this hankering for vacations and it's a very low risk investment and it doesn't necessarily have to be long term. This is a safe gamble for someone who wants quicker returns. Covid + flights lead us to one of the easiest predicaments in the stock trading world.", "likes": 1, "published_at": "2020-06-19T02:10:30Z", "sentiment": 0.8816, "entities": []}, {"author": "@JeanPhilippeFONG", "comment": "I've compiled opinions about AC-T From Reddit and Stockchase. https://stocksopinions.substack.com/p/opinion-about-air-canada-ac-t- If you have other interesting sources, please tell me \ud83d\ude00", "likes": 0, "published_at": "2020-05-20T02:43:52Z", "sentiment": 0.6124, "entities": []}, {"author": "@zamran100", "comment": "Brandon, can you plz explained W8 Bin how it works please. Should I fill out form and send it to my broker or tax personnel for US stock dividend", "likes": 0, "published_at": "2020-05-17T15:48:37Z", "sentiment": 0.3818, "entities": []}, {"author": "@affegorilla1299", "comment": "just bought more stock of air canada :)", "likes": 2, "published_at": "2020-04-24T20:13:02Z", "sentiment": 0.4588, "entities": ["air canada"]}, {"author": "@zaralovin", "comment": "How much would u guys invest in air Canada ?", "likes": 0, "published_at": "2020-04-17T14:35:50Z", "sentiment": 0.0, "entities": []}, {"author": "@welditful", "comment": "Superior plus or SPB is a pretty solid company with a consistent monthly dividend going back to 1996.", "likes": 0, "published_at": "2020-04-14T21:14:14Z", "sentiment": 0.8074, "entities": []}, {"author": "@GaryBiders", "comment": "I\u2019ve been looking at cineplex (Cgx), cedar fair (FUN) and Scotiabank (BNS). The first two have taken a big hit but could start looking up if things stabilize by early summer. All three pay good dividends. Perhaps someone has a more experienced view of it though", "likes": 0, "published_at": "2020-04-14T15:41:28Z", "sentiment": 0.5994, "entities": ["FUN", "Scotiabank", "BNS"]}, {"author": "@sc3639", "comment": "I bought AT  at $14 and then sold it when it jumped to $21.  I might buy in if it drops again but it wouldn't be something that I would want to hold long term.", "likes": 1, "published_at": "2020-04-12T03:37:57Z", "sentiment": 0.1154, "entities": []}, {"author": "@XavierCarpenterMTL", "comment": "How much will it cost to sell stock when it\u2019s time to sell?? 52% if the gains are over 1000$?? I\u2019m a noob and as a Canadian should I invest in US stock? Is there fees? Exchange rate it bad...", "likes": 0, "published_at": "2020-04-11T02:13:49Z", "sentiment": 0.4871, "entities": []}, {"author": "@wii52", "comment": "What\u2019s your psn", "likes": 0, "published_at": "2020-04-10T05:20:16Z", "sentiment": 0.0, "entities": []}, {"author": "@INFJPhilosopher", "comment": "I was buying RCL heavy last month because I thought it was the best deal on the market. RCL was still a good deal in April, but CCL became a better deal because of how much it dropped so I took a position on CCL at the beginning of April. My cost basis per share for RCL is $33.61 and my cost basis per share for CCL is $8.28. When those stocks get back up to regular prices, I will be sitting pretty. \n\nI am looking at an 18% return on RCL and a 50% return on CCL right now. Of course, with the wild swings these stocks have been having, it could go back in the red very quick. If it does, I will happily buy more shares of each. If they don't go red again, I'll be looking at buying Activision, Microsoft, and Apple stock for the next few months assuming they stay at attractive prices.", "likes": 2, "published_at": "2020-04-07T14:51:11Z", "sentiment": 0.9839, "entities": ["RCL", "RCL", "CCL", "CCL", "RCL", "CCL", "RCL", "CCL", "Microsoft", "Apple"]}, {"author": "@nathanaeljiiihhhaaa8000", "comment": "Mowi, Mastercard,  McDonald, Bank of America, HeidelbergCement ....that\u00b4s what I\u00b4m buying right now.", "likes": 0, "published_at": "2020-04-07T07:15:38Z", "sentiment": 0.0, "entities": ["McDonald, Bank of America", "HeidelbergCement"]}, {"author": "@kalatitati8795", "comment": "To late right now", "likes": 0, "published_at": "2020-04-07T03:22:34Z", "sentiment": 0.0, "entities": []}, {"author": "@HBFamilyCanada", "comment": "Hi Brandon, thank you for your video. How do you evaluate Boeing stock? Also, ACB is still pretty low, but I am not sure if it will recover in the next 2 years.", "likes": 0, "published_at": "2020-04-07T02:21:21Z", "sentiment": -0.0369, "entities": ["Boeing", "ACB"]}, {"author": "@iliyashtukater8038", "comment": "What do you think about CHR?", "likes": 0, "published_at": "2020-04-06T12:59:36Z", "sentiment": 0.0, "entities": ["CHR"]}, {"author": "@the-zodiac8235", "comment": "Value stock Cocacola  best brand out there", "likes": 0, "published_at": "2020-04-06T08:41:25Z", "sentiment": 0.765, "entities": []}, {"author": "@amaurycaraballo1254", "comment": "Eres un \u00f1emo, los sectores para inverir ahora es tecnolog\u00eda. No hablaste de nada que no se sepa. Todo esto es especulaci\u00f3n. Miren las gr\u00e1ficas! Este es um payaso!", "likes": 0, "published_at": "2020-04-06T04:11:20Z", "sentiment": -0.6103, "entities": ["un", "los sectores"]}, {"author": "@amaurycaraballo1254", "comment": "Tu eres un \u00f1emo! Hablaste \u00f1o\u00f1a y no dijiste nada que no se sepa.", "likes": 1, "published_at": "2020-04-06T04:03:10Z", "sentiment": -0.5707, "entities": ["un"]}, {"author": "@christophercapuno401", "comment": "What\u2019s up Brandon. What do you think about the following. I have my eyes on these ones. \nNew flyers(NFI)\nLightspeed pos (LSPD)\nSmartcentre(SRU)\nBrookfield asset(BAM)\nRestaurant brand international (QSR)", "likes": 1, "published_at": "2020-04-05T17:46:59Z", "sentiment": 0.0, "entities": ["Restaurant"]}, {"author": "@TvbLOVER1", "comment": "Did someone say Tesla?", "likes": 1, "published_at": "2020-04-05T15:50:22Z", "sentiment": 0.0, "entities": []}, {"author": "@kurthacks854", "comment": "NFI is part of the transportation sector....is this a great buy?? I invested a lot when it was below $10 recently based on your videos and the Dividends...", "likes": 3, "published_at": "2020-04-05T05:59:05Z", "sentiment": 0.7379, "entities": ["NFI"]}, {"author": "@JosueDavidAguilar", "comment": "People always flight! This new generations loves to travel. So!!!", "likes": 1, "published_at": "2020-04-05T00:30:07Z", "sentiment": 0.7067, "entities": []}, {"author": "@atown71", "comment": "I bought some HOT.UN.TO\nCanadian hotel REITs as my little gamble buy", "likes": 4, "published_at": "2020-04-05T00:02:52Z", "sentiment": 0.0, "entities": []}, {"author": "@og1689", "comment": "I TRIED TO LINK TO YOUR TRAINING VIDEO, BUT IT DID NOT FUNCTION.  CAN YOU SEND THAT LINK TO ME", "likes": 1, "published_at": "2020-04-04T21:59:58Z", "sentiment": 0.0, "entities": []}, {"author": "@og1689", "comment": "That was very good advice.  You sound like Warren Buffet.  THANKS.", "likes": 2, "published_at": "2020-04-04T21:58:06Z", "sentiment": 0.8529, "entities": []}, {"author": "@jayc4715", "comment": "Heres a few dollars in free stock.. sign up and join Robinhood using my link. https://join.robinhood.com/jordacc", "likes": 0, "published_at": "2020-04-04T21:18:55Z", "sentiment": 0.6705, "entities": []}, {"author": "@BenLeavitt", "comment": "What are your thoughts about investing in US stocks being from Canada with our dollar in such a bad position?", "likes": 29, "published_at": "2020-04-04T20:21:25Z", "sentiment": -0.5423, "entities": []}, {"author": "@ulysseperez4606", "comment": "I definitely agree with you Brandon completely!! I would never invest in theses companies. I'm getting back in Energy like CVE, SU etc. Lately it been going up!!", "likes": 2, "published_at": "2020-04-04T14:13:49Z", "sentiment": 0.8741, "entities": []}, {"author": "@frederickbleau4874", "comment": "TD is looking pretty good at these prices. I like the fact that they\u2019re expending in the states. Also, being canadian i like not having to pay the witholding tax from foreign dividend income. What do you guys think?", "likes": 10, "published_at": "2020-04-04T13:08:12Z", "sentiment": 0.8859, "entities": ["TD"]}, {"author": "@foodoverseascanada872", "comment": "excellent I want to learn", "likes": 1, "published_at": "2020-04-04T10:15:04Z", "sentiment": 0.6124, "entities": []}, {"author": "@ptredemy", "comment": "ups", "likes": 1, "published_at": "2020-04-04T09:18:55Z", "sentiment": 0.0, "entities": []}, {"author": "@antonius7300", "comment": "Do you think investing in Berkshire Hathaway can be considered better than investing in an ETF since it is managed by well known investor ?", "likes": 0, "published_at": "2020-04-04T05:48:08Z", "sentiment": 0.6124, "entities": []}, {"author": "@StonedViper", "comment": "Warren Buffet just ditched millions of his Delta airline stock. What that man sells isn't usually a good buy.", "likes": 0, "published_at": "2020-04-04T05:46:38Z", "sentiment": -0.3412, "entities": ["Delta"]}, {"author": "@glennmadison", "comment": "I\u2019m too deep into ccl (learning experience). I cant sale now, I\u2019m stuck in it. Ccl won\u2019t go bankrupt, however, I\u2019m gonna be waiting a long time to break even. EXIV is where I would put money. Or short volatility some how. Thanks for the video!", "likes": 2, "published_at": "2020-04-04T05:15:04Z", "sentiment": -0.4574, "entities": ["EXIV"]}, {"author": "@yewut", "comment": "Hey Brandon, what do you think about ONEX? They also own West Jet and I assume once this entire blow goes over travel will return and that will contribute to an increase in their stock price", "likes": 0, "published_at": "2020-04-04T05:03:41Z", "sentiment": 0.3182, "entities": ["ONEX"]}, {"author": "@jadengaming484", "comment": "I like many others invest in the Canadian market only, could you give us some Canadian picks?", "likes": 0, "published_at": "2020-04-04T04:59:21Z", "sentiment": 0.3612, "entities": []}, {"author": "@amitv4385", "comment": "How to make money \ud83d\udcb0 in short term ?? , long term even kids can tell what stocks to buy now", "likes": 0, "published_at": "2020-04-04T04:22:10Z", "sentiment": 0.0, "entities": ["\ud83d\udcb0"]}, {"author": "@MRZEROTOINFINITY", "comment": "So much uncertainty...interested to see when these bottom out...a retest may be coming. I prefer healthy balance sheets at this time!", "likes": 0, "published_at": "2020-04-04T02:25:26Z", "sentiment": 0.4574, "entities": []}, {"author": "@1chilbilly271", "comment": "If you don't plan on owning a stock then you shouldn't talk about a stock", "likes": 1, "published_at": "2020-04-04T02:18:57Z", "sentiment": 0.0, "entities": []}, {"author": "@1chilbilly271", "comment": "He will tell you about a bunch of stocks did you always lose money on them off he is like mush from the movie", "likes": 0, "published_at": "2020-04-04T02:17:22Z", "sentiment": -0.0516, "entities": []}, {"author": "@hugosmith6776", "comment": "45k in JJ\nBUT\nhedge on a bet you know will eventually comeback 5k (10%) on a sure thing.\n\nCCL\n\nAC sucks, CCL was hit by a relatively single event,  AC is terrible company in operations and transparency. (Bombardier>?)\nanything based out of east Canada is suspect.", "likes": 0, "published_at": "2020-04-04T01:51:05Z", "sentiment": -0.7494, "entities": ["CCL", "AC", "CCL", "AC"]}, {"author": "@ninaan9615", "comment": "DAL has gone down 12% after hour today! https://business.financialpost.com/pmn/business-pmn/berkshire-hathaway-sells-part-of-delta-southwest-airline-stakes", "likes": 0, "published_at": "2020-04-04T00:49:00Z", "sentiment": 0.0, "entities": ["DAL"]}, {"author": "@jacklaking", "comment": "Would you purchase these in tfsa or rrsp?", "likes": 0, "published_at": "2020-04-03T23:17:25Z", "sentiment": 0.0, "entities": []}, {"author": "@marksadler1689", "comment": "hurry up crash that junk and revamp it we pay way tooooo much in taxes hurry,godspeed..wwg1wga", "likes": 0, "published_at": "2020-04-03T22:58:53Z", "sentiment": -0.4767, "entities": []}, {"author": "@LDLefebvre", "comment": "Air canada will recover sooner than boat cruises. Gonna be a similar stock market move than the weed industry, it will get worst before it gets better but they will rebound in a shorter spawn of time - give it 4-5 months.", "likes": 0, "published_at": "2020-04-03T21:40:58Z", "sentiment": -0.1531, "entities": ["Air canada"]}, {"author": "@PositiveInvesting", "comment": "Completely agree with your thoughts here Brandon. If I was starting a portfolio today - Carnival would not be one I\u2019d be buying. However, as you may know I did pick up Carnival recently - and it\u2019s a tiny portion of my portfolio - which many people seem to overlook!", "likes": 2, "published_at": "2020-04-03T21:25:30Z", "sentiment": 0.474, "entities": ["Carnival"]}, {"author": "@deanoudhini7292", "comment": "bought more Brookfield BPY today!", "likes": 0, "published_at": "2020-04-03T21:08:31Z", "sentiment": 0.0, "entities": []}, {"author": "@CaramelSauce24", "comment": "Great insights and advice as always. Thank you Brandon", "likes": 0, "published_at": "2020-04-03T21:00:57Z", "sentiment": 0.765, "entities": []}, {"author": "@henjer2150", "comment": "Hey Mr. Brandon,So i'm looking to buy some american stocks.I do have questrade. I currently have an RRSP with rbc. Would I be able to open another RRSP with Questrade,if so should it be regestered or self directed would there be more fees with one or the other????  Thanks..... Toronto Ont.", "likes": 0, "published_at": "2020-04-03T20:49:06Z", "sentiment": 0.0, "entities": ["RRSP", "RRSP with Questrade"]}, {"author": "@victoriahouston4275", "comment": "Great video! I've seen you talked about United Technologies in a lot of your other vids - I'd love to see your thoughts on the merger w Raytheon!", "likes": 0, "published_at": "2020-04-03T20:29:08Z", "sentiment": 0.9133, "entities": ["United Technologies", "Raytheon"]}, {"author": "@scottscriticalmass", "comment": "Excellent video Brandon... You hit it right on the head when you said \"where is the best place to invest our money\", in relation to risk/reward. \u00a0I think a video on risk/reward would be a good lesson for the masses.  \n\nWith cruise lines, many are assuming everything will go back to normal once we're through this health crisis.  The new normal doesn't have to be like the old normal and most likely it won't be IMO.  Case in point, Carnival raised funds earlier this week to help keep them afloat.  If I'm not mistaken, the bond they issued was a 4-year note for $4 Billion with a 12% interest rate. That $4 Billion being borrowed will result in $6.5 Billion owed after 4 years.  If that's the best CCL could do, that hole they're digging is only going to get deeper.  No thanks!\n\nAirlines face many of the same challenges as the cruise industry, but there's one huge difference.  Airlines serve a purpose that's needed, so I'd definitely buy an airline stock prior to a cruise related stock.  I say this having never owned an airline in my portfolio.  I'm guessing my streak will continue.  Why?  It's not 'the best place to invest my money'.  That right there, is a full circle comment my friend.\n\nBTW... Love the stocks you're looking at.  I hold 4 of the 5 in my portfolio, with MCD being the one missing.\n\nHope you feel better soon!", "likes": 4, "published_at": "2020-04-03T20:18:06Z", "sentiment": 0.9917, "entities": ["Carnival", "CCL", "MCD"]}, {"author": "@swingtradeangel6721", "comment": "I am staying away from cruise lines right now. Makes no sense to invest in them until at least when they restart operating again.", "likes": 1, "published_at": "2020-04-03T19:39:25Z", "sentiment": -0.296, "entities": []}, {"author": "@anne-mariel3256", "comment": "I would buy PG everyone shave and brush their teeth\u2019s.  Not everyone go on cruise or can afford it.", "likes": 1, "published_at": "2020-04-03T19:34:45Z", "sentiment": 0.0, "entities": []}, {"author": "@kurts3779", "comment": "Just bought Enbridge and Suncor", "likes": 6, "published_at": "2020-04-03T19:26:15Z", "sentiment": 0.0, "entities": ["Enbridge", "Suncor"]}, {"author": "@DeepfriedBaby", "comment": "CCL is only fluctuating because of all the options traders, and the buy the dip simps.", "likes": 0, "published_at": "2020-04-03T19:14:37Z", "sentiment": 0.0, "entities": ["CCL"]}, {"author": "@CollectiveBusiness", "comment": "I think that Air Canada (AC) is a no brainer, it\u2019s a workhorse for the government and they will always support it. Great content as Always! You\u2019ve inspired me, a fellow Canadian to start a YouTube channel on personal finance & investing and I am loving it so far! Come checkout out", "likes": 16, "published_at": "2020-04-03T19:08:54Z", "sentiment": 0.9229, "entities": ["Air Canada", "AC", "YouTube"]}, {"author": "@veetour", "comment": "Biotech company for the homerun! Once they develop a vaccine they\u2019re gonna rocket! /s", "likes": 0, "published_at": "2020-04-03T19:04:48Z", "sentiment": 0.0, "entities": []}, {"author": "@hobbies222", "comment": "amazon johnson and johnson will and safe companies stock will pop if the united states heads into a depression", "likes": 1, "published_at": "2020-04-03T19:04:01Z", "sentiment": 0.4019, "entities": []}, {"author": "@familydinner1", "comment": "Did i accidentally share my google doc with you haha.  Those are my top 2 companies i'm looking at.  I actually bought CCL at 9.30 and sold at 16 already so waiting to load up again.   JETS ETF baby!", "likes": 0, "published_at": "2020-04-03T19:03:12Z", "sentiment": 0.5983, "entities": ["CCL"]}, {"author": "@mikeb5030", "comment": "Loading on AC for sure. Looking to enter at 10.50", "likes": 3, "published_at": "2020-04-03T18:50:31Z", "sentiment": 0.3182, "entities": []}, {"author": "@nickstark8479", "comment": "All I want to do is own 100 shares of Royal Carribean so that I can receive more on board credit for when we travel every year \ud83e\udd23", "likes": 1, "published_at": "2020-04-03T18:30:11Z", "sentiment": 0.6557, "entities": ["Royal Carribean"]}, {"author": "@teetotum4583", "comment": "Hey man, thanks for the great info! This may be a stupid question, but I am wondering about purchasing US stocks, like the ones you mentioned in the video. Since the Canadian dollar is down compared to the US dollar right now, isn't this going to significantly decrease earnings from US stocks, assuming that the Canadian dollar is likely to increase again over time. I don't currently have any USD in my account so if I convert funds to USD right now, I will have less USD to purchase stocks. As the Canadian dollar increases again against the US dollar, I will automatically lose money as a result of the exchange, even if the value of the stock remains the same. Do you think it is risky to convert money to USD to buy US stocks right now, or will the difference in the exchange rate not matter so much over the long term? Curious to hear your thoughts...", "likes": 12, "published_at": "2020-04-03T18:29:08Z", "sentiment": 0.8394, "entities": ["USD"]}, {"author": "@BreakorBailTrading", "comment": "Carnival Cruise secured about 4 bill that'll last them through this pandemic but I think it'll take quite a while for it to go back up because of that 12% yield and don't think people will jump on cruises right away even after all this is over.", "likes": 2, "published_at": "2020-04-03T18:25:07Z", "sentiment": 0.2144, "entities": ["Carnival Cruise"]}, {"author": "@smithjan1409", "comment": "My friend you work hard, but you are speaking randomly. Like if you wanna buy Air Canada go head it\u2019s good for some people and it\u2019s not for some. It\u2019s gambling the way you telling us. \nComparing is very good method, how much a company is owing money and how much was earning, stuff like that. \nI checked Boing and Air Canada. Air Canada has a lot cash, but Boing already ran out of money. It\u2019s my opinion my friend", "likes": 0, "published_at": "2020-04-03T18:22:50Z", "sentiment": 0.9657, "entities": ["Air Canada", "Comparing", "Air Canada", "Air Canada"]}, {"author": "@Amedeus1975", "comment": "BA all the way, eventually airlines will need a new fleet one day.", "likes": 1, "published_at": "2020-04-03T18:16:12Z", "sentiment": 0.0, "entities": []}, {"author": "@funitoo", "comment": "I should probably be following the advice in this video but instead I bought Tesla, Uber, Nio and Carnival. Not worried about Tesla but the other ones do have me worried and thinking if I made the right choice.", "likes": 0, "published_at": "2020-04-03T18:09:20Z", "sentiment": 0.5667, "entities": ["Tesla", "Uber, Nio and Carnival", "Tesla"]}, {"author": "@daws5552", "comment": "Today I sold 18 shares of  Activision blizzard at  $60. I bought them last year at $45.", "likes": 1, "published_at": "2020-04-03T18:07:35Z", "sentiment": 0.296, "entities": []}, {"author": "@mbv4656", "comment": "The Government will never let Air Canada collapse....  the impact on the Canadian economy will be terrible as there is few competition..... AC is a good stock, it will recover very quickly", "likes": 46, "published_at": "2020-04-03T17:58:40Z", "sentiment": -0.0516, "entities": ["Air Canada", "AC"]}, {"author": "@CaseyBurnsInvesting", "comment": "3:45 Rona \ud83d\ude33\n\n*puts sanitizer into ears*", "likes": 11, "published_at": "2020-04-03T17:58:00Z", "sentiment": 0.0, "entities": []}, {"author": "@diverse_insightt.o6499", "comment": "Bought AC it at 12.52 average and sold at 18.50 some time last week took profit to buy dividends stocks planning to buy again if it hits 10 then will hold for a long term hold", "likes": 0, "published_at": "2020-04-03T17:57:12Z", "sentiment": 0.4404, "entities": ["Bought AC"]}, {"author": "@NicksTaxes", "comment": "Think things get worse before they get better BUT.... I also don\u2019t want to miss the upswing waiting for another downturn. I like your thought \u201cwhere is the best place to deploy my money right now\u201d", "likes": 1, "published_at": "2020-04-03T17:56:12Z", "sentiment": 0.7351, "entities": []}, {"author": "@chrisjones9041", "comment": "what do you think about these companies they pay good dividend \n\nCanadian Tire\nCanadian Natural Resources\nTelus\nBCE Inc.\nCanadian National Railway\nEnbridge\nCanada Goose\nFortis Inc.\nCanadian Pacific Railway", "likes": 1, "published_at": "2020-04-03T17:51:05Z", "sentiment": 0.6124, "entities": ["Canadian Natural Resources", "BCE Inc.", "Canadian National Railway\nEnbridge", "Fortis Inc.", "Canadian Pacific Railway"]}, {"author": "@jackr332", "comment": "Great content Brandon!", "likes": 0, "published_at": "2020-04-03T17:49:57Z", "sentiment": 0.6588, "entities": []}, {"author": "@turbofanlover", "comment": "Good vid.  I definitely plan to buy some AC stock at some point, this year.  Pretty much a no-brainer, IMO.", "likes": 1, "published_at": "2020-04-03T17:48:24Z", "sentiment": 0.8316, "entities": ["AC", "IMO"]}, {"author": "@HMONYE", "comment": "I put some position on XOM and disney, what's your opinion on those stocks?", "likes": 0, "published_at": "2020-04-03T17:46:26Z", "sentiment": 0.0, "entities": ["XOM"]}, {"author": "@leomykolenko4972", "comment": "500 shares of AC at 14.50\nThinking about Canadian Tire.", "likes": 5, "published_at": "2020-04-03T17:41:01Z", "sentiment": 0.296, "entities": ["AC", "Thinking"]}, {"author": "@ivan011093", "comment": "hey brandon! love your videos man! i was wondering if you could do a video on 3 to 5 stocks in the canadian market that would be of interest to purchase during this period of time. Also more personal is I have Suncor stocks in my portfolio and its dipped a lot , should i go in more? Or do you think the oil situation will settle soon? thanks !", "likes": 6, "published_at": "2020-04-03T17:36:31Z", "sentiment": 0.9069, "entities": ["Suncor"]}, {"author": "@SAMBA10", "comment": "Couldn\u2019t let Air Canada go for that cheap,  like you said the government will definitely not let them go under and they\u2019ll be back up and running sooner than later", "likes": 2, "published_at": "2020-04-03T17:36:02Z", "sentiment": 0.6369, "entities": ["Air Canada"]}, {"author": "@Dave004", "comment": "i bought some AC way to early around $30 so thats going to be a long wait. But bought some cheap US hotel stock that should recover and likely double in 1-2 years.", "likes": 1, "published_at": "2020-04-03T17:35:31Z", "sentiment": 0.0, "entities": ["AC"]}, {"author": "@nem8685", "comment": "I\u2019m looking at TXRH, SBUX and TD.TO", "likes": 0, "published_at": "2020-04-03T17:30:53Z", "sentiment": 0.0, "entities": ["TXRH"]}]