[{"author": "@beaviswealth", "comment": "\ud83d\udcc8\ud83d\udcda As always, if you're a beginner to the Stock Market in Canada and you're looking for a step-by-step blueprint on how to get started... Find out more about our Investing Academy here - https://bit.ly/theinvestingacademy\n\nThanks for watching! :D", "likes": 9, "published_at": "2020-11-09T14:03:21Z", "sentiment": 0.8034, "entities": ["the Stock Market", "Investing Academy"]}, {"author": "@lindatsui1210", "comment": "Please do a deep analysis of any stocks you recommend. I mean intrinsic value and not go by the morning star. Without correct intrinsic value, we do not really know whether or not we should enter the stocks. Thank you.", "likes": 0, "published_at": "2021-02-17T04:04:24Z", "sentiment": 0.8779, "entities": []}, {"author": "@felippelp4567", "comment": "I am from Brazil, and I have a doubt , Is possible to invest in Canada from Brazil ? How congratulations for your channel!!", "likes": 0, "published_at": "2021-02-05T15:56:35Z", "sentiment": 0.4559, "entities": []}, {"author": "@ameralhalawani6310", "comment": "Hi, how about Converge Technology? CTS. I think it's undervalued and has a promising future. What do you think?", "likes": 0, "published_at": "2021-01-24T17:01:30Z", "sentiment": 0.4696, "entities": []}, {"author": "@otcisthepoormansoptions7225", "comment": "my fav candadian OTC stocks here, discord.gg/yzvvQmD6ca.   thousands of cool investors as well! please do a video on Parcel Pal", "likes": 0, "published_at": "2021-01-11T16:07:22Z", "sentiment": 0.8398, "entities": []}, {"author": "@bobbywinger6741", "comment": "My first time seeing your videos , great job bro !! Have you ever covered Algonquin power & utilities ? That and Enbridge are my 2 favourite stocks but I like AQN more , more room for growth. Cheers", "likes": 1, "published_at": "2020-12-27T21:28:43Z", "sentiment": 0.9363, "entities": ["Algonquin power & utilities", "Enbridge", "AQN"]}, {"author": "@Mattoilers97", "comment": "Why did air canada stock raise so fast then drop", "likes": 0, "published_at": "2020-12-27T00:34:48Z", "sentiment": -0.3321, "entities": ["air canada stock raise"]}, {"author": "@nevillejames2200", "comment": "Hey Brandon love the video what is your thoughts on Zoom?", "likes": 0, "published_at": "2020-12-25T08:15:24Z", "sentiment": 0.6369, "entities": []}, {"author": "@nevillejames2200", "comment": "Great detail and thoughtful video", "likes": 0, "published_at": "2020-12-25T07:30:06Z", "sentiment": 0.7717, "entities": []}, {"author": "@dax.outdoors", "comment": "$RVV $BABY $HIVE $WELL $CNQ up huge with my current portfolio", "likes": 0, "published_at": "2020-12-24T14:41:25Z", "sentiment": 0.3182, "entities": ["RVV"]}, {"author": "@anastasiab8173", "comment": "Is ENB going up? It's great to have nice dividend,  but what's the point if the stock price drops", "likes": 0, "published_at": "2020-12-19T21:39:54Z", "sentiment": 0.5346, "entities": []}, {"author": "@jfrunnerCanada", "comment": "OMG so glad I found your channel!\nI am 48 yo and you think like me!\nSame philosophy, same advice (go to casino and play red at roulette instead of gambling \ud83d\ude02\ud83d\ude05)\nI have managed my stocks since 1998... made mistakes too... \nthe last 10 years my yearly average is 12.3%... and my portfolio is close to 1.5 m $ now...\nI love banks, BCE, like you... and dividends!\nGood luck and I\u2019ll start following all your videos from Montreal!\n\nOver the past 25 years, I have learned that to be a good investor, you have to learn from your mistakes (learning from other people's mistakes is even better!)\n...but above all, you have to apply this recipe:\nA bit of guts, a touch of madness, a hint of luck, a lot of patience, a dose of humility and hindsight, good timing, open-mindedness, intellectual curiosity and of course, a minimum of knowledge... that's it!\n\ud83d\ude03\ud83d\ude03", "likes": 1, "published_at": "2020-12-17T14:07:00Z", "sentiment": 0.974, "entities": ["BCE"]}, {"author": "@everettlin1584", "comment": "Hi Brandon, thanks for the video! That was really informative. I was wondering which resource/website you used to find the dividend history for the Enbridge stock?", "likes": 0, "published_at": "2020-12-16T00:40:54Z", "sentiment": 0.4926, "entities": ["Enbridge"]}, {"author": "@danielsugano5801", "comment": "What is your thought on Eat Beyond Global Holdings? Thanks", "likes": 0, "published_at": "2020-12-13T04:40:42Z", "sentiment": 0.4404, "entities": ["Eat Beyond Global Holdings"]}, {"author": "@mikeb1960", "comment": "QSR is shit due to management IMO.", "likes": 0, "published_at": "2020-12-11T11:51:50Z", "sentiment": -0.5574, "entities": ["IMO"]}, {"author": "@bpricey6592", "comment": "Aye shoutout LA chicken \ud83d\ude02 #vancity", "likes": 1, "published_at": "2020-12-08T19:06:59Z", "sentiment": 0.0, "entities": ["Aye"]}, {"author": "@alangali941", "comment": "How do u find the fair projection on morning star", "likes": 1, "published_at": "2020-12-06T17:27:48Z", "sentiment": 0.3182, "entities": []}, {"author": "@pinkcichlid", "comment": "Bought all 3 of these stocks between Oct and Nov, just found your video today -_-' ...Great minds think alike \ud83d\ude01 I'm not going to hold BCE after the dividend, because I also bought a Huge amount of Telus around the same time, and my personal telecomm % target's a little over reached. Energy can't be a dead industry, however the energy's generated, we need energy to Live!", "likes": 0, "published_at": "2020-12-05T03:57:32Z", "sentiment": 0.8439, "entities": ["BCE", "Huge"]}, {"author": "@ClayLud", "comment": "B2, do you focus on Book Value per share, EPS...where do you get your companies ratio information from?  I don't like using price targets. My fav is the book value to know what the stock value is if the company is to liquidated.  I like the pick on the restaurant company. Nice", "likes": 0, "published_at": "2020-12-02T19:55:07Z", "sentiment": 0.8744, "entities": ["EPS"]}, {"author": "@DudeItsJag", "comment": "I already own 2/3 of these companies and coincidentally they\u2019re the only two stocks in my portfolio that are in the red but definitely not selling", "likes": 0, "published_at": "2020-11-28T01:27:26Z", "sentiment": 0.5499, "entities": []}, {"author": "@mikeb5030", "comment": "Sold enbridge and bought in BEPC.TO. I believe renewable energy will be massive within the next decade.", "likes": 0, "published_at": "2020-11-27T00:41:50Z", "sentiment": 0.2732, "entities": ["BEPC.TO"]}, {"author": "@imbeaug74", "comment": "Love Enbridge and be adding it for years.", "likes": 1, "published_at": "2020-11-26T19:26:56Z", "sentiment": 0.6369, "entities": ["Love Enbridge"]}, {"author": "@danielionanov5620", "comment": "I grew 40% in 2 weeks with my energy stocks, so I love them for sure", "likes": 6, "published_at": "2020-11-23T22:49:03Z", "sentiment": 0.8357, "entities": []}, {"author": "@homann638", "comment": "QSR payout ratio is around 111%. isn't that a red flag? and a reason for the low share price? Dividends were increased aggressively in the last 5 years and I am not sure if they can maintain it at these levels if the pandemic situation doesn't improve.", "likes": 0, "published_at": "2020-11-23T04:14:21Z", "sentiment": -0.5897, "entities": []}, {"author": "@TheJoeMoneyShow", "comment": "buy ENS.TO", "likes": 0, "published_at": "2020-11-22T19:37:53Z", "sentiment": 0.0, "entities": []}, {"author": "@Soothsayer210", "comment": "I don't know if you have thought about Elon Musk's Starlink. I thought that might have a DIRECT impact on Bell, Rogers and Tellus customer base in just about a copule of years.\nAlso there will be a lot of starded assets in Fossil Fuels (Embridge) with the rise renewables and the need for the world to move away from Fossil Fules.", "likes": 0, "published_at": "2020-11-19T13:48:14Z", "sentiment": 0.1779, "entities": ["Bell"]}, {"author": "@yakchimaev9972", "comment": "Exro technologies is the stock to get  into", "likes": 0, "published_at": "2020-11-18T18:58:00Z", "sentiment": 0.0, "entities": []}, {"author": "@hikerjim8803", "comment": "their chicken sandwich is really good, happy that Canada finally has it. Let's hope those Tim's sales improve", "likes": 0, "published_at": "2020-11-18T14:26:53Z", "sentiment": 0.9181, "entities": []}, {"author": "@bobcaleb3580", "comment": "Love this,just some more tips for beginners investors:\n\n1) Don't try and predict the market. There are people that get paid huge sums of money to do so for a living.\nthey have inside inform you or I do not. Even then,they are often wrong.\n\n2) Play the long game. On an average you will make at least 8% per year on an index funds like the S&P500 or FTSE 100", "likes": 17, "published_at": "2020-11-18T10:11:57Z", "sentiment": 0.8074, "entities": ["S&P500", "FTSE"]}, {"author": "@joshsmith6794", "comment": "Energy is a really good investment in this pandemic I would say, I recently invested in suncore (SU) at $14.62 and they are currently trading at $19.97. Planes being out of the sky and less cars on the road I think energy is a super smart investment.", "likes": 2, "published_at": "2020-11-18T02:01:04Z", "sentiment": 0.9184, "entities": []}, {"author": "@millomillo487", "comment": "Hey how do you do your research ?", "likes": 0, "published_at": "2020-11-17T21:28:59Z", "sentiment": 0.0, "entities": []}, {"author": "@j.p.6228", "comment": "U gotta think, if Elon eventually comes in and can bring satellite internet and services to Canadians, is it gunna force Bell, Rogers, Telus to cut prices and therefore margins? Elon strikes me as the kinda dude to wanna take over the market he\u2019s getting in. Could see him pricing super competitively", "likes": 1, "published_at": "2020-11-17T04:32:16Z", "sentiment": 0.0772, "entities": ["Bell"]}, {"author": "@markoo3367", "comment": "Enbridge has a very high dividend yield, but it\u2019s dividend payout ratio is 330%... Meaning the company is paying out more than it earns. I can\u2019t see how this can possibly be sustainable. Thoughts?", "likes": 0, "published_at": "2020-11-17T01:54:55Z", "sentiment": 0.0, "entities": ["Enbridge"]}, {"author": "@Hannah-gl9vg", "comment": "can you explain about , SPY, SPYG, SPYV, VOO please thank you", "likes": 1, "published_at": "2020-11-16T03:16:20Z", "sentiment": 0.5859, "entities": ["SPY", "VOO"]}, {"author": "@alexdahan7993", "comment": "Suncor or enbridge ?", "likes": 3, "published_at": "2020-11-15T18:54:37Z", "sentiment": 0.0, "entities": ["Suncor"]}, {"author": "@flippers420", "comment": "Just looking ahead at Bell. They are going to have major competition if Elon's starlink works out. Bell is also one of the most despised company by Canadians due to their price gouging. They got a dedicated hater website for people to curse on it.", "likes": 2, "published_at": "2020-11-15T03:01:47Z", "sentiment": -0.7425, "entities": ["Bell", "Bell"]}, {"author": "@lennydoeswalkthrough", "comment": "I have an uncle that gave me 1 BCE stock at my baptism so I\u2019ve been getting those small payments every couple months for 20 something years lol", "likes": 6, "published_at": "2020-11-14T21:16:38Z", "sentiment": 0.4215, "entities": ["BCE"]}, {"author": "@normandpitre7831", "comment": "ENB has a yield of 8.67% and pay quarterly.  Is that annual? Each quarter do you get 8.67% or is it a breakdown from an annual?", "likes": 0, "published_at": "2020-11-14T18:07:29Z", "sentiment": -0.1926, "entities": ["ENB"]}, {"author": "@braywyatt516", "comment": "Take the silver pill \ud83d\udc4c", "likes": 0, "published_at": "2020-11-14T12:45:13Z", "sentiment": 0.0, "entities": []}, {"author": "@kixxthemanz437", "comment": "Ya sure it\u2019s good to invest in.... especially when everyone is at them all day long because of the virus right? Any fast food stock is bad to invest in because they are not making any money, tip...invest in electric car company as it\u2019s going to be the fastest growing industry and is already starting... that\u2019s why I buy 4 million in penny stocks in electric cars , 10-15 years from now $$$$$$$$$$$$", "likes": 1, "published_at": "2020-11-14T06:29:14Z", "sentiment": 0.34, "entities": []}, {"author": "@chammaldo3823", "comment": "#TEAMLACHICKEN!!!!!", "likes": 0, "published_at": "2020-11-13T18:59:12Z", "sentiment": 0.0, "entities": []}, {"author": "@nskr160", "comment": "I live in a city with 2 Walmart\u2019s, 4 McDonald\u2019s, and 6 Starbucks. The only BK is in a Walmart.  That\u2019s worrisome.", "likes": 0, "published_at": "2020-11-13T16:07:37Z", "sentiment": -0.4019, "entities": ["McDonald\u2019s", "BK", "Walmart"]}, {"author": "@TheJohnmmullin", "comment": "The BCE commentary is based on a Morningstar rating from May. Why?", "likes": 0, "published_at": "2020-11-13T12:27:00Z", "sentiment": 0.0, "entities": ["BCE"]}, {"author": "@khanaviation7202", "comment": "longterm holder of ENB. Currently holding and enjoying my dividend.", "likes": 2, "published_at": "2020-11-13T05:26:15Z", "sentiment": 0.5267, "entities": ["ENB"]}, {"author": "@AndroidBugler", "comment": "I invest in energy but also in clean energy ETFs. So energy for the short/medium term and clean energy, which has been doing great this year for the long term.", "likes": 0, "published_at": "2020-11-13T04:58:40Z", "sentiment": 0.9692, "entities": []}, {"author": "@Wavyyyaf", "comment": "I personally don\u2019t like RBI because I don\u2019t think Burger King is as competitive as other burger places imo. Plus Management can be questioned, however, that\u2019s just my opinion :)", "likes": 0, "published_at": "2020-11-13T04:56:24Z", "sentiment": 0.7003, "entities": ["RBI", "Burger King"]}, {"author": "@ibee244", "comment": "personally i am trying to de-energize my portfolio. i do not think, for a multitude of reasons, traditional energy will rebound like we've known it... i hope clean and green energy will be the new \"energy\" so i prefer to pick up those options.", "likes": 0, "published_at": "2020-11-12T20:45:08Z", "sentiment": 0.8834, "entities": []}, {"author": "@DudeKing56", "comment": "What do you think about mfc.to?", "likes": 1, "published_at": "2020-11-12T18:56:28Z", "sentiment": 0.0, "entities": []}, {"author": "@king_wadey_productions", "comment": "I have a question that perhaps  you can answer either here or on your YouTube channel.\nIt\u2019s regarding mergers and acquisitions, not sure if you covered this topic already however, in particular, I own some Air Transat stocks (TRZ) and wanted to know what will happen to my stocks after the proposed acquisition by Air Canada (AC) is approved. Will my shares be converted into Air Canada stocks or will my shares be bought at the purchase price negotiated? \nI\u2019m not sure how this process works.", "likes": 0, "published_at": "2020-11-12T14:55:21Z", "sentiment": 0.5067, "entities": ["YouTube", "Air Transat", "TRZ", "Air Canada", "AC", "Air Canada"]}, {"author": "@stefaniesiska2345", "comment": "High dividends or not, I can\u2019t get behind Enbridge. SRI", "likes": 0, "published_at": "2020-11-12T03:36:43Z", "sentiment": 0.0, "entities": ["Enbridge"]}, {"author": "@AD-tb2xd", "comment": "someone on twitter said that canada is just an oil company, a mining company and a colonizer in a trench coat, which could also apply to enbridge, who, unfortunately, builds their pipelines on tribal land. Theyre also not doing wonders for the environment, but all the red flags turn green when I look at their dividend yield \ud83e\udd26\ud83c\udffb\u200d\u2640\ufe0f", "likes": 0, "published_at": "2020-11-12T03:16:31Z", "sentiment": -0.1779, "entities": []}, {"author": "@imSwiftehhhh", "comment": "Enbridge supplies all the natural gas where I'm at", "likes": 0, "published_at": "2020-11-11T23:39:06Z", "sentiment": 0.3612, "entities": ["Enbridge"]}, {"author": "@MsBoma24", "comment": "are these just stocks and not ETFs? Can i purchase these on Questrade too ?", "likes": 0, "published_at": "2020-11-11T21:07:37Z", "sentiment": 0.0, "entities": []}, {"author": "@malachijohnson108", "comment": "this was an amazing stock pick video. i definitely will be picking up Bell and Embridge! this man definitely needs a like for the algorithm \ud83d\udc4d\ud83c\udffd", "likes": 1, "published_at": "2020-11-11T20:34:58Z", "sentiment": 0.8999, "entities": ["Bell", "Embridge"]}, {"author": "@SuperCody888", "comment": "Did anyone get lucky on Air Canada?  I picked up at $14.50 last week, sold this week at $20", "likes": 8, "published_at": "2020-11-11T20:19:51Z", "sentiment": 0.4215, "entities": ["Air Canada"]}, {"author": "@MikeyPaper", "comment": "A lot of these stocks are extremely overprice right now. The only feasible one right now is Enbridge but it has to come down a bit in price.", "likes": 6, "published_at": "2020-11-11T18:26:32Z", "sentiment": 0.0, "entities": ["Enbridge"]}, {"author": "@GurpreetSingh-vf7jw", "comment": "Make a video on tesla and Amazon", "likes": 0, "published_at": "2020-11-11T17:34:28Z", "sentiment": 0.1779, "entities": ["Amazon"]}, {"author": "@zaheedjessani1699", "comment": "LA chicken! If you know... you know.", "likes": 0, "published_at": "2020-11-11T17:31:40Z", "sentiment": 0.0, "entities": []}, {"author": "@kaydenkwon5345", "comment": "Highest wireless price. What does that tell ya about the company\u2019s reputation or their attitudes toward their consumers? Canadian citizens deserve something cheaper and better quality of service imo.", "likes": 3, "published_at": "2020-11-11T16:05:34Z", "sentiment": 0.4404, "entities": []}, {"author": "@kaydenkwon5345", "comment": "Utility in 10 years down the road is a dying breed. Let\u2019s look for companies that will help people become energy independent. We cannot rely on these utility companies any longer.", "likes": 1, "published_at": "2020-11-11T16:02:58Z", "sentiment": 0.5859, "entities": []}, {"author": "@williampoulin121", "comment": "What is the tool/app you are using at 9:26", "likes": 0, "published_at": "2020-11-11T06:58:30Z", "sentiment": 0.0, "entities": []}, {"author": "@theluckyman74", "comment": "What do you think of Nuvei? The price has been dropping the last few days.", "likes": 1, "published_at": "2020-11-11T06:53:00Z", "sentiment": 0.0, "entities": []}, {"author": "@kerrywortman", "comment": "Brandon do you think you might be suffering from a little \u2018Berta bias? I agree ENB will take off in the next few years but when I\u2019m looking for things to buy and hold for 40 years, it\u2019s not for me personally. On that note curious to know what you think of BP cutting it\u2019s div to invest in renewables, and do you think it\u2019s undervalued at the moment?", "likes": 1, "published_at": "2020-11-11T03:54:42Z", "sentiment": 0.2657, "entities": ["ENB", "BP"]}, {"author": "@ibayone2294", "comment": "Bell is not on WealthSimple!?", "likes": 0, "published_at": "2020-11-11T03:02:34Z", "sentiment": 0.0, "entities": ["Bell", "WealthSimple"]}, {"author": "@jaywalkingaroundtown5879", "comment": "Hi Brandon. I am getting ready to buy individual stocks. I see that you post a video every month with companies suggestions. Would you do a video with a list of the best companies of 2019 or 2020 or of all times or the must have ones? \n\nThank you!!!", "likes": 3, "published_at": "2020-11-11T00:52:04Z", "sentiment": 0.8772, "entities": []}, {"author": "@thegreatestdao", "comment": "Brandon is right! Thank you for introducing these 3 stocks which I can buy with my wealthsimple app without any commission fees.", "likes": 14, "published_at": "2020-11-10T22:26:30Z", "sentiment": 0.4199, "entities": []}, {"author": "@claudiabk", "comment": "I want to start buying stocks but im lost \ud83d\ude1e I dont know what to do", "likes": 0, "published_at": "2020-11-10T21:17:35Z", "sentiment": -0.4215, "entities": []}, {"author": "@alifasha3017", "comment": "Thanks for the video! Amazing job.\nToday H2O Innovation reports strong first quarter 2021. What do you think about water treatment solutions?", "likes": 0, "published_at": "2020-11-10T16:17:28Z", "sentiment": 0.9273, "entities": []}, {"author": "@OriTheGuy", "comment": "I\u2019ve invested in Pembina Pipeline (PPL.TO) instead of Enbridge. I noticed a slightly better dividend there and more consistent growth over the past 5 years than Enbridge. Not sure what the reason of that is since Enbridge has more of the market. Thoughts? In general I see these as more risky considering the climate of the industry but as you mention there are some great discounts to take advantage of and it might just be one of those shorter term holds. \nCould you cover your thoughts on PPL in a future video?", "likes": 1, "published_at": "2020-11-10T12:44:35Z", "sentiment": 0.8814, "entities": ["Pembina Pipeline", "Enbridge", "Enbridge", "Enbridge"]}, {"author": "@ExcelUpNorth", "comment": "Great video! Love me some Canadian companies. Btw, those chicken sandwiches at Popeyes are \ud83d\udd25", "likes": 0, "published_at": "2020-11-10T11:45:16Z", "sentiment": 0.8622, "entities": ["Popeyes"]}, {"author": "@slee0917", "comment": "La chicken haha richmond!!", "likes": 0, "published_at": "2020-11-10T10:28:25Z", "sentiment": 0.555, "entities": []}, {"author": "@ricardoseah5156", "comment": "Aww yeah.. LA Chicken with the gravy!", "likes": 0, "published_at": "2020-11-10T09:10:50Z", "sentiment": 0.0, "entities": ["LA Chicken"]}, {"author": "@pranavpatel5237", "comment": "I think in good quality company you need to include softbank. It is selling way below it\u2019s intrinsic value.", "likes": 0, "published_at": "2020-11-10T07:55:55Z", "sentiment": 0.6486, "entities": []}, {"author": "@BonjourKathyy", "comment": "This is great! Thank you so much Brandon :)", "likes": 0, "published_at": "2020-11-10T05:34:19Z", "sentiment": 0.8794, "entities": []}, {"author": "@lucky247365", "comment": "The quality of Popeyes chicken sandwich is hit or miss.  Chick-fil-A everyday, any day.", "likes": 2, "published_at": "2020-11-10T05:13:45Z", "sentiment": -0.1531, "entities": ["Popeyes"]}, {"author": "@Rob-ob3sh", "comment": "Hi Brandon   Question on Enb.to why not invest in ENS.to for a lower price and pick up a bigger yield as the price on ENS is about 10.25 ?", "likes": 0, "published_at": "2020-11-10T02:34:33Z", "sentiment": -0.296, "entities": ["ENS"]}, {"author": "@zazea35", "comment": "I did a taste comparison between the Popeyes Chicken sandwich (Poco location) and KFC's version (Kingsway Burnaby location), and KFC was lowkey better. Oh yea L.A. Chicken is gucci", "likes": 0, "published_at": "2020-11-10T02:02:08Z", "sentiment": 0.4404, "entities": ["Popeyes Chicken", "KFC", "KFC", "L.A. Chicken"]}, {"author": "@camilocastiblanco1088", "comment": "Energy -wise, Im not a big fan of oil and pipeline companies, but the other energy sectors are a buy for me", "likes": 1, "published_at": "2020-11-10T01:54:19Z", "sentiment": 0.4057, "entities": []}, {"author": "@sulemankhan6400", "comment": "H2O innovations earnings called for tomorrow buy or wait?", "likes": 1, "published_at": "2020-11-10T01:17:20Z", "sentiment": 0.0, "entities": []}, {"author": "@gush5465", "comment": "Excellent video although I only invest in total stock market ETFs but if I was a stock picker I would stay away  from ENB , green energy is the future this is why I bought ZUT which includes 16 utilities that's investing in green energy.", "likes": 0, "published_at": "2020-11-10T01:07:52Z", "sentiment": 0.7684, "entities": ["ENB", "ZUT"]}, {"author": "@grease112", "comment": "L.A. Chicken is amazing!", "likes": 1, "published_at": "2020-11-10T00:46:12Z", "sentiment": 0.6239, "entities": ["L.A. Chicken"]}, {"author": "@WaysToWealth", "comment": "Damn Telecoms in Canada!!", "likes": 0, "published_at": "2020-11-10T00:45:37Z", "sentiment": -0.508, "entities": []}, {"author": "@j.milleraabamsc9400", "comment": "Only whackadoddles would say energy is a bad investment per se.  Rather, the question is when is the most opportune moment to get into energy.", "likes": 5, "published_at": "2020-11-10T00:13:21Z", "sentiment": 0.4005, "entities": []}, {"author": "@alexschiller3967", "comment": "Energy isn't going anywhere", "likes": 3, "published_at": "2020-11-10T00:12:42Z", "sentiment": 0.2732, "entities": []}, {"author": "@haruhiro315", "comment": "Great Video Thanks!!!", "likes": 0, "published_at": "2020-11-09T23:06:03Z", "sentiment": 0.8349, "entities": ["Great Video Thanks"]}, {"author": "@jonnyheath6363", "comment": "Initially I wasn't keen on investing in an \"oil company\" but I came around and took a position in Enbridge recently, it just seems like it is extremely oversold so offers a great and sustainable dividend along with some price growth as it normalises.\n\nAnd the more I looked into and understood the business it's not all bad, yes it transports oil, but really it is an infrastructure provider rather than an oil producer. It is also transporting a lot of gas (which is growing and isn't going anywhere quickly) and also has already started to pivot into the renewable space, so whilst there may be a few bumps on the way I feel Enbridge is still a pretty good long term bet!", "likes": 7, "published_at": "2020-11-09T22:05:06Z", "sentiment": 0.9765, "entities": ["Enbridge", "Enbridge"]}, {"author": "@Lucky-xp8yd", "comment": "I would like to know of it's a good idea to buy some Pfizer stock, are if I should just let it go for now. By the way your videos are really great for beginner's like me.", "likes": 1, "published_at": "2020-11-09T21:41:05Z", "sentiment": 0.9061, "entities": ["Pfizer"]}, {"author": "@ryanwang2572", "comment": "Still have to try LA chicken, have you had Hi Five chicken before? Also great vid, QSR was one of my first stocks that I bought", "likes": 0, "published_at": "2020-11-09T20:35:05Z", "sentiment": 0.6249, "entities": []}, {"author": "@DMaster27", "comment": "There is no way I will invest in Enbridge. BNN always recommends a buy on it for its dividend. But if you are looking for any type of capital gain, just look elsewhere. Best bet to look is ESG and renewables. There is a reason why Enbridge is falling and can't get up.", "likes": 1, "published_at": "2020-11-09T20:30:28Z", "sentiment": 0.8847, "entities": ["Enbridge", "BNN", "ESG", "Enbridge"]}, {"author": "@anne-mariel3256", "comment": "I know that it\u2019s seems ppl want to buy Canadian stocks but all my US are \ud83d\ude80 this year.", "likes": 1, "published_at": "2020-11-09T19:45:51Z", "sentiment": 0.0387, "entities": []}, {"author": "@jessrobson3029", "comment": "I'm keeping my eye on ENB. I pulled my money out of ENB to make money on other stocks in the meantime. I took $100 hit selling it but have made about 1k since.", "likes": 1, "published_at": "2020-11-09T18:35:44Z", "sentiment": 0.0, "entities": ["ENB", "ENB"]}, {"author": "@CrispyAssasin_-td3rr", "comment": "Is shaw communications also a a top company", "likes": 0, "published_at": "2020-11-09T18:29:11Z", "sentiment": 0.2023, "entities": ["shaw"]}, {"author": "@RMcCee", "comment": "Whether you like fossil fuels or not, they aren\u2019t going anywhere soon and EVERYONE relies on them. Canada has the cleanest oil in the world, so why not support it? If you are against Canadian oil, you are indirectly supporting Saudi oil, Venezuelan oil, etc..... why not support clean oil?", "likes": 6, "published_at": "2020-11-09T17:57:27Z", "sentiment": -0.3097, "entities": []}, {"author": "@Winchestersxp", "comment": "Trudeau ..and Biden ...have said multiple times they want to eliminate oil....Trudeau  will destroy  our energy sector ..just a matter of time.", "likes": 0, "published_at": "2020-11-09T17:34:32Z", "sentiment": -0.25, "entities": []}, {"author": "@truenorthjess", "comment": "I think energy is definitely going to get bigger. We need to use dirty energy to build the clean infrastructure. Most energy companies have some renewable component, they know the choice is change or die.", "likes": 0, "published_at": "2020-11-09T17:25:10Z", "sentiment": 0.4404, "entities": []}, {"author": "@Rfmarano", "comment": "growth > dividend or value stocks", "likes": 0, "published_at": "2020-11-09T17:13:09Z", "sentiment": 0.6124, "entities": []}, {"author": "@darrylb4048", "comment": "While renewables are coming in fast it will still be decades plus before companies like ENB would have big problems. The best of these companies are already getting into renewables to balance that market gap.\u00a0\nOne point on the two:\u00a0\nBig oil has major impacts on the environment as we all know but I don't think that enough people know the true impact of some of the so called renewables. Perhaps that might be a bit of a side bar for another video for you.\nThanks.", "likes": 1, "published_at": "2020-11-09T17:09:34Z", "sentiment": 0.8765, "entities": ["ENB"]}, {"author": "@turbofanlover", "comment": "Well, they're all quite a bit little less undervalued, today...wow...lol.  But that said...can't argue with any of those picks.  :)", "likes": 0, "published_at": "2020-11-09T16:54:58Z", "sentiment": 0.7966, "entities": []}, {"author": "@white12345678", "comment": "You have three top stock picks there. There will always be a demand for energy, communications and cheap eats. Add onto that regulated Power Utilities.", "likes": 0, "published_at": "2020-11-09T16:29:46Z", "sentiment": 0.34, "entities": ["Power Utilities"]}, {"author": "@dyingpentas", "comment": "Thanks Brandon learned a lot from your videos! Have bought NFT and ATZ at lows, now they are gaining!", "likes": 1, "published_at": "2020-11-09T16:25:19Z", "sentiment": 0.6688, "entities": ["NFT", "ATZ"]}, {"author": "@derekcox6531", "comment": "Energy. The critical part of the Canadian economy that Canadians love to kick like a pesky dog. Some facts, the economy of BC is highly dependent on transportation,forestry,mining,tourism etc . All of which are heavily dependent on oil. The national rail and trucking sectors,which are vital for moving freight across our thousands of miles of beautiful Canadian landscape? Yep,fueled by oil.  Millions of Canadian homes heated by gas. I would be remiss if I also didn\u2019t mention that sales of suvs and cars are robust to say the least. \n     In any case,as an investment energy isn\u2019t popular,but the case for its indefinite survival,is supported by the simple fact that there are some very high hurdles to overcome in our quest for sustainability and emission slowdown. Specifically how do we move billions in critical consumer and industrial products by rail and air and heat millions of homes without energy.?  Doesn\u2019t mean we shouldn\u2019t shoot for the moon with respect to energy alternatives,but if you look closely around the world at countries that are leading the way in alternative energy,you will notice that the entities spending the billions of dollars to develop alternative energy projects are in fact energy  companies.", "likes": 4, "published_at": "2020-11-09T16:20:04Z", "sentiment": 0.965, "entities": ["BC"]}, {"author": "@ab.4425", "comment": "Great picks and video buddy!!", "likes": 0, "published_at": "2020-11-09T16:15:16Z", "sentiment": 0.6892, "entities": []}, {"author": "@johndini1523", "comment": "Thoughts on Aritzia?", "likes": 1, "published_at": "2020-11-09T16:03:28Z", "sentiment": 0.0, "entities": []}, {"author": "@canadianinvestor5682", "comment": "BCE is a monopoly, monopolies make money!", "likes": 2, "published_at": "2020-11-09T16:00:29Z", "sentiment": 0.0, "entities": ["BCE"]}, {"author": "@IronG_TFT", "comment": "We aren't going to quit non-renewables cold turkey immediately, and I have some hopes that Enbridge will manage to adapt to add more renewable energy sources to their revenue", "likes": 0, "published_at": "2020-11-09T15:55:27Z", "sentiment": 0.6344, "entities": ["Enbridge"]}, {"author": "@Pp-yi7nj", "comment": "I am a beginner, should I invest only in ETFs? How to I decide the mix of stocks I need to buy?", "likes": 0, "published_at": "2020-11-09T15:53:27Z", "sentiment": 0.0, "entities": []}, {"author": "@edh6062", "comment": "Bought QSR back in April. was actually thinking of selling last week. Glad I didn't", "likes": 0, "published_at": "2020-11-09T15:50:50Z", "sentiment": 0.4588, "entities": []}, {"author": "@sgtSYKE", "comment": "November 5-6 would have been a nice time to buy", "likes": 0, "published_at": "2020-11-09T15:25:04Z", "sentiment": 0.4215, "entities": []}, {"author": "@lemendoug9884", "comment": "Could you do an analysis on TEC.TO please? :)", "likes": 3, "published_at": "2020-11-09T15:12:39Z", "sentiment": 0.6486, "entities": []}, {"author": "@cutiecatboy", "comment": "When it comes to energy stocks, I like to avoid anything that isn't 100% renewable energy. I'm a young investor so I'm playing the looooooong game ;)", "likes": 4, "published_at": "2020-11-09T14:58:00Z", "sentiment": 0.7564, "entities": []}, {"author": "@C0un7210", "comment": "shout out to LA chicken lol", "likes": 2, "published_at": "2020-11-09T14:57:57Z", "sentiment": 0.4215, "entities": []}, {"author": "@laylaabdi7231", "comment": "What's your take on waste management? I know in Canada there's a goal of switching to producer responsibility on recycling and its costs, meaning a more closed-looped recycling system, and more competition on quality of recyclable materials in end-markets. GFL went public recently but carrying a lot of debt, so I'm doubtful, but long-term could be good..", "likes": 3, "published_at": "2020-11-09T14:48:28Z", "sentiment": -0.8256, "entities": []}, {"author": "@laylaabdi7231", "comment": "Ellooo! :)", "likes": 1, "published_at": "2020-11-09T14:45:44Z", "sentiment": 0.5093, "entities": ["Ellooo"]}, {"author": "@qadeerbashir1889", "comment": "Jeremy is my man for growth stocks and You are my man for value and dividend stock. Keep up the good work man!", "likes": 5, "published_at": "2020-11-09T14:29:46Z", "sentiment": 0.8016, "entities": []}, {"author": "@f3wbs", "comment": "Brandon, I'm thinking about making the transition from ETFs to stocks earlier than I thought because of DD and future prospects. Saying this came at a good time is an understatement.", "likes": 2, "published_at": "2020-11-09T14:10:15Z", "sentiment": 0.6249, "entities": []}, {"author": "@CaseyBurnsInvesting", "comment": "I liked the boring companies. I sleep very well at night holding them. \n\nTo your question I think energy is dying slowly, especially if EVs keep gaining momentum.", "likes": 5, "published_at": "2020-11-09T14:09:09Z", "sentiment": 0.7778, "entities": []}, {"author": "@cakeismtrader4227", "comment": "Don\u2019t forget Aurora cannabis it\u2019s flying \ud83d\ude80\ud83d\ude80\ud83d\ude80\ud83d\ude80\ud83d\ude80\ud83d\ude80\ud83d\udcb5\ud83d\udcb5\ud83d\udcb5\ud83d\udd25\ud83d\udd25\ud83d\udd25\ud83d\udd25", "likes": 3, "published_at": "2020-11-09T14:06:40Z", "sentiment": -0.2263, "entities": []}, {"author": "@michaeltanquiza8960", "comment": "Exciting \u2764\ufe0f\u2764\ufe0f\u2764\ufe0f", "likes": 1, "published_at": "2020-11-09T14:04:43Z", "sentiment": 0.4939, "entities": []}, {"author": "@beaviswealth", "comment": "\ud83d\udcc8\ud83d\udcda As always, if you're a beginner to the Stock Market in Canada and you're looking for a step-by-step blueprint on how to get started... Find out more about our Investing Academy here - https://bit.ly/theinvestingacademy\n\nThanks for watching! :D", "likes": 9, "published_at": "2020-11-09T14:03:21Z", "sentiment": 0.8034, "entities": ["the Stock Market", "Investing Academy"]}]