[{"author": "@GertjanZwiggelaar-mo4tz", "comment": "RBC is a fraud. Indeed, all banks are fraud. In the case of RBC it is neither, 'royal' nor is it a government institution. It is a privately owned scam. Banks in general pretend and have us believe that slips of numbered, coloured plastic and base metal tokens are money when they are only fiat money; it is all make believe. I also suspect that the plastic slips are printed in house. The bank has never denied my allegations but it has frozen me out for voicing an opinion which the entity did not like since it was construed to be anti, you know when I revealed some things I know about banking to an interested listener in a line up.", "likes": 0, "published_at": "2024-04-12T23:38:44Z", "sentiment": -0.808, "entities": ["RBC", "RBC"]}, {"author": "@MasterofPlay7", "comment": "guess what? women sleep with their boss for promotion", "likes": 0, "published_at": "2024-04-12T00:38:49Z", "sentiment": 0.0, "entities": []}, {"author": "@francishuard5533", "comment": "That the narrative on why money never will get the truth .", "likes": 0, "published_at": "2024-04-11T15:00:04Z", "sentiment": 0.3182, "entities": []}, {"author": "@angelrage17", "comment": "Hi Marc, have you heard of basal or squamous cell carcinoma? My dad had a growth on his nose just like yours - get it checked out \ud83d\ude4f", "likes": 0, "published_at": "2024-04-10T16:23:21Z", "sentiment": 0.6249, "entities": ["\ud83d\ude4f"]}, {"author": "@curtis1397", "comment": "Corruption is a top down phenomenon and its trickling down from government. Also hilarious that the only female bank exec was corrupt. Only a few more years of this and the world will remember what we once knew. Women should not be trusted with power. They are much more likely to be corrupted by it.", "likes": 0, "published_at": "2024-04-09T19:10:55Z", "sentiment": 0.1891, "entities": []}, {"author": "@jean-francoisboutet170", "comment": "Good video but the EV segment was not very well researched. Im sure you can do better.", "likes": 1, "published_at": "2024-04-09T18:28:47Z", "sentiment": 0.7355, "entities": ["EV"]}, {"author": "@daddyw1719", "comment": "I'm used to the sexist double-standards where the female generally gets a little tap on the wrist at most. I guess there was a lot of promotion and bonus inflating going on at her command?", "likes": 0, "published_at": "2024-04-09T18:18:36Z", "sentiment": 0.5423, "entities": []}, {"author": "@donaldmulrooney942", "comment": "We learn, Mulroney and Harper taught us never vote Con.", "likes": 1, "published_at": "2024-04-09T12:23:48Z", "sentiment": 0.0, "entities": []}, {"author": "@bretthagey7916", "comment": "Super Freak in the C-Suite.  Who says banking is boring eh.", "likes": 4, "published_at": "2024-04-09T11:56:35Z", "sentiment": -0.0772, "entities": ["Super Freak"]}, {"author": "@ZoTrAcK", "comment": "Turns out that screwing your boss is worst than screwing customers.", "likes": 10, "published_at": "2024-04-09T11:30:47Z", "sentiment": -0.7845, "entities": []}, {"author": "@kimchan7189", "comment": "CEO himself is not so smart. He is too busy with climate change and ESG.", "likes": 0, "published_at": "2024-04-09T10:42:15Z", "sentiment": -0.4298, "entities": ["ESG"]}, {"author": "@proudindian2186", "comment": "There is no cure for favoritsm though. This was lucky case it could be traced.", "likes": 0, "published_at": "2024-04-09T10:36:27Z", "sentiment": 0.1531, "entities": []}, {"author": "@jeffreykarperien4474", "comment": "What a joke. The clown had himself fired. Effort to escape justice. Huge judicial accountability coming. This boy got a ear on the ground but can\u2019t hide. \ud83e\udd23 RUN \ud83d\ude02", "likes": 0, "published_at": "2024-04-09T05:17:22Z", "sentiment": 0.1154, "entities": []}, {"author": "@ADobbin1", "comment": "They should have been pushing hybrids 20 years ago and figuring out how to make them cheaper.", "likes": 1, "published_at": "2024-04-09T04:59:46Z", "sentiment": 0.0, "entities": []}, {"author": "@islander500", "comment": "pathetic when people try to capitalize on someones stupidity.", "likes": 1, "published_at": "2024-04-09T04:45:21Z", "sentiment": -0.765, "entities": []}, {"author": "@momo35444", "comment": "great video Marc!! thanks again.", "likes": 2, "published_at": "2024-04-09T04:29:44Z", "sentiment": 0.8217, "entities": []}, {"author": "@Linescrew1Canada", "comment": "I'm betting it was a lesbian relationship. And I'm betting the CFO is a left wing Liberal supporter who will now attempt to sue and squeeze out a settlement from the bank. Royal Bank will probably pay her with a non-disclosure agreement should she file a writ.  Sad. At least they caught this, but as a retired government worker, sex is the lubricant (pun intended) that keeps large organizations going, and allows for unethical career advancement. I've seen it many times.", "likes": 0, "published_at": "2024-04-09T03:16:57Z", "sentiment": -0.6187, "entities": ["CFO", "Royal Bank"]}, {"author": "@typicalc", "comment": "Who cares about a woman having an affair at work. Our PM has done far worse and still has his job.", "likes": 0, "published_at": "2024-04-09T03:06:58Z", "sentiment": -0.0258, "entities": []}, {"author": "@jasonstupak4535", "comment": "Thanks Marc!", "likes": 3, "published_at": "2024-04-09T02:59:34Z", "sentiment": 0.4926, "entities": []}, {"author": "@roberttaylor3594", "comment": "What about the other employee? Did they get fired?", "likes": 1, "published_at": "2024-04-09T02:53:07Z", "sentiment": -0.6072, "entities": []}, {"author": "@on-site4094", "comment": "Heavy short rental owners might be in for a world of hurt if there over leveraged", "likes": 1, "published_at": "2024-04-09T02:11:35Z", "sentiment": -0.5267, "entities": []}, {"author": "@JoeSmith-pu9hi", "comment": "Quebec and Ontario voters never learn", "likes": 5, "published_at": "2024-04-09T01:59:34Z", "sentiment": 0.0, "entities": []}, {"author": "@web3tel", "comment": "will HSBC purchase by RBC be reverted now?", "likes": 2, "published_at": "2024-04-09T01:15:47Z", "sentiment": 0.0, "entities": ["HSBC", "RBC"]}, {"author": "@redeyeknight5964", "comment": "I was hoping to finally buy RBC stocks, but the price is at all time highs. I guess scandals drive up the stock price for some reason", "likes": 3, "published_at": "2024-04-09T00:54:13Z", "sentiment": -0.5267, "entities": ["RBC"]}, {"author": "@whatitduz2382", "comment": "As someone in the auto industry, there are NO EVs in the market as reliable as traditional ICEs with 130+ years of blood sweat and tears behind it. And if you think China\u2019s EVs are going to save us then I\u2019ve got a bridge to sell you.", "likes": 0, "published_at": "2024-04-09T00:54:11Z", "sentiment": -0.1613, "entities": []}, {"author": "@Rawdiswar", "comment": "A woman having a workplace affair?  I'm shocked!", "likes": 15, "published_at": "2024-04-09T00:53:53Z", "sentiment": -0.3802, "entities": []}, {"author": "@kyungshim6483", "comment": "Incredible how some people give up millions and millions of dollars for a little bit of romance.  Further evidence that humans are irrational in many respects.", "likes": 0, "published_at": "2024-04-09T00:15:34Z", "sentiment": 0.5, "entities": []}, {"author": "@maxpayne7419", "comment": "The EV craze is over. Hybrids are a much better option, and sales are surging. Tesla is in big trouble.", "likes": 7, "published_at": "2024-04-09T00:12:23Z", "sentiment": -0.1027, "entities": ["EV", "Tesla"]}, {"author": "@timothytorpy4837", "comment": "I\u2019m curious what write offs does a sort term rental have ?", "likes": 1, "published_at": "2024-04-08T23:53:44Z", "sentiment": 0.3182, "entities": []}, {"author": "@siam9845", "comment": "Mark - you are like  sitting with the smart brother getting good advice.  As you get older you listen more.", "likes": 4, "published_at": "2024-04-08T23:38:57Z", "sentiment": 0.7964, "entities": []}, {"author": "@vitaquasus1120", "comment": "Economic, mortgage, housing and banking thanks all who voted for blackface Trudeau", "likes": 7, "published_at": "2024-04-08T23:36:51Z", "sentiment": 0.4404, "entities": []}, {"author": "@martinroncetti4134", "comment": "The federal government has NO ROLE in housing (ownership or renting)!!!", "likes": 0, "published_at": "2024-04-08T23:25:59Z", "sentiment": -0.5871, "entities": []}, {"author": "@Adrian-cn5rk", "comment": "Imagine building an impressive resume just for all of successes to be undone over an affair", "likes": 21, "published_at": "2024-04-08T23:13:38Z", "sentiment": 0.7845, "entities": []}]