[{"author": "@jermpeeps", "comment": "Rocking the crocs", "likes": 1, "published_at": "2023-07-05T20:49:22Z", "sentiment": 0.0, "entities": []}, {"author": "@cha4990", "comment": "More like 3", "likes": 1, "published_at": "2023-07-03T21:00:49Z", "sentiment": 0.4201, "entities": []}, {"author": "@DannyBGallo", "comment": "Lol only one million forget about it", "likes": 2, "published_at": "2023-07-03T20:46:53Z", "sentiment": 0.2263, "entities": []}, {"author": "@aelaan12", "comment": "Funny that people do not know, or understand, what retirement means.  If you can afford to live there now, and are not incredibly deep in debt, you will need around 70% of your current take home income to survive.  If you own assets, like you paid off your home you can drop that to around 60%.  Life in Canada is very expensive, don't kid yourself.  Sit down with a good financial advisor, and lay out the cards on the table.", "likes": 3, "published_at": "2023-07-03T16:09:56Z", "sentiment": 0.6293, "entities": []}]