[{"author": "@beaviswealth", "comment": "\ud83d\udcc8\ud83d\udcda As always, if you're a beginner to the Stock Market in Canada and you're looking for a step-by-step blueprint on how to get started... Find out more about our Investing Academy here - https://bit.ly/theinvestingacademy\n\nLate post today but.. oh well! Hope you guys enjoy! :)", "likes": 9, "published_at": "2021-01-30T02:04:58Z", "sentiment": 0.8953, "entities": ["the Stock Market", "Investing Academy"]}, {"author": "@Captain_MonsterFart", "comment": "All the investing channels I watch have those scams! I report many but they seem to be infinite.", "likes": 1, "published_at": "2021-03-01T00:11:29Z", "sentiment": -0.4003, "entities": []}, {"author": "@PhilipOberg", "comment": "The way you can go against P&G is to have a bidet installed in your bathroom.  Or who knows maybe P&G owns a bathroom fixture company or two - just to cover their asses :P", "likes": 0, "published_at": "2021-02-20T05:32:58Z", "sentiment": 0.4824, "entities": ["P&G", "P&G", ":P"]}, {"author": "@xXgoodguy67Xx", "comment": "Hey! I was wondering where you can get the dividends summary? It would really help thatnk you!", "likes": 0, "published_at": "2021-02-19T18:24:10Z", "sentiment": 0.554, "entities": []}, {"author": "@chasero9", "comment": "Definitely on the watchlist starting today, but for a Canadian investing in NYSE there's all that exchange rate I'm always concerned about lol. I try to stick to companies trading in the TSX but PG looks like a great buy even today", "likes": 0, "published_at": "2021-02-16T23:30:03Z", "sentiment": 0.9377, "entities": ["NYSE", "TSX"]}, {"author": "@johnmiller8946", "comment": "Hey Brandon!  Their payout ratio is 55%. What are they doing with the other 45%?  Are they investing shareholders money in their business is it being invested well?  How would you analyze that as an investor?", "likes": 0, "published_at": "2021-02-15T16:32:37Z", "sentiment": 0.4464, "entities": []}, {"author": "@Reika.c", "comment": "You are amazing! thank you for all your knowledge and advice! :) also looove being part of the investing academy family. Cheers to a solid thriving  2021! \ud83e\udd73", "likes": 1, "published_at": "2021-02-11T04:31:33Z", "sentiment": 0.931, "entities": ["the investing academy"]}, {"author": "@benkoko590", "comment": "I want to enroll in your investing academy but i cant afford it\ud83d\ude1e", "likes": 0, "published_at": "2021-02-06T07:48:21Z", "sentiment": 0.0387, "entities": []}, {"author": "@virginia1652", "comment": "Can you talk about where you would go to buy American stocks? I just opened a wealthsimple account but I heard it\u2019s not great for American stocks", "likes": 0, "published_at": "2021-02-05T20:34:25Z", "sentiment": -0.6642, "entities": []}, {"author": "@greendraggun", "comment": "Im a new sub. I appreciated the questrade tutorials.", "likes": 0, "published_at": "2021-02-05T16:33:11Z", "sentiment": 0.5106, "entities": []}, {"author": "@khuu43", "comment": "Thoughts on FLT", "likes": 1, "published_at": "2021-02-05T02:35:31Z", "sentiment": 0.0, "entities": ["FLT"]}, {"author": "@NathanBaldassero", "comment": "As a Canadian, new to stock trading (via wealthsimple app), just wondering how it works with buying american stock like this on the app here in Canada.\nCheers man, thanks for helping us beginners lol", "likes": 2, "published_at": "2021-02-04T06:50:43Z", "sentiment": 0.91, "entities": []}, {"author": "@a004", "comment": "Ugh another American stock...", "likes": 0, "published_at": "2021-02-03T23:25:47Z", "sentiment": -0.4215, "entities": []}, {"author": "@jeffmelnik241", "comment": "Where is the Canadian Equivalent??", "likes": 0, "published_at": "2021-02-03T20:51:05Z", "sentiment": 0.0, "entities": []}, {"author": "@Qrazey", "comment": "Great video one again Brandon I have a question and hope you can help me out.\n  \nSo far all I have is an TFSA account in wealthsimple and plan to open a quest trade account soon. I was wondering how often can I sell a stock for a profit I never sold anything in my TFSA but if needed would it be okay to sell a stock for a 200/300 profit in a TFSA one time?", "likes": 0, "published_at": "2021-02-03T16:51:18Z", "sentiment": 0.91, "entities": []}, {"author": "@dhrumilp8152", "comment": "Can you please make video on cannabis etf ?\nBuy or wait ?", "likes": 0, "published_at": "2021-02-03T14:44:41Z", "sentiment": 0.3939, "entities": []}, {"author": "@johnasmith4431", "comment": "The rich stay rich by spending like the poor and investing without stopping then the poor stay poor by spending like the rich yet not investing like the rich.", "likes": 10, "published_at": "2021-02-03T12:08:19Z", "sentiment": 0.9193, "entities": []}, {"author": "@marleybob713", "comment": "Hey Brandon, I was wondering if at this point in time, is wealthsimple saying american dividends to Canadians? Would I fully benefit from the \"dividend king\" on wealthsimple? Amazing job on your videos btw!", "likes": 0, "published_at": "2021-02-03T06:44:45Z", "sentiment": 0.8292, "entities": []}, {"author": "@rexation1017", "comment": "Can you talk about Canada Goose? It's one of Canada's hottest retail stocks and I haven't seen you mention your opinion on it. Thanks", "likes": 7, "published_at": "2021-02-03T01:20:48Z", "sentiment": 0.4404, "entities": []}, {"author": "@nevillejames2200", "comment": "Hey Brandon any thoughts on Walmart stock?", "likes": 1, "published_at": "2021-02-02T23:03:01Z", "sentiment": 0.0, "entities": ["Walmart"]}, {"author": "@2496joydip", "comment": "I have the same t shirt bro", "likes": 1, "published_at": "2021-02-02T16:44:19Z", "sentiment": 0.0, "entities": []}, {"author": "@a514a9", "comment": "Hi Brandon,\nI've just known you for couple days now I've learned a lot thanks! I want to ask you if it's okay to have 2 trading accounts ? One on wealthsimple and the other on questrade\nI want to make a TFSA on wealthsimple and a margin account on questrade to trade whenever I wanted to\nIt's unfortunate that some stocks that I really like such as tencent is not available on wealthsimple so I'm confused should I use one platform or two? If you can tell us what platforms are you using for trading/investing please? \nI'm just asking for your opinion don't worry about my choices okay? Thank you for everything!", "likes": 0, "published_at": "2021-02-02T15:57:29Z", "sentiment": 0.9055, "entities": []}, {"author": "@laylaabdi7231", "comment": "I don't understand, if a stock has massive gains its halted, but if it has massive falls its \"fine\". Market manipulation at its finest.. RIP BB for now..", "likes": 0, "published_at": "2021-02-02T15:38:18Z", "sentiment": -0.2732, "entities": []}, {"author": "@ThatLegendRicoKing", "comment": "Canadian's get taxed for American Dividends though.", "likes": 0, "published_at": "2021-02-02T14:00:37Z", "sentiment": 0.0, "entities": []}, {"author": "@thePlum", "comment": "Meh!", "likes": 0, "published_at": "2021-02-02T03:41:21Z", "sentiment": -0.1511, "entities": []}, {"author": "@michie817", "comment": "With there being dividends being paid out and it being a US stock, should I be buying it within my TFSA or not?", "likes": 1, "published_at": "2021-02-02T03:09:59Z", "sentiment": 0.0, "entities": []}, {"author": "@culinaryking08", "comment": "Can I buy more stocks in a company even if that company is already in a ETF that I have bought stokes in?", "likes": 0, "published_at": "2021-02-01T19:33:55Z", "sentiment": 0.0, "entities": []}, {"author": "@outta10network92", "comment": "What silver stocks do I buy!?! Omg the wall street bets kids are going to pump it. Please help.", "likes": 1, "published_at": "2021-02-01T10:37:28Z", "sentiment": 0.6792, "entities": ["the wall street bets kids"]}, {"author": "@ryanarcand2220", "comment": "Could you do a video on ZWC?", "likes": 0, "published_at": "2021-02-01T01:08:25Z", "sentiment": 0.0, "entities": ["ZWC"]}, {"author": "@BananaMana69", "comment": "Hey man, I have some money in a TFSA through CIBC, can i use this money to invest?", "likes": 1, "published_at": "2021-01-31T22:12:47Z", "sentiment": 0.0, "entities": ["CIBC"]}, {"author": "@martinheung518", "comment": "Hey Brandon, love your content! Would you say it is important for a young investor (18 yr old) to have bond index funds in their portfolio?", "likes": 0, "published_at": "2021-01-31T21:19:58Z", "sentiment": 0.7424, "entities": []}, {"author": "@Random_148", "comment": "Which stock right now best for drip?? I do not too big budget. Thank you in advance.", "likes": 1, "published_at": "2021-01-31T20:22:03Z", "sentiment": 0.7941, "entities": []}, {"author": "@montecrist", "comment": "Hey Brandon, my alert for PG was at $129... Great to hear that we are on the same page! Have a healthy and prosperous 2021!", "likes": 4, "published_at": "2021-01-31T18:56:32Z", "sentiment": 0.9133, "entities": []}, {"author": "@bryanpoon280", "comment": "FUN GUY :) GO RAPTORS", "likes": 1, "published_at": "2021-01-31T18:03:44Z", "sentiment": 0.7925, "entities": ["FUN"]}, {"author": "@KatriceJustice", "comment": "Definitely going to add this to my portfolio!", "likes": 0, "published_at": "2021-01-31T17:42:16Z", "sentiment": 0.4574, "entities": []}, {"author": "@vietxsoul", "comment": "How many would you recommend to get?", "likes": 0, "published_at": "2021-01-31T02:21:24Z", "sentiment": 0.3612, "entities": []}, {"author": "@maoxuliu8860", "comment": "Can we see your porpolio", "likes": 0, "published_at": "2021-01-31T01:24:13Z", "sentiment": 0.0, "entities": []}, {"author": "@carollshelby500", "comment": "Great pick. Love the brand. I buy a lot of tide!", "likes": 1, "published_at": "2021-01-30T23:34:11Z", "sentiment": 0.8622, "entities": []}, {"author": "@xxrngxx5", "comment": "Fresh cut B-Dawg \ud83d\ude02", "likes": 1, "published_at": "2021-01-30T23:03:10Z", "sentiment": 0.0516, "entities": []}, {"author": "@daddimaterial7171", "comment": "\u201cyou want an investment, not a speculation\u201d -brandon beavis", "likes": 12, "published_at": "2021-01-30T20:57:45Z", "sentiment": 0.0772, "entities": []}, {"author": "@mre.r.1647", "comment": "Nice shirt...Kawhi baby!!!", "likes": 1, "published_at": "2021-01-30T20:56:49Z", "sentiment": 0.5684, "entities": []}, {"author": "@sachinnarang2262", "comment": "Good pick. CNR vs CP, which one would you pick and why?", "likes": 0, "published_at": "2021-01-30T20:45:08Z", "sentiment": 0.4404, "entities": ["CNR"]}, {"author": "@PuReGaMeRz268", "comment": "How much do I need to live off of CAD$100k/yr?", "likes": 1, "published_at": "2021-01-30T18:50:11Z", "sentiment": 0.0, "entities": []}, {"author": "@connorjones284", "comment": "\"You still gotta brush your teeth and wipe your butt\"  I can get onboard with that!", "likes": 9, "published_at": "2021-01-30T18:23:21Z", "sentiment": 0.0, "entities": []}, {"author": "@benhaze1010", "comment": "What happened in 2019? Their net sales increased slightly over 2018 but their operating income and net earnings dropped 60%? I would investigate this before investing now in P&G. Thanks for all the information provided in your review.", "likes": 0, "published_at": "2021-01-30T18:22:28Z", "sentiment": 0.6966, "entities": []}, {"author": "@donhawrys8978", "comment": "Love your Videos. Your very Good explaining things. I was wondering if you would give your take/explanation on split share corporations.", "likes": 0, "published_at": "2021-01-30T16:41:19Z", "sentiment": 0.8622, "entities": ["Videos"]}, {"author": "@martyes9563", "comment": "Brandon, what about the potential for a major market downturn right now? Would you still continue to purchase stocks right now?", "likes": 1, "published_at": "2021-01-30T16:33:58Z", "sentiment": 0.0, "entities": []}, {"author": "@outta10network92", "comment": "Question - if you have 1000$ invested in PG how much do you get monthly from the dividend? 246$ @ 2.46%? (I think that\u2019s the percentage you said). Thanks.", "likes": 0, "published_at": "2021-01-30T16:24:08Z", "sentiment": 0.504, "entities": []}, {"author": "@DividendCompass", "comment": "One of the highest quality companies out there, and a dividend king! \ud83d\udc51", "likes": 2, "published_at": "2021-01-30T15:38:29Z", "sentiment": 0.0, "entities": []}, {"author": "@Orielle1000", "comment": "Hi Brandon, thanks for the info. I am a newbie when it comes to investing in stocks directly and I am just about to open my Quest Trade account. You gave me an idea what to buy today. \ud83d\ude0a", "likes": 1, "published_at": "2021-01-30T15:24:46Z", "sentiment": 0.4404, "entities": []}, {"author": "@0043fasteddy", "comment": "On my watch list", "likes": 0, "published_at": "2021-01-30T15:16:30Z", "sentiment": 0.0, "entities": []}, {"author": "@itissrinivasan", "comment": "You're famous enough for people to make fake accounts of you. Yaaay!", "likes": 0, "published_at": "2021-01-30T15:12:27Z", "sentiment": -0.5255, "entities": []}, {"author": "@deniss.3661", "comment": "Ol\u00e1! Verifique o e-mail (e spam) com uma carta de coopera\u00e7\u00e3o (Gglot)", "likes": 1, "published_at": "2021-01-30T13:32:16Z", "sentiment": 0.0, "entities": []}, {"author": "@amodmahajan", "comment": "Thanks for the good video.  keep up the good work. \ud83d\udc4d", "likes": 1, "published_at": "2021-01-30T13:18:58Z", "sentiment": 0.8271, "entities": []}, {"author": "@jessechapman5432", "comment": "Great video and fresh cut! But fellow Canadian here, what is the best brokerage for me to buy individual US stocks without getting hit hard with fees. currently with Wealthsimple which I use for Canadian stocks and also Questrade which I use for ETF's. I haven't invested in any individual US stock because I don't want to use wealthsimple for the fact that I can't hold any US funds so get hit with the double exchange rate and I don't want to use Questrade because I would have to pay a minimum of $5 commission on each buy which is absolutely outrageous for us people who aren't blessed with loaded pockets. How could I ever keep adding to my position when it would cost me $5 each time? That's an extreme amount when you are only able to add a few hundred to a thousand each time. I can see maybe if I were to do a single one time buy in of $5 but that's not what I'm looking for, I want a long term investment I can keep growing. How do you go about investing in US stocks?", "likes": 1, "published_at": "2021-01-30T10:51:34Z", "sentiment": -0.2419, "entities": []}, {"author": "@MrBizteck", "comment": "Already own 2 WHOLE pg stocks ! \ud83e\udd23    hopfully I can scrape the pennies and get a few more.", "likes": 7, "published_at": "2021-01-30T10:42:10Z", "sentiment": 0.0, "entities": []}, {"author": "@kimakashi", "comment": "I have 2/5 135 SP calls lol This made me feel beatter", "likes": 1, "published_at": "2021-01-30T09:46:56Z", "sentiment": 0.4215, "entities": ["SP"]}, {"author": "@shayminmilo6937", "comment": "would you recommend investing in VYM or just stick to PG?", "likes": 2, "published_at": "2021-01-30T08:43:28Z", "sentiment": 0.3612, "entities": ["VYM"]}, {"author": "@ibz2836", "comment": "What should I use to buy this stock? Questrade weskthsimple?....", "likes": 1, "published_at": "2021-01-30T07:51:16Z", "sentiment": 0.0, "entities": []}, {"author": "@KaliBlaz", "comment": "I got GameStop shares i am rich \ud83d\ude02", "likes": 1, "published_at": "2021-01-30T07:19:38Z", "sentiment": 0.7003, "entities": []}, {"author": "@bouweenvermogen", "comment": "Nice video! P&G should be part of everyone\u2019s portfolio \u263a\ufe0f", "likes": 0, "published_at": "2021-01-30T07:06:15Z", "sentiment": 0.4753, "entities": ["P&G"]}, {"author": "@lightly_toasted", "comment": "Brandon, can you talk about how you assess a stock to see if it's worth investing? I'd love to know what your process is in evaluating a stocks potential", "likes": 47, "published_at": "2021-01-30T06:52:13Z", "sentiment": 0.7269, "entities": []}, {"author": "@adamn.farhan3981", "comment": "Dude just Use a ( POP FILTER ) for your mic", "likes": 2, "published_at": "2021-01-30T06:32:43Z", "sentiment": 0.0, "entities": []}, {"author": "@scottscriticalmass", "comment": "Will never argue with anyone that's wants PG in their portfolio... It's hard to find a more reliable company and stock.  I love the fact they've restructured their business in a big way over the past 1/2 decade or so, divesting many of the business lines they no longer felt were good fits (think Coty, Pringles, Duracell and many others).  As a result, operating margins have improved by more than 10% (now 23%+) with free cash flow increasing by an even larger percentage.  What's not to like?!?!?  While I'm not buying today, I'd start doing so aggressively if/when it's yielding closer to 3%.  Let's call it the $110 range.  Gotta be honest and say <$120 might start tempting me tho'.  \n\nBTW... I could use your help bringing HSY back down closer to $120 as well.  :)  Another boring tried and true company with 20%+ operating margins that's high on my wish list. \u00a0\n\nThanks for the video Brandon!  Well done as always.", "likes": 2, "published_at": "2021-01-30T06:02:39Z", "sentiment": 0.9829, "entities": ["Duracell", "HSY"]}, {"author": "@cutiecatboy", "comment": "I'm so glad you made a video about this! Procter & Gamble has been the first stock on my watchlist (along with Mondelez International) ever since I started investing. Thanks for yet another great vid Brandon!", "likes": 1, "published_at": "2021-01-30T05:53:43Z", "sentiment": 0.8974, "entities": ["Procter & Gamble", "Mondelez International"]}, {"author": "@therealant4844", "comment": "Love ur haircut u look like a mob boss lmao", "likes": 2, "published_at": "2021-01-30T05:44:38Z", "sentiment": 0.891, "entities": []}, {"author": "@Citizen__X1", "comment": "The market bullied me today", "likes": 0, "published_at": "2021-01-30T05:43:35Z", "sentiment": -0.6249, "entities": []}, {"author": "@janleyva2602", "comment": "Like you cut G!", "likes": 0, "published_at": "2021-01-30T05:41:55Z", "sentiment": 0.1759, "entities": []}, {"author": "@ayshabrazeau5700", "comment": "Thank you for mentioning the scammers", "likes": 1, "published_at": "2021-01-30T05:32:48Z", "sentiment": 0.3612, "entities": []}, {"author": "@rachelsuxxx459", "comment": "Can you make a video about a mistake you made with a trade and how you recovered?", "likes": 1, "published_at": "2021-01-30T05:09:37Z", "sentiment": -0.34, "entities": []}, {"author": "@johnmcgillivray5077", "comment": "Thanks for posting these videos!  I just started investing about a month ago and have been watching your videos and subscribed.  Keep up the good work!", "likes": 1, "published_at": "2021-01-30T04:54:22Z", "sentiment": 0.7494, "entities": []}, {"author": "@BH-pl7vg", "comment": "ARKK has a dividend yield of 1.45% and ARKG has a yield of 0.71%, two of the top performing ETFS of 2020 with little risk and huge price growth potential. Record shows consistent improvement and success. Much better in my opinion as it\u2019s more diversified and offers a much better ROI. You\u2019ll be lucky to get 10% in stock price growth with this garbage, the little dividend isn\u2019t much of a seller for such a bore.", "likes": 0, "published_at": "2021-01-30T04:51:48Z", "sentiment": 0.9614, "entities": ["ARKK", "ARKG", "ETFS"]}, {"author": "@nevillejames2200", "comment": "Great content. On my watchlist for sure", "likes": 0, "published_at": "2021-01-30T04:47:24Z", "sentiment": 0.7506, "entities": []}, {"author": "@cnorth3036", "comment": "awww brandon ur killing me LMT BMY! lol", "likes": 1, "published_at": "2021-01-30T04:40:15Z", "sentiment": -0.4389, "entities": ["LMT BMY"]}, {"author": "@cnorth3036", "comment": "Tight.. Haircut!!!!", "likes": 1, "published_at": "2021-01-30T04:39:36Z", "sentiment": 0.0, "entities": []}, {"author": "@stonks1150", "comment": "I\u2019d love to see a comparison of Apple and Microsoft stock. I\u2019d be interested to see which company has a brighter next 5 years in your opinion.", "likes": 0, "published_at": "2021-01-30T04:33:13Z", "sentiment": 0.8591, "entities": ["Apple", "Microsoft"]}, {"author": "@meroshango9603", "comment": "Im for long term invest but for those who dont just remember HOLDDD \ud83d\udcaa\ud83d\udcaa\ud83d\udcaa", "likes": 1, "published_at": "2021-01-30T04:21:35Z", "sentiment": 0.0, "entities": []}, {"author": "@mena376", "comment": "my whole portfolio went red today and yesterday. I think a major shopping day is dawning.", "likes": 9, "published_at": "2021-01-30T04:04:42Z", "sentiment": 0.0, "entities": []}, {"author": "@arikhassan", "comment": "Hey I tried to place a trade on Tencent through questrade but it was unable to process, does anyone know how to fix that?", "likes": 0, "published_at": "2021-01-30T04:00:57Z", "sentiment": 0.0, "entities": []}, {"author": "@gmax0", "comment": "Why would you pay 25 P/E for a stock with stagnant EPS for the last 10 years? If there is no growth, the P/E will drop to 15x so does the price", "likes": 0, "published_at": "2021-01-30T03:57:23Z", "sentiment": -0.2732, "entities": ["EPS"]}, {"author": "@KelechIwuaba", "comment": "Boring COMPANIES FOR THE WIN!!!!", "likes": 1, "published_at": "2021-01-30T03:54:17Z", "sentiment": -0.5374, "entities": ["WIN"]}, {"author": "@momo35444", "comment": "great video!! thank you brandon", "likes": 0, "published_at": "2021-01-30T03:45:35Z", "sentiment": 0.8011, "entities": []}, {"author": "@devilhunterred", "comment": "Good recommendation. I'm definitely committing about 10% of my long term port to a stable dividend king like this.", "likes": 1, "published_at": "2021-01-30T03:39:04Z", "sentiment": 0.8625, "entities": []}, {"author": "@simonledoux2744", "comment": "Great video, cool to have an investment grade stock idea at this moment with all that is going on. PG is on my watchlist, but I already own JNJ and I feel they would be overlapping a bit. Two great companies.", "likes": 1, "published_at": "2021-01-30T03:38:31Z", "sentiment": 0.8705, "entities": ["JNJ"]}, {"author": "@vvolfflovv", "comment": "great points. PG is a top tier company.", "likes": 1, "published_at": "2021-01-30T03:36:54Z", "sentiment": 0.7096, "entities": []}, {"author": "@j.p.6228", "comment": "Good stuff as usual buddy!", "likes": 2, "published_at": "2021-01-30T03:33:20Z", "sentiment": 0.4926, "entities": []}, {"author": "@soseipok", "comment": "Nice haircut Brandon", "likes": 1, "published_at": "2021-01-30T03:20:58Z", "sentiment": 0.4215, "entities": []}, {"author": "@miketyson2952", "comment": "Hey man, can you announce a fan meetup in Vancouver on YouTube? Or do you have a discord channel", "likes": 1, "published_at": "2021-01-30T03:07:50Z", "sentiment": -0.1027, "entities": ["YouTube"]}, {"author": "@Micvic79", "comment": "Is it safe to buy in now?", "likes": 2, "published_at": "2021-01-30T03:05:21Z", "sentiment": 0.4404, "entities": []}, {"author": "@Shi1985", "comment": "Good job! Hey Brandon I don't know if you noticed but CNR.TO canadian national railway has also gone down by over 8% in the last month even though the earning was not bad and they raised the divident. I know you made a video about this when it was at $140 and now its below 130. Any reason behind this? Thanks", "likes": 2, "published_at": "2021-01-30T03:00:31Z", "sentiment": 0.8905, "entities": []}, {"author": "@anne-mariel3256", "comment": "Pleaple will never stop \ud83e\ude92...", "likes": 0, "published_at": "2021-01-30T02:47:57Z", "sentiment": 0.2235, "entities": []}, {"author": "@vicoll135", "comment": "We love the stock", "likes": 19, "published_at": "2021-01-30T02:38:14Z", "sentiment": 0.6369, "entities": []}, {"author": "@thomascarter-thompson7926", "comment": "Love it! More investing talk and less of the speculative crap most people are going for right now", "likes": 1, "published_at": "2021-01-30T02:33:21Z", "sentiment": 0.4639, "entities": []}, {"author": "@sajadkey-manesh3206", "comment": "Nice hair cut \ud83e\udd29", "likes": 0, "published_at": "2021-01-30T02:31:35Z", "sentiment": 0.1779, "entities": []}, {"author": "@ab.4425", "comment": "Great pick buddy!! Thank you so much!!", "likes": 0, "published_at": "2021-01-30T02:30:51Z", "sentiment": 0.8302, "entities": []}, {"author": "@MrDevgames", "comment": "PG has been in my watchlist for a while now... Glad it's finally getting to a point where I can justify it... Thanks for another great video Brandon, I'm becoming a regular on your channel!", "likes": 8, "published_at": "2021-01-30T02:23:39Z", "sentiment": 0.8832, "entities": []}, {"author": "@Kevin_Street", "comment": "Procter & Gamble is (ironically enough considering the name) a nice, safe pick. I think you've mentioned them in previous videos. Definitely an investment you'd want to keep rather than a speculation. All in all, excellent advice Brandon.", "likes": 7, "published_at": "2021-01-30T02:23:35Z", "sentiment": 0.9081, "entities": ["Procter & Gamble"]}, {"author": "@jershir7599", "comment": "Boring is the way it is supposed to be!  Love me some PG", "likes": 1, "published_at": "2021-01-30T02:23:34Z", "sentiment": 0.4926, "entities": []}, {"author": "@ReeferGenesis", "comment": "Sick cut yo", "likes": 1, "published_at": "2021-01-30T02:22:26Z", "sentiment": -0.6597, "entities": []}, {"author": "@christiantinoco7039", "comment": "Is there an ETF of CANADA stocks ??", "likes": 0, "published_at": "2021-01-30T02:18:41Z", "sentiment": 0.0, "entities": []}, {"author": "@christiantinoco7039", "comment": "Is there an ETF of CANADA stocks ??", "likes": 0, "published_at": "2021-01-30T02:18:35Z", "sentiment": 0.0, "entities": []}, {"author": "@christiantinoco7039", "comment": "Is there an ETF of CANADA stocks ??", "likes": 0, "published_at": "2021-01-30T02:18:31Z", "sentiment": 0.0, "entities": []}, {"author": "@marytouch2915", "comment": "I bought some shares this afternoon! Great video as always, Brandon\ud83d\ude0d", "likes": 2, "published_at": "2021-01-30T02:14:13Z", "sentiment": 0.7644, "entities": []}, {"author": "@je.m3320", "comment": "Ey im watching while eating", "likes": 1, "published_at": "2021-01-30T02:13:50Z", "sentiment": 0.0, "entities": []}, {"author": "@joeypeteza3554", "comment": "is it a mistake if i bought PG for $137 now its going down but I'm holding it forever so I'm guessing that's okay right haha", "likes": 0, "published_at": "2021-01-30T02:12:44Z", "sentiment": 0.6858, "entities": ["PG"]}, {"author": "@21ZacDUDE", "comment": "Hey Brandon have you taken a look at Loblaw stock recently? Ticket: L.", "likes": 0, "published_at": "2021-01-30T02:12:32Z", "sentiment": 0.0, "entities": []}, {"author": "@LifeofRichh", "comment": "Great pick, It's also good to know that you see it as a more conservative option. Its very diversified and its Brand is well-known. Definitely a great pick and an even better video! Building my portfolio video by video", "likes": 4, "published_at": "2021-01-30T02:09:13Z", "sentiment": 0.9516, "entities": []}, {"author": "@joeypeteza3554", "comment": "yikes to the fake accounts", "likes": 2, "published_at": "2021-01-30T02:08:56Z", "sentiment": -0.4767, "entities": []}, {"author": "@tannerharcus8833", "comment": "If it's not GME we don't care jk but I had too", "likes": 1, "published_at": "2021-01-30T02:06:55Z", "sentiment": -0.284, "entities": ["GME"]}, {"author": "@beaviswealth", "comment": "\ud83d\udcc8\ud83d\udcda As always, if you're a beginner to the Stock Market in Canada and you're looking for a step-by-step blueprint on how to get started... Find out more about our Investing Academy here - https://bit.ly/theinvestingacademy\n\nLate post today but.. oh well! Hope you guys enjoy! :)", "likes": 9, "published_at": "2021-01-30T02:04:58Z", "sentiment": 0.8953, "entities": ["the Stock Market", "Investing Academy"]}, {"author": "@alishawahab5235", "comment": "Videoooo", "likes": 0, "published_at": "2021-01-30T02:04:36Z", "sentiment": 0.0, "entities": []}, {"author": "@chromeposites", "comment": "Noty Gang!!", "likes": 0, "published_at": "2021-01-30T02:04:07Z", "sentiment": 0.0, "entities": []}, {"author": "@starcyon", "comment": "1 comment", "likes": 0, "published_at": "2021-01-30T02:04:03Z", "sentiment": 0.0, "entities": []}]