[{"author": "@beaviswealth", "comment": "\ud83d\udcc8\ud83d\udcda\ud83c\udde8\ud83c\udde6 Join The Investing Academy Today - https://bit.ly/theinvestingacademy", "likes": 4}, {"author": "@renzenker2526", "comment": "Your comment about retirees depends on the type of portfolio.  If a retiree was invested in all growth  stocks that do not pay dividends and was planning to draw down on portfolio capital gains and even principle, this crash is bad. If however the retiree has a dividend portfolio that pays enough dividends to cover their living expenses, the crash is irrelevant unless dividends are reduced or cut. Personally, I have been working on a Canadian Dividend portfolio to retire on since March 2020 in a lump sum windfall situation, and did not go all in at that time so was unable to complete building the portfolio as markets rose and rose until recently.  Still at 35% cash unsure to buy more even now, or hold on to cash in anticipation of a worse crash?!", "likes": 1}, {"author": "@ratagusc7867", "comment": "I only check how much is my income, not the value of my portfolio (assuming you buy good companies) and I only buy companies I understand.", "likes": 0}, {"author": "@jimmbboe", "comment": "Loving the example!!", "likes": 0}, {"author": "@jadchor9036", "comment": "Thumbs up! Good video", "likes": 0}, {"author": "@mikewestern9925", "comment": "great video", "likes": 0}, {"author": "@eddy563", "comment": "It is 2008 all over again market wise, not related to housing this time, not yet at least... but blood is in the street and I am buying, investing in my beautiful businesses :) we can still go down another 20% as liquidity dries up.. but good companies are becoming more attractive by the day.. cheers and have a nice weekend!", "likes": 0}, {"author": "@JK-rv9tp", "comment": "I started out with this mindset when I retired and set up my self directed income accounts.  Think of it as owning businesses that stream cash into your pocket, instead of owning casino chips.  My portfolio is heavily weighted toward hard asset cash flow, not cash flow from vapour (like selling coffee).  RETs, MICs, Utility ETFs, commodity royalties, and gold. I love getting income from gold, using HGY, which pays a distribution from selling calls on a portion of GLD units.  I don't \"know\" that we're in another 2008, but I'm convinced the probability is better than even.", "likes": 0}, {"author": "@squishtomar1676", "comment": "I'm getting wrecked. Not selling but damn", "likes": 0}, {"author": "@rosemariel.9000", "comment": "Hi Brandon.  What other income dividend stocks beside Starbucks would you recommend at this time.  Thanks", "likes": 0}, {"author": "@owoelevators", "comment": "Thank you for making this video.  My perception of the overall market has changed as a result.  I am looking at adding individual REITs for the long term some of which pay monthly distributions.  I am avoiding the high yield variety as the dividends tend to go down.  Keep up the great work!", "likes": 0}, {"author": "@lls737", "comment": "Can you do a video on best ETFs that focus on sustainability.", "likes": 0}, {"author": "@torenatkinson1986", "comment": "How do you find out how many shares you need to get a dividend from a company?", "likes": 1}, {"author": "@NateCage", "comment": "I feel like I need a daily reminder to keep me from just selling everything lol, I've just completely stopped even looking at my account now. This year has been a tough one, thank god the last 2 were so good", "likes": 0}, {"author": "@king_wadey_productions", "comment": "Can you do I video on inverse etf\u2019s", "likes": 0}, {"author": "@florendogomezcasuga7043", "comment": "Buy consumer defensive stocks like utilities, coca-cola and communication.  Canadian economy is better when it comes to recession. Canada is more focused in energy, real state, and banking.", "likes": 0}, {"author": "@nelsonw1267", "comment": "Well put Brandon.  In the case of things going down, for those who have plans to hold for 5+ years this temporary blip will likely be forgotten by then time we  reach the designated time horizon. Trying to catch a bottom is near impossible so dollar cost averaging stocks and treating them like businesses that produce income is a great mindset to have.", "likes": 0}, {"author": "@FandomFinance", "comment": "Totally right about mindset, it\u2019s exciting to see this massive drop. That\u2019s going to sound crazy to some, but tuning your brain differently around all this stuff is a necessity.", "likes": 0}, {"author": "@spikebeer1373", "comment": "Thank you for being to calm in the sea of red!", "likes": 0}, {"author": "@David_C_83", "comment": "I've been expecting the drop for a while now, I thought it would've happened earlier in the year but it's definitely a great opportunity to average down on some positions and maybe even add some that seemed overpriced.", "likes": 0}, {"author": "@kravmaga3225", "comment": "Great video  The Omni Dividend calculator is a perfect tool for the DIY investor  Thanks!!!!", "likes": 0}, {"author": "@web3tel", "comment": "Thank you, great attitude. Can you please record video about hedging that comes handy at times like now. For example using inverse ETFs.", "likes": 0}, {"author": "@WalkaroundTravel", "comment": "There could be an argument made that Starbucks is still very overpriced at these levels.  The Debt to Equity Ratio has been negative for the past few years, which could be interpreted as a problem to pay future dividends.  Starbucks is a great franchise but as far as an investment you should look carefully at the debt.  There are some interesting articles in the media that analyze the difficult position of Starbucks.", "likes": 6}, {"author": "@itz.mariavicz", "comment": "Silly question here, but dividends always confuse me - if in a year a company pays $2 in dividends, so yeah about 50 cents per quarter... Is that per share? Or is that per $100? The percentages and the dollar value of the dividend sometimes don't add up, at least the way I'm doing it\n\nThank you in advance! Keep being awesome \u263a\ufe0f\u263a\ufe0f", "likes": 0}, {"author": "@keevy-n-kaz", "comment": "Awesome job explaining this Brandon.  I\u2019ve really been enjoying your videos.", "likes": 0}, {"author": "@aarony6504", "comment": "love the out-of-box thinking and explaination", "likes": 0}, {"author": "@wallyg8020", "comment": "Do you know what a good dividend tracker that's free you can use?", "likes": 0}, {"author": "@cutiecatboy", "comment": "Love the video as always! What I'm doing for this recession is I'm buying 100$ worth of stocks every day for the next few months, sort of a mix between value investing and dollar cost averaging :)", "likes": 0}, {"author": "@advenvilla", "comment": "Always thinking of the long term. I'm going to school soon, but I'm gonna do the best I can to put some money aside to keep investing!\ud83e\udd73\ud83e\udd73\ud83d\ude4f", "likes": 0}, {"author": "@fhuzpatch", "comment": "\"shouldn't have been in all equity stocks\" ... my bond stocks have dropped WORSE than my equity stocks. I index invest in ETFs (ZSP, ZUT, ZEM, ZEA, ZAG) ... the last one (ZAG) being my bond investments, and it literally has been dieing the last year. Of all of them, ZAG dropped 15% from when I purchased 2 years ago compared to ZSP still being +7% from purchase, ZUT still +20% and the other 2 (European and Emerging) down 6% from my initial purchase 2 years ago. I'm actually happy I didn't go heavier in bonds like the rule of thumb suggested for my age (55% bonds), instead I'm going roughly 20% ea. Each of those btw also give nice dividends around 3% to 4% I think. A couple months ago I panicked and skimmed a bit off each (while they're all in the green) to add a 6th column for gold (MNT) and it's currently up +4.5% (no div's though). Everything is going down, and bonds plummeted heavily first.", "likes": 1}, {"author": "@RAF0769", "comment": "I am continually impressed with the content of this channel. Videos like these really make me happy that I follow your channel. Thank you!", "likes": 1}, {"author": "@davidm0934", "comment": "ok now im really fomo", "likes": 0}, {"author": "@mjbalmmac1588", "comment": "I am one of those retired folks that market downs are tougher. But bonds have been horrible. Would love a video focussed on recommendations for fixed income options. GIC suck bonds suck so what should we be doing for short term cash needs.  How do we invest allocation for a 2 year, 5 year and 10 year.  So much content is targeted at young investor with lots of time. Would love some content that targets near retirement or in retirement", "likes": 17}, {"author": "@momo35444", "comment": "great booster video Brandon!!! i already had this vision, but this is a great reminder NOT to forget the great climb of 2020 till now. this is not a huge drop in a 3 year span. lets look at it as a reset. but when will it end? we never know. well said", "likes": 0}, {"author": "@grumpygus81", "comment": "I've got a roughly 70/30 Income/growth approach and currently have cash so I'm LOVING being able to avg down some of my income positions and getting a steal on some growth opportunities that I might have had to wait for normally. Can't time the bottom so don't try, just take a deal when you see one!", "likes": 3}, {"author": "@owenkwong3358", "comment": "Liked \ud83d\udc4d", "likes": 0}, {"author": "@Symphony5O", "comment": "I don't get the printer analogy. You simply saved $500 on the initial investment. Why is your 50% off printer magically printing an extra $100 every year? After 20 years with the $1000 printer your income would be $2000. After 20 years with the $500 printer your income would still be $2000. Your net profit would be $1000 and $1500 respectively. I don't see how this is doubling your income.", "likes": 4}, {"author": "@Lopersen", "comment": "Thank you again.", "likes": 0}, {"author": "@TheCounterpointer", "comment": "I still think that people can go 100% equity entirety of their life and be fine, just need to make sure that by the time you need the cash flow for the living expenses, all of your dividend payments are safe, secure, growing and beating the inflation and you should be good for the rest of your life", "likes": 0}, {"author": "@constantinkwiatkowski1940", "comment": "That is right dividends are not independent to the share price but we know the future way of indexes. It\u2019s go up that is law.", "likes": 0}, {"author": "@piknik8230", "comment": "be greedy when others are fearful, be fearful when others are greedy. \n\ni always think of this classic qoute by warren buffett. buy and hold for me!", "likes": 6}, {"author": "@turbofanlover", "comment": "Good vid, dude.  I started taking profits half way through 2021.  So, now I have a very nice pile of cash all ready to start putting back into the market when the dust finally settles.", "likes": 0}, {"author": "@jasonstupak4535", "comment": "Fantastic video Brandon.  Watched and liked, thanks.  Loving my dividend / covered call stocks.", "likes": 0}, {"author": "@willkeen5010", "comment": "Great advise. When my safer blue chip dividend payers drop, first thing that comes to mind is my drip is going to buy that many more shares and my compounding snowball is getting bigger that much faster \ud83d\udcaa", "likes": 2}, {"author": "@jayg3942", "comment": "Great video but I don\u2019t think it considers that the decrease of stock price indicates a negative outlook on company profits/performance. If company profits drop then dividends may be cut.", "likes": 9}, {"author": "@WiseOwl_1408", "comment": "It's ya boi", "likes": 1}, {"author": "@ab.4425", "comment": "Great video buddy!! Thank you so much!!", "likes": 0}, {"author": "@roberttaylor3594", "comment": "I am realizing how much my point of view has changed watching your channel. So, thanks!\n.  I\u2019m ok with stock price going down because the businesses are solid and will probably keep paying the dividend.  \nI think it\u2019s too late to sell out now and wait.  Interest rates up, war\u2026 very complicated, anyway.  \n\nWhy, I might even buy Disney!  No dividend right now, but I expect there will be.", "likes": 5}]