[{"author": "@SpeakerBuilder", "comment": "You were not clear at all about the good ROC vs bad ROC distinction. Does the first not impact your cost basis, where as the second does reduce your cost basis? I have always assumed the latter in other types of stocks I own where I receive ROC and it does reduce my cost basis, but I pay no taxes on my ROC distributions. Basically any ROC that reduces your cost basis would result in a capital gain tax burden that otherwise would not be there if you sold the stock for the same amount you bought it for. But by comparison, if you received a taxable dividend distribution instead of ROC, you would pay those taxes now instead of later. So either way results in the exact same tax burden.", "likes": 0}, {"author": "@Lylestyle-DIY", "comment": "How does this compare to Evolve's BANK ETF ? Everything is higher with BANK, except for the stock price & fees.", "likes": 0}, {"author": "@jacksonbrown2827", "comment": "Why has this funds monthly distribution been consistently on the decline since inception? \nStarting at .185 to now .173", "likes": 0}, {"author": "@atiyauthmani8516", "comment": "All of the Hamilton maximizer coeverd call ETFs are fairly new (like the healthcare yield, energy yield, and gold producre yield), and of those that aren't,  not every ETF is increasing its distribution. In fact the Utilituies Yield Maximizer ETF (UMAX) has steadily decreased its distributions since inception in 2023. One exception is the technology yield maximizer ETF (QMAX) which has actually increased its distributions since inception in 2023, but then most tech covered call ETFs have (like HAE & TLF) due to the underlying assets appreciating in capital.", "likes": 0}, {"author": "@premiumportfoliodesign", "comment": "Negative return since inception even with reinvested dividends.", "likes": 0}, {"author": "@riscy00", "comment": "Thank you. This has been under my microscope for the past few weeks, and I hope to be on board. Are they eligible for dividend tax, and what rate?", "likes": 0}, {"author": "@jose197123", "comment": "with respect, maybe not due...I did learn how to spot a paid advertisement.", "likes": 0}, {"author": "@jose197123", "comment": "Why not just come out and tell investors that they're upside on gains is 50% meanwhile losses are 100%. You may be dancing around the issue a bit for laymen. This info is not sold in the advertising, some investors assume they're making 14%. Interestingly your channel is sponsored by Hamilton. The fund is down 16% since this video was posted so anyone who invested In Hmax in 2023 is in the red...minus fees of course.", "likes": 0}, {"author": "@Deheartless", "comment": "Does this ETF have Withholding TAX?", "likes": 0}, {"author": "@unknownknown2776", "comment": "ok, but how do we tell if the fund we're looking at is Good ROC v Bad ROC?", "likes": 0}, {"author": "@nyacoustics8373", "comment": "if you live in the USA can these be purchased? if so what brokerage firm has it?", "likes": 1}, {"author": "@davidlau7983", "comment": "Good video Mr. Beavis. with a clear example about \"AT THE MONEY\" Covered Call ETF, are there other ETFS comparable to HMAX/UMAX that offer \"At the Money\"?  Would be good to see comparable ETF products that offer high at the money covered call options.", "likes": 1}, {"author": "@fsabeti", "comment": "thanks for video", "likes": 0}, {"author": "@bobjones-wz5ke", "comment": "What does the ETF do when their stock inevitably gets called away? Do they re buy the underlying at a higher price and start the process of selling covered calls again? Do they re buy the options they have sold prior to the stock being called away ? Im very curious how they deal with that .", "likes": 0}, {"author": "@derrickmcdaniel", "comment": "I wish he had explained what would happen to the yield and value in rising market conditions.\n\nMy understanding is that you just get the 73$, using his example and the the funds has to replace that share at the higher price of the market goes up. So that would cut into the upside potential when markets recover.", "likes": 0}, {"author": "@mmmyeahh", "comment": "Great video ! Tell ya one thing all the negative comments on different funds make me laugh, we\u2019re all doing a great job by investing in our future by buying all these funds, think about this , most people are wasting their hard earned cash away on drugs , booze and vehicles they can\u2019t afford. Keep up the great work !", "likes": 0}, {"author": "@MStar10", "comment": "Thanks so much. How does one determine bad roc?? Where does one look to see if distributions are less then the income earned? Pls point to the site pages where this data would be clear so an investor can make an informed decision. Both you and the fund manager omitted where to get this info. Similar to how a normal div stock has a payout %... Where is it for these funds or split shares", "likes": 0}, {"author": "@muaythainumber11", "comment": "Would this be a good long term investment to create a pension if you don\u2019t have one?  It seems like this particular HMAX has a great dividend.   Yes there is some risk but you are investing in like 10 basically Blue Chip companies.  Seems like decent option.  If you just want a reliable dividend to help additional money for a pension seems good.  Or would this be considered risky for that?", "likes": 0}, {"author": "@user-mr7mr9xb4o", "comment": "Thank you very much for such a detailed explanation. Now I understand \u201cthe mechanics\u201d. The next step is - to find some ETFs where the employees are experienced enough to get this high yield from the call options \ud83d\ude42", "likes": 0}, {"author": "@kevinvandenbreemen584", "comment": "The explanation of return of capital was great.  I'd not really understood what other youtubers meant when they glossed it over and said \"oh it's just for tax purposes\" but your explaining the detail of the capital loss and the call premiums made that a lot clearer.", "likes": 1}, {"author": "@karthikeyan.ganapathy", "comment": "Hmax is also eroding the capital now", "likes": 0}, {"author": "@chakrapaniutube", "comment": "This is a very well-made video and an excellent presentation of the issues. Well conceived and logically presented. \n\nHowever, the video has several problems. The first one is that it is sponsored by Hamilton funds. It makes me uneasy when you present yourself as neutral but are sponsored by one side. It goes even further than that. Someone from the company is invited to explain and defend it. There is no one with a contrary view to present the other side. In fact, I saw another video by another person touting Hamilton, sponsored by Hamiton, with the Hamilton guy present, with no one to present the alternative point of view. \n\nThe second problem is the \"misconceptions\" are not misconceptions. They are generally true. You may make a case that there is more to the story, but that doesn't make the criticisms \"misconceptions.\" For example, I don't think critics say you give up 100% of upside potential in every single case. They are just saying you give up upside potential. It may be partial, but you still give up upside potential. This can be verified quickly by comparing the growth of covered call ETFs with plain ETFs containing the same stocks. \n\nThird, how does one tell good ROC from bad ROC? There is no guideline for the investor. I am not necessarily against covered calls or against Hamilton covered call ETFs. They have their place. But this kind of blanket defence and painting the genuine concerns of sophisticated investors as \"misconceptions\" does no one any good. The fact is that there are far more \"bad\" covered call etfsthat \"good\" covered call ETFs.\n\nBrendon Beavis is clear, well-spoken, and sounds knowledgeable. I hope he doesn't waste his considerable talents in supporting interested parties for short-term gain but becomes a true supporter of investor interests. There are few such these days.\n\r\nI am not against Hamilton winning. I feel sorry when inexperienced individual investors are led astray.\n\nThere ain't no such thing as a free lunch. It is a question of tradeoffs, not of \"misconceptions.\"", "likes": 1}, {"author": "@ContinualShiftwithDaveRogers", "comment": "Terrific review Marc - appreciate you taking the time to share views from Mr Summerville as well as the the simple math behind the calculation of the potential returns on the funds. Keep up the awesome reviews and best to you and the team at investor academy.", "likes": 0}, {"author": "@jimh4167", "comment": "Thank you \nGreat explanation... on the mechanics", "likes": 0}, {"author": "@catherinedesilets8960", "comment": "Thank you \ud83d\ude4f\ud83c\udffb \nI hear so much criticism about income investing \nI\u2019m retired without a pension so for me creating enough cashflow maybe 50-60% of my portfolio to income that won\u2019t grow as fast & then 40% to growth stock is my own comfort zone \nI like that you don\u2019t tell us what\u2019s right or wrong but rather to do our own research & go from there \u2764", "likes": 3}, {"author": "@ar6888", "comment": "I've got HMAX, it's a nice balance to my portfolio.", "likes": 0}, {"author": "@javar888", "comment": "great video ! Thanks !", "likes": 0}, {"author": "@revans7240", "comment": "Would you be able to give an update on the total return of your high yield ETF vs the S&P500 with and without dividends reinvested?", "likes": 0}, {"author": "@faizan418", "comment": "Excellent video", "likes": 0}, {"author": "@nguyenphuongchang3925", "comment": "Could you please take a few ETFs that contain good and bad ROC and show us how to look for them before purchasing?\nAs I tried to look for those information from the ETFs prospectus, statements etc but so far I wasn't able to find any ETF issuing companies listed the breakdowns.\nI thought these information should be transparent", "likes": 6}, {"author": "@derfel6969", "comment": "Really good explanation, I would be curious to know the long term math if you reinvest the money you get from the options/dividend by buying more units of the covered call ETF? Intuitively, if you get that 14% yield and buy more shares, it seems like it would be an attractive way of buying more of the upside?", "likes": 1}, {"author": "@Issoehbrasil", "comment": "Then the stocks jump higher than ATM, and the fund loses money.", "likes": 0}, {"author": "@acdatz6222", "comment": "Hamilton said they were \"grinding\" HYLD for a few months before cutting the dividend. Would this be an example of bad ROC?", "likes": 0}, {"author": "@hardcoregames9029", "comment": "I own HMAX and it seems perfect for high yield monthly cash flow, covered calls are not a growth asset", "likes": 0}, {"author": "@mariatrinidad2972", "comment": "\ud83d\udc4d\ud83d\ude0d\ud83c\udde8\ud83c\udde6", "likes": 0}, {"author": "@tbagwarzonecampers5032", "comment": "I hope your not deleting comments, nothing is worst then a echo chamber", "likes": 0}, {"author": "@dwaynecunningham2164", "comment": "Hey what happens when they get exercised?  Do they have to cut their dividend?", "likes": 0}, {"author": "@northshorehighlanders6167", "comment": "Amazing video.  (Watching it multiple times.  Understand more each time.)  I\u2019m sure fund managers recognize the value of YouTube guesting.  Patrick Somerville's ROC explanations add new clarification, e.g., bad ROC, 10\u2019 53\u201d \u201c\u2026 funds pay out more in distributions than what the underlying holdings are earning\u2026\u201d\n\nMany of us are familiar with the bad ROC concept, but could you help us with (where to look for) what numbers suggest good or bad ROC? For instance, could it be as simple as finding NAV history?  (Is this available?) If NAV is historically sinking like the setting sun (with the occasional new offering throwing investors off the trail), is this a strong indication of bad ROC?\n\nHave not been able to find a source that takes this next level of deep dive to uncover what kind of ROC is distributed.  Thanks, Marc!", "likes": 0}, {"author": "@Yannick3585", "comment": "The fact that its sponsored by hamilton makes this video worthless.", "likes": 1}, {"author": "@jefff3796", "comment": "Good video but I think you've missed one important point.  If the calls are at the money, then on average, at least half of them  will be exercised (assuming stock price changes are random with a positive drift).  When the calls are exercised, it forces the fund to sell its shares at the strike price but then to reestablish its position in the stock it must buy back the shares at the higher prevailing market price. In other words, by definition, every time one their calls is exercised, the fund loses money of varying magnitudes.  Obviously Hamilton is well aware of this but it makes the seemingly stable income stream much less reliable than it might appear with significant losses possible, even if the underlying shares do not fall in value. Bottom line, there's absolutely no such thing as a free lunch.  Sad but true!", "likes": 7}, {"author": "@markbrown51", "comment": "Good vide. Strange you choose a \"new\" fund that has an inception date of January 2023 to illustrate your thinking. Not saying that the video is wrong but could have used many other longer term high yield ETF.", "likes": 1}, {"author": "@off1tenth438", "comment": "I\u2019m a user of this high income/yield investing philosophy, but clearly you\u2019re not as your channel has said many times. So, ya\u2019ll have sold out \ud83d\ude02for a little advertisement fee.", "likes": 0}, {"author": "@roberttaylor3594", "comment": "so, how can I tell if the Roc is bad or good on the financial statements?  The fund is probably not going to say \"this is bad ROC\"...", "likes": 0}, {"author": "@pinglee5659", "comment": "Thks you so much for this informative video! Is it possible to touch on circumstances that make covered calls ETF lose money?", "likes": 1}, {"author": "@dariomilkovic4848", "comment": "My question is how are these 13 percent dividends taxed for a Canadian investor inside a TFSA account and outside it?", "likes": 0}, {"author": "@mattpherrill124", "comment": "Does HMAX have an amount where it won't pay the dividend? Like alot of these other high yield ones need a unit nav of $15", "likes": 0}, {"author": "@globetrotter6219", "comment": "Thanks for the great video. It would interesting to know what the strategy is once the shares are called away if the strike price is reached. Do they simply turn around and repurchase those shares and immediately sell \"at the money\" calls ?  and if so, with what time horizon ?", "likes": 3}, {"author": "@andrewmaksymowicz8338", "comment": "Smokin Roc!!!", "likes": 0}, {"author": "@ManpreetSingh-qe8wn", "comment": "Thanks for the explanation. Most of the Hamilton ETFs including this one writes covered calls on just 50% of their portfolio and the other 50% participates in the upside or downside as you mentioned. Looking at HYLDs performance for the last 1 year compared to its benchmark VSP (S&P 500), HYLD performed really really bad. Even if I consider that HYLD paid ~10% annual dividend on an average for the last 1 year, + it went down only 50% of what VSP went down(~13%), I could not find a clear graph showing the total return but I would love to see if you can cover that analysis for HYLD. I know there are costs associated with with-holding taxes + leverage (due to interest rates hike) etc. that would impact the performance as well, but simply put, then VSP is better option than HYLD. Even if I love that yield, but I also value total returns.", "likes": 2}, {"author": "@marctrottier3732", "comment": "...thank you...", "likes": 0}, {"author": "@andyswant-ch8mk", "comment": "Omg hmmmm so what happens when the stocks All go down?? Please oh please explain the massive implosion of what would happen to the dividend and UNIT PRICE!\nThese funds only work if stock prices go up if they are using covered calls in the money!! You are dead in the water when stocks tank!", "likes": 0}, {"author": "@valveman12", "comment": "Great explanation of how HMAX produces its high dividend.\ud83d\udc4d\ud83d\udc4d\nI bought HMAX when it first came out.  I like this ETF because its holdings are Canadian Banks, other Financials, and insurance stocks.  IMO a great group of stocks.  How can you go wrong with these great holdings!  I'm down a bit, but so are the majority of stocks.  Still paying the monthly dividend, and I am confident the stock price will go back up. *_\ud83e\udd18ROC ON\ud83e\udd18_*", "likes": 3}, {"author": "@sunlite9759", "comment": "Puzzled. Since the fund only takes 50% of the option yield, I assume that rest goes into the fund as cap.?", "likes": 0}, {"author": "@dalaov5258", "comment": "Look at HMAX price now $15.18. Buy buy buy!", "likes": 0}, {"author": "@hughcourchesne4351", "comment": "Very well presented thanks for the information \ud83d\udc4d", "likes": 1}, {"author": "@PercyY-ib2vx", "comment": "Not good in a bear market. I told Adrian many times and he decided to ignore. Hope the market crashes.", "likes": 0}, {"author": "@shirleycrosner634", "comment": "A1 video! But might you wish to invest in hamilton etfs - for yourself  ?", "likes": 0}, {"author": "@gally.c", "comment": "a lot of managers have been talking about good ROC and bad ROC where can you find info on the premium income generated on the fund to compare it to their ROC? or do we have to take their word for it", "likes": 2}, {"author": "@samuelchung", "comment": "asking me to buy an ETF sponsored by the company who issued the ETF doesn't sound very convincing, but the content still convinced me to buy lol", "likes": 0}, {"author": "@anthonysilva5312", "comment": "Great video very informative and straightforward! A question:\nIf one is already retired, should they hold an ETF like HMAX in a registered or non-registered account ( especially if TFSA AND RRSP are at max)\nThk!\ud83c\udde8\ud83c\udde6", "likes": 1}, {"author": "@patswayze2493", "comment": "As jeepkid said, I'd feel better about this info if you weren't sponsored by Hamilton.   I'll will watch these funds to see if capital depreciation happens over time", "likes": 0}, {"author": "@zampej963", "comment": "just a simple, Thank you Sir.", "likes": 0}, {"author": "@mikep4869", "comment": "That was a great explanation.", "likes": 0}, {"author": "@amandeepsudhera5867", "comment": "Hi  but in the Wealthsimple app  the yield for hmax is showing as 1.15%", "likes": 1}, {"author": "@0saskatchewan", "comment": "what happens when the shares are called away? I imagine this happens often since they are at the money?", "likes": 2}, {"author": "@zanexie981", "comment": "Tries to explain the ETF but gets sponsored by them ? Lmao.", "likes": 3}, {"author": "@themickles", "comment": "Guess the suspicion from us retail is I look at historical covered call banks and utilities vs just a regular etf of same sectors. And there's a massive return difference while a mild increase in yield. Plus a huge mer to pay. Hmax has no historical more than 1 month that I can see.", "likes": 2}, {"author": "@francisbacon2401", "comment": "HMAX is a bear market strategy.", "likes": 1}, {"author": "@armchairtraveler131", "comment": "The problem with hmax is that it's not diversified it is all financials", "likes": 2}, {"author": "@woojimful", "comment": "Thank you for an informative video.", "likes": 0}, {"author": "@johnnocanuck", "comment": "1. \"good ROC\" vs. \"bad ROC\" -- we don't get that; sounds like bunk\n2. I've gotten great total returns from split share funds like SBC, probably because I swing trade them. Am I just lucky or can anyone do this?", "likes": 1}, {"author": "@Carol8693", "comment": "You give us clarity \ud83d\ude09. I always love your point of view and the way you explain things. The mechanics of income was the best \u2705", "likes": 1}, {"author": "@CanadianDividendInvesting", "comment": "Lets goooo awesome video as always!!", "likes": 0}, {"author": "@yveslarochelle2519", "comment": "Very informative I appreciate your video,  I invest a bunch in covered. Like anything do your research", "likes": 0}, {"author": "@jadex38", "comment": "Great advice and good to pinpoint that it doesn't eliminate the upside potential just reduces it depending ont eh % of portfolio with the call overlay- Thank you for creatign this channel and educating people so they can make better decisions\ud83d\udc4d", "likes": 4}, {"author": "@jacquesfournier4616", "comment": "Calls at the money have greater chances to get exercised? Am I wrong?", "likes": 1}, {"author": "@jacquesfournier4616", "comment": "The problem is:  how can an investor knows about bad ROC?  How to find that if the investor does not know how the etf is manage, how the call are made, on what fund, etc...etc...", "likes": 1}, {"author": "@richmondskrzypinski9100", "comment": "Great \ud83d\udc4d video. Excellent information on the subject.", "likes": 0}, {"author": "@stockspourmoi5585", "comment": "How about DS AND LBS, are they good ?  I mean do they return your capital as distribution?", "likes": 0}, {"author": "@wesleyrumball1711", "comment": "Good Roc Bad Roc J Roc", "likes": 1}, {"author": "@naveedkanji1", "comment": "can you explain the leverage portion on these ETFs? can't they be called on the leverage they have if the market drops?", "likes": 0}, {"author": "@deadly134", "comment": "Long time follower and investing academy member but I gotta be honest this video ruined it all for me.. 1 these sponsored videos are biased because Hamilton is obviously paying for the video so nothing of the bad sides will be talked about. 2 if you\u2019re going to talk about Hamilton funds you can\u2019t use Hmax as an example it\u2019s only been around for a month and a half and has 0 track record in the market. Should have chosen Hyld if you wanted to show people an etf from them with a little history\u2026 Hmax hasn\u2019t even paid it first dividend yet.", "likes": 59}, {"author": "@caseyjones3839", "comment": "I bought HYLD with a 13% dividend. In the first year it is down 25% from its IPO. So you get 13% dividend and still lose money.  If the dividend sounds too good to be true.......", "likes": 5}, {"author": "@FinancialNirvanaMama", "comment": "Great explanation of this high yield ETF. So I imagine the tax situation is a bit complicated on non registered accounts, because part of it is taxed on capital gains, another part of its dividends.Do brokerages track this or the ETF report this?", "likes": 1}, {"author": "@MrDorf007", "comment": "13:25...you explained that so well even I understood it, thank you.", "likes": 0}, {"author": "@pandabear8142", "comment": "Why don\u2019t you provide some charts with real numbers and history???", "likes": 2}, {"author": "@strikingleafs013", "comment": "\"There's a lot of misconceptions on these high yield funds...so let me make a video sponsored by a high yield fund maker that makes money off offering these high yield funds\"\n\nI hope people take a step back and examine these funds properly. The majority of people watching these videos are probably fairly young and are better off investing in broad index funds or if you really want \"income\" then dividend powerhouses like SCHD.", "likes": 3}, {"author": "@ManTimeT.V.", "comment": "Excellent video!  This needs to be shown to all the people who say \"these funds are ALL dividend traps\" etc.  No they are not.  They are designed like this and they simply work!  Covered calls are only on 50% of the portfolio ( for HMAX as an example) so that leaves the other 50% for growth.  Hamilton is an amazing and very smart fund manager and I will continue to buy, hold and dollar cost average into their funds that I like.  Thanks again for this video.  I agree with it.", "likes": 13}, {"author": "@lesliemcfarlane783", "comment": "Thank you", "likes": 0}, {"author": "@MegsCarpentry-lovedogs", "comment": "Hey Marc, I forwarded your video to a retired DIY'er investor. He was actually thinking of purchasing HMAX.  I offered to put his question to you, as I am sure more than one of your viewers has the same question. Here it is:   \n\"I have been looking at HMAX obviously the yield is attractive and lack of leverage is a plus for me.\nCan the at the money options result in being called more frequently with even a small rise in price?\nWould you then have to buy back the holding at a higher price, to maintain dividend flow therefore leading to a capital loss?\nOr am I missing something?\"           Marc, thank you again for another superb presentation, hope the audience didn't think you were too \"testy.\"   \u263a  \ud83c\udde8\ud83c\udde6\ud83c\udf41\ud83d\udcc8", "likes": 3}, {"author": "@Rob-ob3sh", "comment": "Hi Marc. Great video thanks.", "likes": 1}, {"author": "@rockyrejex1247", "comment": "How do we determine between a fund that erodes verses one that doesn't?", "likes": 5}, {"author": "@MonsieurLabbe", "comment": "Amazing information on these ETF's. Thank you so much for making my investment strategy better each time I watch.", "likes": 1}, {"author": "@sherricooper5977", "comment": "Marc &Brandon, I was watching a parallel wealth video the other day, is it true you both gave up your license?", "likes": 0}, {"author": "@bmpinvesting7064", "comment": "Always appreciate Marc's perspective, even with sponsored videos you can tell he always maintains a non-biased, genuine stance to provide useful information and support for the viewers. HMAX in particular was one CC etf I had concerns about, thanks for this video", "likes": 9}, {"author": "@brucewiebe6490", "comment": "Great video.  Have recently realigned my RRSP portfolio to include some of these type of funds from Hamilton and Harvest and welcome the extra income as I am now drawing down my RRSP.  Wish you would have covered off the aspect of leverage as some of these funds include that to further enhance the yield.", "likes": 0}, {"author": "@timhennigar1468", "comment": "Has to be said a million times - TOTAL RETURNS - never take your eye of it.  Each year I review the holdings to determine which holdings are BOTH paying me nice dividends AND AND AND at the same time preserving (ideally increasing) the underlying value of the investment.  And I move in OR OUT of investments accordingly.", "likes": 2}, {"author": "@CoveredCallETFInvesting", "comment": "Well done Marc, I was wondering how HMAX was able to achieve the yield it was seeking with the 50% ATM strategy. The mechanics part of this video was quite informative. Thank you.", "likes": 6}, {"author": "@maxlobo4413", "comment": "I am a retired. I liked your content in this video. Please compare HMAX or similar etf with back tested results. I also follow the average Joe investor. So something similar in Canadian etfs", "likes": 0}, {"author": "@ryankoh2606", "comment": "Very good content Marc. Thanks. I like the interview part.", "likes": 0}, {"author": "@p.c.h.6721", "comment": "I was waiting for a video like this one \u261d\ufe0f \ud83d\udc4d", "likes": 0}, {"author": "@getitup100", "comment": "Payout ratios should be less than  80%.", "likes": 0}, {"author": "@DynamiteD-vp", "comment": "Good video,,  is there a similar ETF to hmax, but sells a 100% at the money calls ?    Be fun to compare,,, Much love and be careful", "likes": 0}, {"author": "@humbleloonie", "comment": "Thank you so much for taking the time to explain this, Marc. I've been trying to put together this puzzle for quite sometime now but it opens up more questions than answers. I really appreciate this. Would it be correct to assume that by selecting at-the-money calls gives a higher probability that it will be exercised? Thank you for sharing your wisdom! All the best to you and Brandon!", "likes": 2}, {"author": "@tmurrayis", "comment": "Marc, I too am old fashioned and like seeing assets growing over time.  WRT to Pat's second comment, how does an investor determine if the portfolio is earning close to what it is paying out? With a single company you can look at the earnings per share and compare it to the dividend paid per share to see this info.  Is similar data published on the fund's website or do we have to look at each holding and do our own math?", "likes": 1}, {"author": "@michael-sb3fj", "comment": "Hi Marc,  Liked the video, but I was left with two questions that I see other people have already asked, but remain unanswered by you.  Do you respond to questions in the comments?  The questions are:\n1. How does one tell \"good\" ROC from \"bad\" ROC?  Seems pretty essential to know the difference.\n2. If an ETF like HMAX is using at the money covered calls, even at 50%, then in a rising market don't they have to buy back their optioned positions the next month at a loss (ie, at a higher price than what they just sold in the option)?", "likes": 24}, {"author": "@TheKYLE323", "comment": "Great informative video Mark, well done.", "likes": 1}, {"author": "@chatopaniagua", "comment": "Great video", "likes": 0}, {"author": "@TheTttooom", "comment": "Great video,  thank you Mark!", "likes": 0}, {"author": "@gangxing1912", "comment": "thanks mark,  i watch each video you posted, appreciate", "likes": 0}, {"author": "@barrettdonovan3379", "comment": "Always great stuff.", "likes": 0}, {"author": "@MikeThomas-ws9tu", "comment": "Thanks Marc, always appreciate your insights and clear explanations.\nI'm really excited about this ETF, bought in the day it came out.  Can't wait to see how it prefoms.", "likes": 6}, {"author": "@theletterx8828", "comment": "Awesome video Marc! HMAX may not be the ETF I'm looking for BUT the information you give is always 100% appreciated. This type of information can help us get more educated and so help make more informed decisions. Keep up the excellent work.", "likes": 4}, {"author": "@James_48", "comment": "Marc, I want to be open minded about this so I hope you\u2019ll engage me in some conversation. Regarding the ROC, if I understood the explanation the capital gains from option writing can only be \u201cconverted\u201d to return of capital if there are capital losses of offsetting values - is that correct? So, in addition to having some shares called away due to the at the money option writing some shares also get sold to generate a capital  loss? I suppose depending on the market, some of the called away shares might be at a loss anyway. True?\n\nAt the end of the day I\u2019m a total return investor. I don\u2019t care if I get dividends or if I create so called self-made dividends from selling some shares,  as long as I\u2019m achieving an overall superior total return. With that in mind, I have been making some assumptions that are maybe incorrect, so set me straight if that\u2019s the case. I assume if the average CAGR of an ETFs is less than the yield of their distribution then by definition they are paying out more yield than they are earning. Is my thinking correct here?\n\nLastly, how can we use your BNS example and understand how often the shares get called away? You might make $1.51 in option premium but lose out on $3 of capital gains. Some of these losses will impact the dividends received and present a need to repurchase shares at a higher price. Is there a way to measure this? \n\nI think this is a major missing piece of the puzzle in that I don\u2019t have visibility to the overall performance of the call writing strategy.  I\u2019ll be the first to admit that if the total return of this fund can meet or exceed XIU or VDY I\u2019ll be first in line to purchase but I need some confidence on the long term results and better insight into the questions above. \n\nI appreciate your interest in sharing your insights.", "likes": 1}, {"author": "@MrBk9000100", "comment": "in what document and section (typically) can one read about the \"good & bad rock\"", "likes": 2}, {"author": "@zxborg9681", "comment": "This is a great video, well explained. But I still wonder about it. I mean, this yield sounds too good to be true.  SNP (and likely cdn financial sector) average return well under 13 percent, so doesn't this pretty much guarantee a loss of capital equal to the difference? It seems like they're offering the proverbial free lunch.  I've invested in some CC ETFs already but eight of the ten I bought last year are down signficantly, and I'm wondering if I messed up.", "likes": 3}, {"author": "@slowhand9", "comment": "The BNS dividend in your math will probably be half that because odds are the calls will get exercised before the ex-div date and you won't get dividends on half the shares.", "likes": 12}, {"author": "@gustavoc1190", "comment": "Sir you forgot to mention what happens when the stock price goes above the at the money call and what the impact that has on the NAV. \n\nWould of been a better video if it wasn't sponsored tbh can't take this seriously", "likes": 6}, {"author": "@dalesiemens", "comment": "The chart tells it all capital erosion plus a sponsored video\u2026 I looked at Hamilton and Harvest. Not a great chart so far to convince me. Rather just buy the fund holdings ie bank stocks etc. keep more of your money.", "likes": 1}, {"author": "@djayjp", "comment": "ZWB has higher TR than HMAX, so far.", "likes": 2}, {"author": "@brucemillette367", "comment": "Marc love your perspective always. Your delivery is always so clear. Thank you for everything you and Brandon do. \ud83d\udcaa\ud83d\ude4f\ud83d\udc4d", "likes": 2}, {"author": "@momo35444", "comment": "thanks for the video Mark", "likes": 0}, {"author": "@jasonstupak4535", "comment": "Watched and liked, thanks Marc! Appreciate your passion and clear explanations.", "likes": 1}, {"author": "@bradleytalksmoney", "comment": "The issue is, this video was sponsored by Hamilton, so immediately critical thinking tells us to disregard everything stated here.\n\nAlso in you BNS yield calculation you forgot to subtract the MER.  I noticed the 0.65% fee on their website, but then on the fund details sheet it also looked like there were other fees that they haven't calculated yet (operating expenses and trading costs)", "likes": 5}, {"author": "@roberttaylor3594", "comment": "I bought some HMAX to see how it does.  I'm always Leary of covered calls and split funds.  I have some others; most are doing okay.  I use their income to buy stocks with a bit more of. balance between growth and income.  I still don't totally trust them because it involves managers making 'gambles'  I guess.  I would not want to be 100% in covered calls and split funds....paetially because it's fun to buy companies I like.  \" I own some A&W; let's go there for dinner!\" for example.", "likes": 1}, {"author": "@deanbryson8387", "comment": "Once shares are sold , the fund \nmust then rebuy some more shares , this repurchase transaction needs to be considered in the overall return ... seems rebuying a \"falling knife\" or rebuying in a strong bull market are situations a hmax might make it imperfect.  Noone talks about the reinvesting mechanics , definitely need a skilled analyst to figure that out.", "likes": 6}, {"author": "@welditful", "comment": "I like buying cover call etfs and split share funds. Personally, only buy ones though that have a track record of trading flat or have been trading up. In Canada, we actually have quite a few that are like this. \n Yes, there is some that have erosion but it's not really hard to figure out which ones are like that. \n I easily pull in around 10%-15% with an income dividend investing strategy.", "likes": 2}, {"author": "@thereverendramirez", "comment": "love your videos marc. dont ever stop posting!", "likes": 1}, {"author": "@ElectricalTrade", "comment": "Great Job!  Thanks for all your hard work, and homework you do and share with us.", "likes": 1}, {"author": "@louis-philippeyargeau2497", "comment": "And all those years I thought bad ROC was a reference to Nickleback.\nGreat video \ud83d\udc4c", "likes": 3}, {"author": "@aldoaldo2274", "comment": "Thanks for the video,I care only to collect high dividend every month,I don\u2019t care about grow", "likes": 3}, {"author": "@ddelmarsmith", "comment": "Great video.  In terms of good and bad ROC I think it would be helpful using actual fund examples to show the difference good and bad using their financial statements.  They are often not easy to interpret so some guidance in this area would be helpful to your audience.  For example, what line(s) in the financial statement would help one understand if the ROC is good or bad?", "likes": 18}, {"author": "@djayjp", "comment": "13% yield almost certainly will result in an erosion of capital. But only time will tell!", "likes": 6}, {"author": "@leagueplays2100", "comment": "This would make owning the banks completely pointless, as a consistent 13% return alone out performs the banks by dripping", "likes": 2}, {"author": "@dbryant4", "comment": "I like the BNS strategy you used but I have further questions. In a rising market, selling at-the-money options will frequently result in you being assigned (forced to sell the underlying stock,) thereby forcing you to have to buy more stock (either the same company or another one) next month, eg. if BNS rises quickly to $75+, the option holder will exercise it.  How does Hamilton expect to deal with the drag that will cause on the fund?  Or do they only do this when they believe the stock will be in a small downtrend?  It's all pretty dicey I think.", "likes": 12}, {"author": "@carlosschabauer292", "comment": "Thank you", "likes": 0}, {"author": "@ros7788", "comment": "Thanks Marc. I like the HMAX's setup. Generating high yield without leverage, and only writing ATM call options on 50% of the portfolio.", "likes": 4}, {"author": "@jcabral6231", "comment": "We need to sell sell sell", "likes": 2}, {"author": "@johnnyblazo", "comment": "Great video! I wish it wasn't sponsored by Hamilton ;) Either way, you did a great job explaining some of those misconceptions.", "likes": 11}, {"author": "@marcotrotta5169", "comment": "Dumping my life savings into HMAX", "likes": 3}, {"author": "@Tekz12", "comment": "Great video, thanks for all the information.", "likes": 0}, {"author": "@MegsCarpentry-lovedogs", "comment": "Marc, this one is really, really, really, really, important to present....Did I tell you how really important your presentation was???  LOL....thank you for this Marc.....fYI, I have a hybrid portfolio of single stocks, ETF's cover call, and split corps...Diversification is Queen, and bring peace of mind, so hybrid portfolio's are diversified so conclusion hybrid portfolios bring peace of mind.  We are all on a learning curve...enjoy the ride...Appreciate your presentation and having an \"licensed expert\" wane in on the topic. Perfect\ud83d\udc4d\ud83d\udcaf.  \ud83c\udde8\ud83c\udde6\ud83c\udf41  \ud83d\ude4ffrom East Coast", "likes": 1}, {"author": "@StocktradesLtd", "comment": "Great video Marc. I find a lot of these high yields funds are having to do funky things these days to be the next hot fund. Selling at the money call options on Canadian banks, which have returned just shy of 11% annualized over the last decade, is one of those funky things. Yield looks nice now, but I cannot imagine this being a profitable endeavor over the long term and I am fairly confident this fund is going to underperform unless the big banks really struggle over the mid to long term.", "likes": 19}, {"author": "@beaviswealth", "comment": "\ud83d\udcc8Join The Investing Academy \u27a4 https://bit.ly/theinvestingacademy \n\ud83d\udcaeBlossom Social (See Brandon's Exact Portfolio & Trades) \u27a4  https://getblossom.page.link/brandon\n\nUPDATE:  This video generated some additional questions that I felt should be answered, so I created a new video addressing two main concerns related to dividends and buying shares back at higher prices if they are called away.  Here's the link to that video: https://youtu.be/iwH7nRB70t8\n\nLots of misunderstanding out there when it comes to how High Yield ETFs generate enough cash flow to pay the distributions.  Some do it well, others don't.  In this video, I address three specific inaccuracies I hear all the time about how these funds work.  Enjoy the video.", "likes": 3}]