[{"author": "@beaviswealth", "comment": "\ud83d\udcc8\ud83d\udcda As always, if you're a beginner to the Stock Market in Canada and you're looking for a step-by-step blueprint on how to get started... Find out more about our Investing Academy here - https://bit.ly/theinvestingacademy", "likes": 5}, {"author": "@Emf90", "comment": "Can you talk about the psychedelic stocks? Thoughts? Suggestions?  (MMED, CMPS, CYBN)", "likes": 1}, {"author": "@WheresMyPolenta", "comment": "Avoid buying at cliff tops of course; Dollar cost average into what you know, believe in, and can hold and not look at it for 5+ years, or until it hits desired evaluations.  \n\nToo many people (Especially Youtubers) try to find the \"next\" Google, Tesla and quote Warren Buffets value quotes and do the complete opposite...", "likes": 0}, {"author": "@efs797", "comment": "HYLN! Which is a shame because their fundamentals appear really good i.e. zero debt, enough  cash to keep the lights on for 2 years without making a sale, offering a great choice for longhaul trucking. What's happening only makes sense in the context of major institutional brokers pushing down the price to buy up the cheaper shares(which they have definitely been buying). An expected support line of ~$5 and the performance feedback of the product itself, combined with the company's financial situation suggests wait it out. But there's been no love in 2021. The downward pressure on demand for transporting goods suggests a slower than hoped for adoption rate. A reasonable moat (any kind of Tesla-like battery adding massive (i.e. not feasible) weight to a prospective 18-wheeler) and the carbon reduction(?) law/mandate suggest time is on HYLN's side. But it is sizing up to be a long road with no promises.", "likes": 0}, {"author": "@PandionisDemosthenes", "comment": "Slowly becoming a bag holder of alibaba x))))", "likes": 0}, {"author": "@cajflow", "comment": "My biggest stock \u201cfails\u201d this year were Alibaba and Teladoc. Averaged down on the latter, I love the business and willing to hold for the next decade(s)!", "likes": 2}, {"author": "@yen_mytran5435", "comment": "Thank man", "likes": 0}, {"author": "@elijahsplaytime2540", "comment": "VGFC perfect buying opportunity,  they're  growing fast", "likes": 0}, {"author": "@torenatkinson1986", "comment": "I'd love to see a video on Canadian eco friendly stocks, renewable energy, ethical companies...these sorts of 'guilt free' stocks that even if they aren't going to wow me with their returns, I can feel good about investing in for the future and not take a huge loss.", "likes": 8}, {"author": "@Crozier98", "comment": "2021: BABA, CRSR, TTCF, MN, TLRY, CSIQ, GRN. Some of these will soar in the years 1 of them I dislike and bought when I was inexperienced (MN)", "likes": 0}, {"author": "@qqqspx", "comment": "NIO has a P/S ratio of about 7, lowest of any EV stock.\nLots of catalysts ahead (NeoPark factory, world expansion, ET7 + ET5 launch).\nYour favourite (BABA, TCEHY) are down much more than NIO from highs.\nYes, i'm holding a bag in NIO -- down 16% right now \ud83d\ude02", "likes": 3}, {"author": "@BURGATRON", "comment": "What about paypal? It seems like a boring company but it took a nosedive", "likes": 1}, {"author": "@CanadianDividendInvesting", "comment": "Thanks for sharing!", "likes": 0}, {"author": "@ceonz", "comment": "Bynd I made a stupid mistake not doing my research very good food company Is like 1% willing to gamble on it", "likes": 2}, {"author": "@ceonz", "comment": "Zoom one trick pony", "likes": 1}, {"author": "@AndyinMTL", "comment": "About a year ago i got into Weed MD (Entourage) and i will never invest into weed or penny stocks ever again", "likes": 1}, {"author": "@PaulNoad", "comment": "My first buy in of the stock market, ROBX (Robolx)\nIn March, right after the IPO, I buy at $77.\u00a0\u00a0\nI watched it go way up and way down. November's earning call.\u00a0 I sold 20% at 3:58 pm at $77 thinking it was going to drop. 3 days later it was over $150. I then sold at 30% more at $95 as it was dropping back down.\u00a0 What a mess. This gets better. It starts going back up, I but more at $138, then it's drops again. I say bye the dip!!! At $115.\u00a0 Today Dec 22nd, it at $95.\u00a0 Fun times.\u00a0\nThe lesson, just buy and hold and wait. What's the rush?\nThx Noady 9.", "likes": 2}, {"author": "@NoobBoobie", "comment": "Look at Alibaba, Tencent, Nio, if you cherry pick all time highs they all are below 50% its the Chinese marked.", "likes": 0}, {"author": "@gary449", "comment": "Nikola was my favorite dumpster fire.", "likes": 1}, {"author": "@bobbymbabu007", "comment": "I made some choices recently that have not put me at ease\nUDMY, BASE, SQSP., TECHY, INTC. What do you guys think about them?", "likes": 0}, {"author": "@chrisskyllas1309", "comment": "Down almost 10% on Algonquin Power (AQN), and bought it the day before they issued new shares, couldn't have timed it better, lol. My worst performer in my portfolio, so I can't complain. I own mostly similar boring stocks that have done well for many years now, but I agree slow and steady wins the race.", "likes": 1}, {"author": "@janelleschell4226", "comment": "100% I did this with Cloud MD. I keep holding but I just keep watching it go down, down, down.", "likes": 0}, {"author": "@kakarotblake", "comment": "CLOV", "likes": 0}, {"author": "@jonathanontheweb", "comment": "I bought 1000 CAD worth of FLOW (canadian alkaline water company) back in the summer shortly after they IPOd, and they\u2019ve dropped early 70% since then lol. It\u2019s been a real test of my patience to see that holding drop and drop ... the real test for me will be when I cross the threshold and start profiting (maybe one year from now?) ... do I sell and move on? Buy more? The company sounds great and they have a lot going for them (recently became official water partner of the Montreal Canadians and NYC marathon) ... overall been a great learning experience with FLOW. Let\u2019s see what 2022 brings them!", "likes": 0}, {"author": "@kudynski", "comment": "Shall I sell Beyond, WEED, and Very?  I have owned them for awhile, if that even matters. Love your thoughts.  Thanks.", "likes": 1}, {"author": "@MrUlankh", "comment": "It is funny to hear about hype from a person who was hyping up FansUnite.", "likes": 0}, {"author": "@MikeC-go4ld", "comment": "LSPD", "likes": 2}, {"author": "@khuo0219", "comment": "High price, bad business model, stock deserve to crash. High price, good business model, just bad luck. Tesla's business model is intact and getting ever stronger.", "likes": 0}, {"author": "@paulbooey2102", "comment": "Got caught in the Nio hype, sadly. That was mistake 1. Mistake 2 was not putting a stop loss. I would encourage all your subscribers to have a stop loss (eg 5-10%) and stick with it for all risky and hype stocks. A stop loss should prevent you from falling into the wishful thinking of \u201cmy stock is down 10%, it will come back\u201d or \u201cit can\u2019t go much lower, it already dropped 10%\u201d.", "likes": 2}, {"author": "@jeffshepherd6077", "comment": "Authentic, transparent and genuine content.", "likes": 3}, {"author": "@lynxacresb5331", "comment": "NEXE. I\u2019ve been burned. i think it could be a great stock in the long term, but i sure wish i had waited to buy now, and now when i did.", "likes": 0}, {"author": "@jonathanseverson9331", "comment": "one of my biggest mistake was to buy wish in tfsa its down -55 bucks whats best way to deal with it, take the loss with and in time to recover the loss through dividends or positive stock sells or wait for if it ever goes up?  thanks again for the great videos", "likes": 0}, {"author": "@jcpcga", "comment": "QS, LSPD, ARVL, Nano Dimension", "likes": 3}, {"author": "@MechHeli", "comment": "Hey Brandon another great video\u2026I was wondering what your thoughts are on the Roundhill Ball Metaverse ETF??", "likes": 0}, {"author": "@timothypeters8095", "comment": "SCR, FD, and BLDP all really sucked to own.  Fortunately SCR gave me a juicy exit point eventually.  What does everyone think - is BLDP going to pan out eventually too?", "likes": 0}, {"author": "@roberttaylor3594", "comment": "Did well with a CM- BMO combo.  SRU.UN, ATB and a few other boring ones. Aw. Un, ADN!  \n\nMy favourite is PYR; lots of good news, revenues\u2026 but price is being driven down.  Exciting company!\n\nTotally burnt on AGRA, which I\u2019ve had for some time but has been obliterated recently!  I liked their pot gummy factory, but they sold it.. then a reverse split, more price drop, 1 crop so far.  Disaster!\n\nBiggest mistake this year: too many growth- speculative stocks.", "likes": 1}, {"author": "@luke8838", "comment": "My fav stocks were Apple, Microsoft and Google :)", "likes": 1}, {"author": "@stephfong4577", "comment": "I always have a big question: since we are looking at \"boring\" stocks and are planning to hold for a long time, why not just invest in VFV instead?", "likes": 14}, {"author": "@richardramos5660", "comment": "Lessons learned also for me especially the Very Good Food and Nexe. Great video Brandon! Thanks", "likes": 1}, {"author": "@tombennett9790", "comment": "Got burned on the ARKK train\u2026 learned my lesson though. Glad I didn\u2019t put too much in there.", "likes": 2}, {"author": "@jesuisbenoit", "comment": "STNE and MGNI are my two biggest hit. : (", "likes": 0}, {"author": "@as8crew74", "comment": "NIO is a great great company tbh. Too bad in 2021 the stock got hammered because of china tension and fud.", "likes": 8}, {"author": "@bradleyhill2568", "comment": "Ttcf is my mistake", "likes": 1}, {"author": "@jasoncullum2711", "comment": "I\u2019m glad none of those stocks have ever been in my portfolio. My dividend growth portfolio is up 60%+ this year.", "likes": 3}, {"author": "@sarbjotsingh9998", "comment": "Seems like your portfolio is getting closer and closer to the snp 500. All the companies that are not in snp 500 are down. (chinese stocks). Why create the snp 500 wehn you can just buy it.", "likes": 0}, {"author": "@momo35444", "comment": "great video. i never took the time to look back intoo this. thanks brandon", "likes": 0}, {"author": "@MikeyPaper", "comment": "Thank you for your insight Brandon. I have learned so much from your channel. This was the biggest learning year for me. 2020 was easy, because I was liquid back in March and April. Thats when I bought. But 2021 was very volatile with the stock market. Hope to see more green in 2022. Please make more videos! You guys are awesome.", "likes": 1}, {"author": "@CrispyAssasin_-td3rr", "comment": "you can also add Cloud MD to the list", "likes": 2}, {"author": "@Po101080", "comment": "Good points, advice well taken! Thanks Brandon", "likes": 0}, {"author": "@chrisdubs121", "comment": "All my stocks are up this year huge and I don't even know if people know about them pure dividend play baby", "likes": 1}, {"author": "@jasonstupak4535", "comment": "Watched and liked, thanks Brandon.  Diversification is key, and a long term perspective.", "likes": 1}, {"author": "@snave4o4", "comment": "I stopped watching Griffin Milk after he hyped Very Good Food Company. These aren\u2019t good companies they\u2019re all just the Canadian equivalent of a meme stock.", "likes": 3}, {"author": "@ab.4425", "comment": "Great video and takeaways buddy!! Thank you so much!!", "likes": 0}, {"author": "@Wavyyyaf", "comment": "TSLA outperforming the market YTD after getting smoked in December \ud83e\udd71", "likes": 0}, {"author": "@g59490155", "comment": "100% agreed on the notion that 'by the time you hear about a hype stock', it's already too late. Too many examples, AMC, GME, PLTR, HOOD and etc.", "likes": 7}, {"author": "@mena88", "comment": "I take exception to your ARKK comment. Despite the hype from last year, the ETF is up dramatically since 2014 and I'm still up nearly 100% when I purchased in 2019. I also bought several of the stocks within such as their gene editing stocks and on average I'm up more the 300% since 2019 despite the terrible year.", "likes": 3}, {"author": "@cinderchey", "comment": "I agree with this video, however I  invested in Very Good Butcher/Foods because I love the product. The rest of my stocks are stable ETFs and blue chip stocks. But this is one stock that I hope grows in the future.", "likes": 3}, {"author": "@elizabethwall1818", "comment": "AT. REAL. LSPD", "likes": 1}, {"author": "@BryanrasonCa", "comment": "Torrid I took a hit on but not much.", "likes": 0}, {"author": "@frankydiamond5589", "comment": "I agree and disagree. Companies like Nio just stuck in a country wide bear market. Same with baba tencent etc. weed stocks going to the moon i agree was retarded lol", "likes": 0}, {"author": "@BigGroupHug", "comment": "Uber continues to grow more and more debt every year. Year over year.\nIt's garbage company", "likes": 6}, {"author": "@qp9vp", "comment": "Yeah these are overpriced hype stocks. But companies like Zoom are way way oversold. Right now all the tech, growth and innovation stocks are oversold.\n\nIts a bit dangerous to do a video like this at this time. Tech and innovation stocks are now valued at the same level as they were 3 years ago. And thats insane. The last couple of months have felt exactly like fall 2018. When everyone was afraid of inflation and rising interest rate. Tech was sold off insanely. And yeah, 2019 was a pretty good year as a tech investor. ;) And yeah, interest rate only matters in the short term and for the companies that have a lot of debt and dont earn any money. Most of the tech stocks earn money. They just choose to reinvest it. Listen to Kenny... https://www.youtube.com/watch?v=o_SWFjfUEzE", "likes": 0}, {"author": "@clarifyingquestions", "comment": "More like what will happen to BABA.  Is this an example of a boring stock?  Brandon, are you still bullish on Baba?", "likes": 7}]