[{"author": "@beaviswealth", "comment": "\ud83d\udcc8\ud83d\udcda\ud83c\udde8\ud83c\udde6 Join The Investing Academy Today - https://bit.ly/theinvestingacademy\n\nDo you think the stock market crash is over yet? Leave a comment down below! Thanks for watching :)", "likes": 2}, {"author": "@annehenderson462", "comment": "Thanks, Marc.", "likes": 0}, {"author": "@danachantele", "comment": "Thank you for the great video!", "likes": 0}, {"author": "@sharman3340", "comment": "Great explanation - Thank you!", "likes": 0}, {"author": "@axe0144", "comment": "Warren Buffett has been buying lots, so you think you know better?! lol", "likes": 1}, {"author": "@raytailor9251", "comment": "New subscriber.\nGreat video!", "likes": 1}, {"author": "@ssenger009", "comment": "Awesome video once again guys!  I like that both of you add videos to the channel with both aspects older and younger generations :D", "likes": 0}, {"author": "@billysonlinesurveychannel8247", "comment": "Ive done a lot of deep diving lately into retail stocks and I think it would be absolutely crazy to have money in any of these. For example if you look at companies like Lowes, you are basically giving money away. Forget inflation and recession possibilities, its still simply overvalued. There is literally no way it doesnt drop by quite a bit. I think everyone should toss retail stocks for a year or two. They are going to get battered. Do you guys not talk about energy stocks? I moved money into those a little while ago and have been doing great (cenovus, crescent point) I see these to be great stocks until next fall. I also put a big play into FB when it was at $183 and paypal at $79. Lots of good plays out there but there are ones to absolutely avoid too.", "likes": 0}, {"author": "@joesphcu8975", "comment": "You've done an absolute top notch job on this. Very informative! Meanwhile, what's the best strategy to make gains in this present condition? My portfolio is still down by 20% and It scares the hell out of me", "likes": 0}, {"author": "@percevalzinzin5983", "comment": "If you are curious, have a look at US-traded VIX-related tickers UVXY (1.5 leverage)and SVXY (short).", "likes": 0}, {"author": "@parrottrader4712", "comment": "Feels like I am on the next Tech Bull Run......  But this time it's the Oil Bull Run!! \ud83d\udee2 \ud83d\ude80", "likes": 2}, {"author": "@momo35444", "comment": "never heard of this. thanks for the knowledge. great video Marc.", "likes": 0}, {"author": "@jean-francoischabot7999", "comment": "Wisdom is speaking, listen carefully", "likes": 1}, {"author": "@juanperez-gh8bl", "comment": "El VIX tiene informaci\u00f3n muy interesante por lo visto, creo que es muy \u00fatil, aunque tengo que aceptar que ya reun\u00ed los niveles de efectivo que quer\u00eda, por lo que me es probable que este mes aumente mis posiciones, solo empresas seguras a largo plazo, por supuesto.\n\n\"VIX has very interesting information apparently, I think it's very useful, although I've to accept that I already gathered the levels of cash that I wanted, so it's probable that this month I'll increase my positions, only safe companies in the long term, of course.\"", "likes": 0}, {"author": "@Lopersen", "comment": "Thank you so much team!!", "likes": 0}, {"author": "@derekd1997", "comment": "I upped my weekly purchase of TSX, S&p500 and Nasdaq a bit a few weeks ago. Buying the dip.", "likes": 1}, {"author": "@metalpolishshop", "comment": "These VIX ETFs are just a way for the portfolio manager to make money. They reset each night and they never track very well. If a person is to play with these they should only be on a intraday basis, never held for a few days.\n\nI agreethat the fed will not do a very good job on the control of the slow down. They are always behind on the info and their moves. They will be behind on slowing down on the interest rate hikes this time as well before its too late. But that's he game they play, they need Interest rates high so they have something to drop to spur the economy now don't they. \n\nIMO the \"sell in May and go away \" is a myth. Even in the 2008 example the market dropped in October", "likes": 0}, {"author": "@MountainFinance", "comment": "This was a great topic to cover. So many newer investors are completely unaware of all of the tools they should have on their utility belt.", "likes": 1}, {"author": "@smallmj2886", "comment": "Slow and steady for me.  I'll just keep investing my X dollars a week according to my plan and ride out the ups and downs.", "likes": 6}, {"author": "@jasonstupak4535", "comment": "Watched and liked, thanks Marc!", "likes": 0}, {"author": "@HamiltonRb", "comment": "We are not at a bottom, because there has been no panic selling and capitulation by investors, as seen in the dot com crash and the financial crisis. I have been invested in blue chip stocks since the 80\u2019s, this is nothing new, but if you bought quality, tune out the white noise, and realize for every panic seller, is someone buying that stock, you will be fine. If you own quality and you ask yourself why would someone want to buy my stock, that is temporarily down, then maybe you will realize why you bought it in the first place", "likes": 7}, {"author": "@69eastside69", "comment": "I didn't know you can invest on the down side like that (HUV).  This was very informative.  It looks like a great ETF for swing traders if utilized correctly.   Great video keep up the great content.", "likes": 1}, {"author": "@briguys_adventures", "comment": "Thanks for the video, I came across a US ETF called SVOL just a fyi comment", "likes": 1}, {"author": "@chrisevans7416", "comment": "Crash? mine crashed 30k 3weeks ago and has gone back up 20k .I believe this is more sideways trading . You have not seen a crash ,but you will as interest rates climb and when home buyers mortgages come due and people stop buying goods ,the whole reason to raise rates", "likes": 1}, {"author": "@lonewolf8151", "comment": "Just a question I bought 11 shares of xei ishares s&p/tsx composite high dividend index etf. On Yahoo finance it says the dividend is .83 cents. So I should be getting .83 cents per share right. But I'm not I'm only getting .83 cents for all 11 shares. I'm confused.", "likes": 0}, {"author": "@carson1861", "comment": "Thank you Mark, I really enjoy listening to, absorbing and digesting everything that you and Brandon put out there  for all us newbie investors. I have really enjoyed this one from a listening to and insertion of the principals in my head. Not going to use this but another super interesting piece of the unlimited unending tools and wisdom of diversified investing.", "likes": 6}, {"author": "@Adrian-cn5rk", "comment": "I really need to learn options, but the learning curve Is a steep one", "likes": 1}, {"author": "@islandinfluence231", "comment": "Great info thanks Marc", "likes": 2}, {"author": "@July4.1776", "comment": "I\u2019ve recently got into buying puts to protect my long term stocks (married puts). The Green Day\u2019s aren\u2019t so green anymore but the red days aren\u2019t bad either. It allows me to sleep at night again.", "likes": 5}, {"author": "@davidwilson9976", "comment": "Not selling, but not buying either. Saving money hoping for a better buying opportunity.", "likes": 4}, {"author": "@brucetsmith", "comment": "Second", "likes": 0}, {"author": "@67cici", "comment": "I am so scared of losing our assets rrsp, pension, tfsa homes etc I am afraid to the point of nausea daily our Canadian government is robbing the people", "likes": 4}, {"author": "@marvinpham5180", "comment": "First", "likes": 0}]