[{"author": "@beaviswealth", "comment": "\ud83d\udcc8\ud83d\udcda As always, if you're a beginner to the Stock Market in Canada and you're looking for a step-by-step blueprint on how to get started... Find out more about our Investing Academy here - https://bit.ly/theinvestingacademy\n\nLink to Passiv rebalancing tool I used in the video! :)  - https://passiv.com?ref=RGAMTXSUAM", "likes": 4}, {"author": "@greendraggun", "comment": "HOLY SHIT DUDE! Congratulations! You have a baby! That's amazing. My kid is turning 6 this summer, I didn't know I could love something so much, raising kids is amazing! It's the hardest and most rewarding thing youre gonna do. Blessings. Take good care of Momma!", "likes": 0}, {"author": "@PriscillaThen", "comment": "appreciated the jam-packed value in such short time frame -- Bravo to Baby Beavis for bringing on the brevity! \ud83d\ude09", "likes": 0}, {"author": "@tazno1", "comment": "I started with Wealthsimple, but recently switched to NBDB , they pretty much everything Wealthsimple and more that was offers. the only they they don't seem to offer at this time is fraction buys.  Loving the DRIP !", "likes": 0}, {"author": "@TheQCBaws", "comment": "Do you report US taxes to the IRS from the dividends, I  know that capital gain isn't  taxed in a TFSA but from my understanding the dividends are?", "likes": 0}, {"author": "@sophiap8060", "comment": "Looks great. Thanks.", "likes": 0}, {"author": "@LaviBhairupa", "comment": "Make a video on questrade round up program. Does it affect credit score?", "likes": 0}, {"author": "@ohbhoi", "comment": "Most of the time, I agree with your take Brandon. Not this time though regarding meta.  It can go Down 20 more percent,. I won't even look at it.   It's the number one company I'll  never own regardless of their numbers. I don't believe in them. Never will.   Sometimes it boils down to core beliefs.", "likes": 0}, {"author": "@teresa4565", "comment": "Hi, quick question, can I buy US stock in my tfsa using wealthsimple?\nI want to buy google stock and I'm not sure that I can buy American stock in my tfsa account.\nthanks!\nAnd congrats on the baby news :-)", "likes": 0}, {"author": "@stevesurf22", "comment": "FB {meta} has lost its moat. Most importantly bit is no longer a growth stock for now, and the metaverse as a possible future growth play is to risky for me, and personally would never use it, maybe I'm to old to see it?", "likes": 0}, {"author": "@hawleywood420", "comment": "Congrat buddy!", "likes": 0}, {"author": "@reyo2630", "comment": "You're videos make me feel really comfortable, love watching you right in the morning \ud83d\ude01", "likes": 0}, {"author": "@ab.4425", "comment": "Great video buddy!! Thank you so much!!", "likes": 0}, {"author": "@rochester3", "comment": "you have the usd account in wealth simple trade?", "likes": 0}, {"author": "@cuybueno", "comment": "This v\u00eddeo is gold!", "likes": 0}, {"author": "@dhawal7476", "comment": "#Shopify already trading at nearly half of its peak! SHOP to the moon \ud83d\ude80", "likes": 1}, {"author": "@smmj45", "comment": "I'm surprise you don't have anything interesting , everything looks so safe.", "likes": 0}, {"author": "@mattcap5103", "comment": "Hey, I was wondering why would you have both a Wealthsimple account and a Quest trade one? Do you use an app for certain stocks and the other one for different stocks?", "likes": 1}, {"author": "@riteshrajeshsingh1607", "comment": "Congratulations for your baby! And you are doing a good job making people financially lirerate! Thank you", "likes": 0}, {"author": "@gevitz77", "comment": "Thanks Brandon. You guys have done a great job laying out the tools like Wealthsimple and Questrade. I just wondered why you wouldn't buy the hedged FB CDR in Wealthsimple vs the actual US$ stock in Questrade? I know you're trying to fill your QT position in FB, but I'm just thinking in terms of commission fees and US$ hedging. Thanks!", "likes": 0}, {"author": "@garrattearle4738", "comment": "Do you use wealthica?", "likes": 0}, {"author": "@deleon0927", "comment": "8% annually lol just invest in index fund lol better return and less need to research", "likes": 0}, {"author": "@XInfinity2024", "comment": "Question - What % are you guys aiming for to hold when it comes to the banks and why?\n\nCongrats on the new addition to the family and yet another good video.", "likes": 3}, {"author": "@rockyrejex1247", "comment": "Hey Brandon. Congratulations on the baby! I am surprised that you put a REIT in your portfolio because you always said you weren't a 'fan of REIT's' (although you have never told us why...). I have the same REIT, so good to know that you approve...", "likes": 3}, {"author": "@madar805", "comment": "Congratulation...Welcome to baby in this  beautiful world...", "likes": 0}, {"author": "@maudelefebvre3002", "comment": "Congratulations for the baby! Life will never be the same!  Nice to see your portfolio and the 8%, bravo!", "likes": 0}, {"author": "@davidrankin8880", "comment": "Curious -- you don't mind paying $4.95 USD fee to get ONE share of FB?", "likes": 1}, {"author": "@guitarguy5475", "comment": "Nice video Brandon. Recently found out about the Canadian Depository Receipts CDR's (15 of them I believe) which are Canadian Hedged and trade on the NEO exchange. Bought some MVRS which takes the guessing game out of the currency. It is trading at 15X earnings so a great buy at these levels.", "likes": 0}, {"author": "@GamingGodzillaz", "comment": "Just wanted to say that the Wealthsimple portfolio is up 8%  dividends. (it's based on net deposits and current value). However the individual stocks' \"gain/loss %\" doesn't include dividends. \n\nAlso congrats on the baby \ud83d\ude0a", "likes": 0}, {"author": "@joeypeteza3554", "comment": "I\u2019m 21 years old and I use fb to communicate with my family members back home it\u2019s very useful to me still been looking at the stock lately but waiting till Monday to make a move or maybe just watch more options", "likes": 0}, {"author": "@joeypeteza3554", "comment": "I got 1k waiting for a good buy I\u2019m looking at Clorox at the moment but want to see other options", "likes": 0}, {"author": "@c.holguin9720", "comment": "Thanks for sharing this, as a new investor this give me a better insight and gives a valuable interest to keep following your channel. Also congratulations for the baby I hope you are sleeping well ;).", "likes": 1}, {"author": "@momo35444", "comment": "this video was 50x what i expect from you're \"portfolio update\" series. great video, loved the style and knowledge. awesome brandon!!!", "likes": 2}, {"author": "@StoicBarbarian", "comment": "Question** for anyone**\nDoes Questrade or Wealthsimple have \"auto fractional reinvesting dividends\" options? Like M1 in the states?", "likes": 0}, {"author": "@StasTalksStocks", "comment": "Congrats on the baby man!", "likes": 0}, {"author": "@f3wbs", "comment": "I think this is kind of a niche problem I have with Wealthsimple but I don't like the fact that they don't send annual reports from companies.", "likes": 0}, {"author": "@kelleyhaldorson209", "comment": "I hope to buy FB on Monday as long as my deposit gets there.  I am going to buy the CDR MVRS.  As long as it keeps printing money the way it is currently I like it.  it is still a money printing machine!", "likes": 0}, {"author": "@filb", "comment": "Got myself FB shares, the market's reaction was an exaggeration. But I'm not complaining, it's going to cost me 26% less.\n\nI also bought ZZZ, I believe you had it on your watchlist. I like their numbers.", "likes": 1}, {"author": "@elainezhu7780", "comment": "One thing I find annoying is that Questrade doesn\u2019t include fee in the stock unit cost which makes the P&L  arbitrarily high, anyone knows how to fix this?", "likes": 0}, {"author": "@dougadama", "comment": "Brandon, \ndid I see you in a commercial last night on CBC?", "likes": 0}, {"author": "@chrisbrug7924", "comment": "Next week ill buy BABA. Lets see how much ill buy. But in this video ... hmmm... BTI is interesting. Ill go into that and if numbers are great, Ill buy.. great video, Brandon. Best regards from snowy and extremly cold Finland", "likes": 0}, {"author": "@MauriceBoulard", "comment": "So far I only trade Canadian stocks so I use Wealthsimple only (they have a quite good customer service which is not the case apparently of Questrade)", "likes": 0}, {"author": "@clarifyingquestions", "comment": "Would love a video on your thoughts and position on BABA - thanks", "likes": 0}, {"author": "@unnecessary982", "comment": "first time show ur portfolio?", "likes": 1}, {"author": "@7of9", "comment": "Congratulations!! \ud83d\udc90", "likes": 0}]