[{"author": "@beaviswealth", "comment": "\ud83d\udcc8\ud83d\udcda As always, if you're a beginner to the Stock Market in Canada and you're looking for a step-by-step blueprint on how to get started... Find out more about our Investing Academy here - https://bit.ly/theinvestingacademy", "likes": 2}, {"author": "@Coyotehello", "comment": "Guilty: #1, #4, #6, #11, #18, #19, #22, #25, Voil\u00e0!\nThank you!", "likes": 0}, {"author": "@DeepValueCo", "comment": "On number 13, yes it is more of a minefield than stocks with higher prices (with the possible exception of SPACs) but for those with financial analytical experience, there's probably no better place to go to try to outperform the market. Not for beginners but there are also cases of real businesses with ridiculously low prices. I think avoiding penny stocks just because they're penny stocks would be a mistake.", "likes": 0}, {"author": "@theadoresnibblegoober6258", "comment": "Penny stock are for insiders, the retail does not connections, love this video. Every retail investor should watch this before you invest. Great job. The only problem in canada is you are limited, banks and utilities. It\u2019s hard to diversify unless you buy American stocks then you have currency exchange and dividend taxes", "likes": 0}, {"author": "@josephcollins6526", "comment": "not doing research, buying in too high, instead of waiting for a good (lesser priced) opening....fomo (am sure it's big for many of us: thinking (froma place of fomo) that it can't go any lower; but boy have i been wrong (can always go lower LOL)...also not taking profits", "likes": 0}, {"author": "@jankurth5479", "comment": "I have way too many stocks to manage - I'm trying to downsize, but I'm having trouble selling some at a loss.  I think that's two mistakes!  I'm looking up disposition effect.  \nI just can't buy bonds, so I have 90% equity as a retired investor!  I'm learning so much in the investing academy, thanks Brandon and Marc.\njan", "likes": 0}, {"author": "@Menestra99", "comment": "Big mistake : Starting when your debt are not paid ,,,,", "likes": 0}, {"author": "@ChangingFrames", "comment": "Thanks a lot for doing this video, I can clearly relate these mistakes to what I have done!", "likes": 1}, {"author": "@James_48", "comment": "I have made so many on the list.  At one point, my own company's stock was over 50% of my portfolio, and it had risen 200%.  After leaving the company I thought I should be smart and diversify, so I sold half.  It was 2015 and that company was CSU.  OUCH!  To make matters worse, I continued to sell it, and buy a bunch of crap. (Actually, I bought BNS, RY, BMO and CM, but they all started dropping and it spooked me - then I sold them and bought crap!)  If I had never sold CSU I would have retired very comfortably before I turned 50.  Now I'm slugging it out to make up for so many rookie mistakes.", "likes": 1}, {"author": "@BURGATRON", "comment": "Good list!", "likes": 0}, {"author": "@hayleywelham3944", "comment": "Holding losing positions... Zillow for example. Haven't quite figured out when it's appropriate to take the loss.", "likes": 0}, {"author": "@patrickbelanger6253", "comment": "Mine is holding losing positions, especially in the telemedicine field. I wish those could recover, but I think some would never recover at all.", "likes": 0}, {"author": "@anderson6379", "comment": "Best video I have seen in A LONG TIME - well done and thanks for the sharing, reflections and insights", "likes": 0}, {"author": "@canpin", "comment": "Awesome video! Thank you!\nOne dillema i have is i have 8-10 years before retirement. I dont know if i should buy Growth investments now, and convert them to Dividend stocks later?\nI feel im loosing time with dividend stocks since they're not, well growing.\nBut it seems Dividend investing is a big thing now. Not sure if im missing anything.\n\nBut i see myself upon retirement ill be needing consistent dividend income-monthly as much as possible.\n\nWhat is the best approach?", "likes": 0}, {"author": "@brianbickle3049", "comment": "No mention of dividend traps ? Got me a couple times. I try to keep a trailing stop loss on my stocks with a high dividend payout ratio.", "likes": 0}, {"author": "@lynxacresb5331", "comment": "I would have turned that ticking clock off or faded it to no ticking, and smaller, after 10-15 seconds. The ticking and how large it was, was quite annoying.", "likes": 0}, {"author": "@coldcoq1", "comment": "Great advice. I've done many of these in my investment \"career\".  I would add one more though and that's always keep dry powder.  When I'm at 100% invested, I hate when I see an opportunity and need to sell in order to buy something else.  Keeping 5-10% in cash IMHO is never a bad thing.", "likes": 0}, {"author": "@donmcleod2235", "comment": "Well done Marc.\nI have made them all!\nFailure is the best judge and surest way to entrench lessons! :)", "likes": 1}, {"author": "@sniperfx20", "comment": "Holding the losers. \nNot taking profits.", "likes": 1}, {"author": "@marcdesjardins6022", "comment": "Hi Brandon and Mark! Thank you for your contents...I have a questions or need direction....I have open an account which allows me to buy stock internationally ex. Germany, japan, UK but I struggle to find information concerning taxes...capital gains or dividend....would you know where I can find information as I am not comfortable investing internationally without understanding tax impacts..thanks Marc", "likes": 0}, {"author": "@blaquiere141", "comment": "10 mistakes ! Nice video !", "likes": 0}, {"author": "@momo35444", "comment": "great video mark. thanks for this. ive done a couple hahaha", "likes": 0}, {"author": "@_HecticZ", "comment": "before I even start watching: Leveraged etfs... Stay away if not a day trader", "likes": 0}, {"author": "@anne-mariel3256", "comment": "I love the 10 minutes!!! Thx", "likes": 0}, {"author": "@daviddowling6376", "comment": "great video", "likes": 0}, {"author": "@rajcherian578", "comment": "LOVE YOU FOR THIS VIDEO", "likes": 0}, {"author": "@alexschiller3967", "comment": "Great video! My biggest rookie investing mistake was taking profits to early and not letting investments play out properly over a couple of years at least.", "likes": 0}, {"author": "@snowelth", "comment": "I never sell so I am guilty of 3 of the 26. 11( not rebalancing), 18 holding losing positions, 23 not taking profits.", "likes": 0}, {"author": "@Vixandr", "comment": "Huge fan of the channel, great topics! Would be really interested in hearing about setting strategies for profit-taking and trimming positions", "likes": 0}, {"author": "@TheTttooom", "comment": "I have made so many of those mistakes when I first started, wish I had watched and listened to this back then. You live and you learn I guess.", "likes": 0}, {"author": "@TheTttooom", "comment": "Man that clock ticking is so nerve wrecking hahaha", "likes": 0}, {"author": "@ab.4425", "comment": "Great video Marc!! Thank you so much!!", "likes": 0}, {"author": "@theifaturtle", "comment": "I typically don\u2019t comment on YouTube videos but I really I appreciate all of your videos on investing. It really helped push me towards the right direction.", "likes": 0}, {"author": "@MrJobcon", "comment": "Fantastic video Marc. I\u2019m going to keep this a reminder checklist. I\u2019ve made more than one of those mistakes (recently) I.e. too heavily weighted in a single stock, FOMO, buying based on others advice. Not anymore now that I have the support of the Investment Academy. Thanks so much", "likes": 0}, {"author": "@Adrian-cn5rk", "comment": "I'm curious to know which of those above mentioned mistakes you have made as a seasoned investor", "likes": 0}, {"author": "@ec938", "comment": "great video! I think one more rookie mistake is owning too many stocks to the point where you can't keep track/manage them all anymore.", "likes": 3}, {"author": "@jaysona7931", "comment": "Hey Marc, \n\nYou say don\u2019t invest money that you need in the short term. Is it unwise to invest while you\u2019re saving for a down payment, into something relatively stable?", "likes": 0}, {"author": "@CanadianDividendInvesting", "comment": "Great video, awesome for new investors!", "likes": 1}, {"author": "@tadbbq", "comment": "Nice video, Marc. I like the wisdom from a experienced investor especially how to use the PE/PEG all those indicator. Would you like to share more indicators that you use? Would you mind to share the investment books those are most inspired you in your investing life? Thank you", "likes": 1}, {"author": "@papytofu3796", "comment": "I made a bad investment based on the fact that I knew a company rather than I knew its financials and I bought it at its peak which was influenced by the pandemic, I quickly knew I wanted to sell that position but didn't want to sell at a loss, even 2$ so I was waiting for it to climb back and break even and I am now 40% down. Luckily it was a small position and now it acts as a constant reminder to do my due dilligence in my RRSP.", "likes": 0}, {"author": "@glennwarren225", "comment": "Not following a wedge that was obvious to me. Trade Desk was hitting 65, and later would climb to 113 or higher.", "likes": 1}, {"author": "@GoodKev", "comment": "There are 3 sides to any argument.  Yours, Mine, and the truth is in the middle.", "likes": 0}, {"author": "@Galluchh", "comment": "Why was I sweating at the end when there was a minute left but 3 more mistakes to explain?? Lolol", "likes": 0}, {"author": "@donzkietv168", "comment": "Thanks Marc very impormative.", "likes": 0}, {"author": "@ericharding92", "comment": "Great advice. Thank!!", "likes": 0}, {"author": "@wheatcandle", "comment": "Can you make a video of these mistakes and how you do not make them in your own investing? It would be helpful to see how you have overcome these mistakes with your own investing instead of saying these things without presenting examples of investing with your own actual skin in the game.", "likes": 1}, {"author": "@smallmj2886", "comment": "Holding losing positions... it's going to rebound soon....it's got to rebound eventually....oh  poo.", "likes": 0}, {"author": "@kayvonmotamed", "comment": "#16, impatience is my biggest struggle", "likes": 0}, {"author": "@krnvirsingh", "comment": "Following the crowd!", "likes": 0}, {"author": "@AC-rb6ut", "comment": "Thank you Marc for the great video.  Out of the 26 , I made at least 20.", "likes": 1}, {"author": "@drajah1986", "comment": "Any one got suggestions on reading material?\n\nI recommend Zero to One", "likes": 0}, {"author": "@amandeepsudhera5867", "comment": "My mistake   not taking profits", "likes": 0}, {"author": "@j-rocgeo7499", "comment": "I have 50% of my retirement fund in Tesla.  I know it goes against proper portfolio management, but my conviction in this company is extreme.  It would suck if i lost half my investment but I don't believe that will happen and if it does I think it is worth the risk.  I have done most of the rest of the list also.", "likes": 0}, {"author": "@atio5491", "comment": "My rookie mistake is with patience. Patience on the buying and selling part. I check my primary portfolio very frequently and after some small dips in positions I\u2019m trying to add to, I usually max out my cash to get the \u2018discount\u2019 and then it usually goes down further and I wish I waited. \n\nSelling: i bought into Tesla at 700 (FOMO) and then it dropped. I panicked since I already believed it was overvalued at 700 so I sold, at a loss, can\u2019t forgive or forget that. All my selling decisions have been bad decisions in retrospect so now I hold my losing positions, trust my research and believe that it may take a while but the stock would bounce back. I guess thats another rookie mistake in itself.", "likes": 0}, {"author": "@thomaslecours9681", "comment": "I have a question. How do i make to match my tsfa from my bank (rbc) on wealthsimple, like my money invest would be the money i have in my rbc tsfa ?? can someone answer", "likes": 0}, {"author": "@geewot5631", "comment": "For every other sale ive made this year, if id just waited another month, i would of hit my target sell price, rather than cutting short and running with half the amount of profit. Lol <~~still mostly profits, but fomo for my future not self \ud83e\udd23\u2764\ud83c\udde8\ud83c\udde6", "likes": 1}, {"author": "@MikeyPaper", "comment": "Biggest mistake, not taking profits. My stock doubled in a matter of 3 weeks. It went so high and I anticipated it going higher. Instead of selling and doubling my money, I got excited and put more in. HUGE MISTAKE. At the end of the day the stock dropped down and went negative. Lost 50% of my earnings. Don't be afraid to take profits. Also avoid penny stocks.", "likes": 4}, {"author": "@ryanm7171", "comment": "I have made at least seven of those, and done a few others, but I'm not sure if they were a mistake or not.", "likes": 1}, {"author": "@steveleary611", "comment": "Baba", "likes": 1}, {"author": "@jrwardle1", "comment": "OMG #12 - overinvesting in my own company stock - reminding me of my nightmares. I worked in mgmt at a Fortune 500 company where part of my compensation was in options. After a few years I had a sizeable number vested but held all of them as the share price went up up up.... company tanked, I lost my job , exercised options and then lost over $1M as the stock went to zero. You've all been warned!", "likes": 2}, {"author": "@willkeen5010", "comment": "Recent mistake was following the crowd investing in Lightspeed and Nuvie. I couldn\u2019t choose so I split my smallish investment between the two and both get hit with these slanderous short reports. I only invested a little as I felt these were higher risk vs blue chip dividend payers that make up most of my portfolio. Good luck to all. Great investment points as usual Marc.", "likes": 1}, {"author": "@MurrMan23", "comment": "My mistake is not buying more of a stock that I already own, because I\u2019m concerned about my average. Especially a good paying dividend stock also with good growth. I held out buying more because I liked the look of the % I was at.", "likes": 10}, {"author": "@bungeeandco", "comment": "I'm new at investing and am still learning the intricacies & I really appreciate your insightful brevity \nThanks for a fantastic video!", "likes": 0}, {"author": "@davidwilson9976", "comment": "My biggest mistake is selling too early.", "likes": 0}, {"author": "@kimmykero2421", "comment": "Great and very timely advice for almost anytime - classic advice!!", "likes": 0}, {"author": "@roberttaylor3594", "comment": "Nice list!! I have made all of those mistakes at some point or another, but less so now,, except day trading; never did that.  I went to the race trac at the PNE a lot with my gramma when I was 4-8 years old\u2026 she won, but most of them didn\u2019t!  So I have never made that mistake! Thanks, Gramma!  Have also never invested more than I can afford to lose in any one position.", "likes": 1}, {"author": "@DabloEscobud", "comment": "Awesome Marc, loved the density of concepts on this one, keep feeding us some more plz!", "likes": 0}, {"author": "@Nonamethankyou128", "comment": "Great video, bought Activision yesterday", "likes": 1}, {"author": "@ervandolfo", "comment": "My biggest mistake was investing in a company because the P/E ratio was so low. A few months later, there were no P/E anymore. The stock has not recovered since.", "likes": 1}, {"author": "@davecorcoran7492", "comment": "Good advice. How about a video talking about some of your fixed income recommendations?", "likes": 1}, {"author": "@juanperez-gh8bl", "comment": "Hola Marc, es genial tu v\u00eddeo, hacerlo en 10 minutos debi\u00f3 ser un reto. Creo que mis 3 errores  ahora son, 10, 14 y 18, especialmente el no diversificar lo suficiente, un 50% de mi portafolio esta en tecnologia, tratar\u00e9 de rebalancear mi portafolio pronto. Gracias por la informaci\u00f3n!\n\n\"Hi Marc, your video is great, doing it in 10 minutes must have been a challenge. I think my 3 mistakes now are, 10, 14 and 18, especially not diversifying enough, 50% of my portfolio is in technology, I\u00b4ll try to rebalance my portfolio soon. Thanks for the info!\"", "likes": 2}, {"author": "@khuo0219", "comment": "Averaging down on BABA \ud83d\ude29, actually I don't regret it but I regret doing it too often and for small quantities thinking each dip is a deal. Chances are the real discount will be there for a while and the temporary dips are not worth my trouble. I paid too much in commission for the same average cost as Munger and I invested after him. That is my rookie mistake.", "likes": 3}, {"author": "@jordandedreu", "comment": "My biggest mistake was not starting. I\u2019m a great saver but did nothing with my savings in my 20\u2019s. I had 73K in my savings account and didn\u2019t know what to do with it. \ud83e\udd26\u200d\u2642\ufe0f It\u2019s been put to good use since then tho! Thanks so much for all the teaching and investment ideas guys!", "likes": 17}, {"author": "@brianpinto785", "comment": "Well done Marc. Going the share these with the kids \ud83d\ude0a", "likes": 0}, {"author": "@jasonstupak4535", "comment": "Watched and liked, thanks Marc!   Great content as usual.", "likes": 1}, {"author": "@josephmunro7768", "comment": "The only thing that can convince a person not to day trade is try it and lose money. lol", "likes": 2}, {"author": "@mattl4811", "comment": "Fomo, holding losing positions, not starting earlier", "likes": 0}, {"author": "@torontoBluejays87", "comment": "My biggest mistake\u2026 blowing money in my 20s on crap instead of starting investing.", "likes": 14}, {"author": "@LAOM3423", "comment": "My biggest mistake was buying too many stocks in the company I was working for.  Lost so much money!!!", "likes": 0}, {"author": "@gordonzhang1829", "comment": "Oh bro\ud83d\ude30 so many pitfalls to rip us off", "likes": 0}, {"author": "@CaseyBurnsInvesting", "comment": "The most important thing to manage isn\u2019t your investments, it\u2019s you.", "likes": 8}, {"author": "@MegsCarpentry-lovedogs", "comment": "I am in the same camp as Zoya Bm below, my biggest losers in the portfolio's, and fortunately there were only two in the 20 yrs of investing...live and learn eh...was holding on to losers for too long....UGH!  In the end, it all worked out, so far and I have done really well and retired earlier than most...but....those two energy stocks really hurt my gains...then the next one is what Marc pointed out near the end....forgiving yourself for these mistakes!  That is a tough one because you think you have done all due diligence and yet it ended up being a mistake! A hard pill to swallow.  I stick now to aristocrat stocks with dividends and all is a lot calmer in my life...thanks Marc! Congrats on making it within the 10 minutes...and shot out to the editor too..\ud83d\ude09.wink wink!\ud83d\udcaf\ud83c\udde8\ud83c\udde6\ud83d\udc4d", "likes": 2}, {"author": "@Ryedor", "comment": "Yup. I got all 26 covered.lol   ... one more ... the 8 Ball doesn't work either. lol   Good stuff you guys.  :)", "likes": 3}, {"author": "@kylewhite5147", "comment": "Biggest mistake so far has been investing too heavily into penny stocks, without the use of limit orders/sells. \n\nAlso, averaging down as a tool to buy my way out of losses. For every time it worked, it backfired worse. \n\nNow I almost exclusively use limit orders and tend to only average down into positions I intend to hold.", "likes": 10}, {"author": "@thedividenddream", "comment": "My mistake was not being ready to pivot fast enough when I was 100% in cash in March of 2020. Just made a video about it! But\u2026 it all works out and mistakes are even more important than successes because you learn. Thanks for this\u2026 from a fellow creator ;)", "likes": 1}, {"author": "@eco3thoughts286", "comment": "Well done \ud83d\ude05", "likes": 0}, {"author": "@KP-uj1wf", "comment": "Terrific advice Marc...  thx for putting this video together!  Cheers", "likes": 6}, {"author": "@green-garden-123", "comment": "Excellent! I should watch this 3 times so I will remember.", "likes": 9}, {"author": "@fs982", "comment": "Priceless.", "likes": 3}, {"author": "@MontytheBerner", "comment": "Same mistake as Zoya Bm - holding on to a losing investment. aka Cannibus stocks LOL. Great quick video Marc.", "likes": 0}, {"author": "@BryanrasonCa", "comment": "Fantastic video. Ty.", "likes": 0}, {"author": "@shortiee0306", "comment": "My #1 mistake is holding on to a losing  investment. I keep thinking it'll go up....it's dropped over 75% \ud83d\ude05", "likes": 15}, {"author": "@michaeltanquiza8960", "comment": "Thank you sir\ud83d\udc4f\ud83d\udc4f\ud83d\udc4f", "likes": 1}]