[{"author": "@basseon", "comment": "I'm a boring long term investor, DCAing bi-weekly into broad market index ETFs(with a small accent on dividends/REIT). So I don't even care that much what is happening with the market short term. Still, as I'm getting closer to retirement I added 3 covered call ETFs, so that if the market moves sideways for a long period of time, I'll at least benefit a bit from those. (no they're not giving me back my money, it's no real ROC. The ROC from these is a reclassification of profit made from option premium into ROC. Losses can be reported indefinitely, so they use the money made from selling option to \"erase\" these and the profits is then classified as ROC. The NAV goes down, but it only matters if it's in a non-registered account).", "likes": 0}, {"author": "@user-pq7jb3kh1x", "comment": "Thank  you you explain very good!", "likes": 0}, {"author": "@CanadianDividendInvesting", "comment": "Awesome video Marc and Brandon!", "likes": 0}, {"author": "@kevintorgrimson8529", "comment": "I\u2019ve invested through 3 big crashes. You don\u2019t know the bottom is in until it\u2019s long past.  Oct 22 I feel was the bottom, yet back then not many pundits were calling it so. SPY was at 348, QQQ at 254. That\u2019s why dollar cost averaging is a solid strategy.", "likes": 0}, {"author": "@twfinc6855", "comment": "I have no idea where the markets are going... many stocks have been down since last year, look at reits.. so they are going even lower? I understand how cap rates are affected as interest rates increase, this has driven reits down... banks are down for months now.. if markets price out 6 months wouldnt they start moving up now? they are talking about interest rate cuts in 6 or 8 months.. Im fully invested, but might trim some.. I am part of an investors group and many feel there is a selloff coming.. and yes the vix has not spiked like it should have.. some of my buddies feel that it needs to hit 40 before we are bottoming.", "likes": 0}, {"author": "@mcooke536", "comment": "I think this is one of the best market summaries out there.", "likes": 0}, {"author": "@juanperez-gh8bl", "comment": "Hi Marc, great information! there are always good options in the market if we are paying attention\n\"Hola Marc, muy buena informaci\u00f3n! siempre hay buenas opciones en el mercado si estamos atentos\"", "likes": 0}, {"author": "@northshorehighlanders6167", "comment": "Thanks, Marc.  Not only are these priceless, but I can't find anything else, with your clarity, showing us diy investors where we are (yes, understand it's your read/opinion), let alone whether or not a (current market) bottom may have been reached.  Perhaps consider continuing this series long into the future, as a possible macro-read on our Canadian and US markets in general, along with the \"indicator education\" you've already brought to the table. Can't thank you enough.  Greetings from Downtown Van!", "likes": 0}, {"author": "@UziGameGP", "comment": "There will be a correction, but I do not see S&P hitting October lows again without a black swan event (which is also possible with Fed gone rogue).", "likes": 0}, {"author": "@winnjc9154", "comment": "Unfortunately by the time we know there is a market bottom, it has already passed...", "likes": 0}, {"author": "@omidriahi2147", "comment": "I guess Mark's assumption is that the market bottom is ahead of us and all 6 indicators are used to support/explain this assumption. However, what if October 2022 was actually the bottom and now the market is recovering?", "likes": 0}, {"author": "@tklestnoas7657", "comment": "WE DONT KNOW WHATS GOING TO HAPPEND TO THE MARKET ALL THE TIME RECENTLY LOT OF STOCK UP ALSO ONE PROBLEM I BOUGHT ONE STOCK FOR 98 DOLLARS IT PRICE IS 1 DOLLAR NOW IT HAPPENED TO EVERYONE, IF IT WAS ENOUGH MONEY IT IS BETTER TO BUY THOSE STOCK WHEN GO DOWN FROM 89 TO 1 DOLLARS LOOK AT BBBY PRICWAS 30 DOLLARS YESTERDAY WAS 0.25 TO DAY A BIG JUMP 0.58 THATS WHAT HAPPEND MY BIG PROBLEM IS I DONT KNOW WHAT HAPPENDS TOMORROW, MY GOOD STOCK WAS LVS TODAAY SFTER REPORT IT BECOME 63 DOLLARS THAT STOCK NEVER CRASHED EVEB THOUGH THE MARKET IS DOWN, LET ME KNOW WHICH OTHER STOCKS ARE BETTER BUY BBBY, THNAKS", "likes": 0}, {"author": "@investingwithkendrick", "comment": "I just wanted to say that I truly appreciate you, you are the reason why I started my youtube channel in the first place. Thanks to you I now teach people about financial literacy and how to invest their money. Thanks once again, and I hope you could inspire more people just like myself to build a youtube channel.  \ud83d\ude0a", "likes": 2}, {"author": "@MikeyPaper", "comment": "Thank you for the update Marc! I love this series and look forward to it every month!", "likes": 0}, {"author": "@mashacamashaca877", "comment": "If Marc proves to be correct with this unbiased (market bottom) analysis, it could become the standard way of reading the bottom.  Now, equally as important, we will need the same analysis for the peak of the Market (whenever that happens \ud83e\udd37\ud83c\udffb\u200d\u2642\ufe0f) and I know Marc will deliver\ud83d\ude4f\ud83c\udffb my respects and gratitude for your work sir! \ud83d\udc4c\ud83c\udffb", "likes": 4}, {"author": "@simonledoux2744", "comment": "Delightful, great content. Keep up the good work!", "likes": 0}, {"author": "@Joej1871", "comment": "Amazing content, anxiously awaiting for the next update!", "likes": 0}, {"author": "@bradleytalksmoney", "comment": "Shiller PE is way overpriced, Wilshere 5000 to GDP still above 150%.  Mark, you've got the right opinion, things are overpriced and need to come down", "likes": 0}, {"author": "@momo35444", "comment": "good insight into the broad markets!!! great perspective. thanks for the video Marc", "likes": 0}, {"author": "@roberttaylor3594", "comment": "I predict the answer is \u201c no, but close !\u201d", "likes": 0}, {"author": "@willkeen5010", "comment": "Thanks for another interesting update Marc. We all appreciate your insight.", "likes": 0}, {"author": "@TheCourticeDrummer", "comment": "Love these videos. Keep up the good work Marc \ud83d\udc4a", "likes": 1}, {"author": "@questioneverything2829", "comment": "Love it, thanks for the summary.", "likes": 0}, {"author": "@alexandrecontr", "comment": "Keep up the good work Marc, LOVEEE this series!", "likes": 1}, {"author": "@kitnoCC", "comment": "Great series!", "likes": 1}, {"author": "@jcabral6231", "comment": "Good job with the analysis Marc....but sell sell sell", "likes": 0}, {"author": "@thedevinefeelingill", "comment": "These monthly updates are the best!  Thank you \ud83d\ude4f\ud83c\udffb", "likes": 9}, {"author": "@ilkerdalgic", "comment": "My initial reaction when this video appeared in my feed was \u201cwait, already a month?\u201d Time flies. Thank you for your continious effort.", "likes": 6}, {"author": "@seishun9611", "comment": "Really appreciate this series!", "likes": 1}, {"author": "@anwarmaru1523", "comment": "Great video as always \ud83d\udc4d curious about your thoughts, if any, on the company GFL? Stocks been doing great all year", "likes": 0}, {"author": "@lchan207", "comment": "Appreciate your work. Please continue to provide this insight of our volatile economy monthly. Thanks", "likes": 11}, {"author": "@marvinpham5180", "comment": "First ?", "likes": 1}, {"author": "@MegsCarpentry-lovedogs", "comment": "Glad this series is continuing. It puts things into perspective. Thank you Marc\ud83d\ude4f\ud83c\udde8\ud83c\udde6 Prince Edward Island here.", "likes": 23}, {"author": "@MountainFinance", "comment": "Good job with the analysis Marc. I have to agree with you as much as I want to get caught up into a move into the Bull Market, I am still cautious about it. I suspect the next 2-3 months may very well give us a better indication where we are heading.", "likes": 2}, {"author": "@BacheneAdel", "comment": "Thanks Mark for all the details", "likes": 1}, {"author": "@evadeanu1", "comment": "Great, Mark. Thank you for the video.", "likes": 2}, {"author": "@hoggyrider", "comment": "Thanks Mark, I will continue to hold.", "likes": 2}, {"author": "@GrantPatriarca", "comment": "Maybe a dumb question but assuming that the market has already bottomed and the worse is over, are there metrics like the ones in this series of videos that can predict the reversal/continuation of a bull market? It will be interesting to see how this series can evolve once the market has bottomed.", "likes": 4}, {"author": "@VanessaVendetti", "comment": "Nice to see you pop up on my feed \u2728", "likes": 1}, {"author": "@beaviswealth", "comment": "\ud83d\udcc8\ud83d\udcda Join The Investing Academy \u27a4 https://bit.ly/theinvestingacademy \n\nHas the market bottomed?  I hope you're enjoying this series where we look at six market indicators to help us manage our investment portfolio better.  \nWhat do you think?  Have we seen the worst and it's all up from here?  Or do we have more pain to come? \nComment below!  Thanks for watching.l", "likes": 6}]