[{"author": "@beaviswealth", "comment": "\ud83d\udcc8\ud83d\udcda As always, if you're a beginner to the Stock Market and you're looking for a step-by-step blueprint on how to get started... Find out more about our Investing Academy here - http://bit.ly/InvestingAcademy.\n\nThanks for watching everyone! :D", "likes": 4}, {"author": "@eugene9353", "comment": "First looks like a strong downtrend \nAnd a second one was good to buy in march \ud83d\ude00 but whi knows", "likes": 0}, {"author": "@christinegallo8805", "comment": "Can i buy canadian stock on my US account? Im new to investing thing", "likes": 0}, {"author": "@GoChinaGo", "comment": "can you please give your analysis on TSX.V: FLT, thanks", "likes": 0}, {"author": "@cherries4164", "comment": "Very helpful!!!!!!!!!!!!!!!!!!!!!!!!!!!!!!!!!!!!", "likes": 0}, {"author": "@magilicuddy1827", "comment": "What do you think about currency hedging? I'm looking to buy US etfs for nasdaq exposure. Not sure if it makes sense to buy in CAD or USD with so much weakness in CAD. If they ever get back to par, I would have lost so much money buying USD with a weak CAD... and the CaD can't get that much weaker can it? \ud83e\udd14\ud83e\udd14\ud83e\udd14 I need you to do a video on this!", "likes": 0}, {"author": "@ozeXpress", "comment": "2 of my biggest positions! Bullish on these for long term !\ud83d\udcaf", "likes": 0}, {"author": "@kellysehoun", "comment": "Not investment related but, what are your fav spots in Banff? Planing to go in a month! Great video :)", "likes": 0}, {"author": "@jaayclyde21", "comment": "What are you guys\u2019 thoughts on Tortoise Acquisition Corp (SHLL)? Their merger with Hyliion seems really promising and actually backed by some fundamentals.", "likes": 2}, {"author": "@Kingdia97", "comment": "Look into allied properties REIT.", "likes": 1}, {"author": "@joelbruneski6486", "comment": "What do you think about gold right now? I am involved in a couple gold mines and it looks like they may be set for a move with current prices.", "likes": 0}, {"author": "@jaypezewalters4420", "comment": "Monday. Watch these...WKHS. XELA.SRNE.VXRT.IBIO", "likes": 0}, {"author": "@garrattearle4738", "comment": "how is our stock challenge ?", "likes": 0}, {"author": "@harryvirdi4095", "comment": "Already have this in my portfolio both personal and TFSA. \u270c\ufe0f\ud83e\udd1d", "likes": 1}, {"author": "@Andrew-kp2vk", "comment": "I really want to hear your opinion on XBC.V Xebec Adsorption if you have time! Thanks", "likes": 0}, {"author": "@anital.1306", "comment": "I actually have high hope on Disney+. When my kid was young (under 10), I subscribed to Treehouse channel (There was no Disney+ at that time) for the whole decade. As a parent, I would rather my kid watch Disney than Netflix kids or youtube kids. I see a huge potential and market here. Regrets not start my position when it dropped to $85. But start getting in slowly now.", "likes": 0}, {"author": "@jibleskin", "comment": "Would love a video on how you calculate valuation of a stock , like DIS for example!", "likes": 8}, {"author": "@speedrivercontracting6484", "comment": "Any thoughts on doing an episode on some fin tech stocks like Square  PayPal or have you done this already and I am too lazy to look?", "likes": 0}, {"author": "@joshhumphrey8818", "comment": "Looking into POW now, thank you for the reccomendation !!", "likes": 2}, {"author": "@navinkaul7647", "comment": "Hi Brandon, I am from Toronto. Tried connecting through your academy. Even booked the time slot but there was no response. Can you let me know how to connect.", "likes": 0}, {"author": "@DavidsInvestmentAnalysis", "comment": "Thank you for the two great picks. I personally own POW and DIS myself. POW is a great dividend payer and has somewhat a diversified business and very good valuation. DIS is the entertainment king, unfortunately their business is impacted by the global health issue. Long term should do great! Keep up the great work.", "likes": 1}, {"author": "@seagame2001", "comment": "Never show portfolio so boring videos lately.  Just talk show use that you buy or sell", "likes": 2}, {"author": "@f3wbs", "comment": "Never been outside of Ontario in Canada (I\u2019ve been outside of the country) but I\u2019ve heard Banff is a good place to visit in the summer.", "likes": 0}, {"author": "@brianlee5260", "comment": "I already own both! Thanks for the review!", "likes": 0}, {"author": "@pablocano5544", "comment": "Thanks for the video! I would also be interested to see a history video on stocks that never recovered from the 2008 F.C. and why. For example, Citigroup could be one of them.", "likes": 1}, {"author": "@ChefSebastian587", "comment": "You\u2019re not supposed to be making non essential travel to Alberta.  Your fellow BCers have made that clear by slashing tires, keying doors with Alberta plates and leaving nasty messages on windshields.  I guess this doesn\u2019t apply to B.C. residents traveling to Alberta.", "likes": 1}, {"author": "@maxrcrypto", "comment": "Not touching Disney after what they did to Star Wars", "likes": 4}, {"author": "@derekcox6531", "comment": "I totally agree with you on POW Brandon. I hold this company and have for many years now. It\u2019s a solid business,but like the majority of businesses in Canada and indeed the world, at this time,it\u2019s hurting,but it will survive. I\u2019ve added to my own holdings on weakness...not a ton,but still have added. At current prices,it\u2019s a good long term value in my opinion. As for Disney,I still like it,have bought more of it,and for a longer term hold I think you\u2019re very right when you say it\u2019s not going away anytime soon. We just have to get through this COVID business first. Disney + what a great addition to Disney\u2019s business! We are subscribers and love it.", "likes": 2}, {"author": "@atown71", "comment": "Juicy juicy juicy \ud83d\udca6", "likes": 0}, {"author": "@billbren", "comment": "I'm curious about your thoughts on Brookfield Asset Management BAM. I have some and they seem impressive. What are your thoughts long term?", "likes": 11}, {"author": "@kunalc248", "comment": "that awkward moment you realize you can't buy Disney stock on Wealthsimple:(", "likes": 4}, {"author": "@HB-lx3wv", "comment": "Why do people love ETF's? Just make a defensive portfolio, buy the stocks you want. Management fees are usally between 2-5% if im not mistaken on ETFs", "likes": 1}, {"author": "@realman963", "comment": "Disney will soon go down, mark my words!!", "likes": 6}, {"author": "@Dave004", "comment": "I own POW and like them, but they do have a higher than average payout ratio for their dividends vs say an MFC, SLF or even GWL (which POW owns part of).", "likes": 1}, {"author": "@ab.4425", "comment": "Great video Brandon!!", "likes": 0}, {"author": "@straightouttacompston3179", "comment": "I live in Banff bro! And I'm currently vlogging all about it! Along with my finance videos too! Would be honoured if you could check any of them out! PS I'm a massive fan of your channel!", "likes": 0}, {"author": "@juliahanoukaev4853", "comment": "Hi Brandon I am looking at Disney very closely. Do you think it can go down even more. \nI almost bought it this morning but something was holding me.", "likes": 0}, {"author": "@nickb3858", "comment": "Your thoughts on Casinos plz ( mgm, Wynn, etc..), Tx for the great insights as always", "likes": 1}, {"author": "@tanveerhassanmehedi3580", "comment": "Hey nice video! I couldn't find disney in wealthsimple. Do you know why that might happen?", "likes": 0}, {"author": "@InvestingforGenerations", "comment": "Power Corp. seem interesting. Will look there closer.\nDisney is under 100 a strong buy.... Atleast I will add much more under 100.In my analysis I explained why.", "likes": 0}, {"author": "@DeparturesCapital", "comment": "The trip looked awesome! Gotta make my way out west one day:)", "likes": 0}, {"author": "@TheAndrewLopezFinancePodcast", "comment": "Hope you enjoyed your road trip! And disregard those that say \u201cit\u2019s a bad time to buy stock\u201d if you\u2019re investing for the long run, the short term noise doesn\u2019t matter", "likes": 1}, {"author": "@CaseyBurnsInvesting", "comment": "Recording an entire video and realizing you didn\u2019t turn your mic on is another fun one. Growing pains.\n\nGood times man. And I agree, dividends are in question with this whole situation regardless of \u201csafety\u201d", "likes": 1}, {"author": "@arlenenavarro716", "comment": "Brandon, can you do a analysis about TESLA?", "likes": 0}, {"author": "@TIMVESTMENTS", "comment": "Wow didn\u2019t expect the dividend yield to be so high for Power Corp. Can\u2019t go wrong with Disney. For more dividend options, I recently created a video on the TOP 10 biggest Canadian REITs and big 3 ETFs. Come check it out!", "likes": 1}, {"author": "@shazmanu786", "comment": "Shout out to Alberta!", "likes": 19}, {"author": "@jaycoffsky8979", "comment": "do you know if. POW subtract canadian tax for US qualified (pension) stock owners. I know some do. thanks", "likes": 0}, {"author": "@TatangOnyok", "comment": "If Power Financial, Great West, and IGM are all under Power Corp. Do you recommend buying each one or just Power Corp?", "likes": 0}, {"author": "@Keon994", "comment": "Have you heard of Drone Delivery Corp Canada? What do you think of it?", "likes": 12}, {"author": "@Bondanalloy", "comment": "it's never a bad time to buy stocks if you aren't speculating. would you ever do a video about options trading? maybe just selling covered calls in a registered account? I know there are some vids out there but i just broke into that scene and i gotta say even in these troubled times, i'm making great returns on my single stock positions.", "likes": 0}, {"author": "@zamran100", "comment": "Brandon, can you please make a video about Stor Capital which owns by buffet", "likes": 0}, {"author": "@Lucky-xp8yd", "comment": "The thing you forgot to mention, is that this class of yours, cost 2k to join. I don't think beginners should pay this much to learn about the stock market, since nobody knows what the market will do in the futur.\ud83e\udd26", "likes": 19}, {"author": "@superbackyardbreeder1084", "comment": "Can you do the analysis for BRK-B like where are they going 10 to 20 yrs. from now? please.", "likes": 4}]