[{"author": "@beaviswealth", "comment": "\ud83d\udcc8\ud83d\udcda Join The Investing Academy \u27a4 https://bit.ly/theinvestingacademy \r\n\r\nWho will win this new edition of STOCK BATTLES!  Watch & Vote Now!", "likes": 6}, {"author": "@roberttaylor3594", "comment": "By the charts, BAM is the clear winner as of April 2023. \u00a0\n\nlooking at all the 'battles' I could find, the race has not been close; in all battles the winner is the winner by a landslide, not a point or two.  The contestants are always in different sectors, though.  of all the stocks reviewed in the battles, I like that Mexico Coca Cola business the most. Then BAM.", "likes": 0}, {"author": "@ctalcantara1700", "comment": "Great discussion.  Been looking at BAM; however,  their debt level is worrisome.  Any thoughts?", "likes": 0}, {"author": "@yannclisson8575", "comment": "Bam is the winner for me. Pfizer \ud83e\udee3 not for me (crooks..)", "likes": 0}, {"author": "@ssenger009", "comment": "Great Video once again guys....One question though, well I'm picking Pfizer as I have very little healthcare exposure and just added to my RRSP's....Should I buy the US stock or the CDN or does it matter? Our dollar isn't great right now so maybe the US stock would be better?  Thanks Guys :D", "likes": 0}, {"author": "@propriospecinspectionenbat5444", "comment": "Pfi for the win...", "likes": 0}, {"author": "@rogersteph2022", "comment": "Gentlemen, great debate so thank you.  Obviously, a year from now one of these will have done better, and I cannot really predict which one.  I own both, and after watching this video I'm a little bit more comfortable than before.  I'm a strong believer in diversification, so if I had some money to invest right now I'd probably buy both.  Cheers", "likes": 1}, {"author": "@keenanmurray3306", "comment": "I like BAM but it\u2019s a very difficult stock to evaluate.\nPFE is trading at discount as well. My pick is Pfizer.", "likes": 0}, {"author": "@kohlisk", "comment": "Very Interesting Analysis. I would give my vote for Pfizer, based on its valuation and healthy future prospects.", "likes": 1}, {"author": "@AgnesPelletier", "comment": "so, I love this series, but...would you consider doing stock battles on stocks that are in a similar sector? Personally, I find it difficult to compare the picks since the companies are in vastly different industries.", "likes": 2}, {"author": "@juanperez-gh8bl", "comment": "They both are good picks, but of course, my vote is for BAM, I have it in my portfolio hahaha even I think both are a good pick if a recession starts, in my opinion. You know, stock battles is a great section, could be great if a year after or something like that you check your pick, compare results and if you want continued that stock aaand another interesting idea, maybe you could do many tops with different kind of stock, that could be funny!", "likes": 0}, {"author": "@bozenahynek4914", "comment": "PFE", "likes": 0}, {"author": "@jayr8134", "comment": "This time I'm with Brandon. I already own BEP, BN & BAM in my  TFSA. Speaking of it, I have a doubt, all three stocks combined will be around 16% of my portfolio.  Am I overweight in Brookfield? I am in it long term & since their operations are global I don't have to worry about diversification. Bought a lot of shares during recent correction", "likes": 0}, {"author": "@patrickbeh2580", "comment": "I'm voting for Pfizer this time. But I do love BAM as well", "likes": 0}, {"author": "@skycaptain5447", "comment": "BAM.  They invest wisely, rather than sit on a mountain of cash waiting for the inevitable class action.", "likes": 1}, {"author": "@sophiemo7278", "comment": "For me it is BAM all the way  \ud83d\ude04", "likes": 0}, {"author": "@Rob-ob3sh", "comment": "I will go with Brandon as the winner. I like his pick hands down.", "likes": 0}, {"author": "@pam4031", "comment": "BAM", "likes": 0}, {"author": "@Aaron-zv2sx", "comment": "BAM", "likes": 0}, {"author": "@engelzman", "comment": "Watching this channel must be paying off because both these stocks were in my bullpen the last month or so before this video!\nHonestly I think both are a great pick, as I\u2019ve been considering getting both.\nWasn\u2019t sure if I wanted to go the route of BAM.TO or BN.TO. \nPFE does seem to be showing great value ahead of a recession.\nMy pick will be\u2026 Pfizer. Current economy and the value it's showing is too good to pass on.", "likes": 0}, {"author": "@Victoria-rw7zt", "comment": "I am going to PFE.  I always like Marc\u2019s picks", "likes": 1}, {"author": "@jonmayberry4021", "comment": "I like BAM, tough to go against an asset manager with no debt.", "likes": 1}, {"author": "@flammablewater1755", "comment": "When the old BAM spun off, I ended up with a lot more BN shares than the new BAM. Should I reallocate those BN shares back into BAM? I still don't quite understand the difference.", "likes": 0}, {"author": "@MountainFinance", "comment": "I do like both of these companies. I see so much potential for future innovation with Pfizer and I think they will be a very solid long-term investment. BAM is the premium part of the overall asset management business and I do see some serious returns down the line. I really like where BAM is going. So who wins? In my opinion, I will give it to BAM but only by a very small edge.", "likes": 0}, {"author": "@tomnguyenmontreal", "comment": "Like both stocks. Will look into adding them. Another awesome clip! Great job guys!", "likes": 1}, {"author": "@jershir7599", "comment": "BAM hands down, all day every day.", "likes": 1}, {"author": "@user-rs6gy9qp6n", "comment": "BN.to brookfield corporation is my go to", "likes": 0}, {"author": "@Northern_Squirrel", "comment": "Great video, nice to see both of you guys together. I do own PFE in my RRSP USD account and BAM.TO in my cash account along with BN.TO, thanks to the split last year. Thinking of buying more BN and BAM soon.", "likes": 0}, {"author": "@dominiquetheeasyminimalist", "comment": "Love the time limit and the battles! I bought BAM in January and it\u2019s up 19% \ud83d\ude01. However, BN is doing really bad so far this year.", "likes": 2}, {"author": "@Bunzai", "comment": "Easy choice BAM, i disagree with a lot of what u said about pfizer. Don't see them going up 20% anytime soon thats for sure. Down 20% is more realistic. Even though they got the govt in their pockets, people are waking up to the fact that this is a very evil company.", "likes": 1}, {"author": "@MegsCarpentry-lovedogs", "comment": "Pfizer is our vote due to its recession resistant category at this point and time. Well done to you both\u2714\ud83c\udde8\ud83c\udde6 I like holding Pfizer in the ETF I have along with other pharmaceuticals....the best of both worlds....growth and cover call divvy\ud83d\udcaf\ud83d\udc4d\ud83d\ude00", "likes": 2}, {"author": "@00deadmoney41", "comment": "no need to rush if you're presenting a well thought out thesis. I own both companies but think pfe might be a touch better value as of right now.", "likes": 1}, {"author": "@ryanm7171", "comment": "Great battle guys, one of the better ones.  Maybe increase the time to 7 minutes each as I would prefer to hear a thorough presentation than a seemingly rushed one, and how often are you two on camera together anyway.  Brandon you finally got me to vote your way.  BAM for the win.  Keep up the great picks.", "likes": 8}, {"author": "@kelleyhaldorson209", "comment": "BAM! I don't often go with a Brandon pick but doing research on PFE is too hard for me.  I will leave the individual pharma picks behind me and stick with an ETF looking at the horizons one maybe?  Research is too hard in that sector for me.  I currently own Roche and have no clue as to what the news even means!  Bam although not by any means simpler is more understandable for most I think.  Me anyway.  I would be concerned about the lofty promises.  Sounds like politician or salesman speak to me 1Trillion is a lot of money.  Would have to dig into it first and see if they even have a chance of fulfilling that plan.  Cathie seems to be famous for making lofty promises, I doubt a lot of them are happening either.  Haha", "likes": 0}, {"author": "@jonathonmcelhaney1", "comment": "This is my favorite videos!", "likes": 1}, {"author": "@johnmailey943", "comment": "PFE", "likes": 0}, {"author": "@florendogomezcasuga7043", "comment": "Go with BAM. For me, TD is a great company too, well diversified in real state, banking, etc. entering the asia-pacific market", "likes": 0}, {"author": "@wallyg8020", "comment": "What's the difference between the tickers bam and BN which one is better for growth?", "likes": 0}, {"author": "@SkiNFlU73", "comment": "Gotta go with BAM, picked up more shares after the spin off. Great quick analysis of both companies!", "likes": 0}, {"author": "@willkeen5010", "comment": "Was waiting for this family vlog \ud83d\ude4c\ud83d\ude4c", "likes": 0}, {"author": "@johnnocanuck", "comment": "Pfizer is trading now at the same price as in 1999. No thanks!", "likes": 0}, {"author": "@CoveredCallETFInvesting", "comment": "My vote is Brookfield. Stellar upper management team.", "likes": 0}, {"author": "@jasonkraus8149", "comment": "Both would be great in any portfolio, I would buy PFE first being undervalued and a hedge against a recession.", "likes": 0}, {"author": "@Po101080", "comment": "Brandon knows what's up with pfizer hah..btw i'd personally never invest in PFE, and it is absolutely a political reason now, especially from what we've seen in the last 3 years", "likes": 3}, {"author": "@KOTNEmpire", "comment": "BAM over Pfizer but thats because I don't want to support a pharma companies. With no bias Pfizer may be the better bet.", "likes": 3}, {"author": "@MrDavidMcKinnon", "comment": "Pfeifer for the win", "likes": 0}, {"author": "@terry8451", "comment": "It's a tie in my books. I already own BAM but Marc made a good argument for Pfizer and a stock I would put in my Bullpen.", "likes": 0}, {"author": "@barrettdonovan3379", "comment": "BAM", "likes": 0}, {"author": "@ryanha2", "comment": "PFE!!!! easy win! with current price.", "likes": 0}, {"author": "@rockymtnrdr", "comment": "Great to have another stock battle video! I have owned both for a couple years now but my vote between the two would go to BAM!", "likes": 1}, {"author": "@investinggrind", "comment": "Great video, guys. I already own PFE in my RRSP. I have been watching BAM for a while on the sidelines. I would probably pick it up sometime this week. BAM is like the Berkshire of Canada in opinion.", "likes": 2}, {"author": "@derekcox6531", "comment": "Brookfield \ud83e\udd14 yeah they just do so much right. Pfizer\ud83e\uddd0 that\u2019s also a boss pick. Great long term investment to be sure. Might have to go with Brookfield simply for the steady less volatile nature of that business. Actually \u2026I own both in the rsp.", "likes": 0}, {"author": "@jasonduster4721", "comment": "Love that Grey Investing Academy T-shirt :)  Where can I get one?", "likes": 0}, {"author": "@kylestratton4943", "comment": "BAM", "likes": 0}, {"author": "@thomaskasekamp9653", "comment": "Bam", "likes": 0}, {"author": "@surasatiyasuwan2769", "comment": "My vote goes to PFE.", "likes": 0}, {"author": "@luigidesimone8554", "comment": "I will take both....thanks!!!", "likes": 0}, {"author": "@jcabral6231", "comment": "Royal Rimble..sell sell sell", "likes": 0}, {"author": "@iamhenry8", "comment": "PFE", "likes": 0}, {"author": "@johnhouseman3546", "comment": "Pfizer as defence is a solid choice", "likes": 0}, {"author": "@johnnyelhossary7811", "comment": "My vote goes to PFE", "likes": 0}, {"author": "@fhuzpatch", "comment": "BAM", "likes": 0}, {"author": "@SomeGuy8796", "comment": "ZERO INTEREST INVESTING IN PFIZER... maybe a good investment, but I have morals", "likes": 11}, {"author": "@achifeful", "comment": "I like both companies but will go with BAM for now.", "likes": 0}, {"author": "@lumberdog198", "comment": "I go 4 BAM", "likes": 0}, {"author": "@cha4990", "comment": "This one is easy. Get both .", "likes": 0}, {"author": "@momo35444", "comment": "BAM all the way. love this series. thanks for the video guys. I really appreciate it.", "likes": 1}, {"author": "@ctcamara", "comment": "\u2764\ufe0f\u2764\ufe0f\u2764\ufe0f\u2764\ufe0f\u2764\ufe0f", "likes": 0}, {"author": "@andrewweir6576", "comment": "Pfizer", "likes": 0}, {"author": "@mattduprau2028", "comment": "Brookfield \u2705 However I just made a post of blossom earlier today how I was starting to look at PFE again as a potential undervalued buy. Great video!", "likes": 1}, {"author": "@roberttaylor3594", "comment": "I was leaning BAM...but after watching them I think I vote PFE.  I owned them before, sold and that went well ( transferred to another dividend stock), and see that the price is pretty attractive now.  Hard call, hard call....I want both; have some BEP already.", "likes": 0}, {"author": "@wylerhunt9067", "comment": "I love the stock battles", "likes": 0}, {"author": "@aaronwade3703", "comment": "Great video Gents! Love it. Sorry Marc, I am going with BAM but both solid pics!", "likes": 0}, {"author": "@gevitz77", "comment": "BAM is exciting. I like both companies, both good pitches. Good blend of dividend and growth potential for each stock. Good job guys, keep these battles going. I am buying RRSP\u2019s now, and would consider both stocks, although in Canada I don\u2019t like the 15% withholding tax on the dividends.", "likes": 1}, {"author": "@shigajet", "comment": "My vote goes to BAM. In fact, I added both BN and BAM to my TFSA portfolio today!", "likes": 1}, {"author": "@artmadaofficialyoutube", "comment": "Out of these two I'm going with BAM.", "likes": 1}, {"author": "@roberttaylor3594", "comment": "YES! Stock Battles! My favourite!  Are you ready to RRRruuuummmbble?\n\nMarc is looking pretty relaxed and confident....", "likes": 1}, {"author": "@davdride4850", "comment": "Brookfield\nWins", "likes": 0}, {"author": "@MK-yt3ct", "comment": "BAM hands down. I own both but I'm just more excited about BAM.", "likes": 1}, {"author": "@swamprat69er", "comment": "You might be cute and young, but the grey haired guy has experience.I am getting right now $1.48/shr/quarter in bank stock. Besides that IF I buy offshore stock which includes American stock, I have to pay $ for $ in income tax on the dividends. NO thanks!", "likes": 1}, {"author": "@dyingpentas", "comment": "First", "likes": 0}]