[{"author": "@beaviswealth", "comment": "\ud83d\udcc8\ud83d\udcda Join The Investing Academy \u27a4 https://bit.ly/theinvestingacademy \nWealthsimple Trade (Get 2 FREE Stocks) \u27a4  https://bit.ly/3v1FBQt\nQuestrade (Get $50 Commission-Free Trades) \u27a4 https://bit.ly/3OhrRrK\n\nHAPPY NEW YEAR!!! Which brokerage do you prefer in 2023? Leave your comments down below :)", "likes": 3}, {"author": "@pierresdesk-RichmondStStudios", "comment": "My big thing is I have to be able to access my investment accounts from USA. Apparently USA doesn't allow us to see our account on major canadian banks or wealth simple. So looks like questtrade is a no brainer for me. Moving to USA soon", "likes": 0}, {"author": "@robwells230", "comment": "I transferred from Scotiabank itrade to\nNATIONAL BANK DIRECT BROKERAGE .\nSCOTIABANK was charging me seven times more to trade an option.\nNBDB has commission free trades, reduced option commission, lower margin interest.\nSo, it's a no brainer.\nAnd further, I have never had to wait on hold with National Bank, and their staff speak clear English.\n   Even though I was a SCOTIABANK shareholder, I have no regrets for going with National Bank", "likes": 0}, {"author": "@wideback4553", "comment": "If i got 500k in a tfsa lets say one day with a 80/20 questwealth portfolio amd i want to withdrawl it, since some of that portfolio is in usd, how much is that gonna cost lol?", "likes": 0}, {"author": "@Nipuna55", "comment": "Very late comment regarding lack of drip in WS. It doesent really matter for WS since it allows fractional invesment.", "likes": 0}, {"author": "@h3lio5", "comment": "My experience with Wealthsimple\u2019s user interface was egregious. I tried to open an RESP 3 times, each time their service would crash at a different part in the process. Customer service was brain dead. Also, I have a MSc and am an engineer, so I know how a web app works. Multiple devices, multiple operating systems, was able to repeat the problem and tried to get help with their people. Each time they were just like \u201coh just try again.\u201d That company is a joke.", "likes": 0}, {"author": "@ChrisCaledon", "comment": "Questrade does not ever say, 'is it ok we charge you $ for your trade/transaction'.  It's not very transparent.", "likes": 0}, {"author": "@judymillar1240", "comment": "Thanks so much for breaking down this comparison. It is exactly what I was looking for this morning.", "likes": 0}, {"author": "@SachinSingh-op8jh", "comment": "WS now offer dividend reinvestment", "likes": 0}, {"author": "@theresasmith1", "comment": "I signed up with Questrade but it constantly seizes up. I shutdown my computer and walked away lol", "likes": 0}, {"author": "@jasonflatearther", "comment": "Well simple has no candlesticks and orders take forever to go through so you cannot day trade. You also cannot set stop losses or price points. where is our good one for Canadians?", "likes": 0}, {"author": "@SharBanifatemi", "comment": "Thank you for making this video. Amazing content and very easy to understand.", "likes": 0}, {"author": "@djz5025", "comment": "What is the other commission free trading account in Canada?  Were you paid for this commercial?", "likes": 0}, {"author": "@munchems", "comment": "I left Quest for Wealthsimple and I'm much happier with the experience and customer service.", "likes": 2}, {"author": "@titchglover2601", "comment": "Using Questrade overall like the format. Somewhat challenging to begin in navigation. \nBeing new to investing all those additional features for the experienced investors are not likely to be used. Calling them with questions is useful and have had an overall good experience. The main issue is the fees. If you make a mistake with overlapping etfs you can not simply sell them off because of the $4.95 fee. Anitially I had thought the etfs were free in and out and I lost aprox $4.00 the dividends i received saved me $1.00 I have another etf to sell and will need to hold for a year so that the dividends will atleast cover the fee going out, or that it rises high enough to sell, and hope to make something or brake even.\nso you need to be certain when you make any purchases. also depending how many shares you own a particular stock they could charge up to $10 going out. that is a real bite into profits. For now I will stick with them and maybe due to customers leaving they will make some changes to bring customers back. I dont know... they better do something or Wealthsimple will leave them behind.", "likes": 0}, {"author": "@chiang-linsiao", "comment": "In Questrade, buying ETFs is not totally free. They charge ECN which can amount to quite a good sum if you are buying 1000 shares or more and selling those 1000 plus shares can cost upto $13 to $14, which is way more than their claim of a maximum of $9.95.\n  in Wealthsimple, there is a serious flaw in not having a \"Modify order\" button next to \"Cancel Order\" button; this entails unnecessary loss of time canceling the order and waiting for a minimum of 3-4 minutes before putting in a fresh order.  i have brought this to the notice of  Wealthsimple, but they don't seem to bother correcting this flaw.", "likes": 0}, {"author": "@harmansahi7690", "comment": "No candlestick charts, the basic and most important thing while trading in any of the canadian platforms", "likes": 0}, {"author": "@homesteadoutpost6122", "comment": "Please do a video with the momoo app. Now in \ud83c\udde8\ud83c\udde6", "likes": 0}, {"author": "@tommytong4257", "comment": "As a cost-conscious DIY investor, I decided to open an investment account with Wealthsimple because of their $0 commission for stock trading. \n\nI made the mistake of signing-up on the web (i.e. desktop) instead of through the app.\n\nUnbeknownst to myself, this resulted in my RRSP and TFSA accounts ending-up in the MANAGED investment category instead of in the self-managed. \n\nIn order words, the default for newly created investment accounts through the web sign-up are charged a management fee which in my case, practically cancelled-out the monthly dividends.\n\nWithout realizing that one could initiate transfers and close accounts through the app, I turned to Wealthsimple's Client No Success Team for help in moving my funds from the managed into self-managed accounts. \n\nWhat a nightmare that was (and still is). \n\nIn addition to waiting on-hold for 40 minutes or longer, it was a consistent struggle to understand what the agent was saying due to their inability to clearly communicate in English. I found myself consistently having to repeat myself due to the poor call quality and/or the agent's inability to comprehend what I was saying. Wealthsimple, like many other companies, have outsourced their phone \"support\" overseas. In their case, to South Africa. \n\nBut what really angered me and ultimately motivated me to move my accounts out of Wealthsimple were their tactics to ensure that they collected 'their pound of flesh'.\n\nThe time frame provided for transferring funds between Wealthsimple accounts is 5-7 business days. The initial transfer request from my managed accounts into my non-managed accounts was partially completed as Wealthsimple decided to keep a portion of my funds in the managed accounts to cover their management fees. \n\nOnce they collected their fees, the account balance was supposed to be $0 as that is a prerequisite in order to close an account. \nBut before I could do that, lo and behold, dividends from my now inactive portfolio were deposited into my managed accounts!\n\nAnd thus began the cycle. \n\nAfter calling and speaking to an agent who assured me that the remaining balance would be fully transferred into my non-managed accounts and that the managed accounts would be closed by the \"back office team\" (I don't think they really exist.), I later discovered that $0.01 was left remaining in my managed account. \n\nRequests to receive a call back from a manager are flagrantly ignored as there is apparently no accountability at Wealthsimple. And you can't simply send your request to the customer no support email address. Instead, you have to go to the website and fill-out a contact form because let's face it:\n\nWealthsimple makes it oh so simple to get their claws on your money but not so simple when it's the other way around. \n\nIf receiving efficient and effective customer support and having access to helpful investment tools is important to you as a DIY investor, then I DO NOT recommend opening an account with Wealthsimple.", "likes": 0}, {"author": "@dansolo360", "comment": "This is misleading. You don't mention that everytime you buy and sell a US stock you lose %1.5. Meaning if you buy, sell and then buy you paid %1.5 three times!!!! Questade doesn't do that. It hold your money in USD. I'd much rather pay $5 fee than %1.5 of my money everytime I make a move.", "likes": 2}, {"author": "@raistocktradingltd.2175", "comment": "QUESTRADE is best..as per commission they charge Max 9.95 ..Edge is 64 bit now. I used IBKR too. Only option buying are expensive as compared to IBKR..wealthsimple is nothing as compared to QUESTRADE.", "likes": 0}, {"author": "@tr41l3rp4rkb0ys", "comment": "The only thing that I don't like with wealthsimple is not being able to do drips", "likes": 0}, {"author": "@vvk5372", "comment": "They have added FHSA", "likes": 0}, {"author": "@serenediversity", "comment": "but I forced to liquidate all my funds from WS just because i left Canada and reside in south asia,, they said i can not hold securities with them, absurd. but Quetrade welcomed me.", "likes": 0}, {"author": "@bunnysahni7220", "comment": "BUT WE CAN'T DO DAY TRADING ON WEALTHSIMPLE RIGHT THATS WHAT THEIR TERMS AND CONDITIONS SAYS", "likes": 0}, {"author": "@trenthogan4212", "comment": "I ditched Questrade for Wealthsimple and it was the best move I've made this year.", "likes": 2}, {"author": "@bobby27", "comment": "Great content thanks.\n\nBut please drink water before doing videos, the sound you are doing with your mouth every 2 minutes is kinda annoying.", "likes": 0}, {"author": "@Kazu0108", "comment": "I've been using WS for a while now and my experience has been great! \nJust wanted to mention that if you hold more than 100K in total in your accounts, they waive the plus subscription fee, so you get features like USD support and 4.5% interest on the cash account etc.\nAlso they recently introduced dividend reinvestment feature, not sure if that's exactly same as DRIP but works for all the stocks with the fractional buy capability.\nJust fyi. I swear I don't work for them...", "likes": 1}, {"author": "@dordorjuu", "comment": "They have drip now.", "likes": 0}, {"author": "@nicolasclermont893", "comment": "Questrade has ridiculous fees. No thanks.", "likes": 0}, {"author": "@VGV0", "comment": "QuestTrade has a 250$ account opening requirement.  I've chosen not to use them for that reason.", "likes": 0}, {"author": "@paulpoco22", "comment": "QuesTrade free ETFs trades, all ETFs?  Like BMO InvestorLine has a limited choice of free trade ETFs.\n\n$CASH", "likes": 0}, {"author": "@paulpoco22", "comment": "Just like BMO InvestorLine that changed their app and desktop interface which is terrible.", "likes": 0}, {"author": "@jerzyskoczylas554", "comment": "Fractional trades is such a W", "likes": 0}, {"author": "@jo-annguthur7314", "comment": "What about vanguard Canada?", "likes": 0}, {"author": "@erickrgarcia", "comment": "Informative video.  My question is, I literally buy 1 share/mnth of QYLD in my tfsa. Would you say the plus is worth it, considering I am not investing close to the $4k/yr in US ETF's or stocks?", "likes": 0}, {"author": "@irene-nz9ew", "comment": "Hi! Is it possible to invest in index funds via wealthsimple?", "likes": 0}, {"author": "@saraha9787", "comment": "Hi Can you let me know which Canadian Banks offer Students to start off a trading account with no fee - No Commission - Highly appreciated", "likes": 0}, {"author": "@dent5672", "comment": "Hey team, if ETFs are \u201cfree\u201d on QT and Stocks are \u201cfree\u201d on WS, should I split my TFSA between the two? Buy ETFs in QT and individual stocks in WS? I\u2019m a low income investor so if that saves me money it feels like a good idea?", "likes": 3}, {"author": "@luismanueltejeda5128", "comment": "Can i pre-order IPO fron Questrade, THANKSS", "likes": 0}, {"author": "@thomaslawrenceallplantsare7441", "comment": "The one thing that I wanted to know is what is the fee to withdraw money, which wasn't covered in this video.\nI'm with wealth simple and there is a 2% withdrawal fee.\nWhat is the withdrawal fee on questrade?\nI did see that some people here have had problems withdrawing from questrade, so I may not even go there after reading that\nThanks.", "likes": 0}, {"author": "@ShawkyShamy", "comment": "I think this video need an update. Wealthsimple chat is amazing now .", "likes": 0}, {"author": "@garyblechingberg6369", "comment": "New to this but one important point to me is it seems WealthSimple does not allow RRIF accounts whereas I believe Questrade does.", "likes": 1}, {"author": "@Videos-1995", "comment": "How many times can I day trade a week on Wealthsimple?", "likes": 0}, {"author": "@Kyle-jx5ps", "comment": "thanks for the great video! helped a lot :)", "likes": 0}, {"author": "@Tykoon", "comment": "I don\u2019t like the subscription-based, I\u2019d prefer a per-transaction fee. Open up the USD for all please.", "likes": 0}, {"author": "@bmercedes1233", "comment": "Does Wealthsimple have inactivity fees?", "likes": 0}, {"author": "@stephend2274", "comment": "Good video. Is there a way to download activities/transactions in Wealthsimple ?", "likes": 0}, {"author": "@mialomit", "comment": "The moment Questrade drops their commission fees, that\u2019s it pretty much (they are indeed a much deeper platform)", "likes": 1}, {"author": "@zoomyourlife", "comment": "Does WS and QT provide  us a financial advisor ?", "likes": 0}, {"author": "@graceucat7418", "comment": "I hope WS have Stop Loss", "likes": 0}, {"author": "@carlosrendon5500", "comment": "Brandon thank you very much for all the Info,  One Question is possible to open more than 1 TFSA account in Wealth simple, and How ??", "likes": 0}, {"author": "@tomcruz9788", "comment": "Sir how to register in Wealthsimple stock broker as an international trader or investor?", "likes": 0}, {"author": "@davo9185", "comment": "Wealth Simple has live chat during trading hours", "likes": 0}, {"author": "@achyugonu", "comment": "this is a very good one. Moved from US an year ago finding everything expensive as most of the brokerages are commission free there. Immeadiately signed up for the wealthsimple plus.", "likes": 2}, {"author": "@huymbui", "comment": "This video sounds like an ad for WealthSimple. Especially when there is no mention of the 0.5% investment fee that they charge. It\u2019s not a free brokerage.", "likes": 0}, {"author": "@alyonapannikova6099", "comment": "Very cool breakdown for a beginner!!!", "likes": 0}, {"author": "@shunck1", "comment": "Iv called wealthsimple once with a concern. And i was answered by a helpful person. So people do anwser the phones.", "likes": 3}, {"author": "@chickolat", "comment": "Could you do a video on how to invest in a corporate account - what type of funds or stocks would be good to invest.", "likes": 0}, {"author": "@veeo987", "comment": "The day Wealthsimple will allow investors to hold USDs (not drop fees, but be able to hold actual USDs and withdraw USDs to a US bank account), I will seriously consider switching. Right now, my biggest frustration with Questrade is the fact that I can't do fractional trading. It sucks when you wanna buy ETFs like VOO that cost like US$350 for one share. But I like being able to keep actual US dollars and being paid dividends in USDs. The commission fee when you sell, well, it sucks but it's a detail to me. It's only a game changer if you're day trading, but when I buy, I hold for a very long time.", "likes": 4}, {"author": "@GWAForUTBE", "comment": "Have you seen this yt ad ( only for Canadians) Elon Musk is offering, approved from from our president \nOnyx investments.  Is this real?? Scam.   Pls help", "likes": 0}, {"author": "@speedyfeint", "comment": "great video but wealthsimple does offer real time chat support.. i've done it at least 5 times and they have been really helpful.", "likes": 0}, {"author": "@speedyfeint", "comment": "come on wealthsimple!!! hurry up with options trading!! i can't wait any longer!!", "likes": 1}, {"author": "@smigusdyngus5883", "comment": "With Qestrade you will be charged ECN, ATS or Odd-lot orders fees. If you buy/sell a limited number of ETF shares this would be negligible but could add up pretty quickly for larger orders.", "likes": 2}, {"author": "@donzkietv168", "comment": "WS for me...Nothing beats free\ud83d\ude00", "likes": 0}, {"author": "@MandeepSingh-is8oh", "comment": "Hii .. can someone answer my question please \u2026 can i do 2 to 3 trades in one day ? Can i do day trading there .. i mean 2 to 3 trades all days ? .. is that possible ?", "likes": 0}, {"author": "@bradobrien739", "comment": "hey man, you can actually open and trade with an account on Questrade with a minimum of $250. you will just need to talk to an agent for them to manually activate your account. $1000 minimum for AUTOMATIC activation. i learned this when first opening my RRSP, i transferred $300 and the agent was able to activate my account manually and within 2 business days i was able to buy/sell.", "likes": 0}, {"author": "@AsianVideoGamer", "comment": "WS is pretty easy to use.  Compare that to IB it's like Apple vs Linux", "likes": 0}, {"author": "@Emanuel_R", "comment": "I acually left Questrade and went back to Wealthsimple. The issue with QT was that their exchange fees is more expensive than WS. Last time it was 2% for exchange + commission for me for QT. Not worth it.", "likes": 5}, {"author": "@Carol8693", "comment": "I saw myself lol  ...", "likes": 0}, {"author": "@JoshWileyPaintings", "comment": "Love the video, Brandon. Would love to hear your thoughts on TD EasyTrade (have you used it)? I know you use Direct Invest. I started with EasyTrade last summer and it\u2019s been great. 50 free trades a year (which is basically all I need). The real limiter is only access to TD ETFs (which are commission free) - which I felt was worth the loss. It\u2019s been a game changer for me knowing I\u2019m not losing lots on fees and can buy a few shares here and there.", "likes": 3}, {"author": "@Andy-jg7vp", "comment": "Can someone under the age of 18 open an account of any of these apps?", "likes": 0}, {"author": "@casacalmar", "comment": "This wasn't quite clear to me in your video regarding the Wealthsimple Plus option - I pulled this info off the WS website: With a Plus account, you\u2019ll only pay a 1.5% foreign-exchange fee once when you convert CAD to USD to fund your account \u2014 not each time you trade a U.S. stock.", "likes": 2}, {"author": "@moneekdilawari4508", "comment": "IBKR is the best imo", "likes": 0}, {"author": "@lw1405", "comment": "Hi Brandon- Just a note- Wealthsimple does have a chat feature.  I have used it and it was very helpful and resolved my questions quite quickly.", "likes": 4}, {"author": "@MrMimerfly", "comment": "I completely agree, wealthsimple is great, I would LOVE to see the DRIP feature!", "likes": 7}, {"author": "@rockyrejex1247", "comment": "Questrade customer service is great.", "likes": 0}, {"author": "@Sk3pT1kal82", "comment": "Where was the honourable mention?", "likes": 0}, {"author": "@SDVS", "comment": "Really informative videos \ud83d\udc4d\n\nIn your opinion which is better to invest long term in USD ETF, Wealthsimple  or Questrade?", "likes": 0}, {"author": "@jasminepeterson4847", "comment": "Can u share more information about the option trading on Wealthsimple? I have not seen anything else about this beta feature and I would really like to do options on Wealthsimple.", "likes": 1}, {"author": "@darylsage1618", "comment": "What\u2019s the second commission free platform?", "likes": 1}, {"author": "@ufos0are0real", "comment": "I found out very quickly that the customer service with Questtrade was atrocious. The fees are bad but the extremely poor service was the nail in the coffin. I pulled out of their service quickly and moved to WS where every customer service interaction I've had with them thus far has been above and beyond stellar.  WS isnt perfect but I'd pull every cent out of the stock market before I'd ever go back to Questtrade and give them more money.", "likes": 1}, {"author": "@ponzarcade3666", "comment": "Option beta for wealthsimple is good for swing. I don't advise it for day trading options. Need a stop loss on options. Right now, you can only limit buy and limit sell.", "likes": 0}, {"author": "@jasonlarry123", "comment": "friendly tip for you - try and move away from the mic when you swallow spit - maybe your mic is so good that it picks it up, but I've heard it probably 50 times in this video! LOL", "likes": 0}, {"author": "@gineisab9240", "comment": "Brandon, you forget to put cc for traduction in French! Merci c\u2019est important pour moi don\u2019t speak in English.", "likes": 0}, {"author": "@Chap17", "comment": "Happy  New Year \nThanks for the information Brandon \nto transfer MF from a bank to questrade... What are Questrades Fees for mutual funds ...thank you", "likes": 0}, {"author": "@jannatykhan2379", "comment": "Wealthsimple is the One of the worst app I swear for US stocks!\nI am plus subscriptions member. I invested $10400 in Cad and converted in USD and invested on stocks got profit around $90. When I am trying to get conversion rate it was showing me $10050 which is less then I invested.!!!\n\n\nI am extremely frustrated with thier  customer service. Do they really answer phone calls? do they take seriously us really!\nNever ever take calls and don\u2019t have any knowledgable agent to help us in the chat!\n\nLiterally fed up of using thier services and paying on top of that nothing!\n\nLoosing money for ridicules amount of paying convert rate and guess what no one is there to explain what is going on!!\n\nThis is my last month. \n\nThier stupid agent is hanging up call on the face also!!!\n\n\nPlease do yourself favour and don\u2019t use this app again!", "likes": 1}, {"author": "@RyH10", "comment": "I love WS trade. Great for an investor, and I use an app more than Desktop. So easy to use. I felt QT wanted way too much information for opening an TFSA and with data breaches happening everywhere, this is important to me.", "likes": 21}, {"author": "@timhennigar1468", "comment": "what about residency requirements on Wealthsimple and how does this compare to something like  Interactive brokers?", "likes": 1}, {"author": "@anwarmaru1523", "comment": "Hello Brandon. You mentioned that there is no RESP option  on wealth simple, there actually is. Not sure if it's a new feature..", "likes": 2}, {"author": "@308bar", "comment": "Maybe something to consider in your next assessment. Is how easy or hard are the brokers to deal with in cases of death to the individual and how easy or hard is the process to transfer asset to a living spouse in case of death of the holder of the broker account.", "likes": 12}, {"author": "@momo35444", "comment": "I should of went with wealth simple... the quest trade fees are killing me. a 500$ transaction costs me 1% right off the get-go, and another 1% on my way out. for someone adjusting their portfolio on a weekly basis... its getting expensive!\n\nthanks again for the great video! love everything you're putting out.", "likes": 21}, {"author": "@tylershortridge8261", "comment": "I have a wealthsimple account and I do have RESP account and a LIRA", "likes": 1}, {"author": "@mattcooper3974", "comment": "Blossom will be the best broker by the end of 2023 \ud83d\udd25", "likes": 1}, {"author": "@CanuckDividends", "comment": "Good update. I like both platforms and they each have their own advantage.  I would LOVE if Questrade would lose their commission fees.", "likes": 5}, {"author": "@Sweetness1624", "comment": "I wish Questrade would drop their commission fee", "likes": 3}, {"author": "@currypablo", "comment": "QT IS HEAD SHOULDERS >WS.\nQuestrade accounts have Canadian and USD sides. WS doesn't! WS doesn't allow for in kind contributions to registered accounts from a cash or margin!\n\nQT has more benefits and features. WS, though cheap, is lacking the more routine account features associated with established brokers. You get what you pay for with WS!", "likes": 1}, {"author": "@yankyravi", "comment": "at around 15:00 you mentioned you dont get the grant in RESP in quest. but i have been getting the 20% grant. cann you explain which one we dont get ?", "likes": 1}, {"author": "@casacalmar", "comment": "Re- support, with W.S. I have booked telephone appointments with advisors a few times to discuss issues, etc.", "likes": 1}, {"author": "@casacalmar", "comment": "From my limited knowledge, I understand that if you are trading lots of securities in $US on WS, the commission fee (1.5%) is a killer. Another YouTube video on this topic recommends less than 10,000 use WS, more than 10,000 use Questrade.", "likes": 8}, {"author": "@Bellshazar", "comment": "Thankyou for letting me know about wealthsimple plus. I've lost thousands in conversion fees already buying and selling tesla stock and if I had known about this sooner I would have saved a lot. This will probably pay 10x over in a month.", "likes": 2}, {"author": "@Backtoreality1873", "comment": "I left Questrade last year as I\u2019d had enough of their appalling service. The last straw was it was near impossible to withdraw money from my accounts. They made it as painful as possible. It took more than a year to try and get funds from an RESP. In the end we gave up and left Questrade entirely to get access to these funds for my kids higher education costs. Glad to share my experience with anyone to help them avoid a whole lot of stress.", "likes": 61}, {"author": "@greggary7217", "comment": "I continue to believe there is no such thing as free. Wealth Simple is not in business to not make money, which means we are going to pay for the services somewhere.\n\nWhen I pay $7 elsewhere I know what my cost is. \n\nWhen I trade for \u201cfree\u201d I do not . Is it buried in bid/ask spreads? \n\nIn other words if I\u2019m on TD & buy a stock with a $10.00 bid & $10.01 Ask will I see exactly the same spread on WS or will the ask be $10.02 with WS picking up the $.01 ?\n\nIf not then exactly where am I paying more? \n\nI am assuming there is not some new economy of scale where they get to lose money on every transaction but make it up in volume.", "likes": 12}, {"author": "@LastAngelus777", "comment": "Wealthsimple does have RESP accounts, except for Quebec. Correct me if I\u2019m wrong. Definitely no LIRA", "likes": 1}, {"author": "@voo5000", "comment": "I use weathsimple,  but its getting frustrating that they dont have half the US funds I want, as well as preferred shares. I will most likely make the switch to National Bank", "likes": 5}, {"author": "@laurence-olivierlamontagne6759", "comment": "But can you write/sell options on stocks you own on Wealthsimple though...?", "likes": 0}, {"author": "@tomcruz9788", "comment": "Sir can i open an account in Wealth Simple trading platform or even in Questrade as a non-resident?", "likes": 0}, {"author": "@metalpolishshop", "comment": "Good video. I only consider fees as selling point if a person wants to be a \"trader\". For the investor fees really don't matter, the benefits on the platform for research and options ( for sellers of premium)and DRIP is what at the top of the list.\n\nQuestrade and Wealthsimple have many issues with trade execution and best price fills. Not really an issue for investors but traders look at tick prices. \n\nQuestrade looks like there is still issues from when I left them back in 2013", "likes": 3}, {"author": "@ahsanshaikh169", "comment": "Hi Brandon, Will there be another video from the series \"Complete guide to online Brokers in Canada\" for 2023 where to talk about TD, National Bank as well", "likes": 3}, {"author": "@pradeeshma", "comment": "Happy new year. With wealth Simple trade you can chat online for support.  I did it last week and the wait time was very minimal. Between TD easy trade is another broker. Did u miss it ?", "likes": 2}, {"author": "@MrLalitmohanta", "comment": "Earlier last year ,you and your father were showing and comparing the holdings on Questrade and Wealthsimple .May be its about time to have a look at those portfolios as 2022 came to a close.", "likes": 6}, {"author": "@dennismatt11", "comment": "Wealthsimple Invest does support LIRA and RESP accounts btw", "likes": 0}, {"author": "@jcpcga", "comment": "Questrade is still #1 for me. Love that I can have all my accounts in one platform, USD accounts and the ability to DRIP.", "likes": 5}, {"author": "@Po101080", "comment": "I do strictly options trading so I can only use Questrade but then the commissions are so so high! This year alone the commissions + fees paid was equal 25% of my profits :(", "likes": 2}, {"author": "@Marventrepreneur", "comment": "Wait a minute, how do you activate options trading on wealthsimple?", "likes": 0}, {"author": "@socomstrider2212", "comment": "Thought you said there was going to be an honourable mention about another platform", "likes": 1}, {"author": "@saadamiens", "comment": "can a broker go bankrupt and if that happens do you loose your investments", "likes": 0}, {"author": "@tc5991", "comment": "National Bank, zero commissions  and can have Canadian and USA $ accounts. Options at $1.25 with no ticket charge (min $6). Moved from TD and it is much better as one can scale in to a position at no cost. For US  accounts, Tastyworks say they will be in Canada in the first half of the year. But that might be wishful thinking.", "likes": 9}, {"author": "@djayjp", "comment": "No foreign exchange fees: IBKR. No subscription fees and super low options commissions. Interface is definitely the least user friendly however.", "likes": 8}, {"author": "@ryanreid5859", "comment": "I left Questrade for Wealthsimple. I pay the $10 bucks a month for no fee usd and usd dollars in my accounts. Rrsp is mostly usd so nice  not having to exchange every time.", "likes": 2}, {"author": "@sutts1283", "comment": "Hi Brandon\u2026\u2026..Wealthsimple also has Spousal RRSP, RESP, LIRA, Business Invest and save, crypto and joint save accounts", "likes": 0}, {"author": "@torenatkinson1986", "comment": "Have you done a video on dividends? I can't figure out how they work - do I have to buy a minimum amount of stock from a company to qualify for a dividend? Do some stocks give dividends and not others, and if so how do I find this information out?", "likes": 1}, {"author": "@IIDannyBoyII", "comment": "What are your thoughts on TD brokerage?", "likes": 2}, {"author": "@bobbobby4930", "comment": "HI brandon, nice video but was't there suppose to have a honorable mention at the end ?", "likes": 5}, {"author": "@blackgrandpa7652", "comment": "Thanks for this informative video on these 2 trading platforms your a credit to our country ..WE THE NORTH", "likes": 1}, {"author": "@wallyg8020", "comment": "I use both but when it comes with commission and fees I go with wealth simple and simple.", "likes": 0}, {"author": "@AmolGharat", "comment": "What about Interactive brokers?", "likes": 5}, {"author": "@davidyuli", "comment": "National bank brokerage is best. 0 commissions on buy sell.", "likes": 9}, {"author": "@PointduNord", "comment": "Thanks for this timely update!", "likes": 1}, {"author": "@Killswytch013", "comment": "WS does have RESP's, Spousal RRSP, etc.  They are just under the Managed accounts not DIY.  WS also does the \"Cash\" account.  Which gives you 1% cash back into your stock account.", "likes": 16}, {"author": "@lorrainevenn4603", "comment": "You can e-transfer for instant deposit", "likes": 3}, {"author": "@beaviswealth", "comment": "\ud83d\udcc8\ud83d\udcda Join The Investing Academy \u27a4 https://bit.ly/theinvestingacademy \nWealthsimple Trade (Get 2 FREE Stocks) \u27a4  https://bit.ly/3v1FBQt\nQuestrade (Get $50 Commission-Free Trades) \u27a4 https://bit.ly/3OhrRrK\n\nHAPPY NEW YEAR!!! Which brokerage do you prefer in 2023? Leave your comments down below :)", "likes": 3}]