[{"author": "@beaviswealth", "comment": "\ud83d\udcc8\ud83d\udcda As always, if you're a beginner to the Stock Market in Canada and you're looking for a step-by-step blueprint on how to get started... Find out more about our Investing Academy here - https://bit.ly/theinvestingacademy\n\nBeen waiting to say this for months... ready for the next chapter! <3", "likes": 19}, {"author": "@reneecadieux3188", "comment": "You guys are amazing.", "likes": 0}, {"author": "@annie000", "comment": "Omg! Yay! Thank you for bringing your dad onboard. I\u2019ve subscribed!", "likes": 0}, {"author": "@1Greydad", "comment": "Hi Fellows, Nice to see a father son team helping long term investors.  I have a question regarding Spousal RRSPs.  I am not sure if you have covered this topic or not.  If you have could you please help me find the video? \n I have a Spousal RRSP and since Divorced. I have been awarded this account in the separation agreement.  I have been trying to move this RRSP into an Individual account in my name only for obvious reasons and have been put off and delayed because of apparent tax  issues.  What are the rules?  I know there is a waiting period of 3 years where no contributions or withdrawals can be made, which I have met.  Are there any other reasons why this conversion wouldn't move smoothly?  I am a Canadian investor and the Account is a big corporation in the U.S. My X worked for this company and made the contributions.  Any Ideas or direction would be appreciated.  It has been delayed for several months.\nThanks Scott.", "likes": 0}, {"author": "@dianamartoccia9056", "comment": "Good luck to both of you!", "likes": 0}, {"author": "@iamirish4361", "comment": "As someone who is considerably older than you Brandon, I think it is nice to have your dad's experience in investing as part of the channel. Young people can relate to a young person speaking about investing, especially if they are tentative and they MUST invest early. Lots of people don't start investing until later in life, and that is an important topic too as they may also be very risk adverse. I don't think you should re-brand but rather have your dad appear and then evaluate your audience. I think you have great appeal Brandon as I am sure your dad will too.", "likes": 0}, {"author": "@bettyful77", "comment": "You\u2019re dad is surely an asset, he\u2019ll bring more \u2018trusting\u2019 factor, Knowledge and you\u2019re good too coz you\u2019ll learn from the expert.", "likes": 0}, {"author": "@misizdubs", "comment": "As a first time subscriber (yes, I did watch right until the end), I thoroughly enjoyed this video. Loved watching the wholesome, father-son dynamic and looking forward to viewing future (and past) content.", "likes": 1}, {"author": "@Hasan-bc6rr", "comment": "As feedback you asked us to give you, I think the two of you could share your opinions together or individually, and don't hold back. If your opinions are somewhat different or very different, it is still ok. Just lay down for us as you see it individually, and your followers will decide for themselves. Honesty and different perspectives is what I look for. and huge thank you for Brandon for taking this move to involve your dad in the channel. Most other youtubers on investment information are one sided opinion usually. so thanks.", "likes": 0}, {"author": "@Hasan-bc6rr", "comment": "Great move to involve your dad in the channel, and share his perspective. Great value added for the rest of us. I look forward to different views between the two of you. I welcome it and am sure it will give us a better perspective when making decisions for ourselves. Well Done. thank you", "likes": 0}, {"author": "@tombuunk5485", "comment": "Thats AWESOME!", "likes": 0}, {"author": "@MzKegz", "comment": "OMg ur dad, where have I been. Time to catch up on all the vids", "likes": 0}, {"author": "@anthoniolopez1635", "comment": "Doubt kills more dreams than failure ever will.", "likes": 2}, {"author": "@frankmurray1044", "comment": "Beavis investing \ud83d\ude80\ud83d\ude80\ud83d\ude80\ud83d\ude80\ud83d\ude80\ud83d\ude80", "likes": 1}, {"author": "@niftydom", "comment": "Your dad is a great addition to your channel because it is two different generations to give a solid diversity of tips on how to invest.  My suggestion is \"How to invest in your 40's?\"", "likes": 1}, {"author": "@v.c9188", "comment": "Do a full day video of what a portfolio manager does..", "likes": 1}, {"author": "@TheDiomio", "comment": "The real question is - when are you guys opening up Beavis Bar with all that alcohol?", "likes": 0}, {"author": "@krupapatel3973", "comment": "This is a great collaboration. I am 40 so I need both, experienced wisdom and new perspective. I believe in quality and long term investment so this is perfect. Good luck.", "likes": 1}, {"author": "@shesarrived8302", "comment": "Mark, I'm 52 for the record!  It's not just 20-30 year olds watching these videos!  Thank you for joining, I enjoy your point of view a lot!  Joining forces is a great idea.", "likes": 3}, {"author": "@FK-ef7xx", "comment": "Only one word: AMAZING. Fantastic acquisition plus it is a privilege to work well with your dad. Looking for to learn from you and your dad. One more thing: for the first time in front of the camera, Marc did quite well. Keep the format, casual, friendly and informative. Easy to digest.", "likes": 0}, {"author": "@foofooblenda734", "comment": "poor ass dad here financially destroyed and looking up to find someway to create legacy", "likes": 0}, {"author": "@annehenderson7911", "comment": "I completely agree with your business model and philosophy.", "likes": 0}, {"author": "@l.t.l.tutoringcentral1622", "comment": "Excellent video. It is so nice to see the respect flowing in both directions and the true fact that we can all learn from one another no matter the age.  I try to instill in my students that I learn as much from them as they do from me. (They often don't believe it, but it is true.) I think the combination has already added another dimension to the channel. I had no problem learning from Brandon, but I'm interested in an older perspective as well. (I'm older than your dad, I believe - but don't tell anyone!)  I'm looking forward to watching more videos on your channel.", "likes": 0}, {"author": "@RouRoro", "comment": "Hi Dad!! So happy to see you!", "likes": 0}, {"author": "@mmorgan7212", "comment": "Keep it Brandon Beavis investing", "likes": 0}, {"author": "@davidlugocristalino3650", "comment": "Just when I thought that the channel could not get any better!!! You guys are an excellent team. Best a investing team ever. Good cocktail of youth and experience... Keep up the good work. Congrats !!!!!", "likes": 0}, {"author": "@genuinelygiana", "comment": "Congratulations Marc and Brandon! \ud83d\udc95", "likes": 0}, {"author": "@girfalcon1", "comment": "Beavis investing FTW\nI'm used to listening to podcasts 2+ hrs and find shorter form videos more work. I love a mix, with short content on specific topics, but general updates or deep dives can be longer form. Honestly, though, you guys have a great instinct and I trust your direction", "likes": 0}, {"author": "@Mikey-vt3to", "comment": "I\u2019ve been watching your videos for the past 4months, I absolutely love them and all the great content. I\u2019ve learned so much, thank you!  I\u2019m so excited because it will only get better with another perspective and viewpoint. I think \u201cBeavis and Mark Investing\u201d sounds good but I\u2019ll be happy with whatever you go with.  All the best to you both and take time to enjoy your retirement Mark!", "likes": 0}, {"author": "@10times_better", "comment": "yay", "likes": 0}, {"author": "@sandraandjelkovic9027", "comment": "Wonderful idea to bring on your dad. More knowledge, more power! As a new subscriber I enjoy watching your channel, and now with your dad, even more. Please talk about how to invest in RRSP and TFSA...for me who is beginner, I would like to know step by step of what to do when you open these accounts. Everyone is talking about what they are but I have a hard time finding out what to do next. How to buy, what to buy, maybe show us the steps?! I am trying to learn and I will, but what is the best way? I'm so new to this. Saving and budgeting, no problem but investing is still very confusing to me:( Good luck and thank you for trying to help.", "likes": 0}, {"author": "@xarakus", "comment": "your dad is white?", "likes": 0}, {"author": "@sandeepsinghsangha8607", "comment": "\ud83c\udf8a", "likes": 0}, {"author": "@vitoscaletta7917", "comment": "Beavis Investing! For the Win!  Brand on t shirts and mugs !", "likes": 0}, {"author": "@davidlavallee7135", "comment": "what is the differences between ETF and mutual funds according to Dad?", "likes": 0}, {"author": "@Ctrl-Alt-Elite", "comment": "please don't cave into saying smash and crushing buttons, mice *click* only", "likes": 0}, {"author": "@jacih.4292", "comment": "Just a heads up that not all your subscribers are 'Younger'. I'm in my late 50's and looking to invest in stocks on my own for the first time. Expanding my portfolio beyond the many recommended mutual funds over the years. I'm looking forward to learning from you both in the coming months/years and wish you both great success with this new endeavour together! Here's to B & B Academy! ;-)", "likes": 0}, {"author": "@alexandremurphybaraby1877", "comment": "Hi been following you on YouTube for awhile. Love the content keep it up.\r\n\r\n\nQuick question, have any thoughts on Taiga Motors? Canadian company focused on electric recreational vehicles (4wheelers, snowmobile..etc.). They\u2019re scheduled to enter market in april.\r\n\r\nHaven\u2019t heard anything about going electric in the near future from the big players like BRP.\r\n\r\n\nSame question for Northern Genesis Acquisition(already on market), which includes Lion Electric. Felt like it was promising with their electric delivery trucks for which amazon had high interest.", "likes": 0}, {"author": "@habibahassan7129", "comment": "You will be great team father and son.", "likes": 0}, {"author": "@habibahassan7129", "comment": "You and your dad can bringing the channel good knowledge and experiences. Also your dad can contribute the channel his past knowledge and advice.", "likes": 0}, {"author": "@KolbyML", "comment": "Beavis Investing", "likes": 1}, {"author": "@rjob1315", "comment": "May topic about comparing the millenial investor & old school investor..How the millenial learn from old school & vice versa. Nice to see father & son", "likes": 0}, {"author": "@braydonhi11", "comment": "Hey Marc, glad we will be seeing you more. Love the Air North shirt. Greetings from Whitehorse!", "likes": 1}, {"author": "@lography6917", "comment": "Brandon Beavis investing is totally fine and you can just have segments with different names. For example if you do longer style videos together, like a podcast basically, you can name it something else. Many youtubers with initial channels, like H3H3, Your Moms house, etc. Have many spin off \u00ab\u00a0segments\u00a0\u00bb like Dr. Drew after dark and Frenemies, all under the initial channel name. So when your dad uploads videos he can just a consistent naming format like (father beavis: video title) or something like that & have those in a respective playlist so they\u2019re easy to find!", "likes": 1}, {"author": "@hryyfthhdryhjkhgy7uhg", "comment": "This partnership will be awesome!!! Wishing you both all the very best :)", "likes": 0}, {"author": "@shady6302", "comment": "Hi Brandon! Great video, love the idea of teaming up with your dad!\n\nNot sure if you made a video on this yet but if not, would you be able to make a video on asset allocation in non-registered and registered accounts? Should they be the same, when to consider changing asset allocation, what investments should go in what accounts, questions of that nature. I think this is a question your dad would have a major input in.", "likes": 0}, {"author": "@Ms.MonterayLearning", "comment": "Yayyy!!! son/father combo, love it... just like Phil & Danielle Town", "likes": 0}, {"author": "@KnowItNation", "comment": "Beavis Investing is perfect", "likes": 0}, {"author": "@TheTordawg", "comment": "Brandon you have been giving me some great input over the past months. I only started investing a couple of years ago in the midst of my golden years and found you to be the best on YouTube for my purposes even with our huge age gap. Now with your Dad on board there will be another perspective to glean from that is closer to my demographic. Things keep getting better at Brandon Beavis Investing (stay with that handle).", "likes": 0}, {"author": "@oxroy", "comment": "Beavis Investing", "likes": 0}, {"author": "@karend7487", "comment": "Looking forward to the new videos! What a special opportunity to be able to collaborate with each other on something you\u2019re so passionate and knowledgeable on. \ud83d\udc9c", "likes": 0}, {"author": "@mackvolvo9700", "comment": "Its a second generation of investing advisors, one shy on social media platform and one outspoken to shares his to his audiences!  We just watch\ud83d\ude00\ud83d\udc4c", "likes": 0}, {"author": "@rochelleidio5873", "comment": "Hey Brandon! I was wondering if you and your dad can give any financial advice for young adults in their 20s. Thanks", "likes": 0}, {"author": "@veganvixen8690", "comment": "Idk about your other viewers but I love \"just chatting\" types of videos.  Maybe you guys can do a video a week where you and your dad just sit and chat finances and stuff.", "likes": 0}, {"author": "@lombo5293", "comment": "Bit personal question.  Are you mixed racial?", "likes": 0}, {"author": "@whileimhere", "comment": "Would like to see dad with his own channel and keep things separate.", "likes": 0}, {"author": "@lynxacresb5331", "comment": "instead of the normal \u201cBrandon Beavis and Sons\u201d type name, call it \u201cBrandon Beavis and Father investing\u201d", "likes": 1}, {"author": "@joycedepaula2797", "comment": "Lovely idea. I'm looking forward to hearing what your daddy has to say \ud83d\ude0d\u2764", "likes": 0}, {"author": "@joellenlin1212", "comment": "I am so excited about having perspectives from two generations! I vote for Beavis Investing rebranding! woohoo! Can't wait!", "likes": 0}, {"author": "@JL-ku7wo", "comment": "It would be nice to see both of you start with a same amount in a practice fund ($10,000 to $100,000) and from there explain how you would allocate it based on your experience and then compare your performance a year later.   In that portfolio you would explain and teach us why so we can learn and follow along the different perspective between the young and old.  Stocks, etf, mutual fund, reits, different accounts, spacs, ipo, cryptocurrency...anything that would be great advice.  If your dad was your age now, what investment are must haves like the collection of whisky and scotch or what must read books.", "likes": 0}, {"author": "@ajbwmn", "comment": "Beavis Investing for sure.", "likes": 0}, {"author": "@janelleschell4226", "comment": "I love this! Such an amazing opportunity to gain knowledge!! \ud83d\udcaa\ud83d\udcda I look forward to watching future videos!", "likes": 0}, {"author": "@Nish2490", "comment": "I hope that my future kid can bring me as much pride as you probably bring your dad. You're so wise and well-spoken! \u263a\ufe0f", "likes": 0}, {"author": "@g.r.2985", "comment": "Great to see the energy and love you have for your father, but how will the disclaimer go: \u201cI AM a financial advisor, but this is NOT financial advice.\u201d \ud83e\uddd0\ud83e\udd23", "likes": 0}, {"author": "@ellenrapinchuk275", "comment": "I\u2019m so exciiiited!!!!", "likes": 0}, {"author": "@scottscriticalmass", "comment": "Great news guys and congratulations on your retirement Mark... I look forward to seeing you two do your thing on YouTube.  I'm likely one of the few viewers who's a generation ahead of Brandon, but I've respected what he's done with his channel from the start and I'm certain dad/mentor played a big role in setting the mindset to drive that. \u00a0I can only hope whatever rubbed off on Brandon will rub off on this viewers with Mark on board now as well.  I'm confident saying the viewers will be better investors and humans if so.\n\nWith Mark aboard... I'd selfishly like to see the occasional content targeting the 40 or 50-something who plan to retire within the next 10-15 years.  Things like adjusting portfolio allocations as we age and that sort of thing.  Hopefully we'll get comment responses from the both of you on occasion as well.  \n\nRebranding?  Brandon's built a solid brand on the channel, so I think it's very important that 'Beavis' remain in the channel name.  Be it the same name as today or possibly just 'Beavis Investing' as you suggested.  Just my $0.02.\n\nWith that out of the way, I so want to sit in that room, have a good chat with you two and enjoy a bit of the good stuff from from those bottles behind you.  :-)  Thanks for doing things the right way.  You might not get the most views or have the most subs today, but this channel is sustainable and will work in all market environments.  Can't say the same for most.  I wish you two the best and I'm really excited to see how the channel evolves and grows.  Sorry to blabber on.  Cheers fellas!!", "likes": 0}, {"author": "@MutantMycoGenix", "comment": "So stoked to have this opportunity to learn from your father. Thank you man!", "likes": 0}, {"author": "@Miss10minute", "comment": "BEAVIS INVESTING! That's amazing.", "likes": 0}, {"author": "@ahmicmarineau", "comment": "This is an awesome idea. Love that you both will be able to provide your opinions on different subjects (possibly differing opinions)  I don\u2019t believe you need to rebrand. But, its your decision. It might affect the youtube algorithm (never know). Very much looking forward to the future content.", "likes": 1}, {"author": "@lovelyc1787", "comment": "Yay! Congratulations to your channel.", "likes": 1}, {"author": "@yoweh10", "comment": "I'm liking the direction the channel is heading, not that I didn't like it before.  The experience & wealth of knowledge your father brings will be invaluable & the providing a different perspective will be an interesting dynamic setting this channel apart from your peers.  One thing I've always garnered from your channel is the level headed thinking & investing based on facts not emotion.  I think the addition of your father will reinforce your calculated approach to building wealth.  Looking forward to future content.", "likes": 1}, {"author": "@Gigglebuglady", "comment": "What would be the best way for a mid 50\u2019s person to grow their money. I have just this year discovered the stock market. No time for waiting in dividends now. Any thought?", "likes": 1}, {"author": "@fortknight4527", "comment": "finally a Canadian youtube channel where i can help my parents get into investing. although most investing channels are long term investing it would be cool to see investment tips for people getting close to retirement! Good luck !", "likes": 0}, {"author": "@homesforlifelondon", "comment": "Topics that I would like to hear about would be investing as you go into retirement. (I\u2019m not there yet but I want to know the best way to get there.)", "likes": 0}, {"author": "@britstergirl", "comment": "I look forward to more of your videos together.", "likes": 0}, {"author": "@Pantomath.", "comment": "Awesome... More wisdom is never a bad thing \u2764\ufe0f.", "likes": 0}, {"author": "@jaco4341", "comment": "Please do a series of videos on how to get set up to start investing - set up your savings accounts, Mutual Funds, RSP, and most importantly stocks!", "likes": 0}, {"author": "@ajambor", "comment": "What I would love to learn is a sort of step-by-step video on how to do research on a company's financial numbers : Earnings, Debts, Cash etc.. and how to then decide whether or not it might be a good investment", "likes": 0}, {"author": "@anishchopra", "comment": "You guys are amazing. Great father-son relationship. Best of luck going forward.", "likes": 0}, {"author": "@marys5091", "comment": "Can you get your dad to make a video on how he might approach building a portfolio for a new client?  Would you put all your money into something right away ?  Is there somewhere you would park your money until you find good stocks to buy at the right price?  The stock market is always changing so I assume there is no formula to this question.", "likes": 0}, {"author": "@thelonespacemarine5211", "comment": "Boomer zoomer investing \ud83d\ude02", "likes": 0}, {"author": "@michealtaylor1228", "comment": "I was thinking and wondering if you would re-brand Beavis investing before you mentioned it actually. So I'd go for it, and still maintains what you have built up. I look forward to your Dad's insights and knowledge on the channel now as well!", "likes": 0}, {"author": "@lisadelahaye6115", "comment": "Love it! Congrats on the collaboration! \u263a\ufe0f", "likes": 0}, {"author": "@wint2905", "comment": "I am in my early 50s. I have always worked with a financial planner. What can I do on my own in conjunction to my other profolio to increase my retirement income in 8 years? I want to learn to understand what to look for in a company before investing. What are the different terms I should understand more. I am also new to your channel.", "likes": 0}, {"author": "@torontothegood", "comment": "Marc is a beauty. Looking forward to seeing more of his perspective.", "likes": 1}, {"author": "@guyrichard2030", "comment": "Wow...Superbe \ud83e\udd17\ud83d\udc4c\nI suggest to keep the original name, for you (Mark) will eventually retire fully.\nBut really looking forward to your \"merger\" and beyond \ud83e\udd17\u270c\nJoyeuse aventure \ud83c\udde8\ud83c\udde6", "likes": 0}, {"author": "@absiegert", "comment": "Thank you both. This is great news and we will all learn a great deal. 25+ years of experience just added to the channel. Free of charge!", "likes": 0}, {"author": "@nolydevera7187", "comment": "This is great.  Old & new school combined.", "likes": 0}, {"author": "@thelonespacemarine5211", "comment": "This is going to be awesome", "likes": 0}, {"author": "@joannebeaulieu3280", "comment": "Very exciting. Congrats on this announcement. I think having a younger perspectives and the advice of someone who\u2019s been in the business a few decades is a differentiating balance. Excited to hear and learn from you both.", "likes": 0}, {"author": "@atio5491", "comment": "...smash that thumbs up button.... Yea. It's hard to say \ud83d\ude01", "likes": 0}, {"author": "@taiter94", "comment": "This is awesome!", "likes": 0}, {"author": "@josephmalek5636", "comment": "Here is an idea:\nFather:  share experience, share longterm investment strategy, RRSP, etc. Less risky actions to take\nSon: short and medium term investment. More risky actions to take. Technology, Innovations, stratup etc.", "likes": 0}, {"author": "@josephmunro7768", "comment": "Could you guys talk about Forex trading at some point? Also, could you guys discuss the best/cheapest way to hold USD in Canada. Congrats on the father SPAC. haha", "likes": 0}, {"author": "@thegamingphile", "comment": "Always loved the channel ! Really cool your pops is hoping on board. I think the knowledge between the two of you will be such a great dynamic. Can\u2019t wait for the new content. Cheers", "likes": 1}, {"author": "@paulsantori8920", "comment": "Welcome to the channel Mark. I'd love some content geared more towards those who got stuck investing in mutual funds for the past 25 years and are now trying to develop a passive income portfolio to retire on between 50-55 years old. I understand the dividend growth potential of stocks like J&J if you are 25 years old and have 25 years of dividend increases. But what if you only have a couple years? What are some other options? Cheers!", "likes": 0}, {"author": "@josephmunro7768", "comment": "Mazel Tov", "likes": 0}, {"author": "@darwynkoch2572", "comment": "Good stuff! What I would like to see more of is portfolio building with stocks, and sector management to moderate risk.", "likes": 0}, {"author": "@DabloEscobud", "comment": "BBI doing things right! We will all benefit from this, this brings great insight from experience... 2021's going to be the year of the Bull!!! BBI TO THE MOOOOOON", "likes": 0}, {"author": "@shaunascanlan2869", "comment": "Marc...investing ( as SAFELY!!  as possible in this go forward volatility  ) for a full time retirement portfolio asset allocation with a 4% draw on a 675,000 total portfolio.  Note:  I have been 100% out of the market for 5 years and missed this growth opportunity ( I know) for fear of RISK!!!!  but now realize after drawing down capital ( I also have some rental income thankfully !!) ...this clearly isn't the best idea for my nest egg, fyi, started CPP at 60 and OAC this year....   There...there is a starting content for 1/2 a show ??? or weaving in different demographic value points...lots of room here for content :) :) ALL the VERY best !", "likes": 0}, {"author": "@jslessard390", "comment": "I want a memes of.your dad when he say it in the 5th videos.", "likes": 1}, {"author": "@kurts3779", "comment": "Are those bottles in the back for the up coming market crash?", "likes": 0}, {"author": "@shaunascanlan2869", "comment": "Im THRILLED with you two working together ( again) ... I am retired now- age 65 :) ...and although I have watched Brandon ( good content and insightful !!) my slant is based in a different time horizon, ect ect ect = where your father age and view is,  and what his perspective for my portfolio would be,  vs a younger generation with investment TIME on their side :) should add tremendous value to your channel...ie there are a ton of boomers retiring = just like Marc.  I think the Branding should stay the same or MAYBE just dropping Brandon's name? ...from a marketing perspective its  usually a bad idea ...Marc ( Dad ) is working side by side now under your single - it's the content and value add that the most important....GOOD LUCK AND WHAT A GREAT IDEA YOU TWO !!!!!", "likes": 0}, {"author": "@SoulLead87", "comment": "Nice Father and Son.", "likes": 0}, {"author": "@anocheceres", "comment": "I'm so excited for this!! Congrats! We should toast with any of the 10,000 bottles you got there \ud83d\ude03\ud83d\ude1d", "likes": 0}, {"author": "@aarontrudel9947", "comment": "I vote for \"Leave it to Beavis\" as the new channel name \ud83d\ude06", "likes": 3}, {"author": "@mikem6611", "comment": "Technical analysis", "likes": 0}, {"author": "@jenniferjordan9070", "comment": "Can\u2019t wait to see more videos with your dad. Congratulations wishing you both all the best!! Side note get a quieter bottle. \ud83e\udd23squeak squeak \ud83d\udc01", "likes": 0}, {"author": "@cityhunterzxc1341", "comment": "This is really a great news Brandon! So ecstatic about your dad joining the channel. It will be very informative and beneficial for us investors as we will hear from different perspectives as well as learn from his 25+ years of experience as you\u2019ve mentioned. Cheers!", "likes": 0}, {"author": "@JonathanLaiYoutube", "comment": "\u201cLegacy Investing\u201d", "likes": 1}, {"author": "@Arthur-S", "comment": "This is epic! What a moment for both of you. Please bring topics such as: the differences between ETF from Vanguard vs Black Rock and other players. What are the most common mistakes people make, and with your wisdom, you would avoid it if you could start your investing journey again... gosh, there are so many ideas running through my mind right now.\nI wish you the best of luck, and I\u2019ll be watching every single video you guys post. \ud83d\udc4d\ud83c\udffb", "likes": 0}, {"author": "@christley529", "comment": "Really appreciate the content from both of you! \n\nBrandon: No need for a re-brand, pal. You\u2019re the face of the channel, and this is your time! Your dad is so evidently proud of you and will continue to be supportive of you. As he suggested, he could have a \u201cspecial segment\u201d every now and then.\n\nMarc: I\u2019d really love to tap into your mind and years of wisdom and experience. Really interested in the nuts and bolts of the investment world. How do ETFs work (do funds actually buy the underlying companies\u2019 stock?)? How would a new legislation \u2018x\u2019 affect the investment horizon? How do you rebalance a portfolio and how often? Other \u201creal pro\u201d stuff. Also, maybe you could do some market analysis when major things happen? The stuff that the tv news analysts do, except you\u2019re not beholden to some corporate overlord.\n\nJust some thoughts. Thanks again!", "likes": 0}, {"author": "@eriksmith7262", "comment": "I would love to hear from your dad about how to build your portfolio and allocate your assets within the different sectors! I\u2019m sure he has lots of success stories with clients who were young and just starting out much like myself :)", "likes": 0}, {"author": "@ntonio2372", "comment": "Awesome news definitely looking for his experience and expertise, Great move Brandon!", "likes": 0}, {"author": "@djsmith3217", "comment": "Love the idea of bringing your dad on. More years of experience to learn from.  As for topics to potential talk about, I would love to hear more about what kind of education background one would need to get into the financial sector in terms of as a career and sort of where/what direction it can lead you to? Good entry levels jobs or is a formal education even worth it?  I am feeling a bit of a career change and all too many of my friends and family either have no clue  on investing or the wrong idea. I feel it would add some credibility to myself in helping them and potentially lead to bigger and better things for myself. Thanks for all the great videos and looking forward to many more.", "likes": 0}, {"author": "@liamgiesbrecht5511", "comment": "Rebrand or not I'm watching all your videos", "likes": 0}, {"author": "@elviraunger8836", "comment": "It is so nice for you, Brandon and your dad to be working together.  It looks like you have great mutual respect for each and your dad will bring a lot of value to your business as well.", "likes": 0}, {"author": "@SB-de6oc", "comment": "Yes siiiirrrr papa Beavis \ud83d\udc4a\ud83c\udffc\ud83d\udc4a\ud83c\udffc\ud83d\udc4a\ud83c\udffc we locked in now \ud83d\udd12", "likes": 0}, {"author": "@emileantoun5415", "comment": "I love how you guys think. The credibility of this channel just doubled (not that it had no credibility before!). You can brand this very similarly to your investing academy this would generate more students. For us folks that don't pay for the academy, we'll still be able to get solid professional advice.", "likes": 0}, {"author": "@mustafaal-humairi6477", "comment": "I guess the top reason you were verry successful is just because you're making very casual videos with less editing everyone feel it's so natural . With your dad on  board, it will be even more fun to watch", "likes": 0}, {"author": "@KlondikeSkunk", "comment": "I don't care what the name is, as long as the content is still solid.  I like how genuine you are.", "likes": 0}, {"author": "@mustafaal-humairi6477", "comment": "I would love to hear if your dad share his experience in his  last 20 years", "likes": 1}, {"author": "@mustafaal-humairi6477", "comment": "I really love this news. Now we can hear 2 opinions instead of 2.", "likes": 0}, {"author": "@keithjellis2038", "comment": "Nice Air North shirt. I fly Yukon's Airline all the time going to work", "likes": 0}, {"author": "@tamitatlock5621", "comment": "Um, does ur dad like the name Brandon...\ud83e\udd23\ud83e\udd23\ud83e\udd23. I think he picked it first lol", "likes": 0}, {"author": "@geraldineb.9204", "comment": "Next topics:\n1.Greatest lesson learned in investing\n2. Greatest mistakes done in investment\n\nDo Live stream Q&A would be great, also a chance to have superchat \ud83d\udc4c\ud83d\ude01", "likes": 0}, {"author": "@g.r.1491", "comment": "For sure, it will be great to learn from both of them...", "likes": 0}, {"author": "@g.r.1491", "comment": "BBI Brandon Beavis Investing is the brand. I love, enjoy and learn from Brandon comfortably... I trust and believe him... and will follow him always... PLEASE leave it as BBI... BBI has earned my respect.", "likes": 0}, {"author": "@ronaldleung38", "comment": "How would your dad typically start off helping his clients build a portfolio of $10k?", "likes": 7}, {"author": "@KelechIwuaba", "comment": "Would love to hear advice to be able to help my parents who do not have the same time horizon for retirement", "likes": 3}, {"author": "@cnorth3036", "comment": "Congrats Mark! I can see in both of you, that you guys are so proud of each other. This is great!", "likes": 0}, {"author": "@Juan-Renan", "comment": "I love it", "likes": 0}, {"author": "@CanadianDividendInvesting", "comment": "Lets go! More insight, gotta love it!", "likes": 0}, {"author": "@mohammadzia3929", "comment": "May be if you could give us your biggest mistake that you would avoid if you start investing from scratch and your strongest move that you would repeat again and again if you invest from scratch.", "likes": 0}, {"author": "@0830007", "comment": "I've read some comments. I think you should go with \"Beavis Investing\".", "likes": 0}, {"author": "@sheepc7922", "comment": "Branding: Brandon Investing OR start a second channel (Beavis Investing with Son and Dad). Potential Topics: It would be great if Mark can talk about what is the noticeable difference or benefits/risks between investing in the US market, which has more international investors, vs. the Canadian market, which may have less awareness and perhaps less volatility? Also, it would be interesting to hear about what are the causes of major and minor corrections in the past. vs now or going forward? Are corrections and recoveries similar from decade to decade, or very different? This is a very cool team combo!", "likes": 0}, {"author": "@mohammadzia3929", "comment": "This is great for us, we will learn a lot from your dad. A lot of experience, he is an asset man", "likes": 1}, {"author": "@journeytrader2445", "comment": "gerat idea!", "likes": 0}, {"author": "@ksan852", "comment": "looks exciting and more lesson to learn in the future", "likes": 0}, {"author": "@pkinvesting6247", "comment": "Great Energy your father has and his experience to your channel looking forward to more. Cheers from Northern BC.", "likes": 0}, {"author": "@6Dicesare", "comment": "Keep the BBI but change to \u201cBeavis Better Investing\u201d !! I would absolutely love to here from your dad about some ETFs or other investments for people who are just starting to invest in their early 60s. Thanks guys!", "likes": 0}, {"author": "@cameronsheedy6544", "comment": "I say go for the re-brand, better now then later on when your following is even bigger! Also, super excited to hear some of Mark\u2019s wisdom!!!", "likes": 0}, {"author": "@izwaterloo", "comment": "!!!! Good Luck Gentlemen !!!!", "likes": 0}, {"author": "@fatmat9653", "comment": "B and M Stock Investing", "likes": 0}, {"author": "@pipa_chevere_sv6505", "comment": "Great video gents,  wishing you both great success. Love the liquor wall btw lol .. cheers gents", "likes": 0}, {"author": "@joanner2644", "comment": "Great collaboration, as I have just retired and am  looking forward to see  your Dad  share his knowledge and experience.", "likes": 1}, {"author": "@glenelg9078", "comment": "Whoop whoop! Let's learn some stuff and grow some wealth! \nAnd you should have a drink for every show.haha pod name idea,  beavis sr. And butt-head! Meant as a joke. \n Would you be able to live stream your morning coffee while you react to the news, run a live chat and have superchats?", "likes": 0}, {"author": "@Loopspin", "comment": "As an older first time investor, I welcome Brandon's Dad's Input as hopefully he will bring a little more focus to older investors trying to not be left without choices in later years !", "likes": 3}, {"author": "@marquiscloutier9137", "comment": "No need for rebranding, but the value of your dad\u2019s experience on top of your regular topics will be priceless! I am 47 an I still asking advices to my dad. Always having the last word in my personal decisions but having a different/outside view usually gives me a better and more complete vision of the general picture. Great news gentleman!!", "likes": 0}, {"author": "@j.p.6228", "comment": "I\u2019d love to see debate style videos every now and then! Obviously not some Skip & Shannon type stuff, but organic debates on investments when they naturally come up!!", "likes": 3}, {"author": "@j.p.6228", "comment": "I like \u201cBrandon Beavis Investing\u201d still tho. It\u2019s your channel, you built up the brand, uphold it!", "likes": 16}, {"author": "@guidodelgiudice5", "comment": "Very good. Triple A for you guys.\nYeah. Rebrand. I like the Trader TV set up example but I don't like that they day trade only. \nTopics?\nWe are all beginners. Help us to build a portfolio from A to Z.", "likes": 0}, {"author": "@j.p.6228", "comment": "I actually really like the idea of the two different perspectives. MASSIVE value add. Excited to see where this channel goes buddy!", "likes": 14}, {"author": "@anwarmaru1523", "comment": "The relationship between you guys is something to really admire. Great content \ud83d\udc4d\ud83d\udc4d", "likes": 0}, {"author": "@SteveWiafeBrown", "comment": "Great partnership. I look forward to watching you both. Beavis Investing \u270c\ud83c\udffe", "likes": 0}, {"author": "@GabrielaCarnovale", "comment": "This is so awesome! You truly bring so much value with this channel, I recommended it to all my friends. Congratulations to both of you, so excited to keep on learning!", "likes": 0}, {"author": "@djayjp", "comment": "Excellent. I was thinking it would be good to have more technical analysis like in Pension Craft for example--historical context etc.", "likes": 0}, {"author": "@derekcox6531", "comment": "\ud83d\ude02 as a 50 yr old investor ,my \ud83d\udc4d is going solidly with your dad! But I still think Brandon is a credit to his generation. Can\u2019t wait to see what you guys put out going forward! \ud83d\udc4d\ud83d\udc4d\ud83d\udc4d", "likes": 0}, {"author": "@djayjp", "comment": "Great video! Question though: how come Ben Felix on YT produces videos despite being an active PM? Is it because he doesn't provide opinion on individual securities?", "likes": 0}, {"author": "@shayminmilo6937", "comment": "LETS GOOOOOOO", "likes": 0}, {"author": "@edwardlin", "comment": "YAYY I'M EXCITEDD!!! \ud83d\ude04", "likes": 1}, {"author": "@tdl2920", "comment": "Congratulations on this great development!  While I found your channel after having fun with meme stocks, I've subscribed and tuned in for the quality Canadian content.   I'm now looking at sequestering a portion of our capital and doing some investing in the Canadian and US markets.  I think having insights from both you and your dad improves the value of the channel.  And for bonus points maybe you guys could do some whiskey reviews from time to time!!   Good luck on this next chapter!!", "likes": 0}, {"author": "@petelao9", "comment": "Excited for this new Collaboration!", "likes": 0}, {"author": "@Astral106", "comment": "Can't wait.\ud83d\ude04\ud83d\udc4d", "likes": 0}, {"author": "@BubbleGumPlant", "comment": "I would like to hear your dad\u2019s perspective on high interest rates, inflation, market crashes,  black swans and increasing healthcare costs for people who are retiring early.\nWould also really like to hear his perspective on building nest eggs/family wealth to account for increasing housing costs for children and grandchildren.", "likes": 0}, {"author": "@foolishcreations2259", "comment": "That\u2019s awesome enjoy the journey and remember to be teachers and mentors before a business! Been doing amazing so far.", "likes": 0}, {"author": "@Mezxxii", "comment": "This is WILD announcement! Super excited to hear from both of you on your thoughts about investing and the economy as experienced investors.", "likes": 0}, {"author": "@jacobgiancola5907", "comment": "Brandon, have you looked into MRU.TO? Metro grocery and pharmacies. looks like a buy to me", "likes": 0}, {"author": "@captainmorgan7352", "comment": "\"Brandon Beavis & Father Investing\"", "likes": 0}, {"author": "@mikeb5030", "comment": "The way i see it, is that this is a free world. We do not have to be on leash and cant share the knowledge to those who are eager to learn and lack financial ability to do so. Youtube is a great platform and this opened doors to alot of people who wanted to share their wisdom.  And i believe youtube is a great place where we can learn and share ideas from one another! Props to daddy beavis for breaking out of that leash and decided to share his wisdom to the whole world. Respect to Brandon as well for encouraging daddy beavis into this new world! Welcome daddy Beavis!", "likes": 0}, {"author": "@paulgidge7826", "comment": "Old white Dad  and young Son investing. Lol.  Just joking.   Great channel guys.  I\u2019m a old white guy also.", "likes": 0}, {"author": "@MythologySkate", "comment": "Currently, I'm really interested in how to analyze a company, and how we can calculate fair value. A video from you two would be amazing! (investing for passive income, mainly dividend aristocrats)", "likes": 1}, {"author": "@Mountshasta", "comment": "I'm so excited about your father joining your channel, I bet he has a ton of knowledge and expertise  to share!!! I look forward to watching your next videos!!!", "likes": 1}, {"author": "@RyanBrezinski", "comment": "A topic that would be good.\n\nRRSPs and do you need to liquidate them in retirement in order to move out of that account... estate planning ... generational wealth.", "likes": 0}, {"author": "@ericp901", "comment": "What a wealth of experience to join this great channel!", "likes": 0}, {"author": "@samueljr9135", "comment": "I\u2019m looking forward to this. Would be so nice if your dad could talk about his most difficult decisions he has made in investing!", "likes": 2}, {"author": "@saverg9769", "comment": "\"Beavis investing\" sounds good.", "likes": 1}, {"author": "@anthonykalinh1901", "comment": "I think it's great!! His insight on stocks is amazing and has balanced my portfolio. Many of his picks were not on my watchlist until he mentioned them and now they take up a fair share of my portfolio.", "likes": 0}, {"author": "@saverg9769", "comment": "Looking forward to hearing the different perspectives.", "likes": 0}, {"author": "@michaelkratko7639", "comment": "Don't rebrand its great how it is. Tremendous news and looking forward to this! Congrats on retirement!", "likes": 0}, {"author": "@iamhenry8", "comment": "Suggestions ; I like youtubers when they do the ''3 stocks I am buying for the next month'' so Brandon could have his 3 stocks and your father could have his own stock to present.  If you want to cover a specific stock for a single video you could split different themes (Brandon could explain the company and your father could talk about the financial part).  Brandon could be the face of the channel and your father could make some appearences time to time if he's not confortable in front of the camera or/and he can do the narrative for specific topics.  Your father could talk about his life in investing, what he would have changed when he was youngner and what you Brandon learnt from you father.  You could start to explain how many stocks we should have in a typical portfolio, how to diversify, talk about the sectors, the overall economy in the world (Should we invest in USA, China, etc)", "likes": 1}, {"author": "@woodenpints", "comment": "So cool.", "likes": 1}, {"author": "@pedrorondon5912", "comment": "This is SO cool", "likes": 0}, {"author": "@davidwilson9976", "comment": "Would love to hear your Dad talk about mistakes he sees investors make. Would also love to hear reviews on liquor!", "likes": 0}, {"author": "@crazycatvids6346", "comment": "what are the tax's you pay for short and long-term trading plus the tax brackets for Ontario income levels, ways to off set cap gains just do the same vids as Brandon but way more info glad to see you added to the channel can't wait to watch more of you", "likes": 0}, {"author": "@GubeTube19", "comment": "Depends how big u wanna go. If this blows up even more Beavis investing might be more suitable but I also like Brandon beavis investing", "likes": 0}, {"author": "@jankay8569", "comment": "Jesse? Is your sister hot? Please answer BRANDON", "likes": 0}, {"author": "@vivafreinotofficialhighlig7828", "comment": "Sweeeeeet! I\u2019m excited!", "likes": 0}, {"author": "@bsmith1", "comment": "Congrats on the retirement Mark! Assuming your Dad had some say in naming you, he had more input on the name of the channel then you did, Brandon.", "likes": 2}, {"author": "@robinmanser", "comment": "would be interested in Dad providing insight for someone who has just or will shortly enter retirement.  discuss retiree risk tolerance and sound inventing strategies.", "likes": 0}, {"author": "@peterbdzhang", "comment": "Beavis Investments! Lol that sounds like a hedge fund.", "likes": 1}, {"author": "@Oscar-wy9xz", "comment": "Beavis Investing!!!", "likes": 0}, {"author": "@BirdsR", "comment": "Doesn't get any better. 2 Guys who both have a professional background in investing running a Channel. Not your average Investing Channel. Love It. Congrats !!!\ud83d\udc4d", "likes": 0}, {"author": "@Bpelts00", "comment": "This has to be my most exciting YouTube video I\u2019ve watched since 2005", "likes": 3}, {"author": "@frankschmitt5582", "comment": "Can you or your dad please do an analysis on the company Magna International. This company is out of New Market Ontario, it is a Canadian company so I think it would go well with you YouTube channel.", "likes": 0}, {"author": "@IronG_TFT", "comment": "Don't know how much you know about games Brandon. but whenever I hear \"collective experience\" I always think of one of the devs that work on LoL that got meme'd on for saying they would rather take \"200 years of collective experience\" over sentiment lol. Great change to see nonetheless", "likes": 0}, {"author": "@ZvS1L3NTvZ", "comment": "I would love to see Papa Beavis do some fund manager or licensing videos on the channel for people who might be interested in doing that in Canada!", "likes": 0}, {"author": "@ZvS1L3NTvZ", "comment": "Loving Dad Beavis, keep it real dad! It is nice to see the family coming together through finance and working on something together. Very wholesome <3", "likes": 0}, {"author": "@tunglam7067", "comment": "This channel\u2019s gonna blow up from now \ud83d\ude02\ud83d\ude02\ud83d\udc4c\ud83d\udc4c", "likes": 0}, {"author": "@thanhomerae", "comment": "Do I miss something??? Is he your Dad?? Sorry for asking... because I am so surprised of the fact rather than focused on what you are talking about in the video.", "likes": 0}, {"author": "@JoelLMartel", "comment": "Hats off to your dad for the Air North shirt!", "likes": 0}, {"author": "@samramos1470", "comment": "lmaooo good stuff he's gonna blow up", "likes": 0}, {"author": "@fredericlarose2614", "comment": "what a really great news  .i can t whait to see your new video ...\nsuggestion : dividende +dividende + more and more dividende !!!!!!\npeace!!!!! fred from montreal", "likes": 0}, {"author": "@rogerserra3711", "comment": "Smash that thumbs up button \ud83d\udc4c", "likes": 0}, {"author": "@zamran100", "comment": "Brendan, I\u2019m glad you brought your dad so he can share his wisdom with us. All you guys need 1 table plus, I honestly want your dad to share stock analysis with us.", "likes": 0}, {"author": "@aDi1026", "comment": "Oooooo this is exciting!!! Welcome dad!!!! lol I look forward to learn from you!", "likes": 0}, {"author": "@Creamy_Goodness", "comment": "The dad is so cute #silverfox", "likes": 1}, {"author": "@donjobs", "comment": "Great news! I look forward to seeing how this channel grows from here.", "likes": 0}, {"author": "@carolynkingdon5139", "comment": "Yayyyy! I\u2019m so excited for the two of you to work together. I\u2019ve really enjoyed the videos that your dad appeared as a guest as I\u2019m not that far from retirement, single again and newer to investing. I\u2019ve been following Brandon for a couple years but am interested in investing for retirement as a late start with maybe 5-10 years from retirement.", "likes": 0}, {"author": "@kylesluchinski9528", "comment": "This is amazing!! I  can't wait to see more videos from both of you", "likes": 0}, {"author": "@jcast112358", "comment": "Instead of \"___ and sons\", you can be \"Beavis and Father\" haha", "likes": 4}, {"author": "@abdullahahmed1471", "comment": "welcome to the team.", "likes": 0}, {"author": "@PhilipOberg", "comment": "Nice Air North shirt.  Great local Yukon airline.", "likes": 0}, {"author": "@zamran100", "comment": "That\u2019s great. It adds more value to Canadian investors. Welcome!!!", "likes": 0}, {"author": "@ShaneLeedham", "comment": "Regarding your indecision about whether you should keep the video going, it sounds like you need to start a podcast\n\nBoomer and Baby Beavis", "likes": 0}, {"author": "@thepoofster2251", "comment": "I love this! I often don't fully trust most of the young investors on YT due to lack of experience, but this new dynamic is gonna be more like a seasoned investor input on a young investors ideas. I like!", "likes": 0}, {"author": "@ShaneLeedham", "comment": "Looks like he's been investing in his whiskey collection! Good step for retirement", "likes": 12}, {"author": "@Lopersen", "comment": "Thanks for sharing your passion. Let's do this.", "likes": 0}, {"author": "@gsxrgoddess6", "comment": "I\u2019d either go with Beavis Investing or leave it as is, jmt", "likes": 2}, {"author": "@michaelthibault3987", "comment": "10:30 Beavis investing is a great idea for the channel title!!!", "likes": 1}, {"author": "@listandcarefully6354", "comment": "I have watching you brandon since january.. i subscribe to your channel because you inspire me and you have your dad at your side now, so thats a big thumbs up for you and your dad.. wish you all the best brother, and i know that your half filipino. That is why i support you..", "likes": 0}, {"author": "@rossmacisaac5439", "comment": "Give father and son advice in regards to investing.  My boys are the same age and I just retired also.  Would love feedback for Brandon\u2019s generation and Mark\u2019s generation", "likes": 0}, {"author": "@integra8502", "comment": "Brandon & Dad Investing.", "likes": 0}, {"author": "@labrador1229", "comment": "Not all young gaffers, I'm 56 and started watching 1 week ago, love all the information your providing but it comes down to me where i invest, all the best, i know i will watch everything .", "likes": 1}, {"author": "@jasonkennethcacas8614", "comment": "I love the father and son relationship.. good father make good son.. Value comes first, cannot wait for more videos..", "likes": 0}, {"author": "@michaelpruss1623", "comment": "Great move. You guys should do a live Q & A.", "likes": 0}, {"author": "@pinkcandystripes", "comment": "My husband and I are 30 years old and we \u201cown\u201d 2 rental properties in addition to our home but are new to investing in the stock market. Brandon, we have been watching your videos and loving your content. Your \u201cbasics\u201d on investing, understanding Canadian taxes  and investment accounts have been so helpful. I don\u2019t want to see your style of content change (we love you!) but I also think having your Dad\u2019s wisdom and different perspective incorporated in what you are churning out would be great! I just opened Wealthsimple Trade account and my husband will be opening an account on Questrade -both of which we learned from you! Looking to learn and example of portfolios and stock picks. Excited for your new partnership!", "likes": 0}, {"author": "@imranaini5022", "comment": "I would like your opinions on how to share these knowledge with older people. Some \u00ab\u00a0grown ups\u00a0\u00bb if I may say, don\u2019t believe in the stock market or don\u2019t understand that you have to keep investing even between ups and downs or how to cope with the emotional roller coster that comes with investing in the stock market", "likes": 1}, {"author": "@jordanpivato4742", "comment": "Let\u2019s goooo!! Congrats! \ud83d\udcaf\ud83e\udd73", "likes": 0}, {"author": "@baodo7905", "comment": "Now that your dad is going to be involved a lot more, it would be really cool to have a monthly Q&A session! I also don't think most youtube channels do enough educating on market discipline", "likes": 1}, {"author": "@richardbeachey1444", "comment": "Brandon, congratulations on adding your dad Marc to the channel! From my viewpoint I think this is wonderful news. I do not think you should rebrand. Having your father collaborate with you on posts will provide a generational perspective. I am your dads  age - actually probably older. I have been a subscriber for about 5 months.  am looking forward to Marc's perspective on individual equities, etf's or mutual's that you deem to be worth attention.  Perhaps your dad will agree, or not, I want to see and hear it all for the purpose of critical thought and potential decision making. In a future video I would like to hear the factors that go into a suggestion for an equity and their ranking from your perspective. P/E ratio, payout ratio, market cap. future price target, analyst review, etc. Fantastic.", "likes": 0}, {"author": "@joshd9563", "comment": "Beavis Investing. Love the perspectives from both of you. Excited to see future videos!", "likes": 0}, {"author": "@dongzeli1987", "comment": "Beavis Investing!", "likes": 0}, {"author": "@whatdo690", "comment": "Would love to hear you guys talk about crypto", "likes": 0}, {"author": "@baodo7905", "comment": "This is awesome. Always good to get wisdom from someone who's been in the business a long time.", "likes": 0}, {"author": "@Kevin_Street", "comment": "Congratulations Mr. Beavis! Welcome to the channel.", "likes": 0}, {"author": "@rleafs7144", "comment": "Just found your channel, love it!\nFrom a fellow Canadian, keep up the great work! Go Riders Go!\nI \u201cSMASHED\u201d that Like button", "likes": 0}, {"author": "@montrealsfinestone", "comment": "I would love for your dad to do a video for people who start investing later in life (late 30s and 40s) - tips and considerations. I love Brandon's perspective and have learned a lot but given your dad's experience I think this a topic he can speak to.", "likes": 3}, {"author": "@neilloresco6446", "comment": "This is the very first time I have ever commented in a Youtube video! I am very excited to see Dad Beavis join the team. Welcome, sir! An idea for a content that he could do is share his insights for those who are late to start in investing. Maybe people on their 50s+. Can't wait to see his content videos in the future!", "likes": 1}, {"author": "@taylorfg5871", "comment": "I would love to hear dads thoughts on ETFs and what his ideal balance portfolio would consist of. What he looks for when selecting stocks and/or ETFs", "likes": 0}, {"author": "@pinkcandystripes", "comment": "Can\u2019t wait for the new content and another perspective !", "likes": 0}, {"author": "@colin540", "comment": "The Beavis Investing Academy - with the addition of your dad you now have both sides of the coin covered!", "likes": 2}, {"author": "@frankschmitt5582", "comment": "Exciting to see your dad join the channel!", "likes": 0}, {"author": "@maxlapointe7538", "comment": "For the marketing, I'd say you should keep it as your name, since your father will probably be of passage in the big scheme of things - even if he hangs around for a decade.  That being said, you could easily drop the \"Brandon\" without any long-term effect!\n\nAs for content, I (probably like many) made a decent amount of money over covid and need to rebalance the whole portfolio.  Given last week's decline on certain titles & the recovery lag in some areas after the covid crash (energy, entertainement, etc.), what would you advise for rebalance?  What kind of timeline are we looking for for investments in those areas?\n\nAnother longer-term idea:  The market is ever-changing and millennials have a very different take on the stock market.  They invest with environmental considerations (there even are ETFs and Mutual funds for that), they invest more emotionally (ex: Tesla - simply because they like Elon Musk) & even \"for the message\" towards big entities (ex: short squeeze on GME, AMD, BlackBerry).  Adding to that, more and more people use DIY platforms, thus increasing the impact of the newer generations' choices of investment.  How do you think all of this could affect long-term valuation of stocks as boomers slowly start fading out of the stock market?", "likes": 0}, {"author": "@Slimshady316", "comment": "Omggg this is such awesome news!! You made my day. Can't wait to hear more from Marc \ud83d\ude0a", "likes": 0}, {"author": "@jbainbridge22", "comment": "Papa bless is happening :P  Quite the free agent signing you made hope you're still cap compliant lol.\nAnd I expect you to change your profile pic to one of those cheesy back to back pictures ^_^", "likes": 1}, {"author": "@grantboucher9342", "comment": "dad could help the older demographic", "likes": 0}, {"author": "@Inter01fan", "comment": "I would love to hear about Mark's experience living through different bubbles. I've heard so much about the infamous Tech bubble in the late 90s and I would love to hear his personal experience through it and lessons learned and if he sees any parallels today!", "likes": 4}, {"author": "@koolaidpuc", "comment": "You guys are awsome! Let\u2019s gooooooo guyssss! BEAVIS INVESTING!", "likes": 3}, {"author": "@raymundomisa3440", "comment": "Good job Mark for first time youtube vlogger.... Congrats", "likes": 0}, {"author": "@grantboucher9342", "comment": "Im an old guy and I want the most income  per month  HELP ME", "likes": 2}, {"author": "@pablocano5544", "comment": "Congratulations! That's really cool to have Mark join the team. Looking forward to the great content and advice.", "likes": 0}, {"author": "@grantboucher9342", "comment": "Brandon and Dad", "likes": 0}, {"author": "@jcabral6231", "comment": "Who drinks the liquor on the back shelf", "likes": 0}, {"author": "@grantboucher9342", "comment": "what now do we invest  in ?  Are we at the top?", "likes": 0}, {"author": "@tomnguyen8511", "comment": "Welcome DAD to the team!", "likes": 0}, {"author": "@brandon-db8vg", "comment": "new follower this is all so cool. I think it would be pretty sweet if your dad started a series or playlist on fundamentals/basics someone with a quarter of a century of experience. It would be nice to hear him explain his mindset/ general principals on investing maybe focusing more on the WHY instead of specifics. all the best!", "likes": 0}, {"author": "@tomnguyen8511", "comment": "Lol Brandon the way you sit and put your leg up it's so asian hahahaha", "likes": 0}, {"author": "@Thrifty_05", "comment": "\u201cBeavis Investing\u201d is a great name. Been a sub since 50K, great to see you grow this much! You have taught me a lot about investing, It would be amazing after covid to have a meet and greet so I can thank you irl!!", "likes": 21}, {"author": "@Timeless4U", "comment": "That\u2019s sickkkkkkk", "likes": 0}, {"author": "@alexlourenko", "comment": "What a great move, congratulations!!!! To celebrate it, you should give away one access to the financial academy to one of the subscribers", "likes": 0}, {"author": "@mac41776", "comment": "Sharing some of Portfolio  management experience would be great.\nExperience your dad is bringing to channel is great", "likes": 0}, {"author": "@Vincemdlix", "comment": "Going live on Youtube so we can interact and ask questions on the spot? Will this be a possibility in the future? Wish guys all the best and I'm glad to be part of your academy and this community keep it up Brandon and Dad Beavis! :)", "likes": 0}, {"author": "@isaiahc2994", "comment": "I'd love to see a video from you guys talking about a few ratios or balance sheet numbers/stats that beginner investors should understand and look out for when investing in a company. \ud83d\ude4f\ud83c\udffe", "likes": 0}, {"author": "@justinpriest399", "comment": "Beavis Investing has a good ring", "likes": 0}, {"author": "@isaiahc2994", "comment": "Eeehhh, super excited for this. Can't wait for the future content. Dad definitely seems like a great guy \ud83d\udc4d\ud83c\udffe", "likes": 0}, {"author": "@WizardJ306", "comment": "I think rebranding could be a bad idea, your dad can be an addition like graham Stephan and jack, maybe make a second Chanel", "likes": 0}, {"author": "@pantera6", "comment": "I saw this coming! Excited to see where this takes you guys. Congrats, quite the opportunity for a father and son. Awesome!", "likes": 0}, {"author": "@FinancialFutureGuideAlexCourt", "comment": "Always love when your Dad features, looking forward to the new content!", "likes": 4}, {"author": "@stevendiffin5625", "comment": "Interesting vid. I'm Dads age and have used advisors in the  past and have been transitioning to self directed accounts. Have been somewhat hesitant to take advice from some of the young youtubers having raised a bunch of kids myself and seen some of their financial escapades. As a matter of fact I affectionately called my kids \"Beavis and Butthead\" after the cartoon of the eighties.  I know the value of experience and look forward to hearing what you produce going forward.", "likes": 0}, {"author": "@surreycase", "comment": "Congrats guys! A topic I'd like you both to speak to is what advice would you give someone in their 50s just start out although have some money invested in company share and wprk pension plan. Funds all over the place without much thought of where or how to invest wisely", "likes": 0}, {"author": "@thomascarter-thompson7926", "comment": "I'd like to see how each of you go about valuing a business", "likes": 0}, {"author": "@Uzwel", "comment": "This is awesome!", "likes": 1}, {"author": "@investedinvestor2238", "comment": "Wow!  You guys look like you\u2019re brothers!", "likes": 0}, {"author": "@harryhya", "comment": "I must say that your dad is a natural on cam!", "likes": 0}, {"author": "@passionatemacaron4439", "comment": "I'm a newer subscriber here and I'd be really interested in a daily podcast or going live on YouTube from time to time.", "likes": 0}, {"author": "@easternp", "comment": "Beavis Investing would be a good fit. having two different style of investing would be interesting and valuable.", "likes": 0}, {"author": "@jeremied5695", "comment": "Congratulation to both of you, best of luck ! Been subscribed for few months and enjoy every video entertaining and educational!", "likes": 0}, {"author": "@ParallelWealth", "comment": "Crazy that your dad has to drop his license to provide advice to Canadians on mass (we feel the pain!) - but good on you both for doing this and helping so many along the way.", "likes": 0}, {"author": "@danielkendrick", "comment": "I live on Vancouver Island. I've been watching your content for the past 4 months but have listened to every video since and many of your old videos as well. THIS excites me big time! Your content has made me a better investor and I'm confident this move will make your content even more helpful for my families future! Much love!", "likes": 9}, {"author": "@PMI551", "comment": "Awesome guys!!!", "likes": 0}, {"author": "@notsteve1475", "comment": "I want to Know how the money printing and stimulus in the US and Canada will affect Stocks and savings in the next 10 years?\n\nAlso do some live streams", "likes": 0}, {"author": "@Pennybrookeify", "comment": "I\u2019d like to hear Mark talk about RESPs....where to set them up (big banks, credit unions, Wealthsimple invest), types of investments to hold in it, fees, how much risk to take on, taking advantage of maximum government contributions, an individual RESP for each kid vs a family one, what to do when it\u2019s time to withdraw, etc. There\u2019s so much to discuss and nobody is talking about it.", "likes": 8}, {"author": "@NateBest", "comment": "I\u2019d love to see you guys do a live stream together on Twitch or YT live!!! Let\u2019s make that happen.", "likes": 0}, {"author": "@yozi8994", "comment": "So niceee!!!", "likes": 0}, {"author": "@wendyjenae", "comment": "Ah! This is exciting news! Since the two of you put out your video on recommended stocks, I always think of your dad telling us about powdering your butt with baby powder when I see news about Johnson & Johnson! LOL! It was such a funny moment. He is going to bring so much wisdom and knowledge to your channel. We are all going to benefit.", "likes": 0}, {"author": "@carlossuzara6161", "comment": "Beavis & Beavis.. B&B reminds me of bread & butter investing", "likes": 0}, {"author": "@Mike_32", "comment": "Rebrand I think is better, I love the additional of ur dad now we can hear both sides thank you love the videos", "likes": 0}, {"author": "@jasonwalsh3763", "comment": "Awesome news fella\u2019s, smash that like button Mark!", "likes": 0}, {"author": "@jtl7943", "comment": "That's a lot of bottles...", "likes": 2}, {"author": "@captainkill1001", "comment": "Awesome. This will be cool. Just subscribed.", "likes": 0}, {"author": "@wailui", "comment": "Congratulations! This is amazing news that Mark will be joining the channel. Looking forward to great things to come! Could you please post some videos in the future that explain some of the financial fundamentals of stocks? Ie. P/E Ratios, Dividends & Yields, Market Cap, floats, etc.?!", "likes": 0}, {"author": "@AnotherBradGuy", "comment": "This is great news!! I look forward to learning from the extensive experience between the two of you. The two different opinions with the same investing mentality is one of my favourite parts of the guest appearances. For future videos I'd be interested in hearing from both of you about how you value a business in terms of qualitative analysis and if you factor in how recent news will affect income long term. It'd be cool to see if that differs. Maybe even more importantly, how often do you keep up on the finances of stocks that are already in your portfolio? (Quarterly, yearly, or when they start to underperform?)\nI'm excited for the future of the Beavis Investing channel, this is gonna be awesome", "likes": 0}, {"author": "@blainebradley1833", "comment": "Excellent!", "likes": 0}, {"author": "@ronbatt756", "comment": "It's valuable to hear the perspectives of a knowledgeable young  investor as well as a seasoned deeply experienced professional who has actually \" lived \" through the severe changes in interest rates, market dives and market over valuations.  There's nothing like having lived it all.    Looking forward to the broader perspectives.    Good Luck guys.  \ud83c\udde8\ud83c\udde6", "likes": 5}, {"author": "@LifeofRichh", "comment": "Story time of your Dads start in investing all the way to his decision to retire", "likes": 2}, {"author": "@jeffreyy8453", "comment": "Great decision Brandon ! Starting to feel I\u2019m a bigger fan of your dad \ud83d\ude00\ud83d\udc4d", "likes": 0}, {"author": "@momo35444", "comment": "im \"investing\" right now in jessie showing up on this channel!!!", "likes": 0}, {"author": "@whoplain1", "comment": "Congratulations on this joint venture! I love the father/son dynamic you guys have going on and I am looking forward to the content you guys will be putting out directed towards Canadian investors.\n\nI think Beavis Investing works. It still keeps the family name and doesn't venture too far off the brand that Brandon has already built over that last few years.", "likes": 1}, {"author": "@LifeofRichh", "comment": "I\u2019ve been a subscriber since you were at 45k, and It\u2019s amazing to see the growth and dynamic of this channel and how it\u2019s constantly growing/ evolving", "likes": 1}, {"author": "@lawvinc1", "comment": "Two generations of knowledge. This is epic\ud83d\udcaa", "likes": 14}, {"author": "@lucky247365", "comment": "Nice...I know you were talking about this for a very long time.  I am looking forward to seeing the father-son tag team moving forward.", "likes": 0}, {"author": "@bbstar7", "comment": "Awesome", "likes": 0}, {"author": "@LifeofRichh", "comment": "WOHOO! Father Beavis is officially in the building", "likes": 1}, {"author": "@Bubblegum4289", "comment": "Brandon and Daddy Beavis Investing! But seriously, I've been getting my parents into investing and ETFs from their mutual funds (but the YouTubers I follow are more suited to people w/ a longer investment horizon) so it would be refreshing to hear advice from a more experienced investor providing information for people in their 50s like my parents.", "likes": 48}, {"author": "@Rob-ob3sh", "comment": "Awesome !! Welcome Dad.  My first question is what license would I need to work for a big Canadian banks to sell the investments products they have ? Thanks", "likes": 0}, {"author": "@soccerdav1", "comment": "I would love to hear Dad stories about what are mistake that you made or have seen while doing your job.", "likes": 0}, {"author": "@f.a.f1487", "comment": "Okay okay hear me out. \nBeavis and Butthead Investing\n\n..I'll see myself out", "likes": 25}, {"author": "@erictremblay9567", "comment": "Nice relation i can't wait for more video to learn from the vet\ud83e\udd13", "likes": 0}, {"author": "@GetRightGameTight", "comment": "I think my favourite videos are when you and dad are on the vlog. My goal is to pass down all I\u2019ve learned to my Son.\n#FatherSonGoals", "likes": 0}, {"author": "@morganjames7002", "comment": "I've only been with the channel for a couple weeks but it's my favorite channel so im pumped for this!\n\nPlus he's from manitoba so awesome", "likes": 2}, {"author": "@momo35444", "comment": "mark, your input on past-proven \"chain of events\" and the effects on the market would be great. like big mergers, weather storms or natural disasters, recessions, etc. have you seen a trend in post events. how the market \"behaves\" after major events. it could be after every superbowl, or after every tsunami, or seasons... like if christmas effects certain companies in the short term. or if banks change their loan % after certain situations... whatever it could be, im sure it would be something we could watch out for. \nthank you, glad youre with us now.", "likes": 1}, {"author": "@ttheblacksouls6233", "comment": "I can't even express how excited I am for this \u2764\ufe0f\u2764\ufe0f\u2764\ufe0f I can't wait for more videos", "likes": 7}, {"author": "@ab.4425", "comment": "Great news!! Welcome to the community Sr.!!!", "likes": 0}, {"author": "@albanshala3830", "comment": "I\u2019m proud of you Mark and to my best friend Brandon. LETS GOOOOO \ud83d\udd25\ud83d\udd25\ud83d\udd25", "likes": 0}, {"author": "@nataliekwong9039", "comment": "Father and son team can only make the channel stronger \ud83d\udcaa\ud83c\udffb yes agree your dad will need to say smash that like button! \ud83d\ude06", "likes": 0}, {"author": "@Jessesbarbershop", "comment": "Jesse Beavis Investing", "likes": 0}, {"author": "@adabialynicka9188", "comment": "Awesome! Looking forward to future videos!", "likes": 0}, {"author": "@tabysart", "comment": "Absolute no disrespect to your dad and his value to you and the channel, but I think there is no need for rebranding... maybe Beavis investing. But you built the channel from absolute scratch and it's so difficult right now to build a successful channel and brand in any sector. You deserve the praise and your name on the branding", "likes": 73}, {"author": "@micahmattozzi9248", "comment": "I'm curious what \"word\" he is referencing @7:50 LOL", "likes": 1}, {"author": "@damienmck692", "comment": "This is very exciting. Enjoy watching your videos and now that your dad is going to be on board, it\u2019s great to have another layer of expertise.", "likes": 1}, {"author": "@taraparis1069", "comment": "Prepping for retirement / keeping taxes to a minimum please \ud83e\udd13", "likes": 0}, {"author": "@jamesbainton", "comment": "Brandon & Dad Beavis Investing!  Love it!", "likes": 1}, {"author": "@sarbjotsingh9998", "comment": "Can Mark make analysis videos about very highly priced stocks such as nio, tesla, and square. I want to know how he would begin to the value these businesess. What things he would look at. How overvalued these companies are in his opinion. What would need to happen before he would consider an investment into one of these companies.", "likes": 10}, {"author": "@momo35444", "comment": "omg what a great idea!!! im so glad. welcome to the team. you were always there for him, now its our turn!!!", "likes": 1}, {"author": "@CodyMcManus", "comment": "I would love to hear you two talk deeper about ATD.B\n\nBrandon touched on it a few weeks ago and appears to be a great deal in the Canadian market! I would love to hear the two of you discuss the business and valuation further.", "likes": 19}, {"author": "@himijahneil9182", "comment": "Thats pretty interesting and cool", "likes": 0}, {"author": "@sandysuma", "comment": "Awesome father and son investing info video.  This will help bridge the two generations.  A lot of people grow up learning about money by guessing or trial by error.  Looking forward to seeing more informative videos on investing.  Good Luck!", "likes": 1}, {"author": "@taraparis1069", "comment": "Awesome idea to join forces \ud83e\udd13 / expand the demographic - Looking forward to the content incl. Daddy-o\u2019s input \ud83d\ude09\ud83d\ude0a", "likes": 1}, {"author": "@turbofanlover", "comment": "Nice!  Looking forward to get your dad's insights on stocks and the market on an ongoing basis.  :)", "likes": 1}, {"author": "@Ryedor", "comment": "You guys will make a great team. Knowledgeable AND entertaining banter.  Aye !  :)", "likes": 0}, {"author": "@tabysart", "comment": "Love his energy, welcome! ... btw love the bar!! lollll", "likes": 0}, {"author": "@CandaceMountain", "comment": "Your Dad is awesome. Glad to see he will be more active with the channel.", "likes": 1}, {"author": "@crooksmedusa", "comment": "Wooo\ud83d\udc4f\ud83c\udffd", "likes": 0}, {"author": "@CodyMcManus", "comment": "\ud83d\udc4f\ud83c\udffb\ud83d\udc4f\ud83c\udffb\ud83d\udc4f\ud83c\udffb excited to hear from you Marc!", "likes": 0}, {"author": "@evanshaw1370", "comment": "Love the shirt Marc!", "likes": 0}, {"author": "@f3wbs", "comment": "Dad is in the house!", "likes": 0}, {"author": "@iansewell5494", "comment": "I'm pumped \ud83d\ude4c\ud83c\udffe\ud83d\ude4c\ud83c\udffe I think Brandon's dad could bring light to the emotional aspects of investing with his experience. He's been investing for Years how does he manage greed and fear being in the market. The raw uncut truth along with more.", "likes": 20}, {"author": "@ashaa1779", "comment": "Welcome!", "likes": 0}, {"author": "@DeCharsi", "comment": "So much finance wisdom in one channel. \ud83d\ude80\ud83d\ude80\ud83d\ude80 emojis seem appropriate for this announcement", "likes": 8}, {"author": "@drewaz2318", "comment": "This is awesome. I can't wait to see what you guys cook up together!", "likes": 4}, {"author": "@mydrawingworld1261", "comment": "Welcome POP\u2019s  I\u2019ve been watching for the last month and also started my own investments", "likes": 1}, {"author": "@eiffeltowerenterprises7931", "comment": "Much love and respect brotha, this is huge. Family First!!!", "likes": 0}, {"author": "@beaviswealth", "comment": "\ud83d\udcc8\ud83d\udcda As always, if you're a beginner to the Stock Market in Canada and you're looking for a step-by-step blueprint on how to get started... Find out more about our Investing Academy here - https://bit.ly/theinvestingacademy\n\nBeen waiting to say this for months... ready for the next chapter! <3", "likes": 19}, {"author": "@jordanmakesfinancevideos650", "comment": "Welcome Dad, to the mad house (all in good spirits lol)", "likes": 1}, {"author": "@tiinaiiceey", "comment": "Great announcement!", "likes": 1}]