[{"author": "@beaviswealth", "comment": "What are your favourite dividends stocks? Leave a comment down below... Thanks for watching! :D \n\n\ud83d\udcc8\ud83d\udcda As always, if you're a beginner to the Stock Market and you're looking for a step-by-step blueprint on how to get started... Find out more about our Investing Academy here - http://bit.ly/InvestingAcademy.", "likes": 5}, {"author": "@GwendaConnects", "comment": "Love your videos, getting a great education. Not sure why I stuck with mutual funds for so long....thanks Brandon", "likes": 0}, {"author": "@momo35444", "comment": "great video!! thanks for the suggestions!", "likes": 0}, {"author": "@cathylam5263", "comment": "instead of buying the stock GWO what about buying the preferred share ? what is the advantage, disadvantage ?", "likes": 0}, {"author": "@MrMelrays", "comment": "Just bought a large chunk of fortis at $51.25. I am looking at atco but the price fluctuates between high $30 to $50 over the years.   At $39 looks attractive for capital gains and dividend while you wait.", "likes": 1}, {"author": "@MoFroze", "comment": "which broker should i use ?", "likes": 0}, {"author": "@jearbeary2829", "comment": "Your editing makes everything sooooo smoothe \ud83d\udc99", "likes": 0}, {"author": "@moniryousefian8782", "comment": "Thanks for Great content, what do you think about  at&t dividend  ?", "likes": 0}, {"author": "@ericandjandahle9017", "comment": "Hey Brandon, while you are on the topic of Passive income can you do a Video on REITs?  I would really like to hear your point of view on them.  My Investment strategy for the time being mainly Dividend oriented, and I'm curious about REITs due to the Distributions they give out.\n\nLooking forward to your new videos\nEric", "likes": 4}, {"author": "@PooryaRashidi", "comment": "Right off the bat, I got 49k and am willing to put it only in 1or the \nmost, 2 stocks, probably a REIT such as RioCan. Yield and dividend is \nsomehow important, but more important than that, is gaining good benefit\n over a short-term, ideally just 1 year. I already know it's ridiculous,\n but I am a man of all or non. So based on my criteria, what stock do \nyou recommend me right now?", "likes": 0}, {"author": "@gielaah", "comment": "Hello! Love your videos so concise and easier to understand especially for people like me \ud83e\udd23\ud83d\ude05. Thanks! Have you ever considered doing a video about budgeting? Saving? Thanks! More power \ud83d\udcaa", "likes": 0}, {"author": "@jean-lucbouchard5967", "comment": "what do you think about riocan tks", "likes": 0}, {"author": "@harmanpreetsingh9559", "comment": "can someone from Canada tell me what fill line in 9 and 10 on W-8BEN form for Questrade sign up process.  Thanks", "likes": 0}, {"author": "@myaparker", "comment": "Thankyou for all the advice im 13 yrs old and you inspire me everyday with your videos to create my own youtube channel and inspire me to learn more about stocks and investing everyday!", "likes": 1}, {"author": "@BenoitProvencher", "comment": "My favorites are POW, CM and GWO.", "likes": 0}, {"author": "@djschelde", "comment": "Power Corporation owned by the Desmarais family has a stake in Pargesa, together with the Belgian Frere family who own the Belgian top holding Group Brussels Lambert (Adidas, Umicore, Lafarge Holcim, Pernod Ricard, SGS, Ontex, Webhelp). Also take a look at SOFINA, old smart money teaming up with Sequoia Capital, private equity in India,... pure European quality outperforming the markets for decades.", "likes": 0}, {"author": "@ILove500DaysofSummer", "comment": "how do you find what companies to invest in ?", "likes": 0}, {"author": "@ohnedio", "comment": "Nice!", "likes": 0}, {"author": "@grease112", "comment": "Are you concerned about POW's many chinese holdings?", "likes": 0}, {"author": "@braydenmacdonald5837", "comment": "Love your videos. What designations do you have currently? And which are you planning to get in the future?", "likes": 0}, {"author": "@aronkahsay6075", "comment": "Hey Brandon love your content, keep the good work, i was wondering what are your thoughts on \"The Brookfields\" especially 'Brookfield Asset Management' with regard to their recent split, love to hear your insight on this company, is the current price a good entry ?", "likes": 0}, {"author": "@chrisb5048", "comment": "Brandon are you still in MRC.To? This stock is dead", "likes": 0}, {"author": "@RS-el2oy", "comment": "Can I use my rrsp for day trading US Stocks? Will it be subject to business tax?", "likes": 0}, {"author": "@scottscriticalmass", "comment": "While I don't hold your passive ideas in this video, they're solid picks nonetheless Brandon... Thanks for the video and well done as always my friend.", "likes": 0}, {"author": "@jmjonesism", "comment": "Excellent, informative video.  Thank you Brandon.   I am new to the market and really enjoying learning from your videos.", "likes": 0}, {"author": "@tmend00", "comment": "I feel like as investors we speak with our money. I think it's important to do your research on any company you plan to invest in (as you do). With that said, I would personally would never invest in a military industrial complex company (Raytheon, lockheed martin etc.). I realize they are amazing for dividends and will only continue to grow. However, I don't believe in endless wars, and I don't believe in profits at the cost of human life. I realize this might be a controversial topic but I just wanted to provide food for thought \ud83e\udd14\nLove your channel. I found it during quarentine and I have learned so much from you! Keep on !!", "likes": 1}, {"author": "@HectorVegue", "comment": "nice video, what are your thoights on MFC Manulife financial, is a canadian stock as well", "likes": 0}, {"author": "@vimalpatel5153", "comment": "Hi,\n\nWhat you think of RioCan with a dividend yield of 9.31%", "likes": 1}, {"author": "@laurielovestheholidays", "comment": "I tried searching you channel but didn\u2019t see anything , looking for you opinion regarding BNS.", "likes": 0}, {"author": "@sylviao9752", "comment": "Hey Brandon, you should do a video on best stocks for capital growth", "likes": 0}, {"author": "@YoutubeAddict23", "comment": "Commenting for the algorithm \ud83d\udcaa", "likes": 2}, {"author": "@whispersinthewind8072", "comment": "love your videos, simple and to the point... very easy to follow along being a new investor", "likes": 0}, {"author": "@Talkinglife", "comment": "Interesting", "likes": 0}, {"author": "@erwinbourne7391", "comment": "I appreciate the content.  Thank you", "likes": 0}, {"author": "@rocelletiu7188", "comment": "Thanks Brandon!", "likes": 1}, {"author": "@jagjitanand8008", "comment": "Great video Brandon .... awaiting further additions to series ... gb", "likes": 0}, {"author": "@bigcscards4332", "comment": "What are your thoughts on $DPV", "likes": 0}, {"author": "@416ethics7", "comment": "Buddy 3 mins of just talking stop ,talk about the stocks", "likes": 0}, {"author": "@jasonstupak4535", "comment": "Liked, thanks Brandon.", "likes": 1}, {"author": "@JasonMGrainger", "comment": "I recommended Lockheed Martin to my uncle back around 1999. When it was around 80, then it went up to 144 before it split. He said he felt he couldn't afford a big enough position (he had Nortel and similar). I ended up doing my college placement with LM a few years later. I think he regretted not buying it now. With all their splits I believe it 17x since I recommended it", "likes": 1}, {"author": "@DividendDiplomats", "comment": "Walmart continues to crush it. They have grown and adapted their business very well over the last few years. I remember when they weer left for dead 5ish years ago. \"They can't compete with Amazon.\" Instead, the company rallied, imporved their online retail, and are now CRUSHING it. I do wish their dividned growth rate was higher. However, they have to invest their capital in the business to keep competing! \n\nKeep up the fantastic work. \n\nBert", "likes": 1}, {"author": "@hugosmith6776", "comment": "RAYTHEON, Pfizer and Exxon-mobil are all getting KICKED OUT of the dow jones. aug 31.\n\nmakes LM that much more attractive.", "likes": 0}, {"author": "@elemexe", "comment": "Personally like SRG.UN a bit better than Riocan, but mainly based off of technicals and that their earnings reports are way easier to look at lol", "likes": 0}, {"author": "@avikroy6816", "comment": "Hey Brandon great video as always! Do you know of any good stocks or REIT's that offer a monthly dividends? I know a few myself but wanted to know your input?", "likes": 0}, {"author": "@Jman3teen", "comment": "Had an idea for a video if you're interested. Go over the FAANG stocks. What are the strengths, weaknesses and your opinions.", "likes": 2}, {"author": "@DanyalRashid99", "comment": "Can you make a video on some of the sites and tools that you use in these videos?", "likes": 1}, {"author": "@okc4029", "comment": "GWO looks like a good and safe stock but in the insurance sector i would also consider Manulife and IA Financial which are strong also! Nways just a head up", "likes": 2}, {"author": "@WaysToWealth", "comment": "Walmart is so underrated - I mean besides the Tik Tok talk...\nI was thinking about Power Corp to get play on Wealthsimple + Great West LifeCo.", "likes": 0}, {"author": "@chengu832", "comment": "What is the website who compares stock to the sector? Thank youuu", "likes": 0}, {"author": "@RyanThomasWoods", "comment": "I could literally watch part 1, 2 and hopefully part 3(?) all in one video\ud83d\ude02 just do an hour long video of Canadian dividend stocks I\u2019d binge watch it lol love the analysis", "likes": 2}, {"author": "@TETrading", "comment": "Best solid dividend company. Yield/dividend growth? *Proctor and Gamble* . Game over.", "likes": 2}, {"author": "@canadianinvestor5682", "comment": "Amazing video Brandon! I agree with all of your pics! I personally own ATCO and Power Corporation of Canada, which had a high stake in Great wes life", "likes": 1}, {"author": "@anewzim", "comment": "Thanks for ATCO and Great West Life. I did not know those in detail. \n\nHave you ever done a video exclusively for Canadian Govt bonds, and for stocks from emerging markets. It would be interesting to know about Bonds and about what is out there in terms of emerging markets beyond Canada and the US.", "likes": 2}, {"author": "@qadeerbashir1889", "comment": "Part 3? :)", "likes": 8}, {"author": "@IronG_TFT", "comment": "I would also like to know about two stocks i've been looking at: Pembina Pipeline (PPL) (monthly dividends) and Capital Power Corporation (CPX) which recently raised their dividends", "likes": 0}, {"author": "@ab.4425", "comment": "Great video Brandon!! Thank you so much!!", "likes": 0}, {"author": "@ItsCmiHD", "comment": "What about ZWK or DFN?", "likes": 1}, {"author": "@IronG_TFT", "comment": "I was about to buy GWO in a few days, nice to see you approve of it as well.", "likes": 4}, {"author": "@straightouttacompston3179", "comment": "I'm a fan of RioCan at the minute due to the fact their CEO has committed to paying out their high dividend of 9%!", "likes": 8}, {"author": "@financerules972", "comment": "I love Canadian utility dividend companies! My personal favourite is Enbridge \ud83d\ude0a", "likes": 19}, {"author": "@colintardif8275", "comment": "How do you feel about EIF?", "likes": 0}, {"author": "@ThinkMoneyBenny", "comment": "if you\u2019re reading this, I hope all your stock picks are successful", "likes": 47}, {"author": "@Victoria-rw7zt", "comment": "Please do a video on which etf you recommend now", "likes": 2}, {"author": "@Sabrina-tk6yv", "comment": "LMT is my second largest holding. Definitely one of my favorites to buy and hold for the long run.", "likes": 3}, {"author": "@CaseyBurnsInvesting", "comment": "If you don\u2019t figure out how to make money while you sleep you\u2019ll work until you die - Warren Buffett", "likes": 27}, {"author": "@Ben-th3kt", "comment": "Good video Brandon. Would you consider doing a video about entering the market at this time given the covid uncertainty and the market seemingly a tad overvalued?", "likes": 15}, {"author": "@NoelAbingwa", "comment": "I watch you closely \ud83d\udc4d\ud83d\udc4d\ud83d\udca5", "likes": 0}]