[{"author": "@beaviswealth", "comment": "\ud83d\udcc8\ud83d\udcda\ud83c\udde8\ud83c\udde6 Join The Investing Academy Today - https://bit.ly/theinvestingacademy\n\nWhat's better to have when the markets are crashing, ETFs or Stocks?  In this video, we'll look at the most important features of each of these.", "likes": 2}, {"author": "@Rocco1994", "comment": "Hi there,\n I\u2019m a 28 y/o male who recently started investing in ETFs. I really like HDIV, HYLD, Canoe EIT, ZWB, ZWU, FIE. I just have a general question (as there is one looming around the corner) and that would be how do these do during bad market times? Ie: how does the dividend get paid? I am holding a certain amount of capital to DCA on these ETFs when that time comes, I just thought I\u2019d ask if it\u2019s something I should continue worrying about. Thank you so much for your time!", "likes": 0}, {"author": "@marctrottier3732", "comment": "...fathers noes best...", "likes": 0}, {"author": "@georichter", "comment": "Where is Marcs intro. I demand justice", "likes": 0}, {"author": "@paultotzke7310", "comment": "Excellent video! Thanks for taking the time to teach people and explain things so thoroughly.", "likes": 1}, {"author": "@alex217c", "comment": "Thank you for your informative videos! I learn a lot from them. What are you thoughts on oil stocks at the moment? I\u2019ve been reading that the shortage of supply will only push oil prices up and even with big returns over last couple of years it\u2019s still not too late to buy oil stocks. Warren buffet is also buying OXY and there must be a reason right? Thank you!", "likes": 2}, {"author": "@tessiechanp", "comment": "Is there a way to trade stocks and avoid the capital gains tax?", "likes": 0}, {"author": "@wylerhunt9067", "comment": "what do you think of the stock North Island Copper and Gold? ticker NCX", "likes": 0}, {"author": "@grantboucher2696", "comment": "good job     25   etfs  are a very passive none interest  non worry   i just collect distributions", "likes": 2}, {"author": "@Prosnipezzzz1", "comment": "I suggest everyone read \"A simple path to wealth\" by JL Collins.", "likes": 1}, {"author": "@brianpereira7483", "comment": "The us dollar and bond proxies", "likes": 0}, {"author": "@juanperez-gh8bl", "comment": "Si, estoy de acuerdo contigo Marc, depende de cada persona, su conocimiento y la situaci\u00f3n; tambien hay muchas personas que se estresan o estan ansiosos por como se mueve el mercado, hay personas a las que realmente les aterra ver que bajan un 0.01% un d\u00eda, creo que en esos casos, mientras se acostumbran un ETF puede ayudarlos a dormir mejor.\n\n\"Yes, I agree with you Marc, it depends on each person, their knowledge and the situation; There are also many people who are stressed or anxious about how the market moves, there are people who are really terrified to see that they down 0.01% one day, I think that in those cases, while they get used to an ETF can help them sleep better.\"", "likes": 0}, {"author": "@jayr8134", "comment": "Great video Marc! Can you talk about this statistic that goes around saying people who consistently DCA into well performing mutual funds generally end up with way more money than individual stocks & ETF investors. This they say far outweigh the MER of the MF because the net return on good funds is way larger.", "likes": 0}, {"author": "@mariacarollos29", "comment": "Thank you for this; very helpful for us beginners.", "likes": 1}, {"author": "@anne-mariel3256", "comment": "Thx Marc !!", "likes": 0}, {"author": "@antonhollerbach1634", "comment": "I have a similar approach to you, but I limit myself to 14 positions. so far I'm down less than 1% for the year which is beating the s&p by 10%+. always appreciate your content.", "likes": 3}, {"author": "@ab.4425", "comment": "Thank you so much Marc!! Great video!!", "likes": 0}, {"author": "@gimusk5667", "comment": "I cant seem to find this answer on company websites, so hopefully you know. Covered Call ETFs write OTM calls, however if a stock falls below it's cost base, do they hold until its back in the money, or sell another OTM call at a potential loss. Example, Cost base of 50, OTM call of 51. stock falls to 45, so an OTM call could be 46, however thats still below its cost base of 50. Thanks.", "likes": 0}, {"author": "@TALKCalgary", "comment": "ETFS or individual equities it doesn't really matter the government is hell bent on starting a war and destroying the economy.", "likes": 0}, {"author": "@montecrist", "comment": "Hi Marc! Great information as always. Cannot thank you enough, seriously. I personally prefer the stock picking road, but I would not recommend it for someone who's not willing to research companies in-depth. This brings me to the next point, will you continue the in-depth series that you did with ENB, BCE and TD? I really enjoyed those videos! Cheers.", "likes": 0}, {"author": "@canpin", "comment": "If i can get sufficient or decent  dividends and growth with ETF, im ok with it given the relative stability that comes with it. Specially this time of crazy market.  Im here for the long haul anyway.", "likes": 2}, {"author": "@JJS432", "comment": "VFV or XUS?", "likes": 0}, {"author": "@MegsCarpentry-lovedogs", "comment": "Thanks Marc. \ud83d\udc4d\ud83d\udcafI am so glad you chose this topic. It is very relevant in today's market pull back situation. I see others in the comment have offered what they have in their portfolio for perspective. Very helpful to know.  Over the past month I have been researching split corps(cover call) and cover call ETF's because of the increase shift to passive income investing. I always had passive investing practices. I am putting more emphasis moving forward.  From observation about the economy starting months ago, I was anticipating markets pulling back so I was building cash, allowing the dividends to build in cash and managing investments.  It is like \ud83c\udf89Christmas\ud83c\udf81 on the markets with all the amazing bargains! \ud83d\udc4d, I have  had split corps DFN and PDV for over 10 yrs with DFN with over 200 dividends paid, suspended only 4 and it was during the early part of the pandemic. Amazing dividend payments. Plus DFN and PDV have tax efficient dividends so it fits into a non registered account\ud83d\ude00. I have what you mentioned is a HYBRID portfolio. I have individual stocks that do not appear to be in the split corps and COVER CALL etf's that I now own. \nDiversification is KING, or \"Queen!\"\ud83d\ude09. IT feels really good having the hybrid approach, individual stocks and split corps and cover call eTF's.  Last week stock charts indicators implied that buying was an opportunity. I bought 2000 shs of split corp ENS, RS and 1000 shs of GDV(Global stuff for diversification and awesome yield and high UNIT Nav so low risk because the divvy is consistently provided\ud83d\udc4d) and HDIV. All of these are tax efficient investment vehicles. I repurchased SPD, 1000 shs. I was looking at PRM, big phrama but having purchased HDIV it has a lot of HHL, which has more pharma's than PRM. \nBut what I like about PRM is that it has a very high UNIT Nav in over the 20$ area which keeps it well above the UNIT nav of 15 dollars, where possible suspension of divvys might happen with split corps (that have class A shares and preferred shares.)   Its been a lot of fun exploring COVER CALL investment vehicles at this point. Dividends on steroids. One important point is that not all split corps or cover call etfs are created equal. Some are considered low, or medium or high risk. So do your due diligence when looking at each of the companies actual website to see what the holdings are and what the UNIT NAV is and what the individual Nav is for each i.e. class A shares or preferred shares. Knowing where you stand is important. And don't forget about checking out how the divvys are taxed.  I am learning that there is generally very little foreign income, which is 100 % taxable and added to your income total, and mostly the good ROC, which is not taxed, capital gain  which 50% is taxable and some are eligible which has about 33% taxable.  \nSo there you have my two cents worth to add to the discussion. The most important consideration in investing is peace of mind. That is priority. Can you sleep well at night. No matter what anyone else is doing or who you are learning from or observing from their portfolios, follow your gut!  Inevitably one will make \"mistakes\" in judgement when buying and selling. It is all part of the process. What is nice though is if you buy something and then feel uncomfortable about having purchased it, you can find a time to sell it and reset your mindset. \nIts Christmas on the stock market nowadays! Have fun! Thank you Marc. I am so glad you are still around preparing video's for us. It is a welcomed friend during these interesting market volatile times. Your experience and wisdom is greatly appreciated. Cheers from East Canada.\ud83c\udde8\ud83c\udde6\ud83d\ude0a\ud83d\udcc8$\ud83d\udcc9", "likes": 1}, {"author": "@aarony6504", "comment": "is the distribution yield AFTER MER fee? versus dividend yield is before MER fee?", "likes": 0}, {"author": "@florendogomezcasuga7043", "comment": "60/40. 60% US Stocks, 40% CA stocks\nUS stocks are good for growth like Apple and msft\nCA stocks are defensive like CU and ATD", "likes": 1}, {"author": "@momo35444", "comment": "thanks Marc! what a great video. good knowledge! you make it so simple :)", "likes": 0}, {"author": "@arshS27", "comment": "which is better VFV, VFV CAD hedged in TFSA or VOO in RRSP?", "likes": 3}, {"author": "@MountainFinance", "comment": "Always some great content for the new investors. I love ETFs but 95% of my portfolio is individual stocks as I love fundamental analysis a little more.", "likes": 2}, {"author": "@DoShawn", "comment": "Im trying to go with 80% XEQT and 20% with other stocks", "likes": 1}, {"author": "@smcdonald1229", "comment": "Thanks for the great video and information. I'd be interested in your thoughts (perhaps a video)  on holdings in a TFSA vs. cash account as interest rates continue to rise.  Currently our TFSA's are nearly 100 % dividend paying companies like ENB, TRP, BNS, TD, TRP, POW, MFC, EMA, etc. etc. Given that dividends are taxed more favorably in a cash account vs. interest generators like GIC's which are now paying 4% on a 1 year term, would it make sense to swap out the equivalent dollar amount from the TFSA prior to the end of the year and swap in cash (laddered GIC's) into the TFSA accounts in the new year?", "likes": 2}, {"author": "@ramseyb1573", "comment": "Whether real stocks or ETFs, you've to be really strategic to get the best out of both. ETFs good for long term. Rn I feel the bubble hasn't completely popped just yet and bear markets tend to have strong relief rallies. Be smart with your decisions.", "likes": 43}, {"author": "@AceVenturaXii", "comment": "Another awesome video.", "likes": 1}, {"author": "@jeffreycheung7452", "comment": "thanks a lot Marc for sharing that great information.", "likes": 1}, {"author": "@reptilianskin", "comment": "Great video! When I started to build my portfolio, the foundation was ETFs. Mainly broad based ETFs and some dividend ETFs. I then added individual dividend stocks to the portfolio. I did this to get diversification. I feared being concentrated in a handful of companies or sectors and missing out on general market returns. Eventually my stock positions increased and now ETFs are smaller percentage of the portfolio.", "likes": 3}, {"author": "@HamiltonRb", "comment": "I recently read of a man who held his whole portfolio (1.6 million) in one stock, Apple. Buffet holds almost 50% of his Berkshire Hathaway in Apple as well. It might make an interesting video comparing concentrated portfolios to diversification", "likes": 1}, {"author": "@learnspanishwithfelipe111", "comment": "Thanks a lot Marc!", "likes": 1}, {"author": "@bungeeandco", "comment": "Thanks Marc for the informative and reassuring video. It is scary to be a new investor right now and your helpful insight goes a long way to tempering the excitement of it all", "likes": 3}, {"author": "@laylashark", "comment": "Thanks for the video! Super helpful \ud83d\ude4c Love the channel \ud83d\udc4f", "likes": 1}, {"author": "@rudykatwaroo8260", "comment": "I love that the Canadian content you guys provide is so helpful!!! Especially for newbies like me", "likes": 8}, {"author": "@dhyoon1", "comment": "Did you change your camera or lighting ? There's more contrast in the video.", "likes": 2}, {"author": "@owenkwong3358", "comment": "Liked \ud83d\udc4d \nMixing both is great", "likes": 0}, {"author": "@annehenderson462", "comment": "I\u2019ve learned so much. Thanks, Marc.", "likes": 1}, {"author": "@christinejodoin7574", "comment": "Great video, very informative.  Thank you!", "likes": 1}, {"author": "@Lopersen", "comment": "I appreciate all your videos. Thanks team BBI!:)", "likes": 1}, {"author": "@krismcfarlane6495", "comment": "\ud83d\ude4f", "likes": 1}, {"author": "@alex.oreilly", "comment": "Second!", "likes": 0}, {"author": "@marvinpham5180", "comment": "First", "likes": 0}]