[{"author": "@beaviswealth", "comment": "\ud83d\udcc8\ud83d\udcda As always, if you're a beginner to the Stock Market in Canada and you're looking for a step-by-step blueprint on how to get started... Find out more about our Investing Academy here - https://bit.ly/theinvestingacademy\n\nWhat do you think of my picks? Leave a comment down below and thanks for watching! :D", "likes": 9}, {"author": "@Diego-gc4lo", "comment": "Well, MRC.TO wasn't great lmao... good thing i got out at 120.", "likes": 0}, {"author": "@reviewbility2296", "comment": "Hey Brandon...what do you offer in your academy and is there a fee involved...\nI am planning to go into REITs but after watching your videos..I am confused as to whether to go for stocks or REITs?\nLooking forward to your response", "likes": 0}, {"author": "@MrHLSB", "comment": "Hey Brandon, nice video as usual!  I think right now is a good time to pick up stocks related to helping us do things that we can't in person.  The FAANGs are usuals, but I recently came across this newer Canadian company NTAR.TO that's involved with the augmented reality field.  This seems to be all the rage these days and this company seems to be picking up steam (huge surge in prices this week and they haven't even made it to the large american exchanges yet).  Care to cover it?", "likes": 0}, {"author": "@cashflowinvestorspyd6767", "comment": "2 words - Aurora Cannabi - $ACB", "likes": 0}, {"author": "@MayDayDevinci", "comment": "Real estate today yikes. Commercial and office doesn't look to promising", "likes": 0}, {"author": "@davinjohnson3613", "comment": "Interested on FTP Canadian drone delivery", "likes": 0}, {"author": "@zhenhuanSupport", "comment": "I was approached for a position in GD, the opening was \"do you wanna build a tank\"......\nCan you do a video about their stocks?", "likes": 0}, {"author": "@Lucky-xp8yd", "comment": "Hey Bredon, i'm kind of new in the stock market world, and i would love to learn more about how the market works. Please contact me as soon as you can, you seem like a pretty good financial coach to have\u263a. I'm from Montr\u00e9al Canada and the platform i'm using right now! is Questrade. I have a TFSA managed account of 1100$ right now! But i would like to learn more, to one day manage my own account.", "likes": 0}, {"author": "@Mixolydian74", "comment": "Picked up RTX mid-April - solid analysis!", "likes": 0}, {"author": "@happytravels7784", "comment": "Good stuff! \ud83d\ude01\ud83d\udc4d\ud83c\udffc By the way, what do you think about banyan hill? Are they legit? Been watching their videos so far. And their upselling some subscriptions. Their claims look too good to be true. But I really don't know. What do you think?", "likes": 0}, {"author": "@max26888", "comment": "Hi Brandon, do you use QRR(Quantity Relative Ratio) or RVOL in questrade?", "likes": 0}, {"author": "@kenross7363", "comment": "Thanks Brandon,\nThis is the first time watching you. I enjoyed you video and insite on the 2 companies. Do you follow any news letters or research webpage?\nKen from Burnaby", "likes": 0}, {"author": "@diprasmalla", "comment": "It\u2019s great to see your video.i am beginner and you made me easier to understand ..thanks", "likes": 0}, {"author": "@RadeenChoudhury", "comment": "Great video bro! Appreciate the no nonsense, quality insight.", "likes": 0}, {"author": "@sammyjpeppers5663", "comment": "Im 30 years old and just started looking into stocks and had wish i started 10 years. Im mostly divended stocks.", "likes": 0}, {"author": "@rockout1180", "comment": "Could you talk about Artis Reit please?", "likes": 0}, {"author": "@perrinayebarra", "comment": "I bought Raytheon on Monday.  Great minds think alike!", "likes": 0}, {"author": "@steven665", "comment": "Can you talk about GBR stock ?", "likes": 0}, {"author": "@honantong", "comment": "Nice look", "likes": 0}, {"author": "@carlossidarraga", "comment": "Great picks, I also hold RTX in my portfolio a decent position.", "likes": 0}, {"author": "@OctaneStreet", "comment": "Damn, wish I got into stocks 3 months ago so I could have gotten into Boeing for $95usd a pop! Haha, thanks for another great episode \ud83d\udc4c", "likes": 0}, {"author": "@shawnjewett9796", "comment": "Nice video once again Brandon.", "likes": 0}, {"author": "@prosperouslife8866", "comment": "Awesome stocks man! Glad they're available for both Canada and the U.S! \u2705\ud83d\ude03\ud83d\ude4f\ud83c\udffb", "likes": 1}, {"author": "@jayddiction", "comment": "Where do you check the recent institutional transactions? Thanks", "likes": 0}, {"author": "@AHMED6858", "comment": "I have picked XRE over VRE mainly for couple of reasons.  \n-XRE is more focused on residential RIETs. \n-Lower price and thus easier to DRIP. \n\nWhat do you guys think?", "likes": 0}, {"author": "@anne-mariel3256", "comment": "Bought more VRE.TO", "likes": 0}, {"author": "@ibee244", "comment": "whats the difference between MRC.TO and MRT.UN??", "likes": 0}, {"author": "@pieandjoe1", "comment": "Would love to see this type of videos more frequently!", "likes": 0}, {"author": "@roshanpillay6996", "comment": "Nice video. Always educational and informative to watch your videos. Keep 'em coming", "likes": 0}, {"author": "@quinnbriscall", "comment": "Brandon, I love the RTX pick this week! Bought into this company right after the merger for $48 a share with the same long term outlook as you. I see a great future for this company.", "likes": 0}, {"author": "@NguyenHuy-et8wy", "comment": "Can I buy Morguard REIT (MRT.UN) instead of the 'original' Morguard stock? Would that make any difference? Thanks!", "likes": 2}, {"author": "@zackaryfry1825", "comment": "Hey I already have raytheon, good to see you talk about it! Unfortunately I had utx before the merge and took a bit of a loss on it.", "likes": 0}, {"author": "@katnsab", "comment": "I just wanted to say great job making up to date/relevant videos on canadian stocks. I\u2019ve been doing a lot of my own research on the companies you\u2019ve mentioned and I\u2019m currently up 30% on Brookfield and 11% on TD in the last few weeks. \nAs a former employee on Pratt and Whitney I\u2019m curios about the Raytheon stock your suggesting in this clip. Have a great day! I will stay tuned :)", "likes": 0}, {"author": "@XInfinity2024", "comment": "Do you have to pay tax on RETs if you have them in a Tax-Free account?", "likes": 0}, {"author": "@markbarlescu1853", "comment": "nice vid!", "likes": 0}, {"author": "@CrankingAllDay", "comment": "Morguard has some trashy buildings though.. lots of second tier offices. Hard to compete with h&r or brookfield", "likes": 0}, {"author": "@Dumida1", "comment": "RTX sounds interesting :) I`m watching for a time at it", "likes": 0}, {"author": "@robertmcmanus8465", "comment": "People forget that realestate takes way longer to play out. Only thing I'm bullish on is the marryjane industry. And another company in the states that deals with foreclosures. Altisource  portfolio solutions.", "likes": 1}, {"author": "@hetalisheth9912", "comment": "Hi Brandon, your videos have been a source a  great source of learning for newbies like us. Keep uploading such amazing content and kudos for all your effort and experince of the market place.\nI would like to know is it advisable to invest in REITs right now ? As there have been news going on that the prices of properties are gonna go down. How will this affect REITs ?", "likes": 0}, {"author": "@WhooptyDoo", "comment": "Please show us your favorite Canadian socks!", "likes": 0}, {"author": "@Takoyakisan7", "comment": "Some great picks in there, tnx for the video \ud83d\ude0a", "likes": 0}, {"author": "@MrPayne1020", "comment": "Riocan or morguard?", "likes": 0}, {"author": "@robertyoung406", "comment": "I should have listened to your previous video about Canadian Tire. It was at around $109 when you made the video, and now it's at $122!!! D:", "likes": 1}, {"author": "@stevenrosa6384", "comment": "Great series, im going to stop buying and hold for the time being", "likes": 1}, {"author": "@elcylambertua", "comment": "Ill just say i do NOT skip ads over here, very helpful channel for us in Canada", "likes": 1}, {"author": "@NicksTaxes", "comment": "Thanks Brandon. Looking at RTX myself", "likes": 0}, {"author": "@HB-lx3wv", "comment": "I bought 2 months ago\nCN rail, TD, brookfield property partners, telus and kirkland gold, gained alot of value so far.\nBut the thing i learned is when the stock market is up, talking tsx in general, gold stocks goes down, when tsx goes down, gold stocks goes up.\nIs it always like that?", "likes": 3}, {"author": "@LucianoClassicalGuitar", "comment": "Listened to your advice on the Canadian tire and bought it at the right time! Thanks!", "likes": 0}, {"author": "@grahamr939", "comment": "I have had Raytheon on my list for a month but the Can$ just sucks and may get stronger against the USD. MRC is very tempting for a long term play. Both excellent picks.", "likes": 0}, {"author": "@ContinualShiftwithDaveRogers", "comment": "Thank you Brandon --- like your clear and articulate approach - agree to add some real estate exposure and i choose BPY about 3 weeks ago - as for airspace, defense, military risk....ray-boeing-and pratt ---- will likely be a great 5 year investment - i picked GE which has been bombed out over the past two years......Happy Investment and where to follow you on Instagram ?", "likes": 0}, {"author": "@Osmanina", "comment": "Great video Brandon. I find myself struggling to find stocks to invest in and always look forward to your videos cuz you break down your choices and why you see value in them. Thanks!", "likes": 2}, {"author": "@lvbeauty3747", "comment": "Great video! Love your explainations as well! Will definitely check them out!", "likes": 1}, {"author": "@jibleskin", "comment": "Id love to see a portfolio reveal by you one day!", "likes": 50}, {"author": "@chrisb5048", "comment": "Funny I added rtx on Friday. MRC is an eye opener for me... It's a gem in my opinion... What is your opinion with air Canada?? Or have you covered this already", "likes": 0}, {"author": "@alexnezhynsky9707", "comment": "MRT.UN has been in a downtrend since 2014...", "likes": 0}, {"author": "@CaseyBurnsInvesting", "comment": "Like the Raytheon play. The military side of things is supported by the money printer.", "likes": 1}, {"author": "@zamran100", "comment": "Anything you recommend. I bought it and I will getting good return so far. I locked  it 93 for Canadian tire.", "likes": 8}, {"author": "@scottcorney6144", "comment": "Do you think that Ray would be a good hold for the month of June? Could you make a decent amount? 15-20%? Or do you think it\u2019s good slow growth.", "likes": 0}, {"author": "@eduardogarcia-ru7qz", "comment": "It's me or I can't find MRC in wealthsimple?", "likes": 1}, {"author": "@Jasonfuntime", "comment": "Don't kid itself, just faceplant into plnhf", "likes": 0}, {"author": "@andrewatherton", "comment": "i dont like the stocks but still gave you a thumbs up for your efforts. awesome job", "likes": 1}, {"author": "@scottscriticalmass", "comment": "Thx for the ideas Brandon... Morguard is a new one for me.  Sounds interesting, but I've already got my REIT bucket nearly full with MAC, PEAK, STOR & VTR, so likely not for me. \u00a0\n\nBTW... If you're interested, another REIT I'm considering is Alexander & Baldwin (ALEX), which is focused on the Hawaii market (retail, industrial, agriculture, renewable energy & land leases).  Sub-$1 Billion market cap so fairly volatile. \u00a0Balance sheet is very conservative compared to most REITS.  I've always wanted to own a piece of Hawaii and this just might be the only way that'll ever happen.  :) \n\nExcited to hear you mention Raytheon Technologies (RTX).  I initiated a position in RTN (Raytheon) back in March and continued buying RTX (Raytheon Technologies) after the merger w/United Technologies closed.  I quickly built a 50% position at about $50 per share and have added a bit more since with the last purchase @ $59.50 making my all-in cost basis about $52 (60% of desired position).  I will be buying more, but practicing a bit of patience waiting to see how things are going to play out this summer.  I expect to fill my position at some point regardless of price, but I'll definitely start buying again sub-$60 and quickly fill if we see sub-$50 again.  \n\nI thought your quick hit analysis on RTX was spot on.  Here's a few of my reasons for liking RTX...\n- Morningstar says the Pratt & Witney, Collins Aeropsace and Defense & Missile Systems are all wide moat companies in their own rights while the Intelligence, Space & Airborne Systems deserves a narrow moat. The reasoning in their analyst report makes good sense IMO.\n- The razor / razor blade business model of their Pratt & Witney engine business.  They sell the engines for close to zero margin then have high margin maintenance contracts lasting 2-3 decades on average.  \n- Sole provider of the engine for the F-35, which is the largest U.S. military program in history.  F-35 program currently planned thru 2070, so the runway for recurring revenue is substantial.\n- Raytheon has been a consistent generator of free cash flow, averaging well over $4 Billion annually over the past decade and I'd expect that to increase substantially with UTX's Aerospace business added to the business.\n- While I never buy a stock solely for its dividend, Raytheon's 25+ years of dividend growth shows sustained strength of business.  Sustained business strength is why I buy stocks.", "likes": 4}, {"author": "@amitjain5236", "comment": "I prefer XRE even tough VRE is ranged higher in my analysis. The reason is higher net asset value under management and more liquidity.\nI have no idea about the other one!! Time to dig and find out more about the second one \ud83e\udd2a\ud83e\udd2a", "likes": 3}, {"author": "@treetree117", "comment": "Brookfield Property Partners for great value \ud83d\udc4d", "likes": 0}, {"author": "@Dave004", "comment": "Question, I know people say its not as good investing in US dividend stocks because of the 15% tax they apply, but wouldn't this still be ok since US dividends would convert to Canadian and see an increase still of around 35% from the exchange? So you'd still be getting a 20% or so increase to the US dividend after the tax plus the exchange rate or is this wrong?\nI was looking at AT&T for example with a 6% yield so would that mean in Canadian dollars it would be more like a 7.5% yield? ($2.08 annual dividend x 0.85 (tax) x 1.35 (exchange) = $2.39 / $31.6 (current AT&T stock price) = 7.5% yield. \n\nThanks", "likes": 0}, {"author": "@andyk9359", "comment": "Hey Brandon, good video as always. MRC seems interesting but their current ratio seems too dangerous, Ima have to research them more before I buy them I guess.", "likes": 0}, {"author": "@veetour", "comment": "Omg, you\u2019re one of the few to say the dreaded C word (COVID) in your video! Nice to see someone speak freely and not censor them self.", "likes": 1}, {"author": "@dadafoseid70", "comment": "Canadian Tire Stock and Unilever have been amazing buys since your recommendation \ud83d\ude4f", "likes": 8}, {"author": "@pantera6", "comment": "Whats the difference between MRC and MRT.UN?", "likes": 2}, {"author": "@kynandesouza", "comment": "3:06 MISSISSAUGA REPRESENTTTT", "likes": 27}, {"author": "@pantera6", "comment": "Have had my eye on RTX but missed the boat for the sweet price. I am considering getting in on them as well. Those portfolio ETFs are attractive tho VGRO, VEQT", "likes": 4}, {"author": "@ab.4425", "comment": "Great video and good data about these two stocks!!", "likes": 3}, {"author": "@clebersondepaula81", "comment": "Hello from Brazil my friend \ud83d\udc4d\ud83e\udd1d", "likes": 1}, {"author": "@avtarfbi", "comment": "I like your video, you should post more", "likes": 1}, {"author": "@SD-me4uv", "comment": "awesome video, Canadian Tire stock has been surging since your recommendation last time!", "likes": 23}, {"author": "@Youngboyfan42069", "comment": "This is a great series so I quick on these so quick lmao", "likes": 7}, {"author": "@wolfofdubai", "comment": "I made 300% on Tesla.\n\n*Now my top pick is: Virgin Galactic*", "likes": 2}]