[{"author": "@beaviswealth", "comment": "Pinned by Brandon Beavis Investing\r\n\r\n\ud83d\udcc8\ud83d\udcda\ud83c\udde8\ud83c\udde6 Join The Investing Academy Today - https://bit.ly/theinvestingacademy\n\r\nInside a TFSA, there is a 15% withholding tax on US investments.  What about an RRSP or Margin Account?  What about investments in other countries?  In this video, we break down the tax details for investments in different accounts and countries.\n\nPlease remember to subscribe and like the video if you enjoy.  Thanks.", "likes": 1}, {"author": "@IKTGWIW", "comment": "Could you please do a video on taxation of investing in Canadian mutual funds that hold US and international equities in RRSP, TFSA and investment accounts?  And whether the W-8BEN form is needed in which account?  Thank you!", "likes": 1}, {"author": "@marcelmed4574", "comment": "was not aware that holding US ETF's had withholding tax in an RRSP. Always assumed if it was in an RRSP no withholding tax would apply.", "likes": 0}, {"author": "@HoopFacts24", "comment": "the foreign withholding tax in tfsa is already taken out from the distributions paid out like VFV would holding US stocks correct?", "likes": 0}, {"author": "@McBurger29", "comment": "More example always help out, good video.", "likes": 1}, {"author": "@glebbondarenko67", "comment": "Thank you. Exactly what I wanted to know", "likes": 0}, {"author": "@seanstours3913", "comment": "This is such an important video to watch once you max out your tfsa and rrsp", "likes": 1}, {"author": "@akroeger", "comment": "Great video! Just so you know it's 30 percent reduced to 15 in a rrsp. You said there is no withholding tax", "likes": 0}, {"author": "@Crovenko", "comment": "Very good video. So If I want to have ETF who owns shares form all world like VT its better to use EU version for example VWCE, because ETF si accmulating dividends and reinvesting them for buying new shares - so it means that dividend is taxed only once when it is received in ETF.", "likes": 1}, {"author": "@ektasinha9159", "comment": "In the last section of additional things to consider in your video, when you say holding US ETFs, do you mean buying ETFs that trade on US stock exchange and that needs to be bought using US dollars (post Currency conversion)?", "likes": 0}, {"author": "@dariomilkovic4848", "comment": "What do you pay in taxes on the monthly dividends you earn on a Canadian ETF that owns Canadian stocks in a taxable account? Example HMAX", "likes": 0}, {"author": "@khris5953", "comment": "How Canadian ETFs that only contain Canadian stocks is taxed, especially on devidends? is the ETF taxed the same on eligible dividends as regular Canadian stock?\nlet's see XDIV etf and RBC stock, are they taxed the same?", "likes": 0}, {"author": "@fivestarcharts", "comment": "Do you aware of the new 10% tax on ETFs that are related to PTP? This tax will make all non-US investors to pay 10% on the \"gross proceeds\", not on the distribution.", "likes": 0}, {"author": "@dashujxdashujx6398", "comment": "Very clear explanation thaks", "likes": 0}, {"author": "@GhaneshDas", "comment": "Excellent", "likes": 0}, {"author": "@jasonstupak4535", "comment": "Watched and liked, thanks Marc!", "likes": 0}, {"author": "@theletterx8828", "comment": "Would've loved some examples of stocks for each scenario.", "likes": 15}, {"author": "@kimgreen9342", "comment": "Thank you Marc! Great graphics. Very informative and well presented.", "likes": 1}, {"author": "@chairmanmike5858", "comment": "Hi Marc, Thanks, great info. QQ ... Do NEO US stocks in an RSP carry a withholding tax? CHEERS.", "likes": 0}, {"author": "@juanperez-gh8bl", "comment": "Es genial que tengan esta clase de opciones, son buenos beneficiones, dependiendo de lo que quiera cada inversor claro. Creo que hiciste un gran trabajo explicando el tema de una forma sencilla.\"\n\n\"It's great that you all have this kind of options, it's good benefits, depending on what each investor wants, of course. I think you did a great job explaining the topic in a simple way.\"", "likes": 0}, {"author": "@vtheb1299", "comment": "I just love Marc. Always explains so so well and with a soothing and kind voice. You would make a great professor Marc!!", "likes": 0}, {"author": "@roberttaylor3594", "comment": "I have a few us stocks , but the annual fee at my broker for a US RRSP account would be more than the withholding tax\u2026so I either switch Broker or get more US stocks ETFs to make the fee worth it, I guess.\n\nAnd some Canadian ETFs with US stocks in ETFs.", "likes": 0}, {"author": "@xavarseneault2278", "comment": "If I buy XSP in my TFSA, i will pay a FWT. But if i buy HXS in the same account will I avoid the FWT ?", "likes": 0}, {"author": "@timothysexton7621", "comment": "So I am in the process of setting up my son's RDSP which i now have the funds for. I will be in catching up for i can go back 10 years. \n\nI am looking at just Canadian divided ETF'S, Canadian stocks that follow the US S&P 500. What other items should I look at for a bit higher risk reward and what percentage in the portfolio be?\n\nThanks", "likes": 2}, {"author": "@mjbalmmac1588", "comment": "This was all very confusing.  It might have been helpful to use some examples of popular investments or etfs to demonstrate the types of taxes which apply", "likes": 9}, {"author": "@zxborg9681", "comment": "Great video. I'd be interested in learning more about that 100K CRA reporting requirement - if one has a portfolio of several hundred thousand, how does this conflict with your siggestion to make sure you have a solid representation in US and international investments?", "likes": 0}, {"author": "@timehathtcg", "comment": "great video, \ni'm kinda suprised that there was this much to talk about tho XD", "likes": 0}, {"author": "@arshS27", "comment": "Wow ! One of the best videos on taxation on etfs I just saw :) also - we would want which brokerage is the best to keep US stocks or etfs with respect to currency conversion fee charged ( heard about interactive brokers ) ?", "likes": 3}, {"author": "@MountainFinance", "comment": "Really good breakdown Marc, I think a lot of retail investors really do not have a great grasp on the full tax picture.", "likes": 3}, {"author": "@EspadaXtri", "comment": "In TSFA if I bought TSLA stock will I have to pay tax on that?", "likes": 0}, {"author": "@FandomFinance", "comment": "Good topic to cover, got a lot out of this one!", "likes": 0}, {"author": "@Po101080", "comment": "Thank you for this summary!", "likes": 0}, {"author": "@mr.financial", "comment": "This is a great summary for new investors. That was very well presented Mark.", "likes": 8}, {"author": "@MegsCarpentry-lovedogs", "comment": "Yes Mark!\ud83d\ude00 Waiting for this topic with enthusiasm. Thank you for this! PERFECT! Cheers Atlantic Canada...yes, dealing with aftermath of Fiona hurricane. Yikes! So your presentation is like a treat and respite from all the clean up\ud83d\udc4d\ud83d\udcaf\u2764\u200d\ud83e\ude79\ud83c\udde8\ud83c\udde6", "likes": 1}, {"author": "@marvinpham5180", "comment": "Hi", "likes": 0}]