[{"author": "@beaviswealth", "comment": "\ud83d\udcc8\ud83d\udcda As always, if you're a beginner to the Stock Market in Canada and you're looking for a step-by-step blueprint on how to get started... Find out more about our Investing Academy here - https://bit.ly/theinvestingacademy\n\nThanks for watching everyone! If you enjoyed don't forget to DROP A LIKE! :)", "likes": 24}, {"author": "@febbyjosephine4638", "comment": "Glad I found your video!!! Will definitely watch more videos. Thank you for putting such great videos!", "likes": 0}, {"author": "@steveboxing", "comment": "Excellent, liked and subscribed.", "likes": 0}, {"author": "@jacplanespotting314", "comment": "Your section about trading with TFSAs is almost scary!", "likes": 0}, {"author": "@sareetapanchoo9653", "comment": "Hi Brandon,  could we hold penny stock for long term investment in the TFSA account? Thank you.", "likes": 0}, {"author": "@SANJ0288", "comment": "I'm curious to see how you have done in your blossom portfolio in the last 3 years compared to RBC investEase Aggressive ETF portfolio. Is there a way to compare?", "likes": 0}, {"author": "@evelynm2530", "comment": "Can I roll my RIFF into my TFSA if I have already maxed it out?", "likes": 0}, {"author": "@nathanyuki", "comment": "love this guy", "likes": 0}, {"author": "@jerryjoe3504", "comment": "I want to open a TFSA with wealthsimple, and purchase dividend stocks and hold for long term, can I continue to purchase more of same stocks and different stocks as I discover them? Or would that be considered to much trading?", "likes": 0}, {"author": "@TheNuzhi", "comment": "Very good information", "likes": 0}, {"author": "@asis27", "comment": "Re not being allowed to trade \u201ctoo frequently\u201d within a TFSA, would the same rule apply for an RRSP?", "likes": 0}, {"author": "@malenamonge8849", "comment": "Brandon the successor has to have an account on TFSA to recurrence Receive the transfer from  the spouse TFSA account", "likes": 0}, {"author": "@purpleblueunicorn", "comment": "Correction: You can't name a successor or beneficiary in Quebec for a TFSA.", "likes": 0}, {"author": "@ArmaniV03", "comment": "I had no idea about that 4th point. Blew my mind \ud83e\udd2f", "likes": 0}, {"author": "@jorats", "comment": "I'm near retirement and I'm finally learning so much! Thank you!", "likes": 2}, {"author": "@HelloItsMe726", "comment": "Which financial institution should I open my TFSA(Better and Safe)?I am a beginner. Thank you.", "likes": 0}, {"author": "@CatrionaRuadh", "comment": "Good move - O'Leary's an ***hole!", "likes": 0}, {"author": "@ryantorres6943", "comment": "Any bank recommendations where I can invest in TFSA?", "likes": 0}, {"author": "@dnorth98", "comment": "AGGGHHHHHHHH.  Brandon said \"SIN number\".  I can no longer trust his advice!", "likes": 0}, {"author": "@georichter", "comment": "Help please!!!\n\nIf you deposited money into Questtrade from a TFSA is it okay to without into a regular account? I cant seem to find my TFSA account when I go to withdraw but I can find my regular account.", "likes": 0}, {"author": "@MhetreMudita", "comment": "Can we add a non resident as tfsa beneficiary?", "likes": 0}, {"author": "@jimtwisted1984", "comment": "We can thank Stephen Harper and the conservatives for the TFSA.Always remember that when elections come around.", "likes": 0}, {"author": "@flexen1", "comment": "SUCCESSOR - can add the entire balance of the deceases TFSA into their account and disregard contribution room limit.", "likes": 0}, {"author": "@huejanus5505", "comment": "Where does the 15% holding tax on US stocks go?", "likes": 0}, {"author": "@danielmaserrat5060", "comment": "Great Videos!", "likes": 0}, {"author": "@bruceleehee9267", "comment": "TD didn\u2019t explain nearly what u explained in the short clip. Hey TD u should watch and learn and teach your employees better", "likes": 0}, {"author": "@ninehundred418", "comment": "What about trading options? I\u2019m learning to sell Puts. Does the CRA permit this without owning the underlying stock?", "likes": 0}, {"author": "@recycle0077", "comment": "If you are not putting into tax forms that you contributed this much money into RRSP , will capital gains are still taxable?", "likes": 0}, {"author": "@philipchan3919", "comment": "Thanks for your useful information\ud83d\udc4d\ud83d\udc4d", "likes": 0}, {"author": "@caroldanson5476", "comment": "I did not know that the CRA could come after you for trading too often. Would they not give you a warning? Do they take the money or just make you pay tax on it? Is there an amount or a maximum that you can make on trades?", "likes": 0}, {"author": "@roupenohanian5652", "comment": "do i pay tax if i withdraw from my TFSA ? and if someone gives me 50000$ and i put it in the TFSA do i have to pay taxes on that 50000$ ?", "likes": 0}, {"author": "@MENARDOfficial", "comment": "Hi\n\nso I've made a questrade tfsa account and since the CRA doesn't give a specific definition on what day trading is. \nMy question is towards the people who's been investing for a while or gained experience.\n\nHow active or how many trades do yall make per month so it doesn't tick off the radar of the CRA. (form yall experiences)\n\nbecause I'm trying to gauge how active I should be without getting in trouble hahaha.", "likes": 0}, {"author": "@ElectricalTrade", "comment": "Is a Stock such as XQQ taxable in a TFSA?  its Listed on the Toronto Stock exchange, but holds US listed Stocks.", "likes": 0}, {"author": "@lesliealvarez9238", "comment": "Hey! Thank you for all the great info you post \ud83d\ude42 do you think we will be able to invest on crypto with a TFSA at some point soon?", "likes": 0}, {"author": "@cookiebird308", "comment": "Hi Brandon, if I transfer out the dividend income remained in my Questrade TFSA a/c, will it be considered a withdrawal and cause an increase of contribution room next year?", "likes": 0}, {"author": "@ctb1646", "comment": "So let's say you died. What is the implications to the beneficiary or successor? Does it impact their contribution room or do they just get the cash tax free?", "likes": 0}, {"author": "@jamesl197999", "comment": "If you don't put a successor or beneficiary. What happens if you die will your wife or husband be penalized or pay fees to get the money?", "likes": 0}, {"author": "@clarifyingquestions", "comment": "No probate fees - but does your beneficiary pay taxes on it?", "likes": 0}, {"author": "@clarifyingquestions", "comment": "Don't put it in if you are planning on taking it out before retirement.  It is not a college saving, house saving, wedding saving etc", "likes": 0}, {"author": "@AC-cx6yf", "comment": "What if I deposit 100 monthly?", "likes": 0}, {"author": "@eyesontheprize6637", "comment": "Other expressions for dying... \"he bought the farm\", \"he cashed in his chips\".", "likes": 0}, {"author": "@eyesontheprize6637", "comment": "Great video. About withdrawals, if you have deposits to your TFSA set automatically at $200 a month, you take out $6,000 in the earlier part of the year, are you saying you can no longer deposit money to the TFSA or that you can no longer withdraw from the TFSA in that year?", "likes": 0}, {"author": "@brumasbusiness", "comment": "Don't TFSA's has an limit age to contribute as well? You mention at 71years old  you have to\" start peeling the money from a RRSP\". So when do you have to start peeling from an TFSA?", "likes": 0}, {"author": "@67cici", "comment": "Can you clarify how you would move from RIF to TFSA without taxes?, RIF is taxed when with drawn isn't it?  Thanks for your response", "likes": 0}, {"author": "@playboypaul1", "comment": "Great video, glad I found it", "likes": 0}, {"author": "@bhargava11", "comment": "Good", "likes": 0}, {"author": "@winawa9609", "comment": "Thank you, very educational.", "likes": 0}, {"author": "@kyubidude1", "comment": "Are we allowed to hold the same stock in 2 different accounts? Can I own shares of a stock in both my tfsa and rrsp?", "likes": 0}, {"author": "@mikechalmers6", "comment": "Thank you sir.", "likes": 0}, {"author": "@jaceyeverly", "comment": "Wow. Thank you so much for creating this video. \ud83d\ude4f", "likes": 0}, {"author": "@integra8502", "comment": "If you don't have a spouse can you put your money in a friend's TFSA ??", "likes": 0}, {"author": "@ThaGreatestAlexander", "comment": "Does your first 6k start at 18 or the following January after you turn 18?", "likes": 0}, {"author": "@wordsofjames", "comment": "The Canadian Govt is garbage. They created the TFSA with no trading restrictions, higher contribution limits and then some people did REALLY well with their trading and then the CRA decided they wanted or needed a piece. Such garbage. They pretend they are helping citizens with this account but it is nonsense.", "likes": 0}, {"author": "@benwebber6889", "comment": "Thanks for the videos! Do you (or anyone else) have a link from the CRA website giving information on frequent trading in a TFSA? I've spent a couple hours looking through dozens of pages and I don't see anything regarding frequent trades in a TFSA being taxable. The webpage updated Jan. 25th and it says \"any income earned is generally tax free\". The only amounts that are taxable in a TFSA that I can see, are excess contributions, dividends, none qualified/prohibited investments and non-resident contributions.", "likes": 0}, {"author": "@marposaposa814", "comment": "thank you, but pls could explain me again last point, the RRIF. Do I need to open an account named RRIf? or ... Yes, I am a complete ignorant in this subject. Thanks", "likes": 0}, {"author": "@12sky22", "comment": "Thank you.", "likes": 0}, {"author": "@nancytan780", "comment": "I learned a lot today from your video. Love it! Clear as crystal!", "likes": 0}, {"author": "@TheIceman1564", "comment": "honestly kind of rolled my eyes when I saw the title of this video, but watched because I was curious, definitely learned a couple of things, thanks!", "likes": 0}, {"author": "@sweetsour3935", "comment": "Great video just want to be clear on one thing. With a tfsa with questrade and stocks us or cad any gains it's tax free.  Including penny stocks thanks keep up the great work", "likes": 0}, {"author": "@ASMRMoto", "comment": "Bro thank you this is great .", "likes": 1}, {"author": "@ToanTran-lh2ed", "comment": "Hi Brandan ! If I have more than one tfsa accounts . Can I withdraw funds from this account and deposit into another tfsa account account? My contribution room is still available. it means I just put  $25000 in them so far. Thanks.", "likes": 0}, {"author": "@PHASES_STUDIO", "comment": "Lmao the beginning is too funny", "likes": 1}, {"author": "@Ray.Movassagh", "comment": "Thank you Brandon for your great help", "likes": 0}, {"author": "@pje8171116", "comment": "Thanks for the video Brandon! Regarding US stocks in a TFSA, do you have to pay US tax when selling US stocks for a profit, or does the tax only apply for dividends?", "likes": 0}, {"author": "@rajarani515", "comment": "Hey Brendon. Is there any charge or tax if you buy securities from us company? Does CRA hold any money or holding? Do we need any special permission from cra to buy us security..not dividend paying company.", "likes": 0}, {"author": "@WH-cs6fg", "comment": "Hi, great video, ty. I do have a couple of questions though. If you bought a stock and you sold it very quickly with a big profit, would the CRA tax you on the profit of this particular stock or on all the stocks you have in your TFSA portfolio? Also, if I want to retire and sell all my stocks, would I be penalized on that?\nThank you for your help.", "likes": 0}, {"author": "@frankchen540", "comment": "Hi dear , thank you for your video , if we trade around 20 times a year or less , are we considered as day trader ?", "likes": 0}, {"author": "@Jeremy-fy1sz", "comment": "So 9 things I already knew about a TFSA, and that you can designate a successor to the TFSA", "likes": 0}, {"author": "@Jeremy-fy1sz", "comment": "Funny story, I bought a Canadian company for the dividend, but it was bought by an American company and I got taxed on the dividend anyway.", "likes": 0}, {"author": "@riccardosantia5996", "comment": "Great advice", "likes": 0}, {"author": "@vanalex2698", "comment": "Hi Branddon,\nI came to Canada in 2010 as i counted from 2010 to 2021 is $70500 but my cra account say ( your contribution room $40,000. as of 2021 ) What does that mean ?\nCan you explain please ?\nThanks", "likes": 0}, {"author": "@KDOT23", "comment": "So if I have a $45 000 contribution room, and I put $40 000 in my trading account, and I grow my trading account in the same year to $60 000, do I pay tax on $15 000? Would I need to close out my investments and move them into another account?", "likes": 0}, {"author": "@tylerbutt4217", "comment": "love these informative videos a nice break from just talking about stocks", "likes": 0}, {"author": "@kniknayme9865", "comment": "Wish CRA was more specific about the difference between trading and investing. Establish some ground rules like 30 day hold or reasonable rate of return before selling.", "likes": 0}, {"author": "@robertparker1662", "comment": "I have 2 TFSA accounts.  One is simply saving and the other, I buy and sell stocks.", "likes": 0}, {"author": "@richardsonbuyayo6933", "comment": "so I opened a TFSA and contributed $500 in it. It shows in my bank account that it has $500 in it but it did not take $500 from any of my savings account or direct deposit. Where does the $500 in the TFSA account come from??", "likes": 0}, {"author": "@djss7122", "comment": "Hello Brandon.  Can you please explain more in depth regarding the withdrawal of monies from a TFSA investment that has declined in value--and its relation to deleting the TFSA contribution room.  I thought we can withdraw monies anytime.  Thank you for taking the time to answer our questions, we really appreciate your knowledge.", "likes": 0}, {"author": "@djss7122", "comment": "Thank you Brandon for another insightful video!  I understand when we withdraw monies from a TFSA account, we can get that space back in the next calendar year. It was stated in the example that the original contribution space of $6,000 grew into a value of $100,000.  If $100,000 is withdrawn, can we recontribute that $100,000 or is it the original $6,000 in the next calendar year?  I am not too sure of what \"space\"  reflects in this scenario.", "likes": 0}, {"author": "@EP-vo2mh", "comment": "Just to be clear, if you lose space in your tfsa, you can get it back by gaining space in your tfsa?", "likes": 0}, {"author": "@sthegamer1", "comment": "this video was amazing very useful information keep it up man", "likes": 0}, {"author": "@Okanaganguy2021", "comment": "What can you do with the gains/cash you earn inside your TFSA? Can you buy more stocks keep reinvesting your gains at anytime? Or do you have to make a withdrawal to gain more room to reinvest the following year?", "likes": 0}, {"author": "@tkervinph", "comment": "Does a dividend payment count as a contribution?", "likes": 0}, {"author": "@thegreekgod2341", "comment": "Can you have a tfsa with wealthsimple and not a tfsa with any bank?", "likes": 0}, {"author": "@oliverdogful", "comment": "I just learned a lot from this video. School should teach kids about this and investing.", "likes": 0}, {"author": "@Joeashwell420", "comment": "Ok found out you can't make more than 150 trades per quarter with the TFSA.", "likes": 0}, {"author": "@astrologicaldesign", "comment": "Thank you for the great video  Brandon, ..it is very informative. If someone were to put a downpayment on a property, which account would you suggest to use, the TSFA or the Savings Acc? Thanks again", "likes": 1}, {"author": "@Alphabet7", "comment": "Can you explain more about the frequent trading on a tfsa lake what would you consider be frequent because I'm kind of doing swing trading like I buy and then I hold for like a month or maybe even more and then I sell so it's like what 30 trades a year maybe maybe 50", "likes": 2}, {"author": "@EPSGplayer", "comment": "Yay You live in BC too!", "likes": 0}, {"author": "@Joeashwell420", "comment": "There's needs to be a rule on how many trades a week can be made in the TFSA.", "likes": 4}, {"author": "@ur_a_buS", "comment": "Wait, so even with gains from murican stocks that do not pay dividends, 15% is already withheld from your account?", "likes": 0}, {"author": "@ur_a_buS", "comment": "One of the most sensible and intelligent channels out there regarding the market and what to do with money. Thank you.", "likes": 0}, {"author": "@amandamelaram1980", "comment": "can you withdraw money from your bank TFSA to fund your questrade TFSA account? How does that affect the contribution limit ?", "likes": 0}, {"author": "@ralphsears4659", "comment": "Good point about rolling over RIF TO TFSA. I will have to save room.  Thanks", "likes": 0}, {"author": "@afgluda", "comment": "Do you pay tax on your gains at the end of the year?", "likes": 0}, {"author": "@MegaHendrix7", "comment": "Thank you for the info", "likes": 0}, {"author": "@mahtabuddinsakhizdad4408", "comment": "If you can not do day trading on TFSA, How often can you buy and sell during a week, month, or year on TFSA then?", "likes": 0}, {"author": "@deshawnsancho6330", "comment": "Great video !", "likes": 0}, {"author": "@gigeegallardo5516", "comment": "Can you withdraw from your cra tfsa and if so, how?", "likes": 0}, {"author": "@22condoriano", "comment": "good vid bro\u2705 gained a sub", "likes": 0}, {"author": "@alokeshmondal6251", "comment": "Bro I have been day trading with TFSA in US market but I haven\u2019t lost any money yet", "likes": 0}, {"author": "@chickenmuffin", "comment": "What does \"day trading' mean that's bullshit.", "likes": 0}, {"author": "@chickenmuffin", "comment": "Wait a minute. I grew $1500 to $30,000 and withdrew to pay off my cars. But I waffled over this for days because I wasn't sure if I wanted to negate the tax benefits of this over the long term. But are you telling me I've now increase my deposit room by 30k?!", "likes": 0}, {"author": "@paulogoncalves1063", "comment": "If you were to roll over a RRIF into a TFSA, is it just up to the contribution  limit?", "likes": 2}, {"author": "@TheBreamer999", "comment": "57 year old here, greetings from Prince Edward Island.  Great video, lol, I do have one with Tangerine and one with RBC.  My Tangerine is for my next vehicle and my RBC is a HealthCare REIT that pays a monthly dividend that is plowed back into the REIT.  I prefer the TFSA since I am paying the tax up front, with RRSP, I have no idea what the tax rates will be in the future, #hint, it won't be lower.  Still a bit pissed Trudeau clawed back the 10,000 contribution when he got elected.  I find the mycra lags, or maybe it's the bank slow to report.  It still hasn't reported my 2020 contributions.  And good point on the 15% withheld.  I also have LIT (Lithium ETF) and yup, they take it off the dividend when it's issued", "likes": 0}, {"author": "@shaunlogue5649", "comment": "Great video.  Just wondering, if we pay our broker a management fee within the TFSA, is that considered a withdrawal that we can recontribute?", "likes": 0}, {"author": "@BenLeavitt", "comment": "This video was amazing man! Such high quality content and visually appealing as hell!", "likes": 0}, {"author": "@lynnmitges5653", "comment": "Was a banker and I especially enjoyed hearing your last 3 points.", "likes": 1}, {"author": "@user-yy7sw5vg6r", "comment": "great video! what i really need lately, just a quick question? Do you have a video or maybe suggestions where can we invest our TFSA to grow? thank you!", "likes": 1}, {"author": "@markt8596", "comment": "Hey Brandon, great video on the TFSA and highlighting the pointers. One of the points you made is regarding the Contribution room and I think a great way to summarize what you said is it's like a balloon. If you do well, larger balloon and you withdraw, you have more contribution room. Would you be able to confirm the source of this as I've seen many conflicting information from financial advisors regarding this! Much appreciated.", "likes": 0}, {"author": "@SunnyJ-rf3et", "comment": "The most thing I know is 15%withholding tax , but I have bought US ETF stock, then I will do not use TFSA to buy for next time !", "likes": 0}, {"author": "@brianspencer7173", "comment": "So, if both US and Canadian citizen and filing tax in US and Canada. Do we need to report TFSA trades to US Taxes? If so, how must we do that???", "likes": 0}, {"author": "@kawkawmccarvs7802", "comment": "Wow, you could explain quantum physics a baby and it would understand.....great video!", "likes": 3}, {"author": "@musicmanblake", "comment": "Im a massive j cole fan. Nice inclusion", "likes": 0}, {"author": "@zm3471", "comment": "Super helpful especially knowing now that if your account appreciates to greater than the contribution limit to date and if you withdraw all the funds you get to keep that entire contribution plus appreciation value to put back in the following year. Great video!", "likes": 1}, {"author": "@vijayabijit9942", "comment": "Hi is it that we can trade using TFSA with a limit of 3 per weeks. I heard if this being the case there is no issue. Is this true?", "likes": 0}, {"author": "@okok1233212001", "comment": "Made a lot from the TFSA . Bought and sold some inverse 3x leverage ETFs to shot the market last year. Used that gain to buy RRSP to save tax. Now I am just holding some normal etfs (ARKK, QCLN, QQQ, ESPO, VFV) and some stocks:).", "likes": 0}, {"author": "@2006cr85r", "comment": "Can I add more on Jan 1st for 2021?", "likes": 0}, {"author": "@2006cr85r", "comment": "Starts at 1:48", "likes": 0}, {"author": "@triplebbb291", "comment": "Great info!", "likes": 0}, {"author": "@tracylee7131", "comment": "Can you invest in bitcoin through your tfsa?", "likes": 0}, {"author": "@brianpittman274", "comment": "Very informative video. Can you purchase digital assets/Cryptocurrency from any of these institutions that are offering tfsa?", "likes": 1}, {"author": "@NoremacBackwards", "comment": "Hey there! Awesome Video! \nQuestion: If you needed to change your Successor or beneficiary to a different person...could you ? \nThanks in Advance!", "likes": 0}, {"author": "@drakeduozz3810", "comment": "does anyone know what would happen if  i have US stocks in my TFSA then sell it for capital gain ??  do i need taxs slips or do they hold the percentage of the gain and i just get the rest ??", "likes": 0}, {"author": "@elianyschango3980", "comment": "What a great video! Thank you", "likes": 0}, {"author": "@duiaita2924", "comment": "Can funds from a LIF be transferred to a TFSA tax free?  Love your videos. \ud83d\udc4d\u26cf\ud83d\udc4f", "likes": 0}, {"author": "@sammichfoxeuro", "comment": "I\u2019m new to all of this but I love the way you explain everything. Thorough, slow (not like annoyingly slow) excited to watch the rest of your content", "likes": 5}, {"author": "@carelessstringz6149", "comment": "Love the videos", "likes": 0}, {"author": "@carelessstringz6149", "comment": "He was on the phone !?", "likes": 0}, {"author": "@RebornRenovations", "comment": "I learnt a lot, thanks.", "likes": 0}, {"author": "@cyfriss", "comment": "One of the most informative videos on YouTube for the past month, Thank you Brandon!", "likes": 2}, {"author": "@sketchartphoto8117", "comment": "just a thought....should get o'leary as guest on your video", "likes": 0}, {"author": "@Pantomath.", "comment": "Excellent video \ud83d\udc4d. Really enjoying your channel. Hello from Victoria BC \ud83c\udde8\ud83c\udde6", "likes": 1}, {"author": "@sketchartphoto8117", "comment": "my cra account showed the wrong tfsa space amount....it was higher than it really should be.\nif i didn't catch it , i could been in for penalty", "likes": 0}, {"author": "@nickjoshi2810", "comment": "If we have US stock (in TFSA) with capital gains and decide to sell it. Do we have to pay tax on that?", "likes": 0}, {"author": "@Joshuasham", "comment": "Can you clarify 4:50 the point at which your tfsa contribution space is adjusted up or down? Is it at the point of withdrawal? Also, once you've increased your tfsa contribution limit, is that a permanent change?", "likes": 0}, {"author": "@jessz3", "comment": "So just to clarify on #4 - say i have $5k in my tfsa invested and it has gained $2k in the calendar year. \n\nI take out the $2k at year end and that will carrry over to next year? \n\nSo technically I will get $8k contribution room? or just the standard $6k?", "likes": 0}, {"author": "@-Nos-", "comment": "what is the price of your course?", "likes": 0}, {"author": "@thom.s.wilson", "comment": "Hey do you have any videos on Canadian/American Dual Citizens and investing?", "likes": 0}, {"author": "@alrobertson1432", "comment": "Great Video.  Just discovered your channel and like it very much.  One other thing to remember about a T.F.S.A. is that if you do trade and incur  a Capital Loss; You cannot claim the loss.", "likes": 0}, {"author": "@guenthermichaels5303", "comment": "Pretty clear..If your business is Trading, ie income..then you cannot use a TFSA.. key word is \" Savings Account\" \nhttps://www.advisor.ca/tax/tax-news/clients-day-trading-in-their-tfsas-theyre-ultimately-liable-for-the-tax/", "likes": 0}, {"author": "@guenthermichaels5303", "comment": "Also, you cannot trade on margin in your TFSA.", "likes": 0}, {"author": "@jasonlewis8107", "comment": "Didn\u2019t knew about the us dividends thing.Good show", "likes": 2}, {"author": "@moisesfernandes2371", "comment": "Hi Brandon,\nCan the dividends from US stocks be reinvested into the same stock to avoid the 15% witholding tax?\nThanks,\nMoises Fernandes.", "likes": 0}, {"author": "@storypunman", "comment": "RRSP accounts might be better depending on your situation.  RRSP accounts are tax deductible as you know.  Also in TFSA accounts there are only certain derivative positions you can put on.(depends on your knowledge and experience)  Naked options can't be sold in TFSA accounts.  So the correct answer depends on your tax bracket, your investing knowledge, and your specific life plan.  My recommendation has always been to max out RRSP before TFSA accounts.  The RRSP will give you a refund at your marginal tax rate,(20-45%) as your TFSA, your gains,dividends,interest,distributions, etc. are not taxed, BUT you need to know how to make that money.  If you are making 1% ROI..... why bother dodging taxes on small amounts.", "likes": 0}, {"author": "@Matt-kz5ob", "comment": "This guys a G, very informative video. Thanks Brandon!!", "likes": 1}, {"author": "@lesleychung1449", "comment": "Great video.  I wonder if you could answer a question.  Point 9 says that you could transfer RRIF to TFSA after age 71.  Does that take up your contribution room?  In other words, could I just transfer $6K RRIF to TFSA 2021 and the annual $6K allowable room?", "likes": 0}, {"author": "@gabriellalockwood6322", "comment": "What about non residents ? ( European ) I saw something about there being a tax of 1% per month , is that true ??", "likes": 0}, {"author": "@steven4vanw356", "comment": "I don\u2019t know how this video popped up on my feed but it\u2019s the exact info I was looking for. Thanks!", "likes": 33}, {"author": "@robt9043", "comment": "Almost stopped watching after that intro but I glad I didn\u2019t.  Outstanding video great job.  We\u2019re very lucky to have such an investment vehicle.  An interesting video would be which securities are eligible vs which ones aren\u2019t.  I was a bit hesitant when QBTC and QETH came out  but this is the best exposure to BTC and ETC I could figure out.\n\nAnother question if an 18 year old sets one up as an Albertan but then moves to BC...", "likes": 0}, {"author": "@brandonarcher6118", "comment": "What a cringe opening lmfao.", "likes": 0}, {"author": "@sanamahnum", "comment": "Successor - Gets hands on the account. Can withdrawl from the account and it would give them more contribution room the next year!\nBeneficiary - Just gets the money\n\nWriting this comment down for myself :)", "likes": 0}, {"author": "@canadude2010", "comment": "why can't you daytrade in a tfsa?", "likes": 0}, {"author": "@mayurpatel8253", "comment": "Hi Brandon  if i buy a growth stock  today and its price goes higher next month. Can I sell this stock  next week or next month  ? can l get in trouble with cra or not?? Is it a day trading?? Colud you please tell me about it?? Thanks", "likes": 0}, {"author": "@riggzx8035", "comment": "Thank u good sir. Great approach, spoke well and clear. Easy to understand", "likes": 0}, {"author": "@ironandthread", "comment": "Knew 9 of these, but the idea that we can name a beneficiary who gets to keep the fund \u2018tax free!\u2019 Is huge. If that\u2019s the case, then it\u2019s a skate around some inheritance tax. But what if that person has a maxed out TFSA of their own? Do they have to sell those investments for cash?", "likes": 0}, {"author": "@mrbrokeboy6587", "comment": "Dude I love your videos it\u2019s great help much appreciated", "likes": 0}, {"author": "@Greyman137", "comment": "How does it work for US Fund Dividends for companies listed on the TSX like Magna or Algonquin?  Subject to 15% withholding tax?", "likes": 0}, {"author": "@piratekingzoro7386", "comment": "Hey, are we allowed to buy OTC stocks through our TFSA?", "likes": 1}, {"author": "@krist4047", "comment": "Have you heard about IRP?", "likes": 0}, {"author": "@vtheb1299", "comment": "Dude I'm so glad you popped up in my feed. I've educated myself from US vids, feel like I know more about them than Ca. Your channel is precious. Instant sub. Shoutout from Ottawa!", "likes": 9}, {"author": "@GT-bx1jp", "comment": "When a beneficiary/successor receives funds from the estate of an individual that passed away, does the beneficiary/successor retain all their own exist. contribution room?", "likes": 0}, {"author": "@ScizGraffiti", "comment": "Good no mindblowing info", "likes": 0}, {"author": "@MonkeyDLucy", "comment": "#9 - RRIF \nWhat is the benefit? Didn't say.", "likes": 0}, {"author": "@elenamalkova4782", "comment": "TFSA brokerage account \ud83d\ude09 don\u2019t let your bank to fool you with 1% interest", "likes": 6}, {"author": "@travisloewen6191", "comment": "I had no idea about the 15% withholding tax on USD dividends! Does this also apply to covered call premiums on US stocks?", "likes": 0}, {"author": "@highaltitudefinance9503", "comment": "Buy Bitcoin in your TFSA!  QBTC on the TSX", "likes": 0}, {"author": "@gregcosma1167", "comment": "Can my grandchild be a successor in my TFSA?", "likes": 1}, {"author": "@pencerdespencer4106", "comment": "Bites the dust... ;)", "likes": 0}, {"author": "@johnzayi6551", "comment": "I have a question if and when I turn 71 and I need to pull out side amount of money out of my RRIF is sheltered from taxes but I don\u2019t want to but it in a TFSA like I just wanna keep the money would I be taxed on that or no. Idk if that makes sense\ud83d\ude02 but honestly thank you so much for the info", "likes": 0}, {"author": "@c.y.997", "comment": "When \u201crolling over\u201d your RRIF into your TFSA you still have to pay taxes on the RRIF withdrawal correct? If that is true it isn\u2019t really a \u201croll-over\u201d it is taking money out of a tax deferred fund, paying tax on it, then using that after tax money to fund your TFSA. Or did I miss something?", "likes": 1}, {"author": "@pargolf3158", "comment": "Great video Brandon.  To your 9th point about moving the some money from your RRSP to your TFSA when you turn 71.  I would suggest that people start doing this as soon as they retire.\nThe reason for this is that once you retire,  you are would be in a lower tax bracket than when you are working.\nSo, if you retire at 65 your income each year from 65 to 71 should theoretically be the same, as your income (pension etc will be the same) so you will be in the same tax bracket.\nAny withdrawal of RRSP at 65 will be taxed at the same rate as if you take it at 71.\nSo by the time you reach 71, you will have less to take out  ( you are forced to remove 5.28 % of the balance at 71, and that amount increases each year after 71).\nThe money you take out can be put into the TFSA to grow tax free.\nThe other reason I think this might be a good strategy, is that if you wait until 71 to remove it, and you pass away at 71, and your spouse (who is also 71) is the beneficiary, now  he/she has \nto start removing money from your RRSP as well as her/his own - twice the tax hit.\n I am not a finance person so I welcome comments to let me know if someone think my reasoning is flawed and maybe suggest  different course of action.\nThanks", "likes": 1}, {"author": "@pargolf3158", "comment": "The reason you would want to have more than one TFSA is that you may want to have a self directed TFSA where you can buy and sell stocks, and another TFSA that you open up at the bank and they put it into a portfolio that you don't touch.", "likes": 0}, {"author": "@cphu72", "comment": "Awesome video, as always Brandon.  One question I have regarding TFSA.  I still have $3000 contribution room left from 2020.  Say if I deposit the max $6000 in January and in June withdraw $7000, do I still have $2000 that I can still contribute in 2021?  I know you said if you withdraw in 2021, you can't re-contribute till 2022, but if I still have room, can I contribute the $2000?  Thanks for your response", "likes": 1}, {"author": "@XIconic", "comment": "5:07 when your tfsa grow significantly  above the natural contribution limit, in this case from 6k to 100k, contribution limit increases  to 100k for the next year and thereafter?", "likes": 0}, {"author": "@JuliusToltesi", "comment": "If I only opened a TFSA in my late 30\u2019s do I only have $6000 worth of room for the year or can I add more. Not sure how to phrase this question. Is it $6000 from the time you open the account or from when you turned 18 years old?", "likes": 0}, {"author": "@the_noble_lefty", "comment": "Do you have any info on Entity Trust Accounts from questrade? I'd like to start investing in equities for my son but don't want to use a RESP account. Are Trusts a good way to go?", "likes": 0}, {"author": "@debbiecameron3024", "comment": "The interest rate right now sucks. 0.05 percent ....on 10,000 dollars I would make enough for a cup of coffee maybe a donut to go with it every year. Why bother.", "likes": 0}, {"author": "@salmanel-farsi3744", "comment": "Q: Can we purchase Crypto or hold Crypto in a TFSA? Fof example: you purchase Crypto using an exhange like Coinbase.", "likes": 0}, {"author": "@whereswendy8544", "comment": "Ms. Freeland has her eye in our savings accounts, calling them \u201cpreloaded stimulus\u201d, which she thinks is going to pay off the debt.  What are we to take from this?", "likes": 1}, {"author": "@MinnieOnCam", "comment": "It's a great vehicle to use for investing along with my RDSP and  being mindful of the ODSP asset limits", "likes": 0}, {"author": "@cheynebest7028", "comment": "Is there a us with hold tax on capital gains?", "likes": 0}, {"author": "@cheynebest7028", "comment": "I dont get day trading. Time in the market will out perform timing the market.", "likes": 2}, {"author": "@dleetrini", "comment": "Great video on TFSA, thanks!! This is very helpful.", "likes": 0}, {"author": "@reynoadrianbraza5472", "comment": "Great video Brandon.\ud83d\udc4d", "likes": 0}, {"author": "@jen8238", "comment": "Thank you for these vids!   I'm a 51 year old first time investor (recovering from an unfair divorce).   You are my go to!   Your explanations are clear and easy to understand!", "likes": 4}, {"author": "@dylanneo98", "comment": "Why would people deliberately over contribute to their tfsa? That doesnt make any sense. If youre over its 1% per month. But if they feel its done deliberately its taxed 100% of the gains on the amount your over", "likes": 0}, {"author": "@annonymous9063", "comment": "Can you clarify: You said US Dividends are taxed at 15% and later you said US stocks are taxed. Are all US stocks taxed or just the dividends? Thanks for enlightening me even more on this wonderful investment tool.", "likes": 0}, {"author": "@nevillejames2200", "comment": "Very important", "likes": 0}, {"author": "@matthewbermudez009", "comment": "If I hold a a stock like AQN in my TFSA and I receive dividend income in US dollars, does this have any tax implications?", "likes": 0}, {"author": "@AnnMitalMercado", "comment": "Very informative \ud83d\udc4f", "likes": 0}, {"author": "@jonisbon1", "comment": "isnt it the contribution you put in initially considered a withdrawal and not initial amount + capital gains?", "likes": 0}, {"author": "@TripReviews", "comment": "Spouses tfsa. I was actually thinking about that. Why can\u2019t o just transfer some funds to her account?  So I believe will do so.", "likes": 0}, {"author": "@shguderjan7181", "comment": "Didn't know about numbers 9 and 10, going to get that clarified quickly!", "likes": 0}, {"author": "@sarauniyaGH", "comment": "Best, straightforward video I've seen on TFSAs.. this really helped me understand everything much better! Thank you \ud83d\ude0a\ud83d\ude4f\ud83c\udffe", "likes": 3}, {"author": "@nddy7556", "comment": "thank you sooo much for clarifying the 15% withheld on US stocks. I was honestly scared to buy US stocks using my tfsa because I thought there was a big process or it was risky to do so. need to do more research on American etfs now!!", "likes": 0}, {"author": "@alexandrealferan7144", "comment": "wait if you have a Drip on dividends that's over $6000 so it does NOT count?", "likes": 0}, {"author": "@lukendlisten", "comment": "Hello, so I opened a TFSA with my bank, and I'm letting the money sit their and I'm adding 100/month. What do you mean by buying or selling in tfsa? I thought I just need to let the money sit and grow in the account.\n\nThank you.", "likes": 1}, {"author": "@michellesamuels8435", "comment": "Contributions amount if you have a TFSA Mutual Fund and a TFSA savings account are the contribution total combined or is the contributions considered different? I'm assuming it's total amount but please clarify.", "likes": 0}, {"author": "@DURRAKUKSI", "comment": "Bro, where you talking to an Albanian in your intro  lol?", "likes": 0}, {"author": "@leoliu4348", "comment": "Bro you should wear a gold shirt cuz your words are $$$", "likes": 0}, {"author": "@claymatthews4779", "comment": "answered a few questions i had about it", "likes": 0}, {"author": "@Momyficator", "comment": "First of all, sorry for my bad English:\n\nSomeone told me that if for exemple I have US stocks with questrade. Even if it is in a TFSA account, when I will remove my money from the TFSA, USA will tax me for my US income. Is it true? I was never been able to have an answer for that.\n\nThanks", "likes": 0}, {"author": "@geordie2652", "comment": "If you are rolling over funds from RRIF to TFSA, I assume you still pay tax on the RRIF withdrawl? If its a rollover I assume it doesnt affect your contribution room at all, but surely you have to pay tax on the RRIF funds that you roll over?", "likes": 1}, {"author": "@srikrishnachandrapa", "comment": "Can the beneficiary be a non-resdent of Canada? That's my biggest money always!", "likes": 0}, {"author": "@binoyshah2138", "comment": "Can an International student open TFSA/RRSP account and use the same once settled here ?", "likes": 0}, {"author": "@joejoe809", "comment": "Good video", "likes": 0}, {"author": "@anoopvohra2773", "comment": "Great information Sir \ud83d\udc4d\ud83d\udc4d", "likes": 0}, {"author": "@andrewolejarz5293", "comment": "It sounds too good to be true. If your investments grow that growth also increases your contribution room?! Amazing", "likes": 1}, {"author": "@michaelperry6376", "comment": "Your videos have gotten better and better over time.", "likes": 0}, {"author": "@janelynsamson8597", "comment": "Thanks for these info.", "likes": 0}, {"author": "@wallstreetbets1975", "comment": "A woman in Quebec took her TFSA from $5k to $240k and was taxed. You can't make crazy gains in it otherwise you WILL be taxed.", "likes": 1}, {"author": "@youngus", "comment": "I have a question-- If I am a non-resident for tax purposes who will be returning to Canada next year in March (2021), will I be able to contribute the whole amount for 2021 after I get back? And If I leave Canada again as a non-resident for tax purposes in 2023 (let's say March), will I not be able to contribute for 2023 before March? thx~", "likes": 1}, {"author": "@henrihajdini3707", "comment": "A reason an individual might want to open multiple TFSA accounts is to protect their funds just in case of insolvency of a CDIC member. Each account will be covered up to 100,000 by CDIC (Canadian Deposit Insurance member), therefore once a TFSA account contains 100,000 it can make sense to open another TFSA with another member", "likes": 5}, {"author": "@bobtheocharidis6024", "comment": "Hi can you do a video on drips", "likes": 0}, {"author": "@TheHansoost", "comment": "Really well presented.  Good examples and straightforward.  Thank you.", "likes": 0}, {"author": "@ldioneil07", "comment": "Does the us withholding tax apply only for dividend and not growth stocks?", "likes": 0}, {"author": "@wayner707", "comment": "Well-explained video. Nice. 2 points:\n1. If you accidently overcontribute one year because you misunderstood the rules, you can always write a letter to CRA asking for forgiveness. I did and they waived the penalty on a one-time basis.\n2. When you die, the entire amount of your TFSA can be rolled into your beneficiary's TFSA with no penalty. \n\nIt might be very helpful to do an entire video on death and non-taxes related to TFSA's.", "likes": 1}, {"author": "@coaster001", "comment": "I have a stock in my trading account which is lower now than what I bought it for.  If I transfer some of those shares to my TFSA, can the capital loss be claimed on that stock?", "likes": 0}, {"author": "@gc4924", "comment": "started investing last september, went with a dividend strategy, lost 20% in covid crash. my friend told me, \"dude what company do you wish to own in the future?\" i told him ,\" thats a no brainer, Tesla. \" losin a good chunk of my money i decided to restart sell off thigs at a loss, went all in Tesla. best decision ever. Now im diversifying by only picking companies i can see ruling the future. Tesla, AMAZON, APPLE, SQUARE", "likes": 0}, {"author": "@tofiqsari", "comment": "What if the Canadian company is  traded on US market? Do I have to to pay tax on its dividends?", "likes": 0}, {"author": "@maelfortin6156", "comment": "Wow! Thank you, you are the best. I asked some of those questions to my Bank AND Financial advisor. Both had no answer for me or couldn't explain it! Thank you", "likes": 1}, {"author": "@THEKiNG-fh9zl", "comment": "Man how could you turn down Kevin O\u2019Leary? Seriously? Why would you do that?", "likes": 0}, {"author": "@ishanmahotra4786", "comment": "Really love what you share.... thank you", "likes": 0}, {"author": "@ishanmahotra4786", "comment": "As a beginner and being from a different nation, I would say your content really help me understand the Canadian financial market", "likes": 23}, {"author": "@Bondanalloy", "comment": "man didn't know about the RRIF one. great strategy if you're forced to RRIF just pump the (however many thousands the contribution may be by then) every year and make more tax free income!", "likes": 0}, {"author": "@jaskaranbath6548", "comment": "Is it worth it to put regular money in a TFSA over a regular savings account?", "likes": 0}, {"author": "@rezaahari2207", "comment": "Can u purchase option on stocks too", "likes": 0}, {"author": "@bahnasproductions6329", "comment": "Thank you for the wonderful video. Amazing stuff!", "likes": 0}, {"author": "@ZzFactorzZ", "comment": "Do we get the next year's contribution room right at the flip of the calendar as well? If I remember correctly... the tax man was asking questions about March to March contributions...", "likes": 1}, {"author": "@kamleshsemail", "comment": "I appreciate the content. Thank You so much.It\u2019s very useful to a beginner like me.", "likes": 0}, {"author": "@polarapx", "comment": "You answered all the questions I have !! Thanks B", "likes": 0}, {"author": "@selvagirivenkatesan6970", "comment": "Can you share if citizens of other countries staying in canada with work permit can invest in stocks and open TFSA account with the brokers directly?", "likes": 0}, {"author": "@feixie1436", "comment": "hey man you gained some weight - but still handsome :)", "likes": 0}, {"author": "@anthony2507", "comment": "The daylight light on the left should be off screen.", "likes": 0}, {"author": "@tak7fai", "comment": "great video, can you make a video  about tax deduction  for day trader 's account ?", "likes": 0}, {"author": "@basilyang3862", "comment": "hey Bradon, love your content but I have a question about two of your facts. \n\n1) Let's say my TFSA contribution limit this year is 60k, and it's my first time  depositing this year so i put in 60k and grow that investment to 100k. In the same year I withdraw 100k. I always thought my next year my TFSA contribution limit would be 66k (assuming they increase the TFSA contribution limit by 6k), not 106k .\n\n2) if i roll my RIF withdraws into my TFSA directly, does that count towards my annual contribution limit? \n\nCould you please share your source concerning this. Thanks", "likes": 0}, {"author": "@hebby_k755", "comment": "that intro was cringy as hell.....and I loved it! keep it up have a like and follow for such a great intro!", "likes": 0}, {"author": "@nettoyageadriance", "comment": "Great info and insight. Thanks! Keep it coming bro!", "likes": 1}, {"author": "@sergiomuccilli2944", "comment": "In your opinion which financial institution has the best rates for investing in a TFSA in Ontario? Thanks", "likes": 0}, {"author": "@shakibahmad1510", "comment": "Hi Brandon, great video. I have a question. If a company I own goes bankrupt and closes. Can I get do a capital loss on my tax return for that amount I lost?", "likes": 0}, {"author": "@hiroanz", "comment": "%TFSA -  one more thing to thank Steven Harper for, along with 7% -> 5% GST!", "likes": 43}, {"author": "@ProjectWander", "comment": "The real question though, did you buy NIO?", "likes": 0}, {"author": "@user-df8cc1ec5e", "comment": "Would it be better to invest all $6000 at once on January 1st, or would it be better to invest $500 per month until December 2021?", "likes": 0}, {"author": "@imkriswithak1135", "comment": "Here\u2019s a good tip. EQ bank now has a tfsa. Move it now before the new year \ud83d\ude09", "likes": 4}, {"author": "@MrRk41", "comment": "Very informative for the newcomers to Canada and new bees who happen to start contributing to their tax shelter buckets", "likes": 1}, {"author": "@Kevin_Street", "comment": "Great video, Brandon. And I _did_ learn something new from it. Your example of depositing $6000 into a TFSA, growing it to $100 000, then withdrawing the $100 000 and having $100 000 contribution space open plus whatever space you already had available that year was really new to me. It makes the TFSA more useful than I realized.", "likes": 6}, {"author": "@edh6062", "comment": "Never thought about #4 like that, thanks", "likes": 0}, {"author": "@abenaoteng2912", "comment": "Can you do one of these for an RRSP? Thanks", "likes": 1}, {"author": "@jadkaspar7431", "comment": "Do we get taxed if we hold or sell a non-dividend us stock?", "likes": 1}, {"author": "@aba192", "comment": "Brandon, just so I'm clear, if I hold US securities, I get that they withhold 15% on paid dividends, but if my stock has capital appreciation and I sell, does the gain also get taxed 15% ? If not it feels the rule would favor growth stock and it's not really fair =( thanks in advance", "likes": 0}, {"author": "@WizardJ306", "comment": "So is it smarter to only buy Canadian stocks in the tfsa and American and Canadian in your rrsp?", "likes": 0}, {"author": "@jump312", "comment": "lol that 15% pay to play in the USA, totally worth it. Just the cost of doing business with the big boys.", "likes": 4}, {"author": "@financetruths5264", "comment": "Can you please clarifying that example of 6000 turning into 100k? Wouldn\u2019t you pay 1 % of 100,000 - 67500 = 32500 ? Since the max as of today is 67500? Thanks and great video !", "likes": 0}, {"author": "@kimchesterjardino4083", "comment": "Hi Brandon, nice Video bro you rock! keep it up bro :)  btw just wondering if you know if we can transfer funds/stocks from our Lock-in RRSP to our RRSP? or RRSP to our TFSA without being penalized by CRA. Thanks bro.", "likes": 0}, {"author": "@ADobbin1", "comment": "I'm guessing the threshold for too much trading comes down to how much money you are making and how many dollar signs the government feels its missing out on.", "likes": 0}, {"author": "@Jonnysh", "comment": "I believe it's \"bite the dust\"", "likes": 2}, {"author": "@emericmarchand1392", "comment": "Love the new setup ! I knew all those those tips, but that's after a lot of research. Wish I watch this first cause it would have save me a lot of time ! Definitly the best channel for that kind of info !", "likes": 0}, {"author": "@ciciliu3859", "comment": "Hey Brandon, when you say you can rollover the money from RIF to TFSA and have your money sheltered. Does that mean the funds do not need to be included in the income for that year? Or you still pay the withholding tax?", "likes": 0}, {"author": "@danifarago213", "comment": "Does transferring your TFSA to a spouses account be considered a withdrawal? My spouse currently has made no contributions to his TFSA and we decided to transfer all the money from mine to his (to take advantage of a 2.10% that tangerine is currently offering). Does this count as a withdrawal? Will I get my full contribution room back in the new year? Thanks for your consistently amazing videos! :)", "likes": 0}, {"author": "@andrewbrown3902", "comment": "So I wanna take money out in dec out of my tfsa I wouldn't be able to put until January?", "likes": 8}, {"author": "@laurie123me", "comment": "Would you be able to make a video on what to do when you've maxed out your TFSA? Can you provide strategies on what type of investments you should hold in a personal investment account vs. your TFSA. Thanks!!", "likes": 29}, {"author": "@joshua_fry_speed9449", "comment": "Thanks for hanging up on Kevin O\u2019Leary what an unpleasant blowhard", "likes": 2}, {"author": "@WaysToWealth", "comment": "I love my TFSA", "likes": 1}, {"author": "@nickcicione8455", "comment": "I don't have a tfsa but I do have a rrsp, can I transfer some of that over to a tfsa?", "likes": 1}, {"author": "@magicstorm1", "comment": "Hey Brandon,just a clarification,so if I have 55,000 contribution limit and I invested only 15,000 of my money. Then let say I did bad and lost 2,000. If I withdraw the remaining 13,000 for some reason does that mean my next year limit will  only be 13,000 + the new 6000?? As in I lost the 36,000 worth of space?", "likes": 0}, {"author": "@tiktokcanada2757", "comment": "Can we buy a Call and Put option that maybe expire on a month or 6 months", "likes": 1}, {"author": "@NonStops909", "comment": "Question for point #4. If i grew my investments to 1 million and took it out tomorrow. I could contribute that 1 million back in next year with no problems?", "likes": 0}, {"author": "@jasonseitanidis4776", "comment": "Algorithm booster", "likes": 0}, {"author": "@ElyoTV", "comment": "New to trading. If I don\u2019t use all my contribution space in one year, will it be added to the next year?", "likes": 0}, {"author": "@ElenaWalks", "comment": "Cool info, thanks a lot!\ud83d\ude0a\ud83e\udd17\ud83d\udc4d", "likes": 0}, {"author": "@swingingforgold5743", "comment": "Great video thanks for the information so say I am 30 years old and have never contributed to my TF essay before and let\u2019s say I have $60,000 of room does that mean I can put in $60,000 this year and then continue with 6000 the years after", "likes": 1}, {"author": "@briannguyen1134", "comment": "What about when you transfer tfsa to another like how when you make a tfsa with TD they give you a Canadian and us version if I transfer 2000 from Canadian to us account does that add another 2000 to my contribution room", "likes": 1}, {"author": "@Slickpete83", "comment": "thanks for all the great info Brandon \ud83c\udf7b\ud83d\udc4d\n\nPlease help & donate to Youth Without Shelter  in Toronto ,on Go Fund Me website https://gf.me/u/zapv9a\nany small amount helps even a $1 , thank you", "likes": 1}, {"author": "@RyanHoulio", "comment": "if you hold a canadian stock that is listed on a us exchange do they withold 15% of the dividend. Say Suncor on NYSE for example.", "likes": 0}, {"author": "@daniellee2298", "comment": "It's so good, its capped by the government", "likes": 0}, {"author": "@jean-claudebertrand7125", "comment": "In regards to #9, RIFF to TFSA at 71 years old, I would assume that it can only be done if there\u2019s TFSA room available, right?", "likes": 0}, {"author": "@calvinng2597", "comment": "I have a question. On my CRA account, it says I have $40k contribution room as of January 1st, 2020. I read online that you can only contribute 6k each year. I deposited 8k into my Questade TFSA this year, will I be penalized?", "likes": 1}, {"author": "@znerocks", "comment": "nice, the video doesn't shake as much as the previous one :D", "likes": 1}, {"author": "@taohu1941", "comment": "Great video, thanks Brandon. Just wondering if we can deposit US dollars (not converting CAD) into TFSA account?", "likes": 0}, {"author": "@Astral106", "comment": "Thank you so much!! You answers and clarify two of my major questions that was not clarify in your other video.\ud83d\ude01\ud83d\ude0d", "likes": 4}, {"author": "@talentedmocha9452", "comment": "Are capital gains on US stocks subject to withholding taxes?", "likes": 1}, {"author": "@aronkahsay6075", "comment": "Hi Brandon, thank you for the wonderful information, but I have one question if could please, can I buy OTC/PINK SHEET stocks in my TFSA account?", "likes": 1}, {"author": "@ab.4425", "comment": "Great information Buddy!! Thank you so much!!", "likes": 0}, {"author": "@miccooo8929", "comment": "So if we invested our money in stocks for $6000 and it grew to up $100,000, we can withdraw the $100,000 from the TFSA as a whole without it getting taxed?", "likes": 4}, {"author": "@a004", "comment": "When can you start investing the new year's contribution limit? Can I add the $6k on January 1st, 2021?", "likes": 17}, {"author": "@meroshango9603", "comment": "What it means \"profesional trading\" in 7:18 ???", "likes": 0}, {"author": "@MrJamesDaniels", "comment": "Great video ... well done! \u270c\ufe0f\ud83d\ude0f\ud83d\udc4d", "likes": 1}, {"author": "@sylvainbeausejour", "comment": "When you must (at 71) remove money from your RRSP and move into a TFSA, there must be tax impacts right?  After all RRSP only defers taxes until you get money out?  So my understanding is that if you have say $54 000 or taxable revenue and get $6 000 from your now RRIF to your TFSA, your taxable revenue is not $60 000.", "likes": 1}, {"author": "@sandrahubble-rowland1029", "comment": "Do you have a video on switching from and advisor at bank to wealth simple or quest trade?", "likes": 0}, {"author": "@ScottyT47", "comment": "man what a coincidence, I just figured out my TFSA contribution room after watching your last TFSA video yesterday :D", "likes": 1}, {"author": "@meetramneek", "comment": "What do you exactly mean at 8:06 \u201cfor everybody else\u201d???", "likes": 0}, {"author": "@mecca319", "comment": "is 15% witholding tax only applicable to dividends earned from US stocks? what if I sell a US stock and made money from it?  is that tax free or is there tax that US government take from that?", "likes": 1}, {"author": "@aaronhahn9550", "comment": "Do you pay withholding tax on a Canadian etf that has American holdings within it like zsp or zqq", "likes": 3}, {"author": "@fs982", "comment": "Good video, Brandon. One more point to add. Next year's TFSA contribution is tied to inflation rate", "likes": 0}, {"author": "@dianeellah9438", "comment": "Great. Almost knew everything. Exception. Dividends in US stocks withholding tax\nHowever knew no dividend tax credit on Cdn income tax  thanks", "likes": 0}, {"author": "@scottmills524", "comment": "The rrif to a tfsa is the only thing I didn\u2019t ow", "likes": 6}, {"author": "@Steven-wq8tx", "comment": "I subscribed to your channel because of that TFSA video! You\u2019re great at explaining financial literacy to beginners", "likes": 1}, {"author": "@danzwku", "comment": "Kevin o Leary wishes he could get on this show", "likes": 13}, {"author": "@murasakiil3845", "comment": "thanks! just learned that witholding tax doesn't require filing taxes. It was almost going to stop me from investing in us companies or ETF that pay any dividend like Costco", "likes": 0}, {"author": "@FelipePereiraFP", "comment": "Great video, Brandon! I would have added an 11th item there: you can move your money from one TFSA account to another one without losing your contribution room for that year, as long as you request the institution where you hold the receiver account to do that and don't withdraw the money yourself.", "likes": 35}, {"author": "@jaywalkingaroundtown5879", "comment": "Great video Brandon! Please talk more about Canadian investments.  :)", "likes": 0}, {"author": "@jaepark9853", "comment": "Your first TFSA video is what got me hooked on your channel! I know how to save a lot more and be comfortable working with Weathlsimple and Questrade. Sending love from Edmonton!", "likes": 6}, {"author": "@NicksTaxes", "comment": "TFSA is Canada\u2019s best investing account. Hands down  - tax free millionaire here we come!", "likes": 105}, {"author": "@aderimikelala9730", "comment": "Thanks for this video! Can you also do a video about having a TFSA as a nonresident in Canada and the implications? Thanks!", "likes": 0}, {"author": "@ParallelWealth", "comment": "Successor listed beneficiary is a huge benefit for everyone and should be the default, but it is especially important to older couples that have maximized their accounts and could experience OAS clawback on the death of a spouse.  You could double your TFSA room by listing a successor over straight beneficiary.", "likes": 0}, {"author": "@emmanuelmaritana9992", "comment": "As always, you're always a great watch! I keep on learning.", "likes": 5}, {"author": "@stonks1150", "comment": "So hypothetically, if I had 6k in a singular stock and grew it to 100k. And I sold that 100k stock. I don\u2019t have to pay any tax on that 100k?", "likes": 3}, {"author": "@samramos1470", "comment": "How can you name a successor for when and if you pass away early? Do you have to fill out a form and send it to the CRA? how does that work", "likes": 1}, {"author": "@marytouch2915", "comment": "Great video Brandon! \ud83d\ude0d", "likes": 0}, {"author": "@Fizzbuzzbizzfuzz2", "comment": "awesome, thanks for answering all my questions", "likes": 0}, {"author": "@revdotearth2.020", "comment": "great video thx,trading my stocks and turning funds into dividend reits in my tfsa wonder if cra will think i am day trading ?", "likes": 0}, {"author": "@MeetPatel-cq6kr", "comment": "Hey Brandon, I am Meet and I am a huge admirer of yours. I watch your youtube videos regularly and I have also just completed free crash course on the investing academy. I am only 23 and I am new to the world of investment. However, I would say this sounds very fascinating to me and I am very excited to start my journey. I just wanted to reach out to you to say a big thank you just for motivating young students like us to start investing and really build a growing portfolio overtime for long term gains. Also, if possible can you please suggest the best books on investment or stock market for a beginner like me? This would help me build my knowledge, confidence and help me understand the market along with it's technical terms in more depth. I want to start from scratch, explore and understand the theory part of it as well rather than just investing too fast. And maybe after reading books and spending some time investing in my own, if I feel that I need some help as well in my busy schedule to build my portfolio, I will surely reach out to you and join the investing academy community. Thanks in advance and I hope to get a positive response from you \ud83d\ude0a", "likes": 1}, {"author": "@JD-hm2wo", "comment": "1. Anyone know if there is a 15% withholding tax when you sell US stocks(ie. a non-dividend stock) within a Canadian TFSA account? and 0% in an RRSP?\n2. If my contribution limit is 10k and i gain 20k the same year and withdraw all, is the following year limit still 10k + 6k or 20k + 6k? I think you answered this one, just wanted to clarify\n3. If I max out TFSA, is the next best investing account RRSP or non-registered cash account for long term?\n thanks for the content Brandon", "likes": 0}, {"author": "@comes1737", "comment": "Do you pay 15% withholding tax on capital gains on US stocks?", "likes": 0}, {"author": "@paulgidge7826", "comment": "Great info Brandon.  \nList me luck just bought my first crypto.  .", "likes": 2}, {"author": "@Rajee.10", "comment": "I have been wanting to know how much I can contribute. The CRA website tip was exactly what I needed. Thank you!", "likes": 0}, {"author": "@warrencorber3275", "comment": "Solid intro my man", "likes": 0}, {"author": "@henjer2150", "comment": "Yet another great video sir. There isn't much Canadian content out there.", "likes": 1}, {"author": "@Alex77439", "comment": "Great video for Canadian, Thank you!", "likes": 0}, {"author": "@ktm4life288", "comment": "Best Tfsa video iv seen! Great refresher. Couple of questions. \nI accidentally had a OTC stock in my tfsa for a bit. I sold it a few months later at a small loss, is that gonna  penalize my entire tfsa or just that holding. \nI do have a high growth tfsa and swap some holdings every few months, I know nothing is for sure. Would you deem that ok? Worried cause some are 30% gains plus when switched", "likes": 0}, {"author": "@phunkimunk5395", "comment": "Good video with good info. I have a question for you, something I have always struggled with understanding. Suppose I owned a Canadian listed etf in my TFSA that held both Cdn and American companies in it. Would the dividends from that etf be subjected to the withholding taxes? Also, the same thing applies for REITS such as Granite. They have over 60% of their holdings in the US. What would the withholding rules be for these examples if held in a TFSA? Thanks.", "likes": 0}, {"author": "@souper7469", "comment": "Do you know anything about depositing USD into TSFA and figuring out the contribution it takes?", "likes": 0}, {"author": "@joshmont4896", "comment": "Thanks for the clarification! Solid video.", "likes": 1}, {"author": "@samsunpen15", "comment": "Do you get taxed on us stock capital gain in your TFSA ? Thanks for video !", "likes": 1}, {"author": "@MzKegz", "comment": "Brandon, I feel like I ask you too many questions and made this for me LOL message sent JK", "likes": 5}, {"author": "@four-pixels", "comment": "TFSA - Lets gooo !", "likes": 0}, {"author": "@laylaabdi7231", "comment": "EQ Bank now offers a TFSA with a high interest rate :)", "likes": 4}, {"author": "@CaseyBurnsInvesting", "comment": "Matching and returns aren\u2019t part of your contributions. Biggest gem I needed when I first got started.", "likes": 5}, {"author": "@beaviswealth", "comment": "\ud83d\udcc8\ud83d\udcda As always, if you're a beginner to the Stock Market in Canada and you're looking for a step-by-step blueprint on how to get started... Find out more about our Investing Academy here - https://bit.ly/theinvestingacademy\n\nThanks for watching everyone! If you enjoyed don't forget to DROP A LIKE! :)", "likes": 24}, {"author": "@j.p.6228", "comment": "Skits are great haha", "likes": 1}, {"author": "@maxbenda1053", "comment": "TFSA\u2019s are so important this video is great!", "likes": 7}]