[{"author": "@danielhagen109", "comment": "Insecure marked now", "likes": 0}, {"author": "@alexisevillafc", "comment": "Thanks for sharing!", "likes": 0}, {"author": "@danieljamal3709", "comment": "If you stay invested and ignore the market's ups and downs, you'll make a lot of money in the long run; however, a severe market correction causes a lot of margin calls and sell-offs, driving the market even lower. People get greedy in this bull market, and it's extremely irresistible (fear of missing out) to buy more stocks with borrowed money or money they don't have. In the United States, people even bought stocks using their home equity line.", "likes": 53}, {"author": "@vertebral", "comment": "shoutout to the fluff at @2:22", "likes": 0}, {"author": "@gevitz77", "comment": "I agree Brandon. Was going to buy FAANG stocks but with the drop happening, I\"m waiting. I know you can't totally time the market, but you can use timing. i.e. why would I buy something in the middle of a fairly steep drop? Waiting seems wise.", "likes": 0}, {"author": "@josephlgamblejr9560", "comment": "I think it\u2019s gonna go up and down but here in the next 6 7 months is going to drop significantly low the rich are going to start pulling out and that\u2019s when things are gonna get bad", "likes": 0}, {"author": "@denimira.borisova", "comment": "thank you for that...I was thinking about exactly the same and then this video popped up...", "likes": 0}, {"author": "@janetvang6898", "comment": "Don\u2019t wait before it too late. 1 months from now. Read this message again.", "likes": 0}, {"author": "@cesardrudi8238", "comment": "I totally agree with you, we live in risky and volatile times...", "likes": 0}, {"author": "@jo-annguthur7314", "comment": "I actually finally get it! Validating stocks similar to real estate - that\u2019s how I interpreted the story of GPU\u2019s - can you add more details on how to value companies. Thansk", "likes": 0}, {"author": "@adrianbarrett7710", "comment": "I liked your comparison of different portfolios and asset allocation. I do have these questions\r\n1) If you have made enough money to sit out this scare, should you ? If so, how do I protect my wealth from inflation?", "likes": 0}, {"author": "@pking5096", "comment": "The Omicron variant is way worse than we know it. A new vaccine will be pushed upon us when the infection rate is high globally.", "likes": 1}, {"author": "@grease112", "comment": "Rather than holding in cash, why don't you just hold in VFV or some stable easily liquidated stock and sell if you need to buy something else? At least this way, you have better in the event that the market goes up.", "likes": 0}, {"author": "@grease112", "comment": "what the heck!  get lost lint", "likes": 0}, {"author": "@rymaniquez5578", "comment": "So you are timing the market..now we are talking..", "likes": 0}, {"author": "@garyExposMtl", "comment": "If I buy then the market will go down right after.  If I'm planning to buy then it goes up like crazy just before I do.  It's a very good indicator of the market.", "likes": 1}, {"author": "@Galluchh", "comment": "Honestly this was a good video, gave me some more insight into what I've already been thinking about", "likes": 0}, {"author": "@peirs3071", "comment": "Isn't it commonly known that time IN the market > Timing the market?", "likes": 1}, {"author": "@adventuresonvancouverislan3875", "comment": "Bought tons of manulife and Riocan last Friday. Manulife pays 5.6% dividend with a 34% payout ratio\u2026. Riocan can has a price to book value of .76 and that doesn\u2019t include the various development properties  almost completed.  These are the companies that should be bought during the dips\u2026.", "likes": 0}, {"author": "@adventuresonvancouverislan3875", "comment": "Lol meanwhile the market has recovered\u2026why would you of all people not buy things when on sale?", "likes": 0}, {"author": "@christower5551", "comment": "Dude how the hell did you end up on my recommended videos. This advice is trash. The most basic argument against your advice is that you can't time the market. This is the most basic college 101 advice there is.\n\nAnd if anyone did the opposite of you since posting this video, the market is up 3% so they would be killing it right now.\n\nPro tip: buy and hold, the biggest key to success is time in the market. \n\nGood luck.", "likes": 2}, {"author": "@samalexander5236", "comment": "TD Bank, I think it\u2019s primed to do even better if interest rates go up.", "likes": 0}, {"author": "@chilenozo", "comment": "I disagree, today, for a young person/investor, the stock market is like the old housing market. The sum of the cost of every product/stock, is way, way below the actual price. Many can't even buy houses today, so with stock trading and crypto barriers of entry being so low, it is obvious that any new investor looking to grow their money will keep buying some dip. Houses will keep rising in price, some dips will come here and there but many real state investors are long term, so they know they will hold while people will keep borrowing money to buy at such inflated prices. Because people have money to invest, but may not have money to buy houses, it is natural to expect prices keep rising. In short, given the low barrier of entry into stock/crypto, and the high for housing, people will keep investing, albeit the risk, in markets. The little guy is here to stay, there will always be winners and losers. Maybe your old-fashioned strategy may need a review, what happens of the markets get a sudden spike in long/short uneducated investors that don't look at the same metrics as you? Other metrics should come.", "likes": 0}, {"author": "@alexpelchat6411", "comment": "That dip got bought today!", "likes": 0}, {"author": "@investingforlife4515", "comment": "Well said Brandon! I agree with you that it is more important to be cognizant and aware of the quality of stocks that you own. Determining which stocks can weather the storm is far more valuable that timing the market and worrying about potential drops. Great video once again!", "likes": 0}, {"author": "@afzalshaikh2128", "comment": "I agree, but not everyone is Microsoft and Amazon. Everyone loves to use these examples.", "likes": 0}, {"author": "@greenlovegreenlove", "comment": "Is it worth it to buy Air Canada? Hold it until years from now when it get back at to $30/40 a share", "likes": 0}, {"author": "@Robyn-Hood", "comment": "get out of all china stocks while you can!!", "likes": 0}, {"author": "@renzenker2526", "comment": "Thank you. I sold everything end of June 2021\n I'm 30% back in since beginning of October in well paying dividend stocks...allmost in the red now...so I will hold off for a further correction.", "likes": 2}, {"author": "@blackey3728", "comment": "Tesla AMC Apple  \ud83c\uddec\ud83c\uddfe\ud83e\udd8d\ud83d\ude80\ud83d\ude80\ud83d\ude80\ud83d\udcaf\ud83d\udcaf\ud83d\udcaf", "likes": 0}, {"author": "@josephmunro7768", "comment": "Do you own any index funds?", "likes": 0}, {"author": "@JD-un2zv", "comment": "There is dip long, and the dip sell.   Wouldn't  go long right now but I would buy then sell the dips.", "likes": 0}, {"author": "@seolfor4797", "comment": "Love your channel Brandon! \nThanks for this insight - my 2 cents - keep a view on the long term and buy companies that you understand - I\u2019m a simple guy so I like Canadian banks and telecoms - and major US companies - the household names that are mentioned on this channel.\nI\u2019m not a fan of Chinese stocks - way too dependent on the wims of the CCP. Look at Tencent and DIDI.\nHappy Pre-Christmas wishes everyone!", "likes": 3}, {"author": "@goldeneastgun", "comment": "I'm sensing it too... Difficult it is to see, but there is a disturbance in the force. Time to fall back and regroup.", "likes": 2}, {"author": "@frbosse1", "comment": "Don't buy based on what \"the market\" is doing. Buy individual stocks based on their valuation. Also sell based on valuation. Not very complicated, happens to work.", "likes": 0}, {"author": "@johnstutt5927", "comment": "Totally agree. I am seeing Visa making a very nice correction and looking at everything that is going on I am on the side lines right now.", "likes": 0}, {"author": "@j-rocgeo7499", "comment": "Tesla, Tesla and some more Tesla.", "likes": 0}, {"author": "@MartinMcClellanGT", "comment": "Visa and MasterCard are dead stocks. They\u2019re part of the old legacy of business and many high end investors are selling them for that same reason. Affirm for exemple is taking away V and MA market share. Buy now pay later is the future.", "likes": 0}, {"author": "@peterlee5278", "comment": "I think is going sideway for December up and down  January will go down more   Market too high. Hold your cash \ud83d\udcb5 don\u2019t buy. I didn\u2019t buy so I am not losing and not gaining  sleep \ud83d\ude34 very good no worries Christmas \ud83c\udf84 time  people are selling  this Christmas \ud83c\udf84 is different \ud83d\udd2a\ud83d\udc3b\ud83d\udc3b", "likes": 0}, {"author": "@vigneshwarthulasirangan2323", "comment": "Hi Brandon,\nPerfect video at right time but I have a question. What is your thoughts about boeing stock which is been smacked down. I bought it at 212 and 192 and averaged it to 204. Eventhough I don't know will it be a good stock to hold or not.", "likes": 0}, {"author": "@hugoleblanc4084", "comment": "It\u2019s because we have no more money left from all the dips!", "likes": 0}, {"author": "@VanessaVendetti", "comment": "Love hearing your perspective Brandon!", "likes": 0}, {"author": "@therealist3359", "comment": "I think you are smart to hold out for awhile and see what happens.  Goverments have been feeding the market for way to long.  Maybe you are trying to time the market but when you see a train coming down the track you should probably jump off the track.", "likes": 0}, {"author": "@tc4271", "comment": "I laughed so hard at the flying fluff part \ud83d\ude02\ud83d\ude02\ud83d\ude02 \u201cWHat thE HECK\u201d", "likes": 5}, {"author": "@Ryedor", "comment": "I don't think institutions and hedge funds are going to hold cash. Due to inflation , that cash would lose at least 6%.  Bonds aren't much better.   A company stock paying 4% dividends , but losing value due to market crash isn't any better.  That cash needs to go somewhere to make money by beating inflation ... but where ???   Maybe follow hedge funds to see where they are going ? \nBueller ? Bueller ? lol", "likes": 1}, {"author": "@cirentXD", "comment": "You were lucky to see your TFSA at the time you did", "likes": 0}, {"author": "@thanhomerae", "comment": "These days, my portfolio dropped a lot....really have no idea what's happening... Omicron!!?", "likes": 0}, {"author": "@CanadianDividendInvesting", "comment": "Damn man, I guess selling off your TFSA was a good play. Starting to DCA when the market continues to drop is a powerful move", "likes": 1}, {"author": "@JJS432", "comment": "Alcantera steering wheel? What you driving man.", "likes": 0}, {"author": "@adrianrambleson7852", "comment": "Makes sense to hold back. At any time now Russia could invade Ukraine, and China could invade Taiwan and the markets would tumble regardless how good the investments are. I follow the Canadian Banks closely and there have been years where the stock price seem to be going sideways without end. But you win year on year not day by day or even month by month.", "likes": 0}, {"author": "@cirodirosa6752", "comment": "I find that selling covered calls not only adds returns..... it causes distress only when my long term stock price rises (not when it falls)\n\nI recommend purchasing defense stocks and sell covered calls!", "likes": 1}, {"author": "@ericson4534", "comment": "You will only lose (realized) when u sell...Buy and Hold!\nDollar cost ave.\nPrepare your portpolio (diversified) for short term volatility and let it cruise control for long term!\nJust relax and enjoy the ride!\nIn history of crashes from 1930-current it always bounce back in upward trajectory!!!\nIt takes time to recover but it's always upward trajectory!!!\nEagles don't fly away from the storm. They GLIDE and thrive through the storm!\nThanks Brandon and Mark! \ud83d\udc4c\ud83d\ude4f\ud83e\udd70", "likes": 0}, {"author": "@shynepatron8941", "comment": "What do think about Activision/Blizzard right now?", "likes": 0}, {"author": "@teresateresa8933", "comment": "What you are doing is the mere definition of trying to time the market.\nI\u2019m not saying anything wrong with what you\u2019re doing but timing the market is exactly what you are doing.\nThrowing a ton of money back in the market right now is absolutely a bad idea that\u2019s why people should be just regulating adding to their share portfolio weekly or monthly.\nBut bottom line for my response perhaps don\u2019t change the name of what you\u2019re doing, it\u2019s timing the market.", "likes": 5}, {"author": "@arshaend9951", "comment": "2:22 when you buy the dip and it keeps dipping", "likes": 3}, {"author": "@SkiNFlU73", "comment": "Always appreciate your insight and wisdom, gonna be patient, waiting a bit longer to deploy cash, the will buy the dip heavy. GLTA", "likes": 0}, {"author": "@polkim8089", "comment": "I'm buying ...", "likes": 0}, {"author": "@andrewsimorjay1774", "comment": "Love the videos, but the Gpu comparison is terrible. First off you compared a 3080 to a 3080ti. The main thing though is crypto mining, roughly a 3080 makes 10$ a day, even at 2500$ it\u2019s a 250 day ROI.... you not getting that anywhere else. Gpus are prices on mining profitability... get the idea, but this was a terrible comparison", "likes": 0}, {"author": "@AsiaPacificTV", "comment": "such a short term thinking, timing the market", "likes": 2}, {"author": "@owend8956", "comment": "AAPL, DIS, VFV, BAM.A is all I've been buying. Long game for me no worries.", "likes": 9}, {"author": "@mahirhaque1801", "comment": "Last time the snp 500 had a valuation so high you had a negative return from peak for 5 years.", "likes": 0}, {"author": "@ritagiri9420", "comment": "Please, make videos regarding delisting of chinese stocks, i assume its just for didi as it has problem since the beginning. Please, love to hear it mire from you", "likes": 1}, {"author": "@aswinyeoh8163", "comment": "Don't just look at index. There are some individual stocks on sale. 50% from the high.\n\nSquare, Shopify, visa, docusign crowdstrike, palantir are down quite a lot.", "likes": 1}, {"author": "@jus4fungaming745", "comment": "Unfortunately you are trying to time the market even though you say you are not", "likes": 2}, {"author": "@matthewturgeon767", "comment": "Go all in small caps!", "likes": 0}, {"author": "@thundermike109", "comment": "Buy the dip", "likes": 0}, {"author": "@johnkrneta5627", "comment": "$1000 to $2700 is not a 200% to 300% markup. \nIt is a 170% markup. \n$1000 is the base price, \n$1700 is the markup, \nso $1700/$1000 = 170%.", "likes": 0}, {"author": "@ab.4425", "comment": "Thank you for the video Bud!!", "likes": 0}, {"author": "@turbofanlover", "comment": "Markets are right on the edge, right now.  You gotta be patient and just sit back and see which way this goes.  At some point, \"buying the dip\" is not going to work.  Guaranteed...it will happen.", "likes": 0}, {"author": "@ReeferGenesis", "comment": "I smell a Margin call from the recent crypto drop", "likes": 0}, {"author": "@jacked6", "comment": "Never time the market. It is impossible.  Ignore single stocks and just throw money in an S&P 500 ETF like VOO (VFV), SPY, etc every month for the next several years.", "likes": 16}, {"author": "@RyanThomasWoods", "comment": "Love these reality check videos and actually wish they were uploaded weekly or bi-weekly on the current market week to week", "likes": 1}, {"author": "@cupcake19986", "comment": "Hey Brandon, great video! Can you pls make a video on investing in visa? Whether it\u2019s a good pick, when\u2019s the right time to buy, etc?", "likes": 0}, {"author": "@ctrlaltdelete321", "comment": "if we don't buy stocks should we just hold cash or will inflation eat away at the cash?", "likes": 0}, {"author": "@TemujinBC", "comment": "Why aren't you buying stocks?\n\nBB: Because I just bought a house and I'm totally broke hahahahaha\ud83d\ude06\ud83e\udd23\ud83d\ude02", "likes": 12}, {"author": "@LivingTheLifeRetired", "comment": "Well, BNS at $80 is yielding 5%. Getting that kinda yield on a bank stock is amazing.", "likes": 2}, {"author": "@dwaynerudkavitch5307", "comment": "well your not trying to time the market. hmmm. I call bullshit.  You mean to tell me that V isn't over valued or most of anything else in the market thats worth while owning. It's just where we are in the cycle right now. Nothing is cheap. Buy good companies and do your research on the companies that can operate in this environment. So you telling your clients not to contribute to their accts?  I understand being patient. The cash should be there in their accts waiting for variuos opportunities to be deployed and statiegically funding various positions. You and daddy have said time in the market not timing the market...so which one is  it Bucko. How much fixed income do you recommend, I am curious... to your clients that is...If the markets can't handle 2% interest rates and the people as a whole 3.5% on their mortage then you should be telling people to sell it all. That would show some conviction now wouldn't it. Have a good day sport", "likes": 1}, {"author": "@mcbardia1", "comment": "Stop wasting time on these videos. Just buy on regular basis and if there is a major correction then buy more in quality stockd... These speculations are pointless for long term investors.", "likes": 3}, {"author": "@PerfectPoint100", "comment": "Once the middle man has nothing left to lose because of inflation, interest rates will go up to 20%.", "likes": 0}, {"author": "@Lawliet734", "comment": "Are Canadian & US bank stocks considered expensive?", "likes": 1}, {"author": "@donzkietv168", "comment": "what do u drive Brandon? Nice sunroof..", "likes": 0}, {"author": "@tylersklenka9629", "comment": "I appreciate the input and frankness of this video. I've just started investing this year (with you and Marc's help) and have been a bit gung ho - but needed a bit of a reality check and to seriously take a look at my portfolio and analyze \"what changes do I need to make, and do I own Quality\"", "likes": 4}, {"author": "@mikeb5030", "comment": "ALIBABA BUY, REST STAY AWAY", "likes": 0}, {"author": "@cedricdellafaille1361", "comment": "really not buying at indicies support levels?\nscale in now, i mean seriously when will you buy? the same people saying not to buy now are the ones that bought at a small dip. small caps have beenn hammered hard!", "likes": 0}, {"author": "@BigGroupHug", "comment": "Lmao. Buy more GICs eh?", "likes": 0}, {"author": "@unnecessary982", "comment": "U not adding baba? It\u2019s 110 now", "likes": 0}, {"author": "@ItsBurnahMan", "comment": "had a feeling a vid would come out today. needed this, thanks brandon", "likes": 0}, {"author": "@MorningLolz", "comment": "What\u2019re your thoughts on adding to AQN now guys? Down 3.5%", "likes": 8}, {"author": "@kenchow8213", "comment": "Are you concerned at all that the Chinese government will demand that Tencent & Alibaba delist from the US market like they did for DiDi?", "likes": 2}, {"author": "@mena376", "comment": "pfffff doesn't even have a lambo", "likes": 0}, {"author": "@yen_mytran5435", "comment": "Thanks", "likes": 0}, {"author": "@javiermontemayor3945", "comment": "Great advice as always", "likes": 0}, {"author": "@Dave004", "comment": "Agreed on BABA and Tencent, got crushed on them both, i'm down about 45% in BABA as I invested early with them but holding for the long run, can't invest anymore though since its already my largest position and my biggest loser at the same time. Did buy some Paypal yesterday, I think its looking a bit undervalued and has decent growth and good cash on hand and free cash flow.", "likes": 2}, {"author": "@atio5491", "comment": "I needed this. I\u2019ve only been buying two things, VFV and BAM.A in recent weeks but I\u2019ve been thinking of increasing my other holdings because of this drop. I need to pick the other options just as carefully.", "likes": 11}, {"author": "@unnecessary982", "comment": "tencent n baba n nio \ud83d\ude43\ud83d\ude2d\ud83d\udc94", "likes": 0}, {"author": "@Kevin_Street", "comment": "(Okay, I give up! This is version 5 of my comment, since the first four were promptly deleted by YouTube. There's something seriously wrong with this platform and it seems to be getting much worse over time.)\n\nThanks for the new video, Brandon. It sounds like you think the current market is quite overpriced, and a \nsignificant correction is coming. It's funny, back when your channel first started and you did those news style \nreports each week, I was certain a recession was coming. But I was wrong then, and while you seem to have grown more certain over time I don't feel confident making predictions anymore. \n\nSo I guess I'm saying I don't know. With all the unprecedented things happening right now I think we've been in bat country for some time, and past performance doesn't indicate future results like it used to.", "likes": 5}, {"author": "@benhaze1010", "comment": "I think the actual state of the stock market is way worse than  what you are describing. The run up happening this last year (and even quite earlier than that)  is mostly completely unjustified; the low interest rates we have seen these past few years caused way too many large and small investors to invest in the stock market and this will all going to crash when interest rates start to go up.", "likes": 3}, {"author": "@G14U", "comment": "How to properly buy the dip...here you go...buy the best valuations around in growing companies and just don\u2019t care what happens next. There.", "likes": 3}, {"author": "@KyngD469", "comment": "I thought time in the market beat timing the market. Arent you trying to time it?", "likes": 0}, {"author": "@dave5905", "comment": "I wish I had waited to invest this year. I put thousands of dollars into the market in the last 3 months... I even knew things were inflated and I invested anyway because \"time in the market\" versus timing the market... Such is life, but definitely recommend people hold onto their extra money right now and shop for good deals. Learning the hard way is painful when it comes to finances.", "likes": 9}, {"author": "@RandomEvents_", "comment": "I got cash on the side waiting but I'm still putting into my long term accounts every 2 weeks.\nI use these 2 etf for retirement:\nVGRO 60% 80/20 global all in one etf\nNGPE 40% global equity etf\n\nHappy investing \ud83d\ude42\ud83d\udc4a\ud83c\udffc\u270c\ud83c\udffc", "likes": 4}, {"author": "@valveman12", "comment": "The latest stock dip is the overreaction of the new COVID Variant Omicron.\nIMO, This is temporary and will correct, so hold fast!\nBTW: SBC is offering a split on Dec 14.  For every 100 class A shares of SBC, you'll receive 25 Class A Shares.", "likes": 5}, {"author": "@CyclingDad", "comment": "Tom Nash style in the car video? \ud83d\ude09   I\u2019m slowly buying looking for deals each day. I\u2019m hoping we see more ugly for more opps. Also sticking to higher quality. I did get in on Visa after your other vid, but glad I have been buying it gradually so haven\u2019t taken a beating. It will also be interesting to see if we have a Santa rally and when that happens.", "likes": 0}, {"author": "@robkinnaird4518", "comment": "Brandon, love the videos. Tencent and BABA are both iconic, but are you not concerned with U.S. exchanges delisting Chinese firms? https://www.youtube.com/watch?v=ufUAn9C7muE", "likes": 0}, {"author": "@ceonz", "comment": "I've been buying a few small caps avg. F P/E is 14.5 hoping for a bounce-back in 2022", "likes": 0}, {"author": "@ceonz", "comment": "Society faces a short-run tradeoff between unemployment and inflation. If policymakers expand aggregate demand, they can lower unemployment, but only at the cost of higher inflation. But I do see rates increasing sometime in 2022.", "likes": 0}, {"author": "@jolamichalwlodarczyk5289", "comment": "I love the channel but i feel that you are contradicting yourself and the channel philosophy. You are trying to time the market vs invest in stock that provide value. I never invest in bitcoin because back then i thought thar 200$ is an inflated price.", "likes": 3}, {"author": "@jhkoreacanada", "comment": "Brandon. This is a great content. Thank you for your expertise", "likes": 0}, {"author": "@ceonz", "comment": "I was listing to CRSR CC they said GPU prices have increased 150%", "likes": 0}, {"author": "@PierceJordan", "comment": "Great video man! I'm just going to continue to dollar cost average and not get so caught up in the short term noise.", "likes": 17}, {"author": "@bestknightmare", "comment": "DOCU?", "likes": 1}, {"author": "@beatrizjumawan8884", "comment": "I\u2019m holding cash and I don\u2019t mind waiting. I sold my car that I bought 4yrs ago brand new. the dealer offered me $1950 less than the base price I bought it from them. It made me realized that everything is overpriced right now even cars!", "likes": 32}, {"author": "@andvfx", "comment": "I got an RTX 3080 too, got it in exchange for one youtube video, so mine was practically free, XD Started adding on visa and kweb, but not on a hurry, will keep adding if things gets worse.", "likes": 1}, {"author": "@clarifyingquestions", "comment": "I am looking at Disney  and PYPL now.  Also, considering adding to BABA and FB. I would love a video analysis stocks in the market and what to do for those of us who bought BABA on the NYSE.", "likes": 3}, {"author": "@Loiswomgawesome", "comment": "Just wondering what car you driving? Nice alcantara steering wheel\u2026 Porsche?", "likes": 1}, {"author": "@djayjp", "comment": "Schiller's Excess CAPE Yield metric states the market is fairly priced.", "likes": 0}, {"author": "@thefinalboss2083", "comment": "Hey Brandon, I am also holding tencent and Nio, wich are companies that I love, but aren't you scared that they might get delisted, wich would be literally crushing them even more ?", "likes": 1}, {"author": "@kelleyhaldorson209", "comment": "Wow this is dedication, a video from your car!  Thanks for all your instruction Brandon.", "likes": 3}, {"author": "@Jman3teen", "comment": "I think buying a 3080 for 1k is the best investment Brandon has ever made", "likes": 18}, {"author": "@djayjp", "comment": "Forward PEG of SPX is less than 1, according to Yardeni.", "likes": 0}, {"author": "@matty686801", "comment": "Please make a video on these companies. Great longterm growth!\n\nTelus International\nHydro One\nGFL\nAlimentation Couche-Tard\nConverge Technology Solutions\nTopicus\nDocebo", "likes": 1}, {"author": "@jorgea.vargas7039", "comment": "Good video !!", "likes": 0}, {"author": "@djayjp", "comment": "Brandon confuses 3080 and the much higher performing 3080 Ti lol. 3080 launched September 2020 btw. Also, correction: a 100% markup is double the price; 200% is triple.", "likes": 4}, {"author": "@TheJackiboy123", "comment": "An other classic \ud83d\ude4f\ud83c\udfff", "likes": 1}, {"author": "@beaviswealth", "comment": "\ud83d\udcc8\ud83d\udcda As always, if you're a beginner to the Stock Market in Canada and you're looking for a step-by-step blueprint on how to get started... Find out more about our Investing Academy here - https://bit.ly/theinvestingacademy\n\nHey guys! I've been out of internet connection for a few days but still wanted to put a quick video together... I hope the car video does the trick! Thanks for watching :) Also, I want to hear your thoughts on the current market. How's everyone been feeling? Leave a comment below! :)", "likes": 1}]