[{"author": "@chadferreira6799", "comment": "Two words east-Hastings   Sums up Vancouver", "likes": 1}, {"author": "@danielsola2266", "comment": "Where is this clip from?", "likes": 2}, {"author": "@freethetomatoes", "comment": "As a born and raised prairie girl, I can confirm that the prairies are indeed beautiful if you are flying over or out of them \ud83e\udd2a", "likes": 1}, {"author": "@CanadianTShirt", "comment": "hahaha fun clip! Can't wait to see Google search autocomplete: \"Canadian in a T-Shirt....\" Loves the Prairies! \ud83d\ude01", "likes": 2}]