[{"author": "@beaviswealth", "comment": "\ud83d\udcc8\ud83d\udcda As always, if you're a beginner to the Stock Market in Canada and you're looking for a step-by-step blueprint on how to get started... Find out more about our Investing Academy here - https://bit.ly/theinvestingacademy\n\nWhich is better? CNR or CP Rail? Leave you comments down below. Thanks for watching :)", "likes": 8}, {"author": "@neuromd42", "comment": "thank you for your info.  >  great video", "likes": 0}, {"author": "@nathanusher3253", "comment": "What\u2019s your thought now that cp with the merger look to buy in the morning?", "likes": 0}, {"author": "@jorged4763", "comment": "Hi great content !, do you have any analysis on UNP?, would be great to compare with CNR or CP. Btw, any update on CP when the acquisition is approaching?. Thanks !", "likes": 0}, {"author": "@johnnason4234", "comment": "An honest sumation", "likes": 0}, {"author": "@danatmatchvox", "comment": "How much debt did we incur when CN was privatised...CP performance improved with the move out of Montreal to Calgary and of course CN can't move from Montreal", "likes": 0}, {"author": "@jacquesveillette3068", "comment": "Hey Brandon. Great analysis ! What is your take on CP considering the new meger and the upcoming hike on interest rates?", "likes": 0}, {"author": "@sbingr5313", "comment": "What about Via there has been a resurgence of passenger demand  in our Country of late.", "likes": 0}, {"author": "@nickwalker9370", "comment": "I\u2019m buying CNR due to network & size of company.", "likes": 0}, {"author": "@adrianquaife9531", "comment": "You need to look at what is shipped and who buys the product that is shipped.  Some hubs will be abandoned in the future.... you need to understand big industry manufactoring and their future growth or failure to pick.", "likes": 0}, {"author": "@dangillis13", "comment": "CP has a better paint scheme", "likes": 0}, {"author": "@roberttaylor3594", "comment": "Big news with CNR, Kansas deal!!! What  do you think, Brandon?", "likes": 0}, {"author": "@dougcarnall", "comment": "Own Both \ud83d\ude82\ud83d\udcb5\ud83d\ude82", "likes": 1}, {"author": "@SG-zh5xd", "comment": "Buy a RR ETF cover the sector ,agree on RR bright future.  A mile long train can be pulled by 2 men ,yea a robot may drive a semi in the future still no competition with RR .", "likes": 0}, {"author": "@begley09", "comment": "CNR. Better long term growth and you can get it at a discount from ATH's.", "likes": 0}, {"author": "@alexandrecouture3107", "comment": "Good review thanks", "likes": 0}, {"author": "@unaffiliatedwealth1798", "comment": "Really helpful comparisons \ud83d\udc4d\ud83c\udffe", "likes": 0}, {"author": "@rockxstarx4945", "comment": "So really good to have both", "likes": 0}, {"author": "@irenatz2825", "comment": "Just giving this a little more thought. Investing in CN has a win and lose side. If they win the merger you win. If they lose the merger which can easily happen as it will certainly decrease competition... stockholders will lose.  They will lose  the 600 million they agreed to pay CP AND they will lose 1 billion they will have to pay KCS if trust fails.  If the trust goes through and regulatory body refuses to allow merger they will have to sell KCS.  There is a really big risk.  Now lets look at CP... It is win-win!  If CN fails to merge with KCS... wow does CP ever win!!! If CN merges successfully... CP shareholders will still WIN.  Other railroads will be competing to buy out the little well run railroad that gets them access to all of Canada in one fell swoop.  I think this time you made the wrong call Brandon... I'll be buying as much CP as I can. \u263a", "likes": 0}, {"author": "@StackAndPrepper", "comment": "I love CNR as my number one 'hold-forever' core position in my portfolio.  You also can't go wrong with CP either though.  I don't look at it as which one should I buy.  I own both.", "likes": 4}, {"author": "@rickyboaguy", "comment": "Great video Brandon \nI got Cp a month before there stock split and will continue you to add more", "likes": 0}, {"author": "@Tobi_Jones", "comment": "good video idea", "likes": 0}, {"author": "@fredinwhiterock", "comment": "Bill Gates owns about 15% of CNR (115 million shares) and he recently sold approx.18 million shares. Will he continue to unwind his position?", "likes": 0}, {"author": "@ericguqin", "comment": "you mean CNI right?", "likes": 0}, {"author": "@MurrMan23", "comment": "I bought CNR because of the recent decline, and of course because of them merging with KCS. Should be promising.", "likes": 3}, {"author": "@banadaemerald884", "comment": "better idea, buy both! 600iq move zero downsides 100%", "likes": 0}, {"author": "@ADobbin1", "comment": "Say what you want about electric trucks and autonomous whatever.... Rail is still the most efficient and cost effective way of moving large volumes of cargo over long distances and since companies are starting to look at electric loco's again I doubt that's gonna change.", "likes": 0}, {"author": "@dylanyoung5454", "comment": "So I have 100 shares of CP. I appreciate this in-depth video. I just read a headline that the deal might not go through with Kansas City southern. Do you think this will affect the stock price very much?", "likes": 1}, {"author": "@Nicolasdu5", "comment": "Am I the only one who wish CP win the kansas deal ?? Their rail road map would become similar the CNR", "likes": 2}, {"author": "@stephennichol3620", "comment": "Ive got about 10% of my portfolio in CNR.  I worked for a logistics company and noticed that they could keep raising the price and there was nothing we could do.  Like Warren Buffet says about durable competitive advantage.  Its still way cheaper moving goods by rail than truck or plane and that is not changing anytime soon.", "likes": 2}, {"author": "@sarahli345", "comment": "Great comparison!", "likes": 0}, {"author": "@HB-lx3wv", "comment": "Back in April 2020, it would\u2019ve been CP for sure, I made the mistake of buying CNR back then. But now, I feel like it\u2019s so overvalued compared to CNR that I\u2019m not even looking at it. Growth made the difference but for the future, I don\u2019t see double digit % growth for that company", "likes": 0}, {"author": "@dariusbliss2940", "comment": "Okay what the hell am I missing, a week ago CP was 483.02 as per your video and I\u2019m looking at it today at 93.78....no where on the charts am I seeing it ever in the 400s. Maybe I\u2019m just to new to see what\u2019s happened", "likes": 1}, {"author": "@j.p.6228", "comment": "The thing about electric trucks is there won\u2019t be an infrastructure to support that for at least 10 years, and even then, like you showed with the rail maps, it\u2019s going to be a LOT longer before we see this infrastructure in the NWT... or north BC, or north Alberta, at some of these remote mining/logging locations. Rail isn\u2019t going anywhere in our lifetimes. People that think Tesla truck will make rail obsolete are crazy haha", "likes": 2}, {"author": "@mcmicmike", "comment": "I sold 10 qpple shares and bought 11 CNR shares after I was in Gravenhurst this week.  28 CNR trains go through there a day with freight.  Super impressive amount of traffic and business.  Plus it dipped so I bought it on sale.", "likes": 1}, {"author": "@RogerDiotte", "comment": "What now with CP's stock at around 80 bucks? BTW I have both also and participate in CP's stock option plan as an employee which is nice. I'd definitely consider both but definitely would snag some CP now right?", "likes": 0}, {"author": "@DudeKing56", "comment": "Do you think autonomous driving shipping networks will increase, reduce, or have no effect on the railway sector?", "likes": 0}, {"author": "@c.s.8548", "comment": "Is now a good time to buy CP? Since it went down like 260...", "likes": 0}, {"author": "@Henryincanada", "comment": "I\u2019ve been watching you talking about CNR, also I think CP is doing quite well, actually outperform CNR. And I don\u2019t see the other competitors right now except they are to each other. So I like them both, hence I bought them all. \ud83e\udd20\n\nBut it\u2019s just a start, I will keep Emmy eyes on each of them, and I will keep buying and adjusting.\n\nThanks for the video, love it.", "likes": 1}, {"author": "@kingclutchproductions6686", "comment": "CP DOWN 80%", "likes": 1}, {"author": "@howardjamespatterson4119", "comment": "31 years on CNR and I wouldn't have a clue which is better ( retired 2010 , have been on 2 train trips since 1 in Portugal \\ 1 in Romania ) A lot more fun riding a passenger train than driving a freight . Passenger trains are less expensive in Europe ( they're crazy expensive in Canada )", "likes": 0}, {"author": "@KtunaxaMTB", "comment": "I am a CP Carman. I currently give 6% of my income to employee shares and CP matches 33% into shares of what I put in. Best deal ever. So I'm hoping CP gets KCS.", "likes": 4}, {"author": "@FinancialQnA", "comment": "great video - it down like crazy now. good luck to all who listen to brandon", "likes": 1}, {"author": "@BassOntario", "comment": "Thank you for this review. Would be curious on your thoughts with the announcement and CP stock merger and currently showing approx. $98. per share vs yesterday at almost $500.", "likes": 2}, {"author": "@roymurray8782", "comment": "Corpate action on CP trades suspended - what\u2019s everyone thing ? Stock split has been rumoured for a while", "likes": 0}, {"author": "@eddy563", "comment": "I dont have a position in any or those two companies.. however in general I would say railways tend to perform in tandem with the economies they serve. they grow in parallel to the output growth because their income I believe is correlated on the one hand with the quantity of materials transported, which is in direct relation to the economic output or GDP, and on the other hand to the $ value of these materials which are mostly energy and raw goods that are greatly influenced by inflation. There is a duonopoly in this industry no doubt.. so with inflation ramping up and an economic recovery potentially underway, it makes sense to buy a railway.. I need to do more homework to understand which one is better run, but in general I am trying to find opportunities in companies I can better understand and that will outperform the average GDP growth.. so it is not for me at this point", "likes": 0}, {"author": "@Theoutlaw007", "comment": "I own both though I\u2019m worried Melinda gates will sell her shares in CNR", "likes": 0}, {"author": "@teledras", "comment": "I own both and add a few shares at least once a year :D", "likes": 0}, {"author": "@Anonymous-ki8ss", "comment": "cn was the stock that made me an investor my dad worked for them and i understood them", "likes": 1}, {"author": "@timw4369", "comment": "They are both good if you can't choose one choose both.", "likes": 0}, {"author": "@Grizztrails", "comment": "my family is 5th generation CPR employee....so I bought CN stock...just sayin", "likes": 0}, {"author": "@JeffLaRochelle", "comment": "Good businesses but it's hard to see a great return from here. Their EPS growth depends a lot on buybacks and with  multiples getting stretched the buybacks won't be very effective. Paying 22x forward earnings for a highly cyclical business seems wild to me, but it depends what your required rate of return is going forward.\n\n Yes, it may work out ok in the long run but the current price doesn't give you a margin of safety if things go wrong.", "likes": 0}, {"author": "@kylestratton4943", "comment": "Great video Brandon! I own CP, but would have no issue owning CN.", "likes": 1}, {"author": "@kunit6076", "comment": "Way I see it can't go wrong with either one, with the friction going on between Michigan and Enbridge's line5.  If line5 does get shut off, they'll have to ship LNG east by rail.", "likes": 0}, {"author": "@fredericlarose2614", "comment": "hello Brandon \n\nfor my point of view i own( cnr ) and i will for the rest of my life .....\n\npeace  fred from montreal", "likes": 0}, {"author": "@kevinn1158", "comment": "Brandon, great job.  CNR has a huge bid for Kansas Southern which might be considered overpaying and CP is going to do a stock split. I wonder how share price will react to these 2 events.", "likes": 0}, {"author": "@Nonamethankyou128", "comment": "Dude is BABA going to go back up or what?", "likes": 0}, {"author": "@jingyaliu696", "comment": "Would love an update on your speculative stock (FANS)! How do you deal with stocks on the decline? How do you decide what to do next? \n\nThank you for all the great content you\u2019ve been putting out :)", "likes": 3}, {"author": "@filmadekho2630", "comment": "Cp will be roughly $90 after the split in couple of days . While CN is above $130.", "likes": 0}, {"author": "@johndoherty8198", "comment": "IMO both of these companies attract million container contracts from China both have acquired other railroads in the past and both have had stock splits in the past! But what I watch for is cn has tried to buy other railroads and were denied for monopolization reasons as well cn has had more splits in the last 15 years with not enough buy backs diluting their share which in my opinion is one of the reasons their stock doesn\u2019t rise much beyond where it\u2019s currently at, again IMO.\nCp most likely will be allowed the Kansas purchase due to not having a southern route to the Gulf of Mexico and cn already does which this is the play to block cp rail! and why they won\u2019t be allowed for monopolization reasons. \nIn my opinion CP is the current better buy due to the 5 to 1 split which most definitely will gain momentum afterwards to rise and take a run at cnr stock prices! Better managed equal contracts and will soon acquire the similar mileage with half the fat to trim!\nI just purchased an additional 240 stocks this morning, putting my money where my mouth is!", "likes": 0}, {"author": "@emef2739", "comment": "Didn't CPR already win the contract ?", "likes": 0}, {"author": "@Mascotal", "comment": "CN is about to become the first Mex/AM/CAN railroad. They invest in their own future so my money is on CN. I'm also bias as I worked there 35 years.", "likes": 0}, {"author": "@cancampus1", "comment": "Appreciate this video very much!", "likes": 0}, {"author": "@kwins.f6520", "comment": "Hey Brandon, what do u think of crypto-currency?", "likes": 0}, {"author": "@MayuraWijeyaratne", "comment": "Thank you very much for this video. As a newcomer to investing I found this really useful when it comes to how you choose to invest in a particular company. \nGiven that I'm new and with CNR and CP performing similarly (IMO) I went with getting a share of CNR as it's has a lower barrier for entry of the two.\nMoreover CNR has been giving dividends and growing it for a very long time, I gravitated towards it.", "likes": 0}, {"author": "@rjbinning7535", "comment": "Also currently CNR is at great position to buy", "likes": 0}, {"author": "@dineshreddyr10s", "comment": "As a beginner I have difficulty understanding if there is any catch, if I buy any dividend  stock right before the record date and selling after a week or so..!?", "likes": 0}, {"author": "@michaler570", "comment": "Great Video, which was needed for a long time ;)\nI think this is a very good sustainable business and good stocks.\nThere are two important points however: \n1) Very high debt which could be a problem when inflation will be higher, probably rates would go up and economy will slow down - on the efficient side both companies don't have much too cut...\n2) KCS Merger - Warren Buffet says they overpaying. So I probably would go for a company that won't get the deal ... but I am still considering  \n\nthumb up.", "likes": 0}, {"author": "@theok4712", "comment": "Nice comparison and one of my favourite videos from your channel.  I picked up CNR this year when it dipped twice. I like that its a bigger company,  more kms in tracks and also the share price is reasonably priced.", "likes": 0}, {"author": "@johnhouseman3546", "comment": "Own them both and holding forever. Will buy more of either if they get discounted", "likes": 1}, {"author": "@CanadianDividendInvesting", "comment": "I personally like CNR!", "likes": 1}, {"author": "@juneperez6284", "comment": "Thank you for that comparison. It is greatly appreciated. I currently own CP and after watching this video, picking up a few of the CNR is considerable to add on a portfolio. \ud83d\udc4d", "likes": 3}, {"author": "@biomolecologo", "comment": "Why choose? Buy both!", "likes": 1}, {"author": "@Ryedor", "comment": "Really like this \"comparison\" format.  Thx for your help. Aye !  :)", "likes": 0}, {"author": "@priayief", "comment": "Another great video. I'm curious. Where do you get these total return charts from? And thanks for your many informative posts.", "likes": 2}, {"author": "@AnotherBradGuy", "comment": "Great video and good timing! I just jumped into CNR on the recent \"dip\" myself, being relatively new to investing I've been waiting for a time where the premium on thir fair value was less... Premium. Railways move massive amounts of cargo inland at a much cheaper cost than trucking and the bulk moving of goods is gonna be using those tracks for a long time in my opinion. Good stock to buy for a lifetime.", "likes": 1}, {"author": "@AcidInject", "comment": "Loved it! More videos like this please!", "likes": 0}, {"author": "@adnanmahmudchowdhury6500", "comment": "Hey, Brandon, we would like to see comparison between GNR and HEO", "likes": 1}, {"author": "@Alex77439", "comment": "Sweet, I was looking for this! Thanks", "likes": 0}, {"author": "@jbainbridge22", "comment": "\"When we have new areas like uh,  electric trucks and autonomous freights\"  zooms and enhances image to see man in driver seat :)\nHow are OTC's different than regular stocks lay it on me.", "likes": 1}, {"author": "@medinaflaxjacket", "comment": "great video bruva!!! i own CNR but eventually want to own CP as well.", "likes": 2}, {"author": "@tadbbq", "comment": "I Just bought 10 shares of CNR around @$132-133.", "likes": 4}, {"author": "@PureGosu", "comment": "I got both!", "likes": 1}, {"author": "@carollshelby500", "comment": "One of your best videos. Cant go wrong with rail stocks. I own UNP and CP.", "likes": 5}, {"author": "@maxlapointe7538", "comment": "Automated vehicles are so far away from hitting the road, and that is doubly true in Canada with the winter, where the visibility of the road, signs, etc. can be massively hampered.", "likes": 2}, {"author": "@jamesbainton", "comment": "Keep in mind, CNR had a really rough Jan/Feb of 2020 with blockades/protests.", "likes": 2}, {"author": "@snapkutter", "comment": "Don\u2019t buy CP. They want to destroy Pitt Meadows and surrounding area.", "likes": 3}, {"author": "@irenatz2825", "comment": "Great video! Just a small correction... CP no longer reaches only to Quebec but right into New Brunswick.  Things turned around for CP when Hunter Harrison took the reins. Keith Creel has taken over and only pushed for further improvements.  This only shows what good leadership can do for a company. Right now in a changing world CP is by far the better choice. However if investing for the long term this can easily change quickly by simply changing leadership... as CP actually proved. It will be interesting to see how things play out. \u263a", "likes": 2}, {"author": "@irenatz2825", "comment": "Great video. JU", "likes": 1}, {"author": "@atown71", "comment": "Liked this video. Brookfield renewable vs northland power.\nAnq.to vs fortis.", "likes": 18}, {"author": "@momo35444", "comment": "yes i love this sector of the market!! thanks for the video brandon!!", "likes": 0}, {"author": "@roberttaylor3594", "comment": "If CP buys Kansas southern, it will have a edge over CN because of the line into Mexico.  I think the thing to do is buy whoever gets Kansas southern!", "likes": 1}, {"author": "@roymurray8782", "comment": "I couldn\u2019t decide so went with both. I have worked in the rail industry for 20 years and these both hit close to home. CN also does do trucking, intermodal serves, they are a huge part of there business as small tracks have been ripped up over the years. Not to mention their connection to ports. Rail is by far the most efficient and environmentally friendly way to transport goods.", "likes": 6}, {"author": "@kelleyhaldorson209", "comment": "They are a little expensive.  I went with CN over CP in the end due to the share price.  I didnt have a lot to invest and i could get more shares of CN and a bigger dividend.  Was a very hard decision though.  No wrong answer in my reasearch either.  I didn't think either one was ever going to go on a significant \"sale\" in the near future.", "likes": 1}, {"author": "@jasonstupak4535", "comment": "Watched and liked, thanks Brandon!  Own CNR.  Try not to bang on the desk as it comes through on the mic.  Continue to love the content from both yourself and your dad.  Excellent video and audio quality as well.", "likes": 1}, {"author": "@AntonioInvests", "comment": "Great comparison \ud83d\ude01", "likes": 2}, {"author": "@vladuthadar4628", "comment": "Great video! I agree, both are overvalued but what isn't in the current market!? Subscribed!", "likes": 2}, {"author": "@canadiandividendgrowthinve3213", "comment": "I love CNR \ud83d\udca5\ud83d\udca5\ud83e\udd11\ud83e\udd11", "likes": 5}, {"author": "@busdriver3330", "comment": "I own both.  6% of my portfolio is CNR and 3% is CP Rail.  I think the fight over buying Kansas city southern may lower their prices in the short term and present a buying opportunity.   Plus both these railroads are getting into the trucking industry.  I see more and more CNR trucks on the highways.  I will buy more of both as opportunity arises and don't an and ever selling.", "likes": 2}, {"author": "@nevillejames2200", "comment": "Great job Brandon! Very clear background info and research. Thanks for the perspective. I don't own either but they are on my watch list now. Love the comparison videoes, please keep them coming. Could you a video on what US index funds we should buy as Canadians?", "likes": 1}, {"author": "@AlpineDividends", "comment": "Great comparison Brandon! \ud83d\ude9e", "likes": 3}, {"author": "@charleslevielagman3937", "comment": "Excellent breakdown, Brandon! \n\nFrom an avid fan of your channel, thank you!", "likes": 6}, {"author": "@MonsieurLabbe", "comment": "You didn\u2019t speak about the 5-1 split", "likes": 0}, {"author": "@f3wbs", "comment": "Before watching this, its worth mentioning that they have a duopoly over Canadian railroads. I guess if you look at it that way it comes down to risk/reward. I don't know if I'd ever own either because I feel there's better growth possibilities in some cyclical stocks but I'll look at their annual reports just to see if they're worth it.", "likes": 1}, {"author": "@MonsieurLabbe", "comment": "Thank you so much!", "likes": 0}, {"author": "@annehenderson7911", "comment": "This was an excellent expansion on your previous video. Deeply appreciated.", "likes": 23}, {"author": "@chicken2nite351", "comment": "I've heard that CP is going forward with a stock split this year.  Currently I only hold CNR, having bought more at the start of the recent dip when it dropped to my previous paid share price.  It dropped more since, but I haven't bought more.  I might end up buying a share of CP to match my CNR investment.  Not quite sure on when to time that though.", "likes": 1}, {"author": "@DevanTavaresTV", "comment": "I own both! There will be some great buying opportunities regardless of who acquires KSU.", "likes": 6}, {"author": "@MingTheKing100", "comment": "With the stock split for CP coming soon, it wouldn't be a bad idea to invest in both. Transportation and logistics will be huge in this coming decade and both pretty much have a monopoly on rail transport in North America", "likes": 15}, {"author": "@Bondanalloy", "comment": "CNR for me.", "likes": 2}, {"author": "@DabloEscobud", "comment": "YEEEHAAAA", "likes": 1}, {"author": "@toffee321", "comment": "1st one viewing this video! Been watching other of your videos this morning when this one was posted.", "likes": 1}, {"author": "@beaviswealth", "comment": "\ud83d\udcc8\ud83d\udcda As always, if you're a beginner to the Stock Market in Canada and you're looking for a step-by-step blueprint on how to get started... Find out more about our Investing Academy here - https://bit.ly/theinvestingacademy\n\nWhich is better? CNR or CP Rail? Leave you comments down below. Thanks for watching :)", "likes": 8}]