[{"author": "@beaviswealth", "comment": "Thank you Passiv for sponsoring the video! Sign up for FREE today here - https://passiv.com?ref=RGAMTXSUAM\n\ud83d\udcc8Join The Investing Academy \u27a4 https://bit.ly/theinvestingacademy \n\ud83d\udcaeBlossom Social (See My Exact Portfolio & Trades) \u27a4  https://getblossom.page.link/brandon", "likes": 0}, {"author": "@rodsaclutihive596", "comment": "Brandon great video as always . Can you please share your thoughts on Baba splitting?", "likes": 0}, {"author": "@wordsofjames", "comment": "Disney went woke and are going broke.", "likes": 0}, {"author": "@tsvetelinapeeva8796", "comment": "Hello, It will be great to a video about AQN and have Marc input on what happened and where is the stock heading in the future. Thank you", "likes": 0}, {"author": "@mr.financial", "comment": "Good on you man for doubling down on META when you saw the over reaction of the market. There were some juicy opportunities in the tech space. Thanks for sharing the ups and downs of your portfolio", "likes": 3}, {"author": "@BradRowerocks18", "comment": "How did TSM not make the loser list!?!?", "likes": 0}, {"author": "@tivertontom", "comment": "Brandon, would you feel differenty about Algonquin, if you bought around $9 in Dec.?? (like I did)", "likes": 0}, {"author": "@matthieubrisson3803", "comment": "In the same set of mind as couche tard as a low payout ratio and dividend growth I like eqb and Dollarama", "likes": 0}, {"author": "@inzanityhustle3590", "comment": "Hi Brandon, I'm also long BABA but in with a much lower average. I'm just curious how you think this recent news from Softbank will be digested. I'm personally still forward looking, but is this cause for concern for the greater market outlook toward chinese names in your opinion?", "likes": 0}, {"author": "@MaximGarantRousseau", "comment": "What about TD bank getting shorted?", "likes": 0}, {"author": "@alex217c", "comment": "Hi Brandon, I\u2019ve been wanting to buy constellation software for a while but never was able to pull the trigger and of course now it\u2019s at ATHs.. what do you think of the price at current levels?", "likes": 1}, {"author": "@twinklenutz1449", "comment": "AQN is still a great buy as I got it on the massive dip and am up 20% They will recover and buying now should return some really nice gains. DCA back into it!", "likes": 1}, {"author": "@EverybodsFavoriteGuy", "comment": "Hey guys!! I just saw Wealthsimple has followed Robinhood in adding a \u201cstock lending\u201d feature. They make it out to seem like it\u2019s an obvious thing to say yes to. Free passive income right?? Would you be able to make a video on if it is that simple?", "likes": 0}, {"author": "@advenvilla", "comment": "You're my idol Brandon", "likes": 1}, {"author": "@Schematex1", "comment": "Anyone have thoughts on TD?", "likes": 0}, {"author": "@Moonstruck89", "comment": "Hey Brandon, with all these hype around generative AI, what are some good investment opportunities in that space? Edit: looks like Baba is joining the bandwagon", "likes": 0}, {"author": "@MountainFinance", "comment": "It will be very interesting if you were to revisit this list once we are back into the full swing of a bull market \ud83d\ude42", "likes": 2}, {"author": "@Frogfrog1234", "comment": "If investing is all about money and profit, you\u2019d have invested in Nazi Germany 80years ago", "likes": 0}, {"author": "@Frogfrog1234", "comment": "Seeing you love Chinese Communist state controlled companies who has been killing and violating Chinese people for 80 years.", "likes": 0}, {"author": "@Northern_Squirrel", "comment": "I am also down in BABA and DiS, fortunately I only invested 10 shares of Alibaba and even less in Disney. ATD is up over 75% and will take half off the table soon. Can\u2019t go broke by taking profit\ud83d\ude00", "likes": 0}, {"author": "@AgnesPelletier", "comment": "The new pic is great! I would love the AQN analysis. I also own ATD, it's been my best performer.", "likes": 2}, {"author": "@kcirdorb9591", "comment": "I feel your pain with BABA", "likes": 4}, {"author": "@irishboy664", "comment": "Did Brandon move to the US? Weird hearing him say \"here in America\" etc", "likes": 4}, {"author": "@roberttaylor3594", "comment": "ATD has been good for me.  I bought soon after hearing of it on THIS channel; thanks Brandon!\u00a0\nI bought 8 shares of DIS when it was down on the expectation that it will be around a long time, the dividend will be back, and the price will rebound...I'd say time to buy more, but really I should be putting money where it will give me a dividend.\u00a0\nAs long as China is threatening Taiwan, I bet the Chinese stocks will be down...but if you are optimistic it sounds like an opportunity right now.\n\nall of your 'losers' are probably long term winners!", "likes": 1}, {"author": "@nickjanssen166", "comment": "personnally cant find it in me to invest or support the likes of facebook instagram etc basically mind controlling the world", "likes": 1}, {"author": "@clarifyingquestions", "comment": "Re the loser - you did not analyze at all. ie 2. - flat out blamed Marc - no analysis at all. 1. Disney - same and Baba/Tencent - still optimistic .....", "likes": 3}, {"author": "@Po101080", "comment": "The political factor is a absolutely valid factor. Disney gone woke and is gonna go broke. Even if it doesn't, I'm not going to put my money to help woke companies push the marxist agenda. Kinda similar vein, I also don't want to put my money into lockheed martin and support the military industrial complex.", "likes": 0}, {"author": "@evadeanu1", "comment": "Is it too late to buy ATD at current price? Watched this lately but never bought. Thanks.", "likes": 0}, {"author": "@dominiquetheeasyminimalist", "comment": "I hope for you that Alibaba will pick up after the split. Those videos are a little long, but very interesting.", "likes": 1}, {"author": "@andrewsharpe7630", "comment": "With Disney I heard that what really took the wind from under their sails wasn't the pandemic or politics- it was the push to become a streaming service. Disney's free cash flow has suffered tremendously since they started funneling money into Disney Plus and apparently there has been no payoff (as of yet).\nMan, I should buy ATD. But the darn stock is always hugging all-time-highs!\n22:40 Wasn't that what the \"Twitter Files\" were about? That Intelligence Agents, Israeli Mossad Agents, and other Deep State lurkers worked at Twitter (and I assume infiltrated other tech companies as well) and coordinated directly with the State Department. Thus shattering the rhetoric of \"it's not the government censoring you so you can't complain!\" Yes, it was the American gov't censoring us all along, lying to us about how media and corps are somehow separate when they are not.\nYeah, India and China are predicted to grow nicely over the next five years while America and it's vassals aka the Covid/QE Countries are not. I don't have any investments with those countries, but I'm sympathetic to the idea of investing in non-American economies.", "likes": 0}, {"author": "@swabhmarwah7709", "comment": "Is couche tard still gonna go up? \nI am an amateur investor in Canada- im a 20 year old student....", "likes": 1}, {"author": "@jwallace9984", "comment": "I thought you were Canadian\u2026..", "likes": 6}, {"author": "@TemujinBC", "comment": "Looooooove Couche-Tarde!  Wish I had bought more in 2021!", "likes": 5}, {"author": "@Powerhour155", "comment": "I am thinking of buying tencent  stock. Can you tell me how can I buy it. And if it is a good investment.", "likes": 0}]