[{"author": "@kakuarora3015", "comment": "Really appreciate the listing of stocks into these categories with quick talks - gives a good range to someone new \ud83d\udc4d in TSX", "likes": 1}, {"author": "@mrvape7220", "comment": "I am not sure why but your blossom app doesnt work i cant get an email code to verify it", "likes": 0}, {"author": "@maryannegiangregorio2162", "comment": "Mmm. Love poutine!", "likes": 1}, {"author": "@maryannegiangregorio2162", "comment": "Great learning experience Brandon!! Thanks!! I wasn't there but had fun anyway!1", "likes": 0}, {"author": "@danieldang8730", "comment": "For the telecoms, they are all B\u2019s for me but for different reasons. Telus has more growth potential but the payout ratio makes me concern about the dividend safety. Bell and rogers are safer but with less potential.   personnally, i would own all 3 or none at all.", "likes": 0}, {"author": "@kylec7924", "comment": "Dudes, have a look at the TSX today. There are no good Canadian companies lol. Things are going down faster than a steaming turd in the bowl.", "likes": 0}, {"author": "@rockyrejex1247", "comment": "Interesting  I was thinking about this topic before you posted this. We don't have any wide moat stocks in Canada, so I was thinking 'what's the best of the best here'... great vid B.", "likes": 0}, {"author": "@Dt62034", "comment": "Great information appreciate you doing this video. What is happing with Brookfield BEP.Un. Wondering if I should dump it in favour of BAM or BN?", "likes": 0}, {"author": "@amitoj", "comment": "Yea right saving cineplex for yourself", "likes": 0}, {"author": "@digitaltech9906", "comment": "Equitable Bank is which bank? I didn't find out in wealth simple", "likes": 1}, {"author": "@jrw8341", "comment": "HydroOne vs Fortis?", "likes": 1}, {"author": "@Mark.remarking", "comment": "Hey bud. Thanks for this. 4 problems with your list in no order. \n1. S is for Supreme. Why not just make your own tiers, instead of \"borrowing \" one??\n2. The company labels are nearly impossible to see on black background. Seriously \n3. There's no easy to look up list in description! (Note issue #2) can't see or read it\n4. Waste less time, use more companies, be prepared instead of winging it, you didn't know specific numbers. You were guesstimating on all kinds of stuff.", "likes": 4}, {"author": "@adamgibson473", "comment": "This is good and educational.", "likes": 0}, {"author": "@momo35444", "comment": "thanks for the video Brandon!!!", "likes": 0}, {"author": "@dangrather1280", "comment": "Shouldn\u2019t it be called Covid Tire?", "likes": 0}, {"author": "@bradleytalksmoney", "comment": "Brandon I think the mistake you made in this video is that with some of the businesses you were basing purely on the stock and others you were actually basing it on the business (CNR for example).\n\nConsistent ranking system is important for a tier list.\n\n(Also ATZ S tier)", "likes": 1}, {"author": "@joetoth2173", "comment": "Thank you for tracking substantial CAD stocks at earnings especially , every buddy and thier dog tracks USD stocks", "likes": 0}, {"author": "@workingbulldogs", "comment": "Great video! Thanks! Could you do this again with the companies you had to leave out?  Lisa \ud83d\ude0a", "likes": 0}, {"author": "@ctrlaltdelete321", "comment": "What's the biggest draw to couche tard? Isn't it basically a convenience store? What's so good about that?", "likes": 0}, {"author": "@TemujinBC", "comment": "I really think Atco would be in the B tier, if you had included it.  And I'd love your thoughts on Mullen Group (although it's only 1B cap)\n\nI think Constellation is the only company that belongs in the S tier.  Even more than Couche-tard which I own and love.\n\nWhat a fun exercise.  I hope you revisit this every six months, or yearly", "likes": 0}, {"author": "@roberttaylor3594", "comment": "that was great!", "likes": 0}, {"author": "@roberttaylor3594", "comment": "CP is an S for me.  the Mexico deal gives it a big north south advantage...", "likes": 1}, {"author": "@roberttaylor3594", "comment": "I bought ATD several years ago at what now id a low low price, then sold it all at 55 last year or something... then bought it back at 53!  I will never do that again... too stressful.  So, I would be. Avery nervous day trader.", "likes": 0}, {"author": "@maxympatenaude138", "comment": "ATD is my best returns in my portefolio !!", "likes": 1}, {"author": "@maxympatenaude138", "comment": "Air Canada deserve better !! Its a mid 30$ stock !!", "likes": 0}, {"author": "@andrewsharpe7630", "comment": "I'd put EQB in S tier. My biggest holding and best performer at the moment; management seems to really know what they are doing; solid execution of guidance. But I understand it's relatively small in size, volatile, for sure take points off for that. \nGreat list and video. Got some new stocks to look into now.... might buy ATD, CSU, WCN, etc.\nThat whopper story was awesome.", "likes": 0}, {"author": "@rickbrummer3628", "comment": "Growth Stocks pleaaaasse !!!!!!!!", "likes": 4}, {"author": "@jumbothompson", "comment": "Not sure about Suncor as B. The same company that slashed it's dividend in half during the pandemic. CNQ is better. Bell as C? I don't know about that.", "likes": 0}, {"author": "@MountainFinance", "comment": "Sorry I missed this one, it looked like a lot of fun ;-)", "likes": 1}, {"author": "@meetsachin", "comment": "You made my day! I have been holding Couche-Tard and Brookfield that\u2019s it. Now i am more confident about my plays. Thank you sir", "likes": 0}, {"author": "@evadeanu1", "comment": "Awesome session! Let\u2019s do the US as well!", "likes": 12}, {"author": "@JSTIUK", "comment": "Im here a little late to live comment , but hey whats up. I'm a brand new potential investor looking to learn as much as I possibly can stumbled across your Channel last night at work I subscribed and am desperately trying to soak up as much information as I can, to learn how to make some money for retirement through investing . Thanks for doing this and making these videos", "likes": 0}, {"author": "@jimwu8532", "comment": "Wrt Toronto being sold out, depending on demand, maybe 2 meetups, like Scarborough or Mississauga in future?\n\nBiggest CDN city and huge surrounding cities/areas (Niagara Falls, Barrie, Ajax, Oakville, Vaughan) all within 1h drive.\n\nTierZoo of stocks, nice!!!", "likes": 0}, {"author": "@saveourplanet4204", "comment": "What a great idea! This would be a fantastic series! US and other themes!!! Thanks again for another fun  and informative video!! Cheers\ud83d\udc4f", "likes": 11}]