[{"author": "@beaviswealth", "comment": "Thank you Passiv for sponsoring the video! Sign up for FREE today here - https://passiv.com?ref=RGAMTXSUAM\n\ud83d\udcc8Join The Investing Academy \u27a4 https://bit.ly/theinvestingacademy \n\ud83d\udcaeBlossom Social (See My Exact Portfolio & Trades) \u27a4  https://getblossom.page.link/brandon", "likes": 1}, {"author": "@kylewright7666", "comment": "omg tthank you passiv and more importantly thank you brandon. you helped me choose questrade and now find passiv. by the way. absolutly love questrade. costumer service is amazing!", "likes": 0}, {"author": "@kylewright7666", "comment": "brandon if i use questrade i get passiv for free?", "likes": 0}, {"author": "@John-lr2dz", "comment": "Fair value in google imo around 85 usd. watching for it to drop.", "likes": 0}, {"author": "@alanhong4694", "comment": "I want your opinion on REITs, are they good investments?", "likes": 0}, {"author": "@jeffd7180", "comment": "Great video. Could you do video on maritime launch services? It\u2019s the Canada spacex", "likes": 0}, {"author": "@jo-annguthur7314", "comment": "Could you do a comparison video that would compare investing in real estate vs investing in ETFs", "likes": 0}, {"author": "@CanadianDividendInvesting", "comment": "Great video Brandon!", "likes": 0}, {"author": "@shruti-hj2dl", "comment": "I have been a silent subscriber to you guys for a while and I must appreciate how cultured, sensitive, well-meaning a guy Brandon is. A real testament to Marc and his wife's upbringing. I was secretly cheering when Marc announced he'd stay rather than branch out. \ud83c\udf89\n \nI love all your suggestions, especially because you guys explain the markers to look at when choosing an investment. Appreciate it. Thanks!", "likes": 4}, {"author": "@boningningeco974", "comment": "How about bank of america?", "likes": 0}, {"author": "@sergiogomezr", "comment": "Hi Brandon, thanks for the video. The only thing that concerns me about EQB is the negative cash flow and the debt-to-equity ratio.", "likes": 0}, {"author": "@sarlaccbreath7701", "comment": "I also welcome drops based on silly public overreaction. Not only do we get cheaper GOOG, but we also get cheaper Corona beer after the general public freaks out when the pandemic is labelled \u2018Coronavirus\u2019\u2026. Can\u2019t make this stuff up. I paid less than 50% per case. Lots of leftover $$$ for investing \ud83d\ude02", "likes": 0}, {"author": "@Fred-gu4of", "comment": "What do you think about netflix?", "likes": 0}, {"author": "@rileytakeohooge4997", "comment": "Ayy Brandon. I'm buying EQ as well. But yo. Intro song request. Replace the Mesmerize instrumental with Hit 'Em Up just for one video. For the culture. \ud83d\ude0e", "likes": 2}, {"author": "@RyH10", "comment": "Great video!", "likes": 0}, {"author": "@RossSpencer176", "comment": "Great video, I have a quick question. I am an aspiring trader, I am looking study some traders and earn off their expertise rather than investing myself and lose money emotionally. Whats your take on copy trading? Do people really make money? Just looking for some reassurance.\nThank you!", "likes": 0}, {"author": "@antoniorao5345", "comment": "Buddy...you're a shill", "likes": 0}, {"author": "@inzanityhustle3590", "comment": "I was DCAing TD during these times but will take a look at EQB thank you!", "likes": 0}, {"author": "@jasonstupak4535", "comment": "Thanks Brandon.", "likes": 0}, {"author": "@BigGroupHug", "comment": "Explore holdings in ETFs for new ideas.\n\nLatin American banks would be a great place to start", "likes": 0}, {"author": "@neilwadden1749", "comment": "A boot \ud83d\ude02", "likes": 0}, {"author": "@bradleytalksmoney", "comment": "Why do you keep bringing this bank up! We want less people to buy it so that the price stays cheaper longer and we can get more deals!!\n\n(Great choice though, one of the best options in the Canadian financial space right now)", "likes": 0}, {"author": "@dabrownguy7356", "comment": "Hi everyone, what do you guys think of buying Bank of America? The stock is now below $30 US and has a great dividend.", "likes": 4}, {"author": "@Carol8693", "comment": "As always\ud83d\ude03 I am looking forward to see you in the next video \ud83d\ude0a thank you Brandon for sharing your knowledge with us", "likes": 0}, {"author": "@rp5339", "comment": "Only thing worth buying is gold and silver. Government can raise taxes on your capital gains and seize all your money in the bank.", "likes": 0}, {"author": "@gg2cool4u", "comment": "Bias check - your picks are 2 of the 4 purchases I've made so far this year. However:\n\nEQBank: to anyone who uses it, it's pretty clear that's a contender for top Canadian bank for ease-of-use and consistently decent HISA rates (with no fees). Looking at their numbers (users, deposits), they're growing at astronomic rates y/y considering they're now a top-7 bank. With the recent release of their reloadable card (with 2.5% interest on balances) and entry into QC, I'm super bullish.\n\nGOOG: I valued it around 120-130 a couple earnings ago, so have been slowly DCAing (down to ~$97 now) on weakness.", "likes": 1}, {"author": "@Thomas-hl7cr", "comment": "Own both and DCAing where I can.  Both at good values currently, especially EQB.  Definitely a great one if you're into dividend growth \ud83d\udc4c", "likes": 1}, {"author": "@kelleyhaldorson209", "comment": "Google is pretty high on my current buy list as well.  I have a small position started in the CDR product and its in my TFSA.  Looking to make another purchase soon but passiv says my allocation is at 96% correct at the moment so I'm not in any rush right now.  Kinda hoping BRK falls with this financial crisis so I can buy some of that.  as a CDR as well, I'm loving those products right now.", "likes": 3}, {"author": "@rockymtnrdr", "comment": "Great video Brandon. Two solid picks. What are your thoughts on Westrock company? A boring pulp and paper company that makes boxes etc. Year over year revenue and EBITDA growth as well as fairly low EV / EBITDA level. Stock price is down over 40% the past year. Pays a solid dividend too!", "likes": 2}, {"author": "@andrewsharpe7630", "comment": "I'm hoping EQB drops another 10% before I \"load the boat\" again. EQB fell to the mid-$40s back in October and I'd like to take advantage of those prices again (if possible).\nGOOG has an immaculate balance sheet and looks like a good time to buy if you are bullish on the company.", "likes": 0}, {"author": "@mariacalma2535", "comment": "Loved alphabet or google", "likes": 1}, {"author": "@felixfrost1564", "comment": "The problem is, stability begets instability.", "likes": 1}, {"author": "@gabrielrivest3872", "comment": "I really like Google, too. Their cloud, I think, will be profitable somewhere at the end of 2023 or starting 2024. Even if Bing might disturb their positioning, I don't see it being too big, and you can always be hedged by buying some MSFT. I'm just not sure of the buying price for MSFT. I was targeting 240 but missed the opportunity a bit.", "likes": 3}, {"author": "@turbofanlover", "comment": "Been watching both EQB and TD.  Both banks have taken significant dumps, and may soon be worth a nibble or two.", "likes": 7}, {"author": "@plda123", "comment": "I like your picks, I considered them myself. \n\nHave you considered Brookfield Asset Management (BAM.TO), a spin-off company of Brookfield (BN.TO) here in Canada?", "likes": 0}, {"author": "@AlexanderWongOfficial", "comment": "Wow, great video! Your analysis of the top two long-term stocks to buy in Canada was both informative and engaging. I appreciated the depth of research you put into these recommendations and your clear explanations of the reasons behind your choices. Your insights have given me a lot to think about as I plan my own investment strategy. Keep up the fantastic work\u2764\u2764", "likes": 4}, {"author": "@mschinab.6300", "comment": "Hope to collaborate soon PH based here", "likes": 0}, {"author": "@theonewhopwns1", "comment": "Personally, I'm not a fan of bank stocks cause the collapse of SVB. Trying to stray away from high leverage operating companies. But the GOOG seems like a good value buy right now. Good financials, lots to grow and I feel like the market overreacted with the huge dip on this stock. I bought it at an average of $92 and will be adding more to it.", "likes": 0}, {"author": "@fp2687", "comment": "Can u please show us how to open a on line broker.  Show us how to buy t bills", "likes": 1}, {"author": "@dennisbeekhuizen4225", "comment": "Great video!", "likes": 0}, {"author": "@fp2687", "comment": "Yr referring us to usa stocks but the do it yrself doesn't convert it well", "likes": 1}, {"author": "@advenvilla", "comment": "LOVE IT", "likes": 1}]