[{"author": "@beaviswealth", "comment": "\ud83d\udcc8\ud83d\udcda As always, if you're a beginner to the Stock Market in Canada and you're looking for a step-by-step blueprint on how to get started... Find out more about our Investing Academy here - https://bit.ly/theinvestingacademy\n\nSo... Who wins the battle? Comment down below! #teamalgonquin #teammicrosoft", "likes": 10}, {"author": "@roberttaylor3594", "comment": "MSFT wins on the chart as of today....", "likes": 0}, {"author": "@danieldang8730", "comment": "holy cow\u2026 this video definitely needs an update! I would love to see both of you debate between selling and holding or buying more. For me, AQN is my 1st position to ever give uncertainty to the fundamental reasons to ever started a position with it. \n\nMSFT is a no brainer i feel comfortable sleeping on.", "likes": 1}, {"author": "@sandray7609", "comment": "Would love a follow up on AQN given the latest results", "likes": 0}, {"author": "@MurrMan23", "comment": "I think you two should do a recap video on these two exact stocks. They are both down hugely and potentially could be even more of a buy right now.", "likes": 5}, {"author": "@ecuasteelo", "comment": "Has the sentiment changed for AQN today with it being at currently 20% discounted?", "likes": 0}, {"author": "@kiwionarope", "comment": "I have both, makes picking easy.", "likes": 0}, {"author": "@Wildcharge10", "comment": "I decided AQN because of price so I could buy enough of them to qualify for a Dividend ReInvestment Plan (DRIP) with under $2000 CAD", "likes": 0}, {"author": "@gubbz4087", "comment": "8% apy on a stable coin on Blockfi seems pretty good to me. Only downside would be regulation. I do really like AQN tho", "likes": 0}, {"author": "@WheresMyPolenta", "comment": "LONG AQN", "likes": 0}, {"author": "@GorgonnogroG", "comment": "i have a few shares in AQN and no shares in microsoft too expensive for me so i got some fractional shares ... also i read that in wealth simple there is no Drip feature so i guess before we reinvest the dividends we get we have to deposit more money in the account correct ?\nbut funny as it may seem that wealthsimple invest has  DRIP bc i get notifications that my dividend has been reinvested ,,,  can you explain why in WST thereis no DRIP and WSI does thanks?", "likes": 0}, {"author": "@Voltaire7", "comment": "Any company involved in the wind and solar, I\u2019m out. Those technologies can only work with subsidies, once the market crashes, which it will, and governments are struggling with money issues, the subsidies will end and the technologies will die, dead.", "likes": 0}, {"author": "@mercpindi5522", "comment": "Buy air canada\nThanks Me later", "likes": 0}, {"author": "@fasttracksportsphotography6311", "comment": "The red flag mentioned in this video is even more of a concern now that the company just announced more shares will be issued.", "likes": 0}, {"author": "@enelrats07", "comment": "I love this kind of content. Keep em coming! \ud83d\ude0a\ud83d\ude4c\ud83d\ude4c\ud83d\ude4c", "likes": 0}, {"author": "@gavinredeemed3519", "comment": "Great!", "likes": 0}, {"author": "@MrNonvalid", "comment": "Came in for  aqn stock...  left going to buy Microsoft lol", "likes": 0}, {"author": "@ranaamrinder", "comment": "well health technologies ..can we have some insight on this one please?", "likes": 0}, {"author": "@jamiek1714", "comment": "Nice pick Brandon. AQN has done great since the rec. \nI bot 100 AQN and will buy more.", "likes": 0}, {"author": "@philhines7962", "comment": "I vote for Brandon's pick as I think it's a more affordable stock to get into and could have as much if not more upside value considering the market they are in, they are both good looking companies but everything Microsoft is into requires electrical energy which will need to come from companies like AQN, I believe the demand for reliable, uninterrupted power produced in an environmentally way will have huge potential for several years to come.\n\nReally like your stuff guy's please keep it come.\nCheers Phil", "likes": 0}, {"author": "@JeffLaRochelle", "comment": "Dilutes shareholders by 5-7% every year to pay the dividend and growth? That's a raw deal for long-term shareholders. 11 billion is a lot to pay for 500 million in operating cash flows + dilution.", "likes": 0}, {"author": "@stacytourangeau4593", "comment": "I would pick AQN for my current portfolio, but would strongly consider MSFT in the future. Though choice!", "likes": 0}, {"author": "@rickpacan4497", "comment": "Great overview on MSFT!", "likes": 0}, {"author": "@siuleung3997", "comment": "very nice ! As this moment, I will go for MSFT", "likes": 0}, {"author": "@little-piano-boy", "comment": "How about a video comparing the utilities of the stock exchange x.to, ice and ndaq. Haven't seen anyone comparing them", "likes": 0}, {"author": "@OpticHamster69", "comment": "How much money should I invest for them?", "likes": 0}, {"author": "@gsxrgoddess6", "comment": "Sorry boys\u2026 Algonquin for the TFSA and Microsoft for the RRSP\u2026. Gotta think about the tax implications\u2026 loved the video", "likes": 0}, {"author": "@CrispyAssasin_-td3rr", "comment": "for 10:34  where did you find the image", "likes": 0}, {"author": "@MorningLolz", "comment": "Any thoughts on TEC.TO etf?? Love the videos! Any take on this holding from yourself or your dad would be appreciated!", "likes": 1}, {"author": "@babybel55", "comment": "Thanks a lot as usual for these interesting videos ! \ud83d\ude4f\ud83d\ude4f", "likes": 0}, {"author": "@agenfavo2903", "comment": "I bought 50 shares of Zenabis week back , and its delisted today, does that mean I lost my money with them ?", "likes": 0}, {"author": "@fabricioalvaresm", "comment": "Hey Brandon! It would be nice if you could make a video explaining the Warrant Buffet Indicator and if it could be useful in today's market, considering the treasury bond rates", "likes": 0}, {"author": "@68RedDragonz", "comment": "canuck, small account, f'd my life and not much time left so have to grow it as fast as possible.  need those yields!  Algonquin for me.", "likes": 0}, {"author": "@juliendupont433", "comment": "Marc I love you! Insane choice, gotta give the W to you! Love stock battles keep it plzzz!", "likes": 0}, {"author": "@annemorris8397", "comment": "Microsoft it is. I have been thinking of buying this share for a while....", "likes": 0}, {"author": "@alexschiller3967", "comment": "Great idea with the recap of the old stock battles in the next one!", "likes": 1}, {"author": "@waynelangstaff6419", "comment": "I like country music and this intro song is terrible and makes no sense. Can never skip it fast enough on the videos. Love the content please stop!!!", "likes": 0}, {"author": "@malikknight5503", "comment": "Industries that are the future to invest in are \n\nGood nature products (GDNP)\nAQN \nAnd EV companies", "likes": 1}, {"author": "@AlphabetRock", "comment": "I vote for AQN! I've actually only just started a portfolio, and it's one of the 4 stocks that I currently own: CNR, ENB, AQN and ATD... I'd like to add a Canadian bank and a telecom next to round out my sectors weighting. Thanks for the great videos, I feel as though I've learned a lot from watching them over the last few months, and I appreciate that you manage to do it in ways that are both educational and not at all boring! :)", "likes": 0}, {"author": "@MythologySkate", "comment": "I was going to say that they are both great. But, because you needed a winner, AQN. IMO, MSFT is a no-brainer, not a great deal yet, but a no-brainer. AQN is much risker and I have been on the outside looking in for a while, as the high debt load is always scary for me. But I actually had a limit order placed for AQN as of last week, at what I think is a good price, but seeing some support from the professionals made me pull the trigger on a small market order for an initial position, very small only 2% for now. I will wait for the correction before expanding. Just like Microsoft, and every other great company.", "likes": 0}, {"author": "@W140MercedesS600", "comment": "1) TSX: TMD (Titan Medical Inc.)\n2) NEO: NTAR ( Nextech AR Solutions)\n3) TSXV: FLT (Drone Delivery Canada)", "likes": 1}, {"author": "@WHAPOWful", "comment": "as tempting as buying more tech stocks is, i gotta go with AQN definitely added to my list i dont have much in the energy market and i really like the clean energy side of things as anyone would.", "likes": 0}, {"author": "@VV-vu4qe", "comment": "AQN makes sense from a dividend perspective and as a Canadian investor it makes sense.  With Microsoft the price seems to be high and it is in USD which has been fluctuating so I would take a wait and see approach or invest in an ETF with MSFT.", "likes": 0}, {"author": "@loganschunk3810", "comment": "That stock photo you've used is Riviere du Loup, Quebec. The waterfall is beautiful, though I'd imagine its pretty outdated and needs some updating and/or the amount money it costs to run that does not do the beautiful town justice nor does it provide the town nearly enough energy. Don't quote me on that, but that is my 2 cents. No doubt, the province of Quebec has a large amount of untapped natural resouces i.e. damn C in BC.", "likes": 0}, {"author": "@cityhunterzxc1341", "comment": "Thanks Brandon and Marc! Just added few more shares of AQN in my portfolio. \ud83d\ude42", "likes": 0}, {"author": "@JaelenGames", "comment": "I've been adding to my Algonquin Power position over the last 6 months. Glad to see you covering it!", "likes": 0}, {"author": "@travisloewen6191", "comment": "AQN has been on my radar for a while. I like the current price point and I like the long term potential. Happy to see it mentioned here on this channel!", "likes": 2}, {"author": "@roberttaylor3594", "comment": "all the Canadian utilities came down hard since feb.  AQN, BEPC, for example.  so...is this the bottom?", "likes": 0}, {"author": "@Thrifty_05", "comment": "Long MSFT", "likes": 0}, {"author": "@Mitch91PyroisB0SS", "comment": "Hey Brandon should I buy US stocks on wealthsimple?", "likes": 0}, {"author": "@StaxSmokes", "comment": "Been buying AQN for awhile and have been waiting for you guys to say something about it. Love your videos guys, favourite YouTube channel!", "likes": 0}, {"author": "@dennishowell3795", "comment": "I just bough AQN for my son and i am also waiting to buy some shares, MSFT is a good stock but the dividend and the price is not for me at this time.", "likes": 3}, {"author": "@rockyrejex1247", "comment": "I really like both option. \nI just bought Microsoft recently since the drop. \n\nI may change up Atco for Algonquin.", "likes": 2}, {"author": "@joeg7720", "comment": "Great video as usual. MSFT has been on my radar for a bit so I'm bias towards Mark. I vote MSFT.", "likes": 0}, {"author": "@gardyjoseph7542", "comment": "Well done gentlemen, good work and research.", "likes": 0}, {"author": "@envya2774", "comment": "First time viewer, this is amazing a debate on two different stocks and as a viewer I get to soak in all the knowledge and at the end I can decided both one or none just a beginner so thanks for the information\ud83d\ude43", "likes": 0}, {"author": "@anmolbansal3767", "comment": "Great stocks you shared today. I am very interested in Microsft, it\u2019s a great buy. It would be great if you could share some companies majorly focusing on artificial intelligence as it seems to be dominating the IT sector.", "likes": 1}, {"author": "@CanadianDividendInvesting", "comment": "Awesome picks as always!", "likes": 1}, {"author": "@patthi84", "comment": "Algonquin for sure..", "likes": 0}, {"author": "@jake.p533", "comment": "Legit bought Algonquin 2 days before you put this video out! Feels good to see others liking the stock", "likes": 2}, {"author": "@heavyarms39", "comment": "Picked up a position with AQN @18.50, looking forward for good growth on this stock!", "likes": 0}, {"author": "@CloudProductions", "comment": "AQN for sure, because they're Canadian, have a dividend, and...... as a small time investor, I can actually afford them.", "likes": 0}, {"author": "@yvescormier4197", "comment": "What a stock pitch from marc\u2026.msft takes my vote!", "likes": 0}, {"author": "@jershir7599", "comment": "Own both.  Great choices", "likes": 0}, {"author": "@johnhouseman3546", "comment": "Owning both but it would take more dipping for me to justify buying more AQN.TO while I love MSFT at 250-260. A company that diversified is almost like owning an ETF without the MER.", "likes": 0}, {"author": "@antoinecp04", "comment": "I also bought AQN 2 days ago! Glad to see you talk about it in your video!", "likes": 1}, {"author": "@brunol.6156", "comment": "I don't like AQN for 2 reasons: the share dilution and the high debt. So for this video I'll vote Microsoft. Solid company that can make the core of your portfolio.", "likes": 0}, {"author": "@rustyrants4469", "comment": "I've  been buying agq for a minute but I'm still down lol I have faith though", "likes": 2}, {"author": "@nurvezero", "comment": "MSFT easily.", "likes": 1}, {"author": "@misstjaya", "comment": "Microsoft for me :)", "likes": 1}, {"author": "@smcdonald1229", "comment": "I've owned AQN from $10 and have been pleased.  That said, I'm concerned about the impact the Texas power outage will have on the stock in the short term so will not add any more to my position at this time.  Although a Canadian company, AQN pays in US dollars so you could hold the stock in a USD TFSA with no withholding tax.", "likes": 4}, {"author": "@maoxuliu8860", "comment": "There are two SP AAA stocks. The other one is JNJ. Can u take about Joshson&Joshson?", "likes": 1}, {"author": "@lynxacresb5331", "comment": "ACQ for me!", "likes": 1}, {"author": "@busdriver3330", "comment": "I own them both and plan to buy more of both.  Make sure to hold Microsoft in your US RRSP account to avoid US withholding tax.", "likes": 1}, {"author": "@stefanlemieux4912", "comment": "AQN, started my position on Friday, and want to quickly add to it with coming contributions", "likes": 4}, {"author": "@SecretsofInvesting", "comment": "Nice! love that you've talked about algonquin. I might end up buying stocks. lol!", "likes": 2}, {"author": "@luciat662", "comment": "both are great! sorry ; )", "likes": 1}, {"author": "@NoobBoobie", "comment": "I think something that should be factored in is the immediate currency tax with an American stock. Granted our dollar is doing pretty alright, it's still a big punch to the gut when factoring your returns.", "likes": 2}, {"author": "@Jaime242011", "comment": "Microsoft", "likes": 0}, {"author": "@mahmoudelmadhoun8199", "comment": "I like both of your stock picks, but for the long term I think Microsoft provides higher growth potential. However, AQN with its dividend is a sold option too.", "likes": 1}, {"author": "@ryankoh2606", "comment": "No disrespect to Marc but this battle, I vote for Brandon. AQN is pretty interesting. Anyway, always a joy to see the new partnership of Brandon and Marc. Great content!", "likes": 1}, {"author": "@benbryson8662", "comment": "Great video guys! AQN for the win", "likes": 0}, {"author": "@0043fasteddy", "comment": "Algonquin power. \nLooking to start a position", "likes": 0}, {"author": "@Kamuri93", "comment": "I bought AQN last week. \nCheers \ud83c\udf7b Brandon!", "likes": 0}, {"author": "@brianwightman2455", "comment": "These are both good companies.  I'll give the  thumbs up to Marc's pick MSFT.  \ud83d\ude09", "likes": 0}, {"author": "@andvfx", "comment": "Very nice presentation.  I already had some microsoft, will like to add more. Didnt know about Aqn. Being on the canadian market, with nice divident, and because I wanted more renewable energies weight,,, I think will start a position and my vote goes to it!", "likes": 1}, {"author": "@renzenker2526", "comment": "Brandon I received an email from this video which is supposed to be from you with your name spelled strangely saying I should Whatapp you at a number with a 724 area code...I don't think this is from you really?!", "likes": 1}, {"author": "@taehwahong5824", "comment": "I own AQN stocks but will pick up more next week. I love green energy and their generous dividend. MS is great but too expensive to me. ha ha", "likes": 2}, {"author": "@kubapruszkowski6288", "comment": "Brandon  combining forces with your father was great move .Recommended your channel to lots of people at work .Keep it up guys", "likes": 2}, {"author": "@Farming_Education", "comment": "why its Price to Cash flow jumped to almost 46 with a 5year avg of 12???? Maybe you have to also mention the disadvantages of the company and not only pump it.", "likes": 0}, {"author": "@lokintpk10", "comment": "Microsoft \ud83d\udc4d\ud83d\udc4d", "likes": 0}, {"author": "@studios116", "comment": "JSYK, I subscribed after the first 10 seconds. Thank you", "likes": 1}, {"author": "@RyanThomasWoods", "comment": "Can you compare all CAD utilities and cover benefits/risks with each when comparing them? Dilution? Payout ratio? Debt? Etc\n\nWould love if you included FTS, CPX, AQN, NPI and RWN\ud83d\ude0d", "likes": 10}, {"author": "@jamesherchel5827", "comment": "I bought aqn a few months ago . Might wait for more pull back before I get more. But I am very confident about this bouncing back. And pays a great dividend.", "likes": 1}, {"author": "@stephaniebeaton3939", "comment": "I worked as contractor at Microsoft HQ Redmond for a short while.  All staff are very impressive, smart, professional and hardworking.   Lots of seminars and lunch meetings on research going on. Many employees with advanced degrees. I own MFST stock.", "likes": 0}, {"author": "@devonc6405", "comment": "I would have to side with Marc in MSFT. As others have pointed out in the comments already, AQN's current ratio and cash flow are very scary to me. Although they should benefit from a potential high inflationary period in the near term, if interest rates begin to rise I worry that with their cash flows being where they're at they will have trouble paying off their debt. In that case, they would more than likely have to slash their dividend, or issue more shares (which is already happening yearly)", "likes": 0}, {"author": "@arikhassan", "comment": "I vote for both\ud83d\ude05. I think they\u2019re too diverse to compare, I\u2019d happily add both to my portfolio", "likes": 1}, {"author": "@atio5491", "comment": "Hi Bradon, please review the Loblaw, Empire, etc. I like both companies and I'll set a limit buy for Microsoft.", "likes": 0}, {"author": "@fs982", "comment": "Brandon, Marc is ready for his own channel :) Continue and go for the second one", "likes": 0}, {"author": "@vinny6049", "comment": "AQN is for my daughter college funds, and microsoft is for my retirement funds, both are excellent, thanks Brandon and Marc.", "likes": 2}, {"author": "@Crozier98", "comment": "Microsoft is a great pick", "likes": 0}, {"author": "@ghost_20_lead23", "comment": "Both great picks, and great content/great duo! Tough call - MSFT massive and covered, AQN also a protective play though with the dividend. Sector rotation might come up (renewables not currently in favor) and tech first to drop on the bubble burst -but the CAD-USD makes MSFT attractive. I own both, but at this snapshot in time would have to vote MSFT!", "likes": 0}, {"author": "@corradoQC", "comment": "I already bought Microsoft on the recent dip, I will buy more again when I get the chance. There's still a big move to the Azure Cloud that's happening, In my province, all government agencies and education are being forced by law in the public cloud. Azure gets most of the government clients, because of easy active directory integration, contracts are already in place and they already use a lot of Microsoft products that are now offered in PAAS or SAAS. It's also my line of work I can get a sense for the amount of money going in next few years. Once the client is in it's not easy to get out.", "likes": 0}, {"author": "@leighanneshafer7192", "comment": "I happen to own some of both MSFT and AQN. I'm hoping AQN will grow a bit, and from a pure ethical viewpoint (not financial), I like the fact that a lot of it's energy generation is renewable. But most of all, I like it's dividend and feel fairly safe with it because pay-out ratio is only about 48%. But ... while I feel pretty good about my AQN holding, I am 100% confident in my MSFT! There is no doubt that MSFT will continue to grow and grow ... and grow and grow and grow. This weekend is end-of-month, so planning to up my position a bit on both of these companies.", "likes": 0}, {"author": "@web3tel", "comment": "another great video. I own a bit of both. may buy some more AQN", "likes": 0}, {"author": "@reveluvlinus6039", "comment": "I bought AQN yesterday before I even watched this haha it's at a great price and the dividend is nice", "likes": 3}, {"author": "@seolfor4797", "comment": "Hey guys - love your channel:).\nI view MSFT as critical infrastructure - and as you say they are firing on all cylinders. Their cloud business is a beast and companies small and large depend on M365, D365 and Azure - this is a great stock to have in any portfolio!", "likes": 0}, {"author": "@jamesbainton", "comment": "I invest in both.  Both are great.  AQN is probably a better buy at this juncture.", "likes": 0}, {"author": "@dennisdendiuk2772", "comment": "AQN because I can't afford Microsoft lol.", "likes": 0}, {"author": "@KelechIwuaba", "comment": "Microsoft all day everyday!! Already investing and much like Marc said the downside is so limited for the next 10+ years and he basically covered all the positioning that Microsoft is covering fo the future.", "likes": 0}, {"author": "@brinehamiltonchpa6992", "comment": "Love both of these picks. I have a small holding of AQN on Wealthsimple and plan to pick up Microsoft on my Questrade account. It\u2019s hard to go against Microsoft\u2019s history and consistency so I have to give this one to Marc. Love these videos, keep it up guys.", "likes": 4}, {"author": "@mattplaschka1873", "comment": "AQN makes a lot of sense and I like their numbers and potential.  Microsoft is an overpriced stock destined for a major correction.", "likes": 1}, {"author": "@anne-mariel3256", "comment": "My teens N Van school board uses Microsoft Team.  Thank you for all your expertise gents.", "likes": 0}, {"author": "@skylerdelaurier6399", "comment": "I just bought AQN this week!", "likes": 1}, {"author": "@leensalocin", "comment": "As a Canadian, thank you for making these videos \ud83d\ude4f\ud83c\udffc you\u2019re gonna be so big in the future", "likes": 1}, {"author": "@mikelmiles", "comment": "Sorry Brandon but I have to go with Microsoft!!!  Haha!", "likes": 0}, {"author": "@lanceroberts1066", "comment": "own both I believe MSFT could be divided into 4 stocks, undervalued it should be at least 400 dollars a share", "likes": 0}, {"author": "@reptilianskin", "comment": "I personally own AQN. I do like Microsoft, and the foreign exchange rate to buy USD is much better now than it has been for a while. I think they are both great picks. When I get more contribution room in my TFSA next year I will probably buy both. In my non registered account I am building up other positions to size before I add more.", "likes": 0}, {"author": "@alexandreblais6853", "comment": "Was looking at AQN.  Like the dividend", "likes": 0}, {"author": "@TheTordawg", "comment": "Def AQN.  Price point is a big reason why for me along with dividend yield. This is something that I can afford. The regulated earnings give me a feeling of security. I might be a little biased as I have owned this stock for the last nine months :).", "likes": 7}, {"author": "@jtl7943", "comment": "That recap idea is a great one", "likes": 0}, {"author": "@robertbazso5053", "comment": "Good morning guys... awesome video... this time I will side with Brandon as I love power go Algonquin .... but super job Mark....", "likes": 0}, {"author": "@Mikey-vt3to", "comment": "I already own AQN. Great long term investment company with a very good dividend. Microsoft is a little too rich for me but what are your thoughts on Apple right now?", "likes": 4}, {"author": "@bosccoh", "comment": "Bought saputo a few months ago, it's been great!", "likes": 3}, {"author": "@ryanburkitt424", "comment": "Algonquin", "likes": 0}, {"author": "@grambo1313", "comment": "Bought AQN.to this week 18.61 thought it was a good entrance point based on valuation. Good overview guys. Other then their debt levels feel great about them forward moving.", "likes": 0}, {"author": "@piyushgarg9897", "comment": "I had a question:\nConsidering the amount of tech company options in the US market, how to select which company is the right choice for my portfolio?\n1. No-one pays dividends.\n2. Major top brands are in US. so there are may I say 10+ great options.", "likes": 0}, {"author": "@dtcrozier", "comment": "I might go for Microsoft!", "likes": 0}, {"author": "@RJ-ht7lq", "comment": "Dude, great tune to start it off.  You and your dad are a great watch and have a TON to share. Keep it up.  PS your pops is a natural.  Keep making us Canadians look good!", "likes": 3}, {"author": "@christophergo8236", "comment": "Fantastic content as usual! Big thank you to you and your father Marc!\n\nCurious what your thoughts are on Canadian Utilities which is very similar to AQN. \n\nSome of the things I don't like about AQN are the (1) share dilution which you touched on, (2) negative levered cashflow of almost half a billion, (3) Debt/EBITDA of around 10, (4) Low Current ratio of only 0.57\n\nLove that AQN has a (1) payout ratio of 40% compared to that of CU that is 138%, (2) AQN's revenue has been increasing in the past few years which has translated to increase in earnings YOY.\n\nIf you can only choose one, will go with AQN or CU? If you can have both, will you hold shares in both both companies?\n\nThank you!", "likes": 0}, {"author": "@lunadearden6749", "comment": "First time commenter here! I've been looking both stocks for a while and thinking the Algonquin might be a buy. I also wanted to own Microsoft sometime too. This video was very helpful. Thanks for all the research! \n\nI'm not sure if you covered RESP on this channel. Since it is 17 years commitment and could say it's long term investment but do need to be cautious with when the withdrawing time approaches. If you guys can cover how to invest in RESP (strategies) that would be awesome too!", "likes": 1}, {"author": "@joeyhoser", "comment": "Bought some AQN a couple months ago and it has not done well so far, but I'm pretty confident in it long term.", "likes": 4}, {"author": "@Rob-ob3sh", "comment": "MSFTis in my my S&P 500 BMO fund so if I was just buying on my own with say a Wealthsimple or a Questrade then I buy AQN for my TFSA because I still don\u2019t own AQN. This is not even close one to pick because they are not comparable AQN is 11B market cap vs MSFT which is 1.88T market cap   I would buy MSFT over AQN. Brandon should have at least went with Shopify to make it a challenge LoL. One interesting fact that was not mentioned. Brandon forgot to point out that AQN dividends are paid in U.S. currency", "likes": 0}, {"author": "@memilko2854", "comment": "I have both stocks. I vote for Microsoft. I thinks it has more potential to grow.", "likes": 0}, {"author": "@rodsaclutihive596", "comment": "Great picks as always. Brandon / Marc what your thoughts on Lion Electric Vehicle?  Thanks \ud83d\ude4f", "likes": 2}, {"author": "@jean-lucbouchard5967", "comment": "I bought both. my first choice is MSFT", "likes": 0}, {"author": "@sheldonberg125", "comment": "I like Microsoft as well. I also like utility companies. My problem with Algonquin Power is how heavily they have invested in \u201cGreen\u201d technology. I know that Green and Renewables are very fashionable these days but these technologies are flawed and very expensive and often are artificially sustained by government subsidies and carbon credits etc. I believe that one day in the future when the mask comes off of the green/renewable/man made climate-change agenda that companies heavily bought into wind, solar, batteries etc will implode. I know this is not a popular sentiment but it seems obvious if you look at the facts about renewables and the exaggerated climate crisis.\nAnyone think the same or want to correct me?", "likes": 0}, {"author": "@kelleyhaldorson209", "comment": "How to pick a winner here?  I just bought MSFT(so excited) currently my largest position.  And I have been kicking around getting AQN but all my cash is in USD right now and I have energy as my heaviest sector already and I don't want to add anymore!  but AQN seems like there is so much potential there for growth and DIV. i want it so bad. haha.  I'm gonna say Marc gets the win with MSFT proven record and tiny dividend as a cherry on top.  love these vids guys keep em coming.  I think its great for giving us good options for choices in how both stocks could be great picks depending on your current situation.", "likes": 0}, {"author": "@christiansaulnier8285", "comment": "MSFT", "likes": 0}, {"author": "@TwinworldGameReviews", "comment": "AQN is getting smoked pretty bad right now since that winter storm issue in texas happened. They're almost near their pandemic lows. I'm surprised they are not higher in price considering their growth history. I re-bought back into AQN just at under $20 after the winter storm.\n\nI held some MSFT during the pandemic and then sold out once they blew past their pre-pandemic levels. Shifted those funds into other blue-chip stocks on the CDN side.", "likes": 0}, {"author": "@denisplouffe514", "comment": "I own Microsoft and love it but I\u2019m interested in Brandon\u2019s suggestion.", "likes": 0}, {"author": "@turbofanlover", "comment": "Can't argue with either one of these picks, especially given where the stock markets are, right now.", "likes": 2}, {"author": "@CyclingDad", "comment": "I\u2019ll check out AQN. In March I loaded up on more MSFT when they were down. Holding that one.", "likes": 2}, {"author": "@kenhovington4561", "comment": "I have a position in aqn so my vote will go for it , but i really love Microsoft and when I get my buy on the us market, this one will be on my watch list for sure.", "likes": 0}, {"author": "@donmcleod2235", "comment": "AQN sold in February, now back on my buy list. Big expenses over the winter in US. Now back building renewable revenue and profit.  AQN in TSE top TSE 60. \nMSFT, uphave never had in portfolio. Stock now has sustainable revenues, good stock to have as a small part of your portfolio.  :)", "likes": 0}, {"author": "@mariofiorino5294", "comment": "I own both, but prefer Microsoft for long term growth", "likes": 0}, {"author": "@Dave004", "comment": "Just started buying AQN.TO a few days ago, I agree completely on your review I think it will do well. Microsoft on the other hand seems overvalued right now and honestly doesn't look attractive over $225 per share in my opinion. I've seen a lot of analysis saying they price Microsoft at a current true value of closer to $200 but i'd still jump in a little higher than $200, but not at current prices.", "likes": 0}, {"author": "@Nathalieatleutig", "comment": "This is a hard call between possible correction, so MSFT and rotation of sectors, leaning to AQN. You guys are giving me a difficult time.", "likes": 2}, {"author": "@nolamacpheat6506", "comment": "Hard pick \nMicrosoft \ud83d\udc4d\ud83c\udffc", "likes": 0}, {"author": "@tapasya911", "comment": "AQN because I\u2019m currently Canadian focused. But looking into American stocks closely and Looking closely at Microsoft and Amazon", "likes": 1}, {"author": "@danieldang8730", "comment": "I love Microsoft... at the right price. I would pull the trigger after some more reflection or if it goes a little more down. AQN, I pull the trigger right now! P-E ratio of 11 is a no brainer for such a great dividend safe play.", "likes": 4}, {"author": "@cryptoscotch9347", "comment": "Can I buy the Microsoft stock in a TFSA or a RSP for a Canadian?", "likes": 0}, {"author": "@Ryedor", "comment": "As a Canadian I'm in on AQN.   Just wondering , is it possible to trade options up here on Canadian companies ?  lol", "likes": 1}, {"author": "@biomolecologo", "comment": "MSFT is an awesome company to own, but right now I vote for AQN, it doesn't take much to qualify for a DRIP, and with that you get compounding in autopilot!", "likes": 5}, {"author": "@terrywhaat", "comment": "ya gotta ditch the country intro lol", "likes": 1}, {"author": "@chairmanmike5858", "comment": "AQN ... I'm thinking CAD gains will nulify USD MSFT. Great stuff guys!", "likes": 2}, {"author": "@eugeniat5460", "comment": "What an adorable duo too though..", "likes": 0}, {"author": "@anocheceres", "comment": "I'm with Marc \ud83d\ude01", "likes": 0}, {"author": "@abhisekdas8116", "comment": "Love watching your videos which are very informative and genuine..even though I own both..I\u2019m with AQN at this point since it seams cheaper to me at the current price levels", "likes": 1}, {"author": "@momo35444", "comment": "i vote AQN!!!! i have some! wish me luck. thanks for the video!!", "likes": 1}, {"author": "@stevertor", "comment": "What is the software platform/website you are using to show the financials overtime for each stock?", "likes": 1}, {"author": "@marys5091", "comment": "I own both but AQN might be a better pick at the moment since it's pulled back quite a bit.  The only concern I have is, I heard that AQN experienced wind turbine damage earlier this year.  I also own MSFT and am very pleased how it's gone up.  I'm wondering if I should wait for a pull back before I add more.  Having said that, I like both AQN and MSFT .", "likes": 3}, {"author": "@derekcox6531", "comment": "Bang on Marc . Microsoft is a stock to buy and own until....? I mean,it\u2019s been going for decades and is so very solid. Well managed,well positioned! It\u2019s just a pure buy right now based on that little pull back. Brandon! Algonquin! Another well managed and well positioned company. ....but I gotta give it to Marc. Microsoft is just a dominant company that continues to evolve and adapt and lead.", "likes": 0}, {"author": "@kimvallon958", "comment": "Microsoft for me!!! I like the variety of the company.", "likes": 0}, {"author": "@newmanprince", "comment": "Every time he says Dad. Oh man I can see the love and respect. That's all I hope \ud83d\ude4f\ud83c\udffe to get from my children.", "likes": 45}, {"author": "@Victoria-rw7zt", "comment": "Microsoft for me", "likes": 0}, {"author": "@guru7136", "comment": "Great presentation  but  Microsoft clearly the winner here the numbers generate just far exceed algonquin even for long term dividend investors  9%  dividend growth  with a consistant  5year compound rev growth of 14%,, consistant cashflow growth  and  moat around it business  this is the investors choice for far higher return over the long term. I like to see valuation  lower  but this is perfect to nibble over time to build a position.", "likes": 2}, {"author": "@aleksaklasnic8776", "comment": "I got a job offer at Algonquin and declined but still invested in them, great company", "likes": 0}, {"author": "@patrickboyer4688", "comment": "Vote is for AQN - do like Microsoft but valuations are a bit too high.", "likes": 1}, {"author": "@zmollon", "comment": "AQN. This is the way.", "likes": 1}, {"author": "@mingtu7187", "comment": "own both. so, how do I vote? both?", "likes": 0}, {"author": "@benyaarroyave8380", "comment": "AQN is on my list", "likes": 1}, {"author": "@clarifyingquestions", "comment": "How come Morningstar only gives it a 3 star rating?", "likes": 0}, {"author": "@ctcamara", "comment": "\u2764\ufe0f", "likes": 0}, {"author": "@leonoravena9526", "comment": "I\u2019ve bought Microsoft @247 the other day.  Nice one Marc.", "likes": 0}, {"author": "@deanclark8783", "comment": "I like both companies, though I'd have to go with AQN.  I own 50 shares of it and think the current price is only due to the pullback in renewables combined with the damage from the Texas storm a while back.  They appear to be doing the right things to grow into a really solid company.  There's nothing wrong with MSFT and with the good CDN to USD conversion rate it could be a nice addition to my RRSP soon, but it's the vanilla ice cream of tech stocks (which isn't necessarily a bad thing).", "likes": 0}, {"author": "@shanehall8909", "comment": "MSFT should be a staple in every portfolio. I allocate 5% to Microsoft and may even bump it up to 7% soon. Consistent earnings and revenue growth every quarter. Has had an incredible run the last 5-10 years. Plus there is no signs of it slowing down. Long term hold for me.", "likes": 0}, {"author": "@renzenker2526", "comment": "I already bought MSFT on the dip...", "likes": 0}, {"author": "@ab.4425", "comment": "Great video guys!! I really like both picks!!  I stay with AQN!! Thank you so much!!", "likes": 1}, {"author": "@susanmcadam1700", "comment": "Microsoft is going in my USD portfolio. I already have AQN.", "likes": 0}, {"author": "@wondersofnature271", "comment": "Great information about Algonquin and Microsoft, learning from it. Got already some shares of Algonquin. Thank you lots", "likes": 2}, {"author": "@renzenker2526", "comment": "Yes I have traded AQN before the last time I decided to buy it for a long term hold and gor slammed in the drop. It is my ONlY stock that is currently down.", "likes": 1}, {"author": "@franky5159", "comment": "This is awesome! I just bought Algonquin today!", "likes": 3}, {"author": "@bazookajoemo", "comment": "I like both, but if I had to pick one ... Microsoft all day! Algonquin is a cool Canadian company but Microsoft is legendary!", "likes": 11}, {"author": "@KaliBlaz", "comment": "Algonquin have been  overhyped by youtubers for no other reason other than it is \u201ccool\u201d to ride the green wave pushed down our throats by leftist governments, not to get political here, but green power companies are far from being sustainable for the short or medium term. If it was not for our anti prosperity governments these companies wouldn\u2019t be on the map at all.", "likes": 0}, {"author": "@dexteriousdex4686", "comment": "Algooooooooooooooooonquin! Just cause I added enough to drip it \ud83d\ude0e", "likes": 3}, {"author": "@walkerblizzard", "comment": "I'm with Marc on this one. Loving this series. Learning a ton!", "likes": 1}, {"author": "@ajaysinghrathore51", "comment": "Algonquin is good pick now at these levels.... very good 4.5% dividend. it has come down due to US dollar weakness as they have assets in the US. Also came down due to all renewable  weakness. Also affected by Texas freeze up....long term this company will do well in my opinion...my vote for Algonquin. MSFt is beast can\u2019t go wrong with MSFT with their mammoth subscription business.", "likes": 0}, {"author": "@rp5339", "comment": "Neither. I am long on Canadian oil sands.", "likes": 0}, {"author": "@karvanafsar2532", "comment": "Microsoft", "likes": 1}, {"author": "@dgomes265", "comment": "Good choice I own Algonquin and will pick up some more in the dip.  My Energy star this year has been Pimbina Pipeline PPL.TO.  Microsoft is a great opportunity!", "likes": 4}, {"author": "@willkeen5010", "comment": "Lol, funny you mentioned AQN. Picked this up for my TFSA contribution room for this year. Dripping this one all the way to retirement and hopefully a gift to my daughters future.", "likes": 37}, {"author": "@tenzinthutop", "comment": "AQN is definitely a buy. I added another 200 shares today.", "likes": 35}, {"author": "@j.p.6228", "comment": "Brandon\u2019s 100% getting the dub here tho (by audience vote). The people love Algonquin!", "likes": 13}, {"author": "@j.p.6228", "comment": "First time I\u2019ve seen you talk about Algonquin! Seems to be a \u201cYouTube favourite\u201d. Looks attractive at these prices, especially with the dividend yield, but their free cash flow has always really scared me. It\u2019s been negative/flirting on negative for years!", "likes": 14}, {"author": "@jemzjyp", "comment": "This series is my fav. Thank you! \ud83e\uddf8", "likes": 2}, {"author": "@annehenderson7911", "comment": "I really like AQN.", "likes": 0}, {"author": "@beaviswealth", "comment": "\ud83d\udcc8\ud83d\udcda As always, if you're a beginner to the Stock Market in Canada and you're looking for a step-by-step blueprint on how to get started... Find out more about our Investing Academy here - https://bit.ly/theinvestingacademy\n\nSo... Who wins the battle? Comment down below! #teamalgonquin #teammicrosoft", "likes": 10}, {"author": "@iammallu2251", "comment": "First viewer of the video \ud83e\udd29\ud83e\udd29\nYou guys are great", "likes": 1}, {"author": "@kartiksharma-bw7is", "comment": "First one", "likes": 0}]