[{"author": "@beaviswealth", "comment": "New video for you guys! Enjoy! :D \n\nAs always, if you're a beginner to the Stock Market and you're looking for a place to learn... \ud83d\udcc8\ud83d\udcda Find out more about our Investing Academy here - http://bit.ly/InvestingAcademy.\n\nThanks for watching!", "likes": 4}, {"author": "@brainworthy", "comment": "I like to wait for pull backs. Choose good value stocks, then buy on a pull back.\nI think there will be a pull back in the next couple months...maybe weeks.  Be patient, like a crocodile, then pounce when the opportunity presents itself. Go ahead and sell after the market rebounds and you made some gains.", "likes": 0}, {"author": "@turbofanlover", "comment": "If you have say, a 40 year timeline before retirement, then yeah...go ahead, even right now.  If you're like 50 years old or older, I'd hold off right now. This bull is waaay past its prime.  The bear is coming sooner rather than later...and it's going to take down both good and not so good companies.  Let the bear do its thing, then get in again.", "likes": 0}, {"author": "@scottscriticalmass", "comment": "Thanks for the video Brandon... The topic is especially timely considering we're likely in the latter stages of this economic upswing.  Personally, I feel it's always a good time to buy stocks assuming you have a long term time horizon for your investments and you're focused on companies with strong competitive advantages, smartly managed balance sheets and solid profitability metrics.  Cheers man!", "likes": 0}, {"author": "@stephenramos2824", "comment": "If you're looking for day trading than it is a good time. If you're going  for long term/dividends than again it is also good time. Both times doing  you due diligence  and a bit of luck you should  be fine.", "likes": 0}, {"author": "@Zuzana1fan", "comment": "Brandon, this question is off topic, but could you answer the question of how to break-up with your financial advisor.. What happens to your money, the tax free account you set up?  Within the next few months I would like to take over our money management and I am thinking the sooner I get away from the financial advisor the better off I'll be.  He is taking 4%", "likes": 0}, {"author": "@mikecarpenter3819", "comment": "I kind of look forward to a downturn, or recession, just to buy as much VFV.TO as possible . Thanks, Brandon", "likes": 0}, {"author": "@MartinMcClellanGT", "comment": "Why use Ovechkin when we all know Crosby is better ;)", "likes": 2}, {"author": "@RA-zr2rg", "comment": "Brandan, would love to hear your take on holding cash reserves at all and if so where to keep it until it is deployed into the market.", "likes": 0}, {"author": "@InvestingEducation", "comment": "Generally anytime is a good time to start averagin down into stocks", "likes": 3}, {"author": "@joellenlin1212", "comment": "excellent sports analogy!", "likes": 2}, {"author": "@NickPeitsch", "comment": "Great athlete analogy! \n\n\nIf you want to make gains, you need to take some risk - and get out there APPLYING your skills.", "likes": 1}, {"author": "@PassiveIncomeTom", "comment": "This is really good insight.\ud83d\udc4d It is wise to look long term rather than the rocky movements in the day to day movement of the market.", "likes": 1}, {"author": "@PlayThatGameDE", "comment": "There are always reasons and opinions on why not to start. Even in a market that might be overvalued, in my opinion you can still find value in different stocks (in every \"market-time\"). Worrying too much = never acting. How are you planning to get a return of something if you never act? That's paradox. Nobody can predict a market crash exactly. You should make your own thoughts, as there will always be \"experts\" or anybody else who is predicting and seeing the next crash at ANY TIME of the market. So in my opinion you should go out, think critically and start acting rather than worrying everyday, whether now is a good time to buy stocks/ start investing / whatsoever. You will never get a definite answer to that question. Good Video and keep going!\ud83d\ude0a Greetings from Germany", "likes": 0}, {"author": "@harlemespanol", "comment": "Great video, Brandon! Please elaborate on specific sectors/stocks we should invest in to prepare for an economic downturn.", "likes": 0}, {"author": "@samreagan6292", "comment": "Great video.", "likes": 0}, {"author": "@PenthouseFinance", "comment": "This is very true. Quality companies matter. Investors are often naive about the continued potential of companies and some are just waiting for a downturn. Even during a downturn or recession, a company like Google or Microsoft will continue to grow with new tech like quantum computing and cloud. Lots of investors wait for a downturn, but I think this will just be time wasted.", "likes": 1}, {"author": "@tg8603", "comment": "\u201cIt ain't what you don't know that gets you into trouble. It's what you know for sure that just ain't so.\u201d - Mark Twain. Everyone make sure you keep up with the macro news. This market, this debt... when the low interest rates (monetary methadone) goes away, the drug attic gambler market is going to OD.", "likes": 2}, {"author": "@GenExDividendInvestor", "comment": "It\u2019s always a good time to buy stocks.  You just need to find the right values.  Never stand on the sidelines.  You can make money in all markets.  Luck favors the prepared.  I like the uniqueness of this video, thanks.", "likes": 5}, {"author": "@11Alisher", "comment": "There is always a good opportunity to buy good stocks like with MMM, ABBVIE, WM, you don't have to wait til recession, plus like Brandon said nobody knows when recession will come!", "likes": 1}, {"author": "@wolfofdubai", "comment": "You can never time the market..\n\n\nIt\u2019s about time in the market...!", "likes": 1}, {"author": "@dylanwolf358", "comment": "Where am\u2019nt josh", "likes": 0}]