[{"author": "@beaviswealth", "comment": "\ud83d\udcc8Join The Investing Academy \u27a4 https://bit.ly/theinvestingacademy \n\ud83d\udcaeBlossom Social (See My Exact Portfolio & Trades) \u27a4  https://getblossom.page.link/brandon\n\nWhat do you guys think about dividend investing? Leave a comment down below! Thanks for watching :)", "likes": 3}, {"author": "@jk47Ssb", "comment": "Like Warren Buffet says, a company would be better off if they reinvested their cash rather then paying the share holder, I would argue the s&p chart would look the same or even better if those companies reinvested that cash rather than pay the shareholder.", "likes": 0}, {"author": "@doctorgonzo5358", "comment": "I liked the 3rd graph showing the different dividend categories and the way they perform in bull vs bear markets. Thanks! Banks and energy stocks are good for stable growth and solid dividends! Wish we as canadians had our hands in more tech moving forward though haha.", "likes": 0}, {"author": "@coldbrewkelly9817", "comment": "Hi Brandon, it's Kelly. Hope you're well since we've met at the Investing Academy meet-up! This video definitely covered a lot but the format used to organize the main points allowed me to follow easily. I personally do like these debunk stereotypes and assumption videos so can't wait to see more if that's in the planning! Cheers!", "likes": 0}, {"author": "@EK-gr9gd", "comment": "TSLA stated intention is to never pay a dividend. Guess who wants to \"scrooge\" the money...", "likes": 0}, {"author": "@EK-gr9gd", "comment": "Dividends should be the surplus after all deduction from the profit are made.", "likes": 0}, {"author": "@ambitiousunderdogz482", "comment": "Great video. What are your thoughts on a dividend ETF like VYM where (if you buy at the right valuation) you will get both stock price appreciation as well as a 3% plus dividend yield?", "likes": 0}, {"author": "@MrProfdeChimie1", "comment": "Hi ! Thank you! What is the source of the image at 16:18 ?", "likes": 0}, {"author": "@DabloEscobud", "comment": "It creates tax inefficiencies!", "likes": 0}, {"author": "@jasonb7865", "comment": "I think the unsophisticated dividend bonus money concept is from the board game Monopoly that they've played for years. \"Oh bonus, bank pays a dividend, SWEET... BONUS DUUUUDE, we're soooo gonna party\"", "likes": 0}, {"author": "@Astral106", "comment": "Love the video. Thank you!", "likes": 0}, {"author": "@marctrottier3732", "comment": "...nicelly done...", "likes": 0}, {"author": "@siam9845", "comment": "I\u2019ve gone all dividend stocks and very happy with my portfolio!", "likes": 0}, {"author": "@valveman12", "comment": "Dividend investing gives me over $2000.00/month... That's over $24,000/year Not useless at all.  \nIn fact, I reinvest, and sometimes I use some of my dividends to go on a holiday with my wife.  \nDividends are great!", "likes": 4}, {"author": "@haleyjae4145", "comment": "Thank you Brandon. \u2764", "likes": 0}, {"author": "@mrbsebt", "comment": "People who say dividends are bad do NOT like to get up with free money in their account :D", "likes": 0}, {"author": "@Carol8693", "comment": "As always, Another great presentation :) thank you for showing us", "likes": 0}, {"author": "@billgeneau3240", "comment": "I understand, Corporate earnings are taxed at a much higher rate than individuals tax rate, therefore movint those earnings out to the individual results in less money going to pay tax and therefore more money being made available to the individual investor.", "likes": 0}, {"author": "@TeeJayAwrekaOA", "comment": "Love this dude, very well said", "likes": 1}, {"author": "@CanadianDividendInvesting", "comment": "Some great points here, thanks for sharing Brandon!", "likes": 0}, {"author": "@TheJoaninhaMendes", "comment": "The company just made 500 B dolars more... but the CEO was found in bed with his secretary and the market reaction is not and increaso of 500 B in the market cap, a decrease of 5 B (because of bad news)..\n\nNope... I rather have the dividends and having that 500 B in my pocket.", "likes": 0}, {"author": "@Chap17", "comment": "Sounds like one of the best times to buy extra shares if you like the company", "likes": 0}, {"author": "@karlblais7166", "comment": "Like in life, balance is all that matters.", "likes": 1}, {"author": "@mahirhaque1801", "comment": "I would add a short term bond etf to this list.", "likes": 0}, {"author": "@GlenooCanada", "comment": "People always bring up Warren Buffet does not pay a dividend ... Look at his investments ... almost ALL of his investments pay dividends ... Therefore all of you should not talk trash about dividend stocks as a bad thing", "likes": 0}, {"author": "@timhennigar1468", "comment": "Those that play the dividends game ought to be focused on TOTAL returns - it is always about TOTAL returns - I expect growth (or at least not wholesale loss) on any investment.  And, there are enough examples of dividend stocks that outperform the market over the long term ..  Moreover - if those investments are in ETFs (etc) most times you can be buying into the largest and best companies in the sector and are well diversified. And PLEASE, don't expect that companies who earn lots of bucks actually reinvest or put that earnings into to making the company better .. there are numerable examples of fraud, theft and grift - and simply poor decision making .. There is good and bad in both strategies - wins and losses to be had aplenty in both strategies ... I am tired of these videos ..", "likes": 0}, {"author": "@f3wbs", "comment": "10:20 It definitely isn't surprising that a lot of great companies pay dividends. The companies that don't today might do so in the future.", "likes": 0}, {"author": "@acdatz6222", "comment": "When dividends are paid out you are just \"realizing\" the gains every month/quarter. The only way to get your gains from a growth stock is to sell the stock.", "likes": 5}, {"author": "@user-vs8wu9bj6e", "comment": "I enjoyed your informative clip better than the one where you where eating your lunch on screen", "likes": 0}, {"author": "@JohnnyMastro", "comment": "Dividends work, and well. Retiring off reliable dividends is very not irrelevant.", "likes": 0}, {"author": "@MooseOllini", "comment": "Dividends arn't bad - they are just irrelevant. Just invest in good stocks. You'll end up with both growth and dividends stock.", "likes": 0}, {"author": "@lankanvenu", "comment": "Thoughts on hyld", "likes": 0}, {"author": "@TheKYLE323", "comment": "Divideds are great for long term investing, I have constant cash flow coming in every month to buy more shares, I don\u2019t have to sell stock to get cash, compounding dividends are how you retire early and really grow your wealth. I can\u2019t bring myself to buy a stock that doesn\u2019t pay a dividend.", "likes": 3}, {"author": "@sridharv3903", "comment": "The dividend vs reinvesting decision is not mutually exclusive. You explained well to show the contrast however it's important to remember there are several companies which do a combination of both meaning x% pay out as dividend y % reinvest. Some pay more dividends and reinvest the rest, while some do vice versa and some balanced either way. If we add a third dimension buy back it there is a third option where company's board decides to buy back or repurchase stock. Investors who need liquidity or those that are conservative may prefer dividends.", "likes": 1}, {"author": "@itz.mariavicz", "comment": "The chart really sealed it for me! This was awesome! Thanks Brandon :)", "likes": 0}, {"author": "@theabstract4936", "comment": "Can you do a video on holding companies", "likes": 0}, {"author": "@ryanm7171", "comment": "Another pro for lower-income Canadians is that the income derived from Canadian dividend companies has no or much less tax than ordinary income or capital gains.", "likes": 1}, {"author": "@canpin", "comment": "Isnt it Earnings are newly acquired  money generated by the  business?\nSo if i earn $100k this year, thats new money, to add to my existing money example $1M. So total of $1.1M.\nSo, if i give out dividends, ill give out from the  \"new money\" $100k, without touching my existing $1M. \nThats what i thought.", "likes": 0}, {"author": "@Northern_Squirrel", "comment": "Awesome video Brandon, your explanation is perfectly clear and well done. I do believe in a hybrid approach to investing, allocate TFSA for mostly growth, RRSP for US dividend payers, fixed income and even some growth stocks and holding exclusively Canadian eligible dividend payers within non registered for taking advantage of preferential tax treatment and regular income.  Keep up the great work.", "likes": 2}, {"author": "@carolnavan4137", "comment": "Very educational. Thanks", "likes": 0}, {"author": "@willkeen5010", "comment": "Dividends equal financial freedom. Let\u2019s just say my dad was buying RBC stock in the 60\u2019s. Let that sink in", "likes": 0}, {"author": "@florendogomezcasuga7043", "comment": "Pepsi and coke are waiving \ud83d\ude05", "likes": 0}, {"author": "@alminci6622", "comment": "WELL DONE!!!", "likes": 0}, {"author": "@djayjp", "comment": "Dividend investing is only good for two scenarios: 1) retirement phase 2) weathering down markets. Otherwise not only are dividends not relevant, but in fact non dividend paying stocks or funds will typically outperform dividend paying ones in growing one's portfolio value in the long run (as these companies reinvest in the companies themselves rather than pay out dividends which are only done when they can't get a better roi by reinvesting it in a fast growing company).", "likes": 1}, {"author": "@chrisevans7416", "comment": "Ok 2000 a year from enbridge  ,my gas bill 1200 a year , free gas and up 800. BMO 1600 a year , TD 1400 a year, BNS 1000 a year  I could go on . 5000US  a year in dividends  I own 42 dividend paying stocks, paying over12k a year", "likes": 4}, {"author": "@captaincolt8886", "comment": "Lots of good points \u2026 well done", "likes": 1}, {"author": "@manveersingh9194", "comment": "What are your views on IA Financial Group Stock? It has outperformed Canadian market for the for the past year.", "likes": 0}, {"author": "@brucecampbell7347", "comment": "Very good discussion and a clear and concise video on how dividends work.", "likes": 1}, {"author": "@fhuzpatch", "comment": "When trying to make a balance portfolio (not everyone wants to run a balance portfolio, I get that), Dividends make it nice to allow you to choose which parts of your portfolio to put the extra cash. Rather than potentially having to sell some stocks on one end to add to the other end you can use the cash to beef up those on the lower end to get them closer to those that were performing better. You may still have to sell some stocks to rebalance, but the more cash you have to rebalance with initially (including newly added cash) the more likely it becomes that you may be able to get by with not selling the higher end ones.", "likes": 1}, {"author": "@momo35444", "comment": "great video Brandon! I love my dividend stocks!!!", "likes": 0}, {"author": "@dalesiemens", "comment": "What would you consider to be the most popular compalies in Canada for paying a dividend", "likes": 0}, {"author": "@TwinworldGameReviews", "comment": "When the ex-dividend date arrives, do the exchange operators (TSX etc) adjust the share price down or do bots sell off stocks to bring the price down to the new amount via an arbitrage opportunity?", "likes": 0}, {"author": "@roberttaylor3594", "comment": "Dividends are the main and safest way to invest in stocks at all.", "likes": 1}, {"author": "@MurrMan23", "comment": "The share price also tends to drive up before the dividend is paid. So it almost cancels out the argument that share price drops after paying dividends.", "likes": 6}, {"author": "@Rob-ob3sh", "comment": "What I like about dividends is you are receiving a realized gain and not having to sell your shares to  realize your gains. If your sitting on non dividend paying stocks your only gonna realize your gain when you sell your shares as you only have a paper gain until you sell.", "likes": 6}, {"author": "@BoredatheBustop", "comment": "In my opinion, dividend-generating positions are a really powerful asset when you are first building your portfolio: by choosing to invest in dividend stocks first, the extra source of income (on top of your contributions) boosts your buying power bit by bit - making the often more expensive, growth oriented stocks that do not pay dividends more attainable. Great video Brandon!", "likes": 9}, {"author": "@MountainFinance", "comment": "Great breakdown. Total Return stocks are my favourite ;-)", "likes": 0}, {"author": "@voo5000", "comment": "The people saying dividends dont matter are the same ones worrying about MER fees..\ud83d\ude06", "likes": 2}, {"author": "@alleycat8675309", "comment": "very timely.  Thanks :)", "likes": 0}, {"author": "@SuperSaiyanKrillin", "comment": "I would say that it's not like dividends are bad or irrelevant - but the idea of someone putting the vast majority of their investments in dividend stock is where people are making big mistakes and are getting sold a false narrative.\nHow many videos are out there with clickbait headlines promising \"Here's HOW to make over 10k a month in dividends!!!!\" which are incredibly misleading and outright dangerous. \nThe more one focuses on dividends - the less they are focusing on diversification and that's the real danger for an investor", "likes": 4}, {"author": "@surreycase", "comment": "I'm 54, sold my place and put most of it into dividend stocks to retire earlier in the Philippines. Am I crazy?", "likes": 33}, {"author": "@WiseOwl_1408", "comment": "Definitely done with bevis and butthead", "likes": 4}, {"author": "@Doofus171", "comment": "And look at it this way ... if its always true that stock prices drop at dividend pay dates, then thats a 100% guarantee you can grab more of that stock at a good price on those days.", "likes": 0}, {"author": "@Doofus171", "comment": "They are so useless that every very wealthy person I know invests heavily into dividend providing stocks.", "likes": 0}, {"author": "@singhjp006", "comment": "First comment \ud83c\udf89", "likes": 0}]