[{"author": "@bananahead44", "comment": "need to get marc's audio at the same audio level as brandon's ! hard to listen to otherwise", "likes": 0}, {"author": "@jeanninelaplante5584", "comment": "You feel like you are in North Korea\u2026seriously??", "likes": 0}, {"author": "@andvfx", "comment": "Making facebook/google pay for sharing news is so wrong. Its beneficial for news outlets to reach as many people as possible. I see it only as a political game.  The same law pass in spain 5 years ago, with the same exact reaction from facebbok/google. They had to go retract the law because was not beneficial for anybody, the users specially. Politicians are the only idiots that will fall 2 times with the same rock.", "likes": 0}, {"author": "@BladeOfF473", "comment": "algonquin leaving renewables may work as a short term solution to the debt, however once the green energy trend picks back up and and renewables are the only option available as other sources become outlawed they'll be playing catchup and the debt will return", "likes": 0}, {"author": "@JSTIUK", "comment": "Always great advicefrom this channel .....\n\n.i recently sus\nscribed to another really great Channel called Money Guy Now . Just wanted to share it with the rest of the community learning to invest . It's cut and dry no BS investing advice . Just another great channel to add to the Arsenal. Good luck everyone with your investing journeys .\n\nThanks again Brandon", "likes": 0}, {"author": "@gimusk5667", "comment": "These are always fun, bravo gents!", "likes": 0}]