[{"author": "@beaviswealth", "comment": "\ud83d\udcc8\ud83d\udcda As always, if you're a beginner to the Stock Market in Canada and you're looking for a step-by-step blueprint on how to get started... Find out more about our Investing Academy here - https://bit.ly/theinvestingacademy", "likes": 0}, {"author": "@MrMander87", "comment": "Great video!  Thanks!", "likes": 0}, {"author": "@JK-rv9tp", "comment": "I'm a retiree living off a DB pension and wife's salary for now.  I cashed in about a quarter of out RRSP portfolios and put it in the EQ bank RRSP savings acct, but for a specific strategic purpose, to provide cash to bridge a deferred CPP/OAS strategy.  The savings will pay the equivalent of CPP/OAS including inflation adjustments for several years until I turn 70/wife 68, and then when we collect CPP/OAS we'll have over 50k in inflation indexed government pension income through our 70s and 80s. I also have a modest company DB pension bringing our total guaranteed income to low 80s.  The rest of the portfolio is in cash flowing income investments, ETFs, REITs, MICs, whose cash flow without selling shares takes us to close to 120k.  If the market implodes long term and say the cash flow drops in half, we'll still have 100k a year coming in.  I am concerned that the next bear market is going to last a lot longer than recent ones, because we are at the cusp of an historical deleveraging phase that can't be avoided, so most people should be prepared for a 50% drop that lingers for years, as a worst case.", "likes": 0}, {"author": "@dhawal7476", "comment": "#Shopify already trading at nearly half of its peak! SHOP to the moon \ud83d\ude80", "likes": 1}, {"author": "@brianwalker4297", "comment": "We are not heading into a \"storm\" or a Bear market. We are heading into a depression that will exceed the suffering and length of the Great Depression. Now is the time to sell overpriced assets (securities, real estate, crypto etc.), and pay off debt. This will provide you with peace now and for those with cash in hand, bargains galore in the next 2-3 years.", "likes": 0}, {"author": "@jeyaseelanjeyaram6538", "comment": "Excellent information", "likes": 0}, {"author": "@tabysart", "comment": "As always Marc\u2026. Quality info \ud83d\udc4c\ud83d\ude4f", "likes": 0}, {"author": "@jcabral6231", "comment": "Sell Sell Sell", "likes": 0}, {"author": "@shesarrived8302", "comment": "Great video Marc.  You and Brandon have the exact same smile at the end of your videos!  I love your knowledge.  I have grown a lot over my years of investing.  Before I was investing myself (was using a financial advisor), I didn't understand \"investing\" and a drop in the market made me crazy.  Now that I do my own investing (Questrade), a drop in the market has me buying more!  Sale time!  Knowledge is power.  I wish I knew more about investing 25 years ago instead of letting someone else make all my decisions, I'd probably be retired by now!", "likes": 0}, {"author": "@aynrandfan7454", "comment": "Buy the dip\u2026basically last month wiped out 1 year of gains for me but i am doubling down on big tech and software companies\u2026got 6k in chinese new year money today that will go straight to faang stocks \ud83e\udd2a\ud83e\udd2a\ud83e\udd2a\ud83e\udd2a", "likes": 1}, {"author": "@jacktherabbit2375", "comment": "if you're scared, you've invested too much or over-leveraged. sipping my tea and appreciating the discounts.", "likes": 0}, {"author": "@K73GHOST", "comment": "Your dad's dope af lol", "likes": 0}, {"author": "@anderson6379", "comment": "Another great video with invaluable and timely guidance. Thanks Marc - you have a great way of explaining things well + simplifying them", "likes": 0}, {"author": "@davidg1087", "comment": "The market should go up in he short run,however, long term,this market is in big trouble.\nThe medicine provided to the markets starting in  2009 will be taken away shortly and without\nit,get ready for a slow bleed.", "likes": 0}, {"author": "@talhasiddiqi1214", "comment": "Great insights, Daddy Beavis ! Thanks for sharing your wisdom .  Balanced portfolio is key.", "likes": 0}, {"author": "@helenconcepcion9385", "comment": "I am so glad you\u2019re partnered with Marc for people who haven\u2019t lived through, or been invested, through periods of inflation & volatility. His content contributions have been timely and valuable. I feel it sets your channel apart from the rest of the YouTube finance community. Thank you very much!", "likes": 0}, {"author": "@stevendiffin5625", "comment": "Great advice,I have personally witnessed several downturns over the decades and feel exited about the opportunity this one presents. Nice job of providing stats and facts supporting your assertions.", "likes": 0}, {"author": "@SuperCody888", "comment": "I was going to sell off all my stocks a couple of weeks ago because I felt like the market was going to drop, but didnt because I was busy with work.", "likes": 0}, {"author": "@jt8280", "comment": "Enbridge a sleep easy at night stock The world population will always be growing and consuming.\n BTW turn off the media BNN.", "likes": 1}, {"author": "@jamieh3397", "comment": "Thank you this answered every question I had", "likes": 0}, {"author": "@cuybueno", "comment": "I love to watch this channel but this time I strongly disagree with the advice. If the market is dropping although your portfolio is well balanced, it doesn't make sense to keep stocks that are dropping and losing all your gains. Like it is happening with the Nasdaq now. No one can predict the future, so we have to adjust along the road.", "likes": 2}, {"author": "@ab.4425", "comment": "Great video Marc!! Thank you so much for the information!!", "likes": 0}, {"author": "@timtorkelson7201", "comment": "Great time to buy when she's down! During high-water marks couple times a year I take profit and put into cash so I can take advantage of the 10,15,20%+ dips. Your only down if you sell. AWFUL lot of money out there on sidelines and they've got to go somewhere with it?? Patience", "likes": 0}, {"author": "@tannerharcus8833", "comment": "Great video guys", "likes": 0}, {"author": "@ssenger009", "comment": "Great info once again Marc!  I for one have been investing in Canadian Banks and with interest rates going to be rising they should be sheltered a little more than other stocks possibly.  It's been my number one growing stocks in my portfolio overall since starting in 2015.  My Dad always said \"If you're going to invest any $ then invest in banks...Because they are so crooked they'll make $ no matter what!\"  and they also pay a nice dividend :)", "likes": 2}, {"author": "@normandchapdelaine742", "comment": "Such a good channel.  I've learned a lot from Marc and Brandon. Merci beaucoup from Montr\u00e9al.", "likes": 0}, {"author": "@priayief", "comment": "On a (slightly) related topic, here's one that you might like to discuss: Spouse 1 is knowledgeable and active in handling a family's investment portfolios. Spouse 2 has little knowledge and no interest in managing investments. The question is, for planning purposes, how should the family's investment arrangement be structured in planning for succession?", "likes": 1}, {"author": "@underling", "comment": "I've actually been surprised at my lack of emotion over the market correction for the beginning of this year. It's one thing to know a correction is inevitable. It's another thing entirely to experience it. Fortunately (or unfortunately) I've been watching the market for a lot of years, without being in it, and my regrets are not getting in sooner and averaging over all those years and missing the big corrections.", "likes": 0}, {"author": "@juanperez-gh8bl", "comment": "La \u00fanica cosa que me preocupa es que me quede sin efectivo para comprar en diciembre.\n\n\"The only thing that worries me is that I ran out of cash to buy in December.\" :(", "likes": 0}, {"author": "@premnathalfred2785", "comment": "This was a great 3 advices it would be nice if you had addressed one more group of people waiting to invest. Should we invest now or wait for the market to show some recovery. should we buy periodically so as it goes down we don't see a great loss. I know no one can predict the bottom point. That needs some clarification from you please. May be in the next video  can you touch the topic please.", "likes": 0}, {"author": "@Jaime242011", "comment": "Thank you Marc, it has been hard to take a small hit but I know that it will not be forever. Thank you for all the amazing videos and info", "likes": 0}, {"author": "@CanuckDividends", "comment": "Thanks for explaining everything that is currently going on and showing the viewers that \"this too shall pass\".  Great video. I value your opinon", "likes": 0}, {"author": "@eseskay99", "comment": "If you are going to panic and sell, then be the first to panic and sell.", "likes": 1}, {"author": "@mozerm", "comment": "Selling now is a huge mistake. When do you get back in? Speaking from experience, I sold out significantly when the dot come bubble burst in 2000 but it took me YEARS to get back in and I missed huge upside. It probably cost me hundreds of thousands if not more. You simply cannot time the market. As the saying goes time in the market is more important than timing the market.", "likes": 0}, {"author": "@spikebeer1373", "comment": "Thank you for a calm explanation of the markets <3  I added a bit to my positions while I watched", "likes": 0}, {"author": "@cb4354", "comment": "Sell everything and panic", "likes": 0}, {"author": "@zackshepley2158", "comment": "Such as asset to the channel.   Love your experienced input.", "likes": 1}, {"author": "@chrisbrug7924", "comment": "No no no, Marc. Not only Canadians. Im from Finland. I own zero Finn stock. But thanks to you and your son i own 7 Canadian companies. Your channel is one of my favorite. Dividend data is also great channel. Keep going.", "likes": 0}, {"author": "@jfrunnerCanada", "comment": "Great video Marc!\nAgain, patience and humility are key during those times.\nStock market is not a casino! \ud83d\ude05\n\ud83e\udd13", "likes": 0}, {"author": "@djvibedjservices", "comment": "I'm thinking of taking out a personal loan and using that to invest (Mainly for dividend investing with ETFs). I would love to see a video where you lay out the plus and minuses of doing so, and also layout best practices if you recommend doing so.", "likes": 0}, {"author": "@ericson4534", "comment": "Nice! Thank u \ud83d\udc4d\ud83d\ude4f", "likes": 0}, {"author": "@annehenderson7911", "comment": "Such solid advice. Of great comfort was stats on length of bear markets vs bull markets.", "likes": 1}, {"author": "@richardramos5660", "comment": "Great advice Marc! Before investing you should know your goals first because in times like this you will not be worried. It's also great opportunity to add to your blue chips company.  Thanks Marc and Brandon!!!", "likes": 1}, {"author": "@RG-gq3sh", "comment": "Great video. I enjoy the market swings. Makes investing interesting!", "likes": 0}, {"author": "@eac381", "comment": "It's not a fear rof losing ALL of your investment, its a fear of losing 30, 40 or 50% of our investment because of market corrections when you are 5 years from retirement having lived thru losing 50% of your investment in 2008 and taking 10 years to just recover back to where you were minus any gains in those years. Its not a matter of where your money is invested, but the entire market in general. Its a legitmate concern", "likes": 1}, {"author": "@jaymykey", "comment": "I always watch this channel but today's one is the one of the really best ones! Thanks!", "likes": 2}, {"author": "@derekcox6531", "comment": "I would just point out that an unrealized loss is no different than an unrealized gain in most respects.   If one is holding investments that are a solid conviction based on quality and strong fundamentals,then it\u2019s ok to sleep at night. If a stock is down,it means nothing if you don\u2019t sell it. Especially at this time of year,it\u2019s better to just hold in a choppy market. Of course,if one has sunk their life\u2019s nest egg into a meme stock\u2026.well you\u2019re probably getting what you signed up for\u2026sorry to say.", "likes": 1}, {"author": "@ryanm7171", "comment": "Would you be willing to let us know at what point you would be willing to put new money in the market?  Can you give us the percentage loss we should wait before buying into the S &P 500, Nasdaq, or TSX?  Assume I'm not very conservative and don't need the money anytime soon.  I want to put some limit orders in to take advantage of  opportunities we saw in those crazy days that we had and I missed.", "likes": 0}, {"author": "@yoyohuntolive", "comment": "Hey Marc, really enjoyed the video. I would really appreciate a video on options. I know you and Brandon don\u2019t talk about them often but I would like to know why selling puts/calls aren\u2019t strategies of yours to enter/close positions? The 1-2% premium you make when doing this sounds like a good strategy if you want to buy the stock anyways or close a position.", "likes": 0}, {"author": "@JoeSmith-pu9hi", "comment": "Great video. Can you do a overview of the Cdn Andex chart and highlight its historical lessons? Just a idea for a future video.", "likes": 0}, {"author": "@onlineuser007", "comment": "Marc.. I'm always a big fan of your video. You mentioned in the video \"talk to your advisor\". When do you think someone should get an advisor and do you think it's worth it?", "likes": 0}, {"author": "@TravisB47", "comment": "Was that notification bell sound always in the videos. Scared the shit outta me.", "likes": 0}, {"author": "@missygilly9917", "comment": "I remember the crash in 2008/2009, I almost sold my investments because they\u2019d tanked so much. But I was told by financial advisor that if I sold I\u2019d lose those funds, but if I kept them they\u2019d rebound. It took about 5 yrs to come back around, but financial advisors were right. Scary times, but better prepared now by diversifying my basket of investments. Thanks, Marc for your reassurances.", "likes": 1}, {"author": "@travisloewen6191", "comment": "I've got my spreadsheet with a number of large-cap, dividend-growth stocks that I want. I'm tracking their dividend yield and waiting for the price to drop enough to increase their yield higher. Altria and Enbridge are looking very good right now.", "likes": 1}, {"author": "@wburtney5154", "comment": "Loving the market.  I am up 3% in the month of January", "likes": 0}, {"author": "@cris471", "comment": "Very useful information \nThank you !", "likes": 0}, {"author": "@TJI604", "comment": "Great video, Marc.  I\u2019m not a professional but I think this is why most retail investors should at least have a decent portion, if not the entirety, in VOO/VFV or any other simple, low cost index funds, and then call it a day. This alone should minimize the chances of the first question about \u201closing everything\u201d.  Just my 2 cents!", "likes": 0}, {"author": "@canpin", "comment": "As usual, great video Marc. You should charge people for theraphy. You just calmed down a lot of people here \ud83d\ude05\n\nOn a serious note. If i invest only on ETFs from reputable brokers i.e. Blackrock, Vanguard and BMOs...i would I be in a better or  \"weather proof\" position? ( i've accepted the fact that I would  have to pay a little more for the MERs).\n Supposedly most ETFS have some sort of built-in diversification already..and of course I get ETFs  across the board like ZEB for banks, VFV for s&p500,  QQQ for tech, XRE for Reits, ZWU for Utilities, ZAG for bonds, XAW for international and so on.  What do you think of this strategy for \"not losing everything\"?\n\nMy thinking is  one company regardless how succesfull it is, could fail & fall (e.g. Blackberry) vs.  a basket of  companies of say S&P 500", "likes": 0}, {"author": "@roberttaylor3594", "comment": "Nice to see the definition of bear markets and corrections.  \u201c crash\u201d gets used a lot when maybe it isn\u2019t accurate...", "likes": 1}, {"author": "@canpin", "comment": "Its going up though today. I was hoping i can buy for all new tfsa and rrsp rooms before it gets back to its normal high prices. \ud83e\udd1e", "likes": 0}, {"author": "@terry8451", "comment": "Good sound advice Marc. I think it's human nature sometimes to buy Hype stocks and high growth Tech stocks for fast money that in this type of market will kill you. I have to admit I got caught up in a few of these and paying the price. But I do have a diversified portfolio with good companies that are profitable and paying a solid dividend and these stocks are stable in the market and I am buying more on a dip. I don't feel panicked in this market, as I have about 25% cash on the sidelines to buy into the dip.", "likes": 0}, {"author": "@BURGATRON", "comment": "I'm so glad someone like Marc is there to give us reasonable advice. I'm not a Canadian but I've learned so much from these videos.", "likes": 20}, {"author": "@Mikey-vt3to", "comment": "This is some really great advice Marc, thanks for making this video.  The sun doesn't shine everyday, even though we often wished it would. We must prepare for those rainy days, hunker down and weather the storm.  My late grandfather had some brilliant advice, he always said \"never put all your eggs in one basket\". I have tried to live by this with my investing and keep my portfolio diversified in all sectors.  Thanks again Marc.", "likes": 3}, {"author": "@dgomes265", "comment": "Sold advise from a professional.", "likes": 2}, {"author": "@arshaeskandari7462", "comment": "For the last year, it didn\u2019t matter what you invested in, every time you open your account, you were in greens, but now it\u2019s the opposite. The difficult part is to think about the reverse meaning that looking at corrections as opportunities and be cautious when stocks keep going up. In other words, \u201cbe greedy when others are fearful and be fearful when others are greedy\u201d", "likes": 5}, {"author": "@khuo0219", "comment": "Corrections are good", "likes": 1}, {"author": "@ggsdude1", "comment": "I love fire sales!! Buy the dip and hold!!", "likes": 0}, {"author": "@valveman12", "comment": "I don't put all my eggs in one basket, however, they have recently become scrambled.\ud83d\ude01", "likes": 1}, {"author": "@stuartrutman4885", "comment": "Hey there.  You guys make great videos. \nHaving said that...... I LOVE volatility.   Buying HXQ BMO CP Rail among others.  THIS is the time investors make some real money.   Buying quality companies on sale.", "likes": 1}, {"author": "@parrottrader4712", "comment": "Mark, Appreciate your insight!!", "likes": 0}, {"author": "@Lopersen", "comment": "Thank you team\ud83d\udcaa", "likes": 0}, {"author": "@Kevin_Street", "comment": "It's good advice. The Covid drop was wilder than this, so just about anyone who's been investing for more than two years has already been through uncertain times. But what makes this feel different for me is the massive inflation that's also happening. Having my net worth go down at the same time my cost of living has spiked upwards faster than ever before... Well, it's not a good feeling.\n\nI think the inflation is what really worries me, not the current stock market drop.", "likes": 15}, {"author": "@kimmykero2421", "comment": "No doubt the current market is disheartening for anyone close to retirement, but knowing its happened so many times before and that the market always recovers is something worth remembering!! Its in times like these that diversification is a seriously worthy strategy!", "likes": 8}, {"author": "@aly6141", "comment": "Thank you Marc!", "likes": 1}, {"author": "@gevitz77", "comment": "Very solid advice, thank you. I have been watching you and Brandon for the past month, as I get into a little more self-directed investing, and have really enjoyed your content.", "likes": 3}, {"author": "@turbofanlover", "comment": "Always a good idea to have some cash ready for times like this.  I've been taking profits for months, and so I had accumulated a lot of it.  I'm all ready to deploy it when the time is ripe.  :)", "likes": 13}, {"author": "@ohbhoi", "comment": "DO NOT SELL, DO NOT SELL.  BUY, Buy if  you can hold for the next 5 years.", "likes": 6}, {"author": "@johnnyelhossary7811", "comment": "Thank you Mark!\nI was waiting for your video, to give me some assurance \ud83d\udc4d", "likes": 5}, {"author": "@noobmaddnes", "comment": "What\u2019s Nancy pelosi doing is the key to success lol \ud83d\ude02", "likes": 0}, {"author": "@anjrud4941", "comment": "Thanks Mark, great video!", "likes": 1}, {"author": "@momo35444", "comment": "great video marc. plan before it comes. got it ;)", "likes": 1}, {"author": "@johnmailey943", "comment": "Marc, very timely video thanks!", "likes": 0}, {"author": "@Adrian-cn5rk", "comment": "I'm so glad I sold my tesla at $1,200. If there's a trend reversal, I'll probably buy back in..until then I'm in cash and letting my Dividend players do their thing", "likes": 5}, {"author": "@2feekh", "comment": "Bug $amc \ud83e\udd42 that\u2019s what.", "likes": 1}, {"author": "@chrisevans7416", "comment": "Let them drop ,best time to buy... But wheres the bottom. I have made most of my money when everyone runs for the doors", "likes": 6}, {"author": "@Deepsmg", "comment": "Sell sell sell", "likes": 4}]