[{"author": "@beaviswealth", "comment": "Hey Guys.. Bit of a random video and it's definitely all over the place but if you're curious about what being a 24-Year Old Investment Advisor is like... Stick around :P Enjoy!", "likes": 16}, {"author": "@MikesResponse", "comment": "Are you able to actively Mayan\u2019s peoples portfolios as an advisor for them while you do this YouTube? I know you work at the firm still without the license, but do people come to you privately and you can help them out? Is there a special license to do that independently at all? I\u2019m interested in that", "likes": 0}, {"author": "@mrgetz99", "comment": "I think it's important to mention that to build a book a business requires selling. Nothing wrong with that, but to do well you have to prospect and sell.", "likes": 0}, {"author": "@bobstevens5507", "comment": "Why don\u2019t you tell us the licensing exams you took? Cuz I know fee only firms don\u2019t need S7 or 66 but it sounds like you have those", "likes": 0}, {"author": "@JD-lt7uv", "comment": "Thanks for sharing! I'm currently a high school teacher in California thinking about a career switch. I love that advising involves teaching and helping others!", "likes": 0}, {"author": "@donmcleod2235", "comment": "Brandon, you touched on many points that are important to you from a young investment counselors early years.  Having a mentor is one key component to building a strong foundation.  Your Dad is excellent.  Excellence builds excellence.  Lots to learn which makes your career a positive for continuous development.  Carry on! :)", "likes": 0}, {"author": "@leilanny", "comment": "I've been offered a bilingual investment advisor position. It'd be my first investment advisor job and I wasn't too sure what to expect. I'm glad I watched your video. Seeing the passion you speak about being an investment advisor made me realize that *I* don't have the same passion for that type of work. Not even close. If anything, it sounds dreadful to me. Watching your video made me realize that I am definitely not a good fit for this position. Thank you for saving me time, effort, energy, headaches, sleepless nights, etc. \n\nI wish you the best in your career! \n\nP.S - the sky is most definitely not the limit. There is so much more past the sky ;)", "likes": 0}, {"author": "@jacobtaylormartin8933", "comment": "It sounds like you\u2019re an Investment Advisor Representative, not a Investment Advisor? Somewhat like an agent to a broker-dealer.\n\nWhat licenses do you carry? S6, S63/65, S66, S7??\ud83e\udd14", "likes": 0}, {"author": "@grandmastermario3695", "comment": "The reason why I'm watching is mostly because there's a professional gamer that I know about that also works as a investment advisor", "likes": 0}, {"author": "@kusvahaperez2122", "comment": "Who Is An Investment Manager? Investment is the process of redirecting finance towards profit generation. Investment management involves the professional management of various financial securities and assets belonging to an investor for the purpose of earning maximum benefits. An investment manager is an individual who manages investors finance and focuses [\u2026]to help these clients invest their money in the best places. The Provide investment information and financial advice; works with corporate and individual clients; and maintains knowledge of a wide range of investment and financial products, including trusts, stocks, bonds, and shares.", "likes": 1}, {"author": "@AndersonKao", "comment": "Here's my thoughts as a young advisor in Vancouver as well. I started when I was in my early 20's as well.\n\nI agree with many points in this video.\n\nMost investment advisors are simply going the \"mutual fund route\" by connecting clients to the right product.\n\nThe reality is that you are literally starting a new business when you start as an advisor. As the same as every company, you need a sales team to bring in new customers. With no customers there is nothing to manage. Nothing to manage = no pay\n\nTherefore most advisors has to take on the role as a sales in order to generate a book of business. This is where the contradiction happens. If you are prospecting and closing deals, you cannot be actively managing individual portfolios as well. The more you do one, the less you can do the other.\n\nI initially wanted to construct my own portfolios as well for my clients. I was grinding my CFA (every finished level 1), but I realized it is almost impossible to compete with larger institutions purely alone. Just the information gap and the sheer amount of data out there is impossible for one person to handle when scaling. I have classmates who went into IB at major banks and they have teams that specialize in super niche segments of markets. Also, they told me that the banks will literally fly CEOs of other large companies to them just to ask questions in detail.\n\nYes you can maybe actively manage 10-20 portfolios. However, when you start getting 50, 100, 200, 300+ clients. You definitely do not have the time to individually manage them.\n\nTherefore most advisors stick with just the middle man route. Even through this route, even rebalancing mutual funds is pretty hard.\n\nHowever, this is not necessarily a bad thing if you do it correctly. I too was lucky to learn from 2 mentors both TOT (you know if you know). \n\nI learned these key points.\n\n1. They believe funds are just a commodity. Any body can sell it. Heck, even clients can buy it themselves now. \n\n\n2. You cannot win clients by guaranteeing a higher return than all your competitors. No one can consecutively beat all the competitors in returns.\n\n3. Your value needs to come from your strategy. Everyone knows about simple TFSA, RRSP, RESPs etc. Most people can do just fine just regularly contributing to an ETF. What you need to offer are strategies that goes beyond that. My answer is through tax planning. I believe in market efficiency, where higher return = higher risk, while tax planning can get you guaranteed returns with zero risk.", "likes": 7}, {"author": "@PaxGamingHD", "comment": "I think holding some key holdings in stocks is great. Some parts of portfolio I.e gold bullion etf or some sectors is relevant to hold in an etf or a mutual fund that does its job.Retirement planning on top of all that of course", "likes": 0}, {"author": "@codyjacobs6660", "comment": "Great video! I\u2019m seeking the journey to be mobile and have a job within investing.. I\u2019d love to be able to eventually take enough profits as a day/ swing trader.. but want to establish credentials in the financial industry.. thinking CSC, then eventually CFA perhaps. \n\nDo you have any insight on which first steps should be considered? \nAgain thanks for the provided information. \nWill be doing some further research before signing up with a course.", "likes": 0}, {"author": "@ezequielomonte8586", "comment": "I think this was a great video for working and having it on in the background", "likes": 0}, {"author": "@eastenwest4812", "comment": "Your strugglin\u2019 in this one. Surprisingly enough, it is these kinds of opinions I wanted to hear though; mostly because of your current role.", "likes": 0}, {"author": "@Santiago-ez6xt", "comment": "So you didn\u2019t make enough money and stepped down as a producer? Doesn\u2019t make sense", "likes": 0}, {"author": "@tyb00gie007", "comment": "Now that the financial industry is becoming digitized, would you think being a financial advisor would still be in demand 5 years from now?", "likes": 0}, {"author": "@Irishhayleysandiego", "comment": "As a seasoned financial planner\nI want to say well done\nHe\u2019s right\nWe can\u2019t speak publicly unless every word is approved by compliance\n\nI haven\u2019t the guts at 53 to suspend my license\nBut have thought about it\nSo I can speak\n\nDon\u2019t give up\nGo back in the business\nYou are young & green \nNot saying anything negative about your content\nI\u2019m just saying if you go get years under ur belt & do what you\u2019re doing \nIt\u2019s valuable\n\nSo great to see you growling like a lion", "likes": 1}, {"author": "@Lambmannn", "comment": "I'm watching cause I have an interview in a couple hours. I want that 66.", "likes": 0}, {"author": "@lorenzogarcia3091", "comment": "Mark hasn\u2019t aged a bit", "likes": 0}, {"author": "@anthonyfabiano1197", "comment": "This video is exactly what I needed to hear. I myself am looking to be an investment advisor representative and I like how real/truthful this video is.", "likes": 1}, {"author": "@overagain6455", "comment": "Brandon, please be straight forward like this and not change like other youtubers. Many tubers nowadays are scripted and i got tired of watching their videos. I am only have a few truthful tubers and you are one of them..Thank you", "likes": 0}, {"author": "@judezannu7957", "comment": "Oh you've lived through a market crash now! Two actually \ud83d\ude00", "likes": 1}, {"author": "@chief3318", "comment": "What courses did you takw", "likes": 0}, {"author": "@natnaeltesgay1558", "comment": "Please do one with other jobs in the same field. great video!", "likes": 0}, {"author": "@pkstyll7920", "comment": "New subscriber, this vid isnt bad at all, im a 25 year old Financial advisor at a bank trying to figure out my next step in my career. Currently doing my csc and completed my IFC, this was very insightful and i look forward to learning more thru your vids", "likes": 1}, {"author": "@davidducharme5302", "comment": "Hi Brandon thanks for the video.  I am your counterpart here in the US, 24 years old, and have started from the ground up since 20 years old.  I'd love to connect and share stories.", "likes": 1}, {"author": "@HELP_ARENA-on-IG", "comment": "Best recommendation goes too www.trackcentury.com they\u2019re highly remarkable", "likes": 1}, {"author": "@Marvvvo", "comment": "Hey Brandon I would love to talk to you about working at your dads firm", "likes": 1}, {"author": "@cliveadams9128", "comment": "I like the honesty and free form sharing. Highly informative and way better video than most on the subject. Most are totally boring and dumb.", "likes": 0}, {"author": "@davidbaldwin6679", "comment": "Try this when communicating with clients. So much easier. https://thebubbleboard.com/?utm_medium=ytbe", "likes": 0}, {"author": "@jagdishmeghnani7220", "comment": "Infact its a nice video where you were talking your mind. Keep it up.  Am a finance professional myself... CA, CFA, CPA :)", "likes": 2}, {"author": "@khaitoquang2001", "comment": "Thanks for advising . I think i need to find  my mentor \ud83d\ude2c You right , without the instructor it would be very difficult . I'm very happy when I saw your video.", "likes": 1}, {"author": "@devoninman3510", "comment": "Do you know any CFPs at vanguard", "likes": 0}, {"author": "@Saphireaway", "comment": "On being a young advisor:  an established, pretty wealthy advisor gave me some advice when I asked him what it would be like to start young in the career. He said, \"well, young advisors have a pretty strong benefit in that they'll be in the game for the long haul. For example, as a 40-year-old looking for investment services, do you want to hire someone who will still be alive and actively managing your accounts when you retire or do you want someone the same age as or older than you who might not still be around by then?\"\n     Always realize the strengths in your position!!", "likes": 16}, {"author": "@chrisbartkowski375", "comment": "Quality Content, keep it up.", "likes": 1}, {"author": "@niranmojo", "comment": "Great video Brandon. Just what I need to hear as I\u2019m preparing for a career in banking", "likes": 1}, {"author": "@Billybobber47", "comment": "you also said the title was going to be about being a young investor??? you didnt even match the title lmao!", "likes": 0}, {"author": "@Billybobber47", "comment": "help people and get paid for it.. hmm not a doctor", "likes": 0}, {"author": "@ctcamara", "comment": "Brandon, you are so cute and smart that you could manage all my money, my life and make babies in me! Love", "likes": 2}, {"author": "@VP-wt5dv", "comment": "Which dealer member are you working with?", "likes": 0}, {"author": "@kevinh3180", "comment": "Hey Brandon! Thanks for the awesome video, I am wondering if this is a stressful job? also if yes, what causes majority of the stress?", "likes": 1}, {"author": "@skyeric875", "comment": "It's funny, the second I saw this video posted I thought how the hell did you get this through compliance. Thanks for addressing that right away\ud83d\ude02", "likes": 3}, {"author": "@bingingwithdrabish", "comment": "Helpful video even if not super structured! Thanks \ud83d\udc4d\ud83c\udffe", "likes": 0}, {"author": "@artvandalay7011", "comment": "Studying for my series 65 as I watch this video lol", "likes": 14}, {"author": "@johnpoulsen7582", "comment": "I was just really really bored.", "likes": 0}, {"author": "@scottscriticalmass", "comment": "\"True supporter of the channel here\"... :-)  Thanks for sharing Brandon... I've been sitting on this video for a while because I really was interested to hear what your had to say on this topic, so I wanted to be in the right frame of mind when watching.  One of my biggest professional regrets is not going into the investment advisory field.  I've always had a passion for this, but a decent job presented itself following college (actually during college) and before I knew it my career was established in a different direction.  I'm not complaining because I've done OK for myself financially, but it's not something I have a true passion for.  I highly encourage everyone to follow their passion while young to ensure you're doing what you love when you're a bit older.  It doesn't take long to get there. Believe me...  Cheers Brandon!\n\nBTW... Congrats on the Raptors win.  Being from the SF Bay Area (San Jose), I'm a Warriors supporter but the Raptors definitely deserved the championship this year.  Damn that Kawhi guy!", "likes": 0}, {"author": "@5ammayy", "comment": "Pepsi product placement lol", "likes": 1}, {"author": "@perryjaialai", "comment": "Anther great Video.   Didn't know that your family owned an investment firm.", "likes": 0}, {"author": "@ulysseperez4606", "comment": "Ya but with this idiot Trump dck AOL for what his doing with the trade war with China well all your clients would be mad of loosing money$$!! What do you say to them!!", "likes": 0}, {"author": "@gregscotcher5895", "comment": "How do you feel about rounding up everday purchases to invest with? Like acorn", "likes": 0}, {"author": "@amanda-zp7yk", "comment": "Nice video :)", "likes": 0}, {"author": "@veeli1106", "comment": "Trying to pump Pepsi now, eh? Where's Compliance when you need'em? =P", "likes": 0}, {"author": "@christianrobertinvesting5218", "comment": "I could never do that type of work. I\u2019d never sleep, always stress out worried about if my clients are happy or do they want to hunt me down for bad financial advice", "likes": 13}, {"author": "@martinonunez", "comment": "Your video is not terrible. Your video is well done", "likes": 1}, {"author": "@heeewuliii8146", "comment": "Hey Brandon, I bought a bitcoin after watching your video few months ago. As you said, for fun. What do you say about it for now?", "likes": 2}, {"author": "@carinaoliveira5850", "comment": "I love the candid style haha every video doesn\u2019t have to have structure \ud83d\udc4f\ud83c\udffc", "likes": 1}, {"author": "@magician2242", "comment": "What courses did u take ? I passed CSC and CPH so far, would love to see a video on that :), i watched the whole thing, im currently a teller at a bank", "likes": 2}, {"author": "@Momofoku", "comment": "youre just gorgeous. i love watching you.", "likes": 1}, {"author": "@christineprasad1547", "comment": "the quality of these videos are so good, filled with such juicy content haha, so glad I found your page!", "likes": 4}, {"author": "@itslillerz6517", "comment": "I really enjoyed listening to you talk about this - not looking to become an advisor but would like to find one eventually :)", "likes": 0}, {"author": "@fantasy2311", "comment": "your content is legit so helpful! so many of the investing - wealth advising channels are all US based and was srsly searching for a Canadian one. and from a fellow Vancouverite! keep up the amazing work ><", "likes": 7}, {"author": "@huyduong5716", "comment": "If you have passion of what you like to learn, then it would take a shorter time frame then what it state for when you take a course.", "likes": 0}, {"author": "@hassaninvesting", "comment": "Great. Maybe one day I might end up managing other people's money.", "likes": 1}, {"author": "@Takoyakisan7", "comment": "Joe Rogans podcasts are 3 hours each, don't worry about the length of your videos. Just talk about what you want to talk about & ppl who are interested will watch it til' the end, the ones who aren't won't.", "likes": 3}, {"author": "@andrewdopaco5620", "comment": "Do you have to be 18 years old to take the courses and get certified as a financial advisor?", "likes": 0}, {"author": "@Slimshady316", "comment": "Hey Brandon, can you pls make a video on index funds. I am a passive investor and don't want to open a brokerage account and spend time on buying and selling ETFs.  Looking for a couch potato portfolio where I can invest the money for a long term and just monitor it maybe once a year. Thanks in advance. Love your videos \u263a\ufe0f", "likes": 1}, {"author": "@laxistgaming3030", "comment": "Wait don\u2019t you have to go to school to take the cfa exams ?", "likes": 1}, {"author": "@DeparturesCapital", "comment": "stories are awesome, keep these vids up!", "likes": 2}, {"author": "@xbaldwinx8133", "comment": "I love this content,  can you make a video explaining how to find good stocks?", "likes": 2}, {"author": "@begley09", "comment": "I know this is somewhat off topic but I\u2019d like to share my experience with advisors in general. \nAfter saving up, and having a good chunk of cash sitting in my account doing nothing. I turned to my TD bank, naturally I spoke with a financial advisor. Let me tell ya, it\u2019s scary how much these people don\u2019t  care about your interest( not all but the ones I spoke with). Not knowing a damn thing about finance, I was thrown a ton of options of what I should do with my savings. \n1. Open up a TFSA and put as much money as you possibly can well having cash on the side for any expenses and just the cost of living. This was an excellent move which I did.\nHowever things got bad when it came to actually putting my savings to work.\nI was advised to invest every single cent I had into the market/gic/bonds. If I needed some extra cash, I had a TD visa and a line of credit...like what?! These people actually get paid to say dumb shit like that? A visa is roughly 18% interest rate and a LoC is anywhere around 8+% for me.\nNot only that but I was advised to lock my money into a 5 year GIC and I was very upfront that I may need this money in the next 3 years and even then I didn\u2019t like the idea of my money not being liquidity.\nThankfully, I\u2019m the type of person to get a second opinion and which I did. I turned to YouTube to educate myself on the \u201cbest\u201d ways to invest my money. I found the answer to that, their isn\u2019t- it\u2019s what works for you and I realized this. Some people are okay with going 100% into growth stocks and can potentially see massive returns- I can\u2019t because I see the downside just as much as the upside  . Looking back now, for someone to advise me to heavily invest into the stock market with a 2-3 year timeframe ESPECIALLY so late in the cycle is ridiculous. So for the time being, a small amount is invested in a blue chip dividend stock well the rest sits in TDB8150 fund.\nI occasionally will purchase a couple of pot stocks that I see value in but pot stocks and value are hard to come by and simply chug along on momentum in both directions.\nThe end", "likes": 2}, {"author": "@charlid-t7222", "comment": "For somebody whos flat out boreeed lmao hahah", "likes": 1}, {"author": "@DiomedesRangue", "comment": "I've been thinking I might go get the certifications.  I have a good paying job, but I love investing so much that I think it would be a fun career.", "likes": 1}, {"author": "@financialwolf", "comment": "Do you need a college degree to be an investment advisor?", "likes": 2}, {"author": "@financialwolf", "comment": "I really think being an investment advisor would be a lot of fun as you can own your own business and you get to talk about investments. Both of these things are extremely interesting to me :)", "likes": 7}, {"author": "@hobbies222", "comment": "Investment advisor sound like stressful job what happen if the stock market crash", "likes": 2}, {"author": "@sheilamohammadyar", "comment": "I really like these non structured videos! It's a lot more real and it's nice to see the behind the scenes of your job!", "likes": 24}]