[{"author": "@beaviswealth", "comment": "VOTE NOW - https://www.youtube.com/post/UgkxeLfSAZOvo_w3Iq_i-5utssb91q32Qkss\n\n\ud83d\udcc8Join The Investing Academy \ud83c\udde8\ud83c\udde6 \u27a4 https://bit.ly/theinvestingacademy \n\ud83d\udcf1Download Blossom Social (See My Exact Portfolio & Trades) \u27a4 https://getblossom.page.link/brandon\\", "likes": 1}, {"author": "@jayr8134", "comment": "I am going with Kraft Heinz on this, I think they are a profitable business & people are not going to stop buying their products", "likes": 0}, {"author": "@iHaltzy", "comment": "Not sure I\u2019d take health advice from the same guy who praises Pfizer lmao", "likes": 1}, {"author": "@Victoria-rw7zt", "comment": "KHC", "likes": 0}, {"author": "@uplivedlivingsolutions9360", "comment": "My pick is KHC. Even though I don't use most of their products, a lot of people do. I would also argue that even during a recession, people will buy their products even if there are cheaper no name options. It might be boring but sometimes boring is the way to go!", "likes": 0}, {"author": "@carlsisi9712", "comment": "Vote for Snowflake... but that's a bet mostly, not based on much fundamentals. I've picked up some enghouse this month. Good luck !!", "likes": 0}, {"author": "@reptilianskin", "comment": "KHC for me", "likes": 0}, {"author": "@23youwatch", "comment": "Great video \nDidn\u2019t know how to do research on stocks", "likes": 0}, {"author": "@alexschiller3967", "comment": "My vote is on KHC", "likes": 0}, {"author": "@ec938", "comment": "Team KHC!", "likes": 0}, {"author": "@juanperez-gh8bl", "comment": "Hola chicos, realmente no tengo mucho por decir, mi voto es para KHC porque tiene dividendo durante un largo tiempo y parece muy solida. Aunque le doy un punto a Brando, quiz\u00e1 en este periodo alsista una acci\u00f3n arriesgada traiga buenos resultados. \n\n\"Hi guys, I really don't have much to say, my vote is for KHC because it has a dividend for a long time and seems very solid. Although I give a point to Brando, perhaps in this period a risky action may bring good results.\" Nice video :D", "likes": 0}, {"author": "@CanadianDividendInvesting", "comment": "Awesome video guys!", "likes": 0}, {"author": "@derekcox6531", "comment": "I hold khc . So I guess I vote for khc\u2026..\ud83e\udd14", "likes": 0}, {"author": "@smallmj2886", "comment": "Boring for the win.  KHC is my vote.", "likes": 0}, {"author": "@bananahead44", "comment": "kraft", "likes": 0}, {"author": "@00deadmoney41", "comment": "khc, although the market could lose their mind and snow could run", "likes": 0}, {"author": "@Northern_Squirrel", "comment": "KHC for me, it\u2019s already on my watchlist but at a slightly lower price of around 33.50. Great add for an RRSP account as no withholding tax to worry about.", "likes": 0}, {"author": "@dominiquetheeasyminimalist", "comment": "Even in a recession, I buy Kraft peanut butter \ud83d\ude02 KHD doesn\u2019t need optimism, the fundamentals speak louder.", "likes": 0}, {"author": "@InvestingRoofer", "comment": "KHC for this one", "likes": 0}, {"author": "@MegsCarpentry-lovedogs", "comment": "Dear Brandon, Steady Eddy my friend.    Kraft brand is a Steady Eddy...and with a pay as you wait dividend.  Many of us like to be able to feel a good sleep with what you call a \"boring\" stock.  Trust me my friend, I have had lots of \"boring\" stocks for over 20 yrs and it pays off on many levels.  I retired at the age of 45 from the teaching profession...always a self investor...and studied Buffet along the way. Still living within my means, still working on the bucket list while younger but did it frugally, traveling the world and doing lots of outdoor high mountain or Europe cycle touring  trips.   Boring stands for B-Be able to sleep at night,   O- Oh my goodness, love that dividend, R- Rest at ease, I-Intelligent investing for the long term, N- Never forget your focus on the long term, G-Great job Marc.....Steady Eddy is a Happy Life-iddy!          Cheers from Prince Edward Island, the one province out East that is NOT burning UP from forest\ud83d\udd25\ud83d\ude14 fires....Yet! \ud83d\ude4f       \u263a", "likes": 1}, {"author": "@seolfor4797", "comment": "Kraft Heinz is my choice - I\u2019m in the tech sector selling analytics software - Snowflake barely gets mentioned in conversations :)\nLove your channel - see you in TO in September!!", "likes": 0}, {"author": "@sacphilip", "comment": "I'm with kraft in this comparison", "likes": 0}, {"author": "@momo35444", "comment": "great video, even though i am not buying either of these two stocks. this stock battle is great for knowledge!!! know how to study a new company! thanks Brandon and Marc.", "likes": 0}, {"author": "@TP-oi2ii", "comment": "Hate these 2 stocks. But Heinz if i have to choose...", "likes": 0}, {"author": "@engelzman", "comment": "Tough one this week.. neither is really my cup of tea. On the surface snowflake does sound very exciting, and the potential upside there is one of those ones that if it does go up you\u2019ll be beating yourself up for missing it, but I\u2019ve been burned on those investments one too many times.. Kraft isn\u2019t really my style either, but a slow consistent company with a dividend would suit me more. Kraft heinz is my vote!", "likes": 1}, {"author": "@joedenatale4176", "comment": "kHC for sure", "likes": 0}, {"author": "@wingmi12ster", "comment": "KHC! Just wonder if it is possible to have  stock battle for stocks in TSX only. Really want to learn more about stocks in TSX. Thanks!", "likes": 2}, {"author": "@ajaysinghrathore51", "comment": "KHC it is", "likes": 0}, {"author": "@randomguy9113", "comment": "I see the potential of Snowflake but you can never go wrong with an established boring company", "likes": 2}, {"author": "@horaciocuevas1894", "comment": "Thought one!", "likes": 0}, {"author": "@keithjoy8842", "comment": "Kraft Heinz, All brands 1st or 2nd in their categories.  Won't find Yellow Label without them beside them on the shelf.  Tough several years behind them.  Room to catch up to their peer group.", "likes": 0}, {"author": "@MountainFinance", "comment": "I do see the potential in SNOW and if they could get back to 2021 numbers they would win hands down. Unfortunately, with the rising rates, I don't see them getting back there within a year. With Kraft, we have a strong consumer line of products that will perform in uncertain markets. This is a tough one but I can't vote against Kraft Diner, so Kraft for the win.", "likes": 1}, {"author": "@nabeeljaffer6667", "comment": "Your pops face says it all. Heinz it is.", "likes": 2}, {"author": "@rockymtnrdr", "comment": "I vote for Snowflake!", "likes": 0}]