[{"author": "@beaviswealth", "comment": "So excited to finally announce this!!! \u2764Thanks in advance for all the love & support! Links to download \"Blossom Social\" App below. Can't wait to hear what you think!\n\nApple (iOS) App Store - https://apps.apple.com/ca/app/blossom-social/id1592237485\nAndroid App Store - https://play.google.com/store/apps/details?id=ca.blossomsocial.android\n\nIf anyone has any questions or feedback they'd like to pass along, don't hesitate to reach out to myself or Max (Blossom Founder & CEO).", "likes": 11}, {"author": "@TheTellov37", "comment": "Nice app so far !", "likes": 0}, {"author": "@LOIaccelerator", "comment": "This Blossom Social app sounds pretty cool", "likes": 0}, {"author": "@VanGrando", "comment": "I tried searching by Brandon Beavis in Blossom, but its not finding anyone", "likes": 0}, {"author": "@Chap17", "comment": "Curious I received some emails but I'm unable to reply.. seems strange?", "likes": 0}, {"author": "@Abijahtv", "comment": "How can I invest in Blossom??", "likes": 0}, {"author": "@annamora8145", "comment": "Hello Brandon! Unfortunately I can\u2019t see your profile because the app wants the access code \ud83d\ude2e \u2026\u2026", "likes": 0}, {"author": "@ChrisW1019", "comment": "I have the App!", "likes": 1}, {"author": "@ClawDaddyUwU", "comment": "So is this basically a LinkedIn for investors?", "likes": 0}, {"author": "@jordandedreu", "comment": "Only available for US residents? Too bad \ud83d\udc4e\ud83d\udc94", "likes": 0}, {"author": "@88lamborghini", "comment": "Installed the app , signed up and it won't log in ??? Cannot get past the log in screen , seems to be broken .....", "likes": 0}, {"author": "@clonehevy", "comment": "i've linked my brokerages but none of the data auto populates. does it only occur when the market is open? i'm having trouble to have my stocks on the app and dont want to manually put them in as there are a lot of stocks", "likes": 0}, {"author": "@ab.4425", "comment": "Thank you so much Brandon!!", "likes": 0}, {"author": "@AWESOMEGUY41", "comment": "Thoughts on scotia i-trade vs wealth simple? From Ontario.", "likes": 0}, {"author": "@TheKYLE323", "comment": "Anyone else see today on Wealthsimple there was a category for options trading and options activity then it disappeared at market close! What do you guys think ?", "likes": 2}, {"author": "@CanadianDividendInvesting", "comment": "Cool stuff!", "likes": 0}, {"author": "@anthonygreen1134", "comment": "This is awesome, now we can see all your trades :P", "likes": 0}, {"author": "@erinsnyder2749", "comment": "Very cool! Downloaded \ud83c\udf89", "likes": 1}, {"author": "@siam9845", "comment": "Can you check out Blossom before linking your account to the App?  As a 50plus investor, I find my age group very private about their holdings.  As a DIY investor it is only online I have conversations about investing so this could be a great platform.", "likes": 1}, {"author": "@jonm1066", "comment": "Copy of profitly?", "likes": 0}, {"author": "@JaelenGames", "comment": "Very cool! This is exactly the kind of app I\u2019ve been looking for", "likes": 0}, {"author": "@CrankingAllDay", "comment": "Normally I have these kind of videos because it sounds like your trying too hard to \"sell\" this app. Just tell us about, and if it's good people will use it. I actually really like this app however.", "likes": 1}, {"author": "@brucecampbell208", "comment": "It would be nice if they had a desktop app to use at Blossom Social, but other than that it is an excellent idea.", "likes": 2}, {"author": "@PeanutButterPavement", "comment": "INVRS is doing the same thing isn't it?", "likes": 0}, {"author": "@zohahs5276", "comment": "nice app but would love to see a version line INVR for desktop or wealthsimple in future.", "likes": 1}, {"author": "@DudeKing56", "comment": "Cool! I went to school with the guy in the middle! We also sat on the same university student board \ud83c\udf89", "likes": 1}, {"author": "@itz.mariavicz", "comment": "Hi! This is a bit unrelated, but it sparked my memory to ask since you mentioned with Blossom you can link any investing platform, including TD, CIBC, etc... For INVRS, I can't seem to link my RBC investments:( am I doing something wrong?", "likes": 0}, {"author": "@Carol8693", "comment": "Prefer to see you in  the next video :)  \ud83d\ude00", "likes": 0}, {"author": "@dodichicco5092", "comment": "Congrats! Just joined and looking forward to using it", "likes": 3}, {"author": "@Silv3r03", "comment": "I think you need to check into a bug in your app. I don\u2019t receive a verification app can\u2019t get pass that point to join.", "likes": 1}, {"author": "@TheRoflRocket", "comment": "Sweet, so now the hedge funds have another method of purchasing data flow from retail. If this data is sold to firms like Virtu or Citadel this project will fail. Look what happened to RobinHood. Mass exit from the platform for the past 2 years. Interesting that the Reddit CEO is backing this project with all of the meme stocks talk on his platform.", "likes": 1}, {"author": "@NickPeitsch", "comment": "YAAAS! Love Blossom. Thanks for introducing it to me man. Happy to be a part of the community \ud83d\ude0a\ud83c\udf89", "likes": 5}, {"author": "@mr.financial", "comment": "Thanks for letting us know about your project. Wishing you all the best in this endeavour!", "likes": 1}, {"author": "@kiwest23300", "comment": "Fantastic job Brandon, Max, Annika and Kartik! I\u2019m sure that you guys are tomorrow of investing world. Way to go \ud83d\udc4f\ud83d\udc4f\ud83d\udc4f", "likes": 8}, {"author": "@cutiecatboy", "comment": "I\u2019ve been loving using blossom for the past few months ! Hoping this video will encourage more people to use the app and become part of the community :)", "likes": 2}, {"author": "@DC-nj8kv", "comment": "8 minute commercial.", "likes": 24}, {"author": "@elephantmoney", "comment": "Will there be any incentive for successful investors to share their portfolios on there? I think this would be key to bringing them on board", "likes": 4}, {"author": "@kabirsandhu4608", "comment": "Looking forward to see how this project blossoms bro \ud83d\ude0f WAY! MORE! BETTER! \ud83d\udd25\ud83d\ude80", "likes": 6}, {"author": "@maxwellnicholson6668", "comment": "You\u2019re the GOAT Brandon, excited to have you on team Blossom :) Hope to see you all on the app \ud83d\ude80", "likes": 13}, {"author": "@gonzalosoto8343", "comment": "Can't beat Blossom as an investor's platform!", "likes": 7}, {"author": "@piknik8230", "comment": "Awesome man! \ud83c\udf89", "likes": 3}, {"author": "@raze5346", "comment": "Nice good work. Ive decided to pay off my mortgage as my next investment", "likes": 8}, {"author": "@beatrizjumawan8884", "comment": "\ud83c\udf89\ud83c\udf89\ud83c\udf89", "likes": 3}, {"author": "@marvinpham5180", "comment": "Hello", "likes": 0}]