[{"author": "@beaviswealth", "comment": "If you've followed the channel for a while you know we do a holiday special video every year.. here's our take for 2020! Merry Christmas!! \ud83c\udf84", "likes": 7}, {"author": "@momo35444", "comment": "hahaha, what was this!?!?! a chirstmas stock poem?!?! thats hilarious. love the content! great video", "likes": 0}, {"author": "@solsa2024", "comment": "Thank you for all insights in 2020. God bless you and your family for success and happiness next year.", "likes": 0}, {"author": "@grease112", "comment": "Merry Christmas!", "likes": 0}, {"author": "@simranbinner7088", "comment": "Could you make a video on new listings that just went public like Nuvei Corp. also, how do we enrol? I followed everything but I never got my scheduled call", "likes": 0}, {"author": "@CrankingAllDay", "comment": "This is awesome! Seems like most youtubers these days are trying to pump trash hyper growth stocks.", "likes": 0}, {"author": "@TrevorLeeGodin", "comment": "great video with a really good lesson ;)", "likes": 0}, {"author": "@benlali", "comment": "So good!!", "likes": 0}, {"author": "@tomcouch6451", "comment": "5 stars again! Thanks guys.", "likes": 0}, {"author": "@cookshackcuisinista", "comment": "Too funny, but keep your day jobs!", "likes": 0}, {"author": "@TheRoflRocket", "comment": "There was a mistake in the script when he said \"Present Budget\". He meant to say....\nPLTR BUDGET!!! \ud83d\ude80\ud83d\ude80\ud83d\ude80\ud83d\ude80\ud83d\ude80\ud83d\ude80\ud83d\ude80\ud83d\ude80\ud83d\ude80\ud83d\ude80\ud83d\ude80\ud83d\ude80\ud83d\ude80\ud83d\ude80\ud83d\ude80\n\ud83d\ude80\ud83d\ude80\ud83d\ude80\ud83d\ude80\ud83d\ude80\ud83d\ude80\ud83d\ude80\ud83d\ude80\ud83d\ude80\ud83d\ude80\ud83d\ude80\ud83d\ude80\ud83d\ude80\ud83d\ude80\ud83d\ude80\ud83d\ude80\ud83d\ude80\ud83d\ude80\ud83d\ude80", "likes": 0}, {"author": "@Astral106", "comment": "Hahaha.  Thank you!! Merry Christmas!!", "likes": 0}, {"author": "@pinkhairblackman8141", "comment": "All I want for christmas is the 5minutes I wasted on this video", "likes": 0}, {"author": "@K73GHOST", "comment": "It would be interesting to see a video on your opinion on a line of credit towards investing?? I'm not saying im a huge advocate for it, i've been hearing alot about it...just curious..", "likes": 0}, {"author": "@cy080808", "comment": "Best actor goes to Beau , the beautiful reindeer!!! \u2764\ufe0f\u2764\ufe0f\u2764\ufe0f  Be safe & happy holidays to all ! \ud83c\udf84", "likes": 0}, {"author": "@turbofanlover", "comment": "Huh.  Santa looks a lot like Brandon.  And it looks like Santa's elves better stick with buy and hold investing until they get better at swing trading.  \n\nP.S.  Merry Christmas, Brandon.  :)", "likes": 1}, {"author": "@dyingpentas", "comment": "Hahaha, Merry Christmas!", "likes": 0}, {"author": "@21ZacDUDE", "comment": "This is hilarious", "likes": 0}, {"author": "@anthonydelvecchio7540", "comment": "HAHAHA, great vid!!!", "likes": 1}, {"author": "@jesuisbenoit", "comment": "Who are these two cute boys? lol", "likes": 0}, {"author": "@rocelletiu7188", "comment": "You guys are hilarious. I love it. Merry Christmas!", "likes": 5}, {"author": "@scottscriticalmass", "comment": "Production Value = A+\nMerry Christmas Brandon!", "likes": 3}, {"author": "@mena88", "comment": "Bravo", "likes": 1}, {"author": "@Plowman360", "comment": "Awesome production! Unrelated question though, what percent of your Canadian portfolio is in USD stocks vs Cad. I am a dividend investor and wondering what a good split is. Thanks", "likes": 0}, {"author": "@ab.4425", "comment": "Lol!! Great video buddy!! Thanks for all you support and time!! Happy holidays!!", "likes": 1}, {"author": "@CaseyBurnsInvesting", "comment": "Present printer go brrr? \ud83d\udda8", "likes": 1}, {"author": "@skylerdelaurier713", "comment": "Thank you for all the great work you've done this year. Excited to see all of the content moving forward!\nHappy Holidays to you and your loved ones.", "likes": 0}, {"author": "@CaseyBurnsInvesting", "comment": "Wall Street Elves.", "likes": 2}, {"author": "@FinanceAP", "comment": "\ud83d\ude02 nice intro", "likes": 1}, {"author": "@j.p.6228", "comment": "\ud83d\ude02\ud83d\ude02 u guys got a thing for filming these skits", "likes": 2}, {"author": "@TheMonstabear", "comment": "Lol", "likes": 0}, {"author": "@The1337trance", "comment": "1", "likes": 1}]