[{"author": "@sunfun2010", "comment": "Amen sister, you nailed it!", "likes": 0}, {"author": "@mikeb5030", "comment": "And that is why my wife and I just opt im for a civil wedding and had our close family and friends dine out a buffet", "likes": 0}, {"author": "@hos2841", "comment": "Exactly what I want to do lol", "likes": 0}, {"author": "@DL-bl6qp", "comment": "She is bang on! May as well light it on fire.", "likes": 0}, {"author": "@darrel1495", "comment": "Exact same mindset!! Omg she knowss! Travel and save up! Even better", "likes": 4}, {"author": "@rblxedits5483", "comment": "Woah", "likes": 1}]