[{"author": "@niftydom", "comment": "Speaking of pension plan. What is your opinion about Alberta potentially leaving the CPP to create their Alberta Pension Plan? Is it a smart move from Alberta in the long term? What about BC? Should BC follow suit if it is a good move for Alberta?", "likes": 0}, {"author": "@pwong0227", "comment": "Like CPP, does db pension allow the individual to defer their pension with increased amount?", "likes": 0}, {"author": "@CaptainBenjamins", "comment": "Just keep on contributing 15% or more of your paycheck into low cost index funds and get on with your life.\n\nLift weights, drink water, eat healthy, have sex, jump in the ocean, go running outside, and absolutely never ever stop investing. You do that and you'll be just fine.", "likes": 6}, {"author": "@Caffeinated_Money", "comment": "This is also the reason why we need to get back into having Labor Unions", "likes": 1}, {"author": "@StackAndPrepper", "comment": "The problem with high yield covered call ETFs is that the unit price tends to drop substantially over time.  Don't focus solely on high yielding investments.  You need to understand the total gain of the investment, which also includes the stock (or unit) price.  For example, the first fund he mentions (HDIF) has a yield of 12.26% but the share price (unit price) has dropped 20% in the past year.  That's a net loss of 11.06%.  This is not uncommon with covered call ETFs.  Ask me how I know.  I learned my lesson the hard way.", "likes": 5}, {"author": "@metalpolishshop", "comment": "These vehicle's mostly produce income, pretty much no growth. They also to this point have a record of going down eroding your capital on paper. These are better than split funds but have very limited upsides. These seem to be the flavor of the month funds.\n\nNow if these managers were doing naked puts for income at this point in the market cycle and then doing covered calls on the stock that was put to them then that would be interesting", "likes": 1}, {"author": "@cirodirosa6752", "comment": "Waiting until the yield curve goes deeply positive, and then I will get into HPYT.\n\nIt may take years.  But, I agree.  I would definitely prefer taking on duration via HPYT.", "likes": 0}, {"author": "@jmc8076", "comment": "Some more videos on retirement would be good but I understand you need to bal all ages watching. We need more good sources for near to or retired Canadians (of all ages) on YT with more specific subjects vs gen, ie how to withdraw from accts (incl for non RRSP holders) and when (at end of yr on last trading day etc?)", "likes": 1}, {"author": "@seabass8", "comment": "Another Harvest video?", "likes": 1}, {"author": "@Coyotemike99", "comment": "This is not why i used to watch this channel.  Sorry but the promotions like this are taking away from credibility", "likes": 6}, {"author": "@roberttaylor3594", "comment": "I work for the bc provincial govt, but only for the last 8 years and just turned 60.  Wish I had entered the govt workforce back when I got out of college.  Can\u2019t say I\u2019d trust a private company.  Also, hear horror stories out of the USA about state govt that raid the pension funds to cover budget shortfalls\u2026.\n\nI own HDIF; big fan.  \nI was just looking at HPYT earlier today\u2026 scared of the 100% covered calls\u2026 like the income, which can be used to buy things like BMO, Telus, etc with a mix of growth and income\u2026", "likes": 1}, {"author": "@epictetus3406", "comment": "Being forced to pay into a plan your whole life which doesn't pay out enough when you need it.\n\nThanks government. \n\nThere's a reason why they don't make the payments optional. Its a money grab.", "likes": 1}, {"author": "@Carol8693", "comment": "Thank you Marc for another great presentation.  Love and appreciate your experience, input .", "likes": 0}, {"author": "@vicvin64", "comment": "This is what happens when socialist rhetoric and policy scare away business investment. If you demonize profiting, who will want to invest and secure employee benefits?", "likes": 1}, {"author": "@paulpoco22", "comment": "35 yrs of a DB Pension Plan pays off in the end retiring at 55.  Gives you a good pension if you take the level income option with it dropping $1,306 at age 65.  And if you can snag a employer buy out of 12 to 15 months of wages.  With the buy out of 12 to 15 months of wages you can turn that into a mini pension from age 55 thru the end of age 64.", "likes": 0}, {"author": "@paulpoco22", "comment": "I worry about NAV erosion with HDIF, down almost 8% 1yr & 27% 5yr?  If there a way to tell if you are ahead even with NAV erosion?", "likes": 3}, {"author": "@Rob-ob3sh", "comment": "I have a defined contribution plan plus I contribute to mutual funds at BMO for a RSP plus another RSP in U.S ETFS at Questrade and I invest into a TFSA which is all covered call ETF\u2019s and I\u2019m generating $400 a month in income from those ETF\u2019s like Harvest Hamilton and Horizons to name a few. So I\u2019m building different baskets for retirement.", "likes": 1}, {"author": "@ajfresco", "comment": "Thanks Marc for your time and clear explanation. Following you in Blossom I know that y recently acquired HBND instead of HPYT can tell us why was your analytics thoughts behind that decision ? (Maybe in another video ? :) Thanks", "likes": 1}, {"author": "@invest6046", "comment": "very lucky that i got defined pension plan. wife does not. bought a rental property that will supplement her income once she retires. starting buying Canadian  blue chip stocks also. hopefully it all works out.", "likes": 1}, {"author": "@MrPattyomally", "comment": "Straight up promoter now?", "likes": 5}, {"author": "@tavitahanuska8109", "comment": "I wish that someone would compare HDIF with CRF. Thank you for taking my comment in advance. Love your work. Thanks.\u2764", "likes": 0}, {"author": "@joshrealbroker", "comment": "saving enough. people can barely afford food, rent and gas", "likes": 5}, {"author": "@beaviswealth", "comment": "In this video, we explore the challenges Canadians face when it comes to securing traditional defined benefit pension plans for their retirement. With changing economic landscapes and workplace dynamics, many Canadians are finding it increasingly difficult to rely on these plans as their primary source of retirement income. We delve into the reasons behind this shift and discuss alternative methods for generating income in retirement.", "likes": 9}]