[{"author": "@beaviswealth", "comment": "\ud83d\udcc8\ud83d\udcda As always, if you're a beginner to the Stock Market in Canada and you're looking for a step-by-step blueprint on how to get started... Find out more about our Investing Academy here - https://bit.ly/theinvestingacademy\r\n\nFor an awesome investment research platform, from right here in Canada, check out the FREE research tool INVRS: https://app.invrs.com/index.html#/signup?utm_campaign=Influencers&utm_source=2Brandon", "likes": 6}, {"author": "@jackrabbit0777", "comment": "Good call with Facebook / Meta... it went up like 5 fold since the creation of this video!  From around $100 2 years ago to $525 today.  Geez!", "likes": 0}, {"author": "@saimaanisshaikh7487", "comment": "Good idea. Nice picks.", "likes": 0}, {"author": "@brandoncbh", "comment": "You didn't mention any index funds. I am curious why", "likes": 0}, {"author": "@Lylestyle-DIY", "comment": "Well here we are in 2024, how did your plan work out?", "likes": 0}, {"author": "@Iesous27", "comment": "I invest the little money that I can every month (about $200). Right now I have about 5 holdings that are, manulife, enbridge, bell, ZSP etf and VDY etf. I want to start putting some money into those dividend stocks so I can buy more tho... Fairly new investor trying to create some sort of retirement nest for me and my wife.", "likes": 0}, {"author": "@rossjackson2929", "comment": "Some good stocks for TFSA: Microsoft, Visa, Nvidia, Eli Lilly, Toromont, Waste Connections, WSP Global, Loblaws, Couche - Tard, Eaton Corp. All have beaten S&P 500 over 1, 3, 5, 10, 20 years. \ud83d\ude05", "likes": 0}, {"author": "@premiumportfoliodesign", "comment": "Add in some non correlated alternatives and you have something everyone would be happy to hold and stick with it during market turmoil.", "likes": 0}, {"author": "@premiumportfoliodesign", "comment": "Nice job, sound financial advice. Good to see someone offering sensible plans and not just flogging the latest high yield BS funds.", "likes": 0}, {"author": "@dilpickel22", "comment": "Small investors should focus on small companies! Good luck everyone butt with small amounts of money you just need to find a small number of great companies in your circle \u2b55\ufe0f competence. Either that or grab the index :)", "likes": 0}, {"author": "@chadferreira6799", "comment": "I\u2019d switch Td for EBQ bank  just my two cents", "likes": 0}, {"author": "@dehtrader", "comment": "How does it work when your TFSA or RRSP account is in CAD and you buy a USD stock for example? tks", "likes": 0}, {"author": "@manonleblanc2919", "comment": "website link not working..............", "likes": 0}, {"author": "@titchglover2601", "comment": "what is the ticker symbol for Berkshire Hathaway class B ? I would like to research it.", "likes": 0}, {"author": "@ryanvanderheyden3324", "comment": "Brandon can u do a video on a lira account\n20 yr time frame\n120k cnd\n50k usd \nTo start.\nNeed growth and divends", "likes": 0}, {"author": "@howardbetts9133", "comment": "I always take into account whether a company lines up with my values, before I buy their stock. MacDonalds, for example, does not line up with my values, no matter how much money I might make. Thanks for another great video!", "likes": 7}, {"author": "@hermes8258", "comment": "When you are referring to cash versus stocks, bonds versus stocks etc, I suggest that you speak in percentages rather than total. Some of us have less savings than you do.", "likes": 0}, {"author": "@ecodaily125", "comment": "If you put US dividend into TFSA, won't that make it taxable?!", "likes": 0}, {"author": "@siddharthpaiya3989", "comment": "Hi Brandon\nWhat's the best way to buy US stocks from Canada? TIA", "likes": 1}, {"author": "@romeyfrmnorth3236", "comment": "are you a filipino", "likes": 0}, {"author": "@JimHaze24", "comment": "I actually bought 7 meta at 88 bucks now its tripple in value in three months but i sold at 120 i should of held ! I think im going to buy it agian tho when it drops agian thanks for the tips awesome video i have very similar ideas !!!", "likes": 0}, {"author": "@Teriyakicat", "comment": "I don't pick stocks; stocks pick me.", "likes": 0}, {"author": "@verabrunobossio2857", "comment": "Voo?", "likes": 0}, {"author": "@verabrunobossio2857", "comment": "Say if you did today..Today this would cost you monthly or compound?", "likes": 0}, {"author": "@julianbutcher2642", "comment": "Do you have two TFSA accounts? one for USD and one for CDN? thnx", "likes": 0}, {"author": "@thewalias623", "comment": "How are you avoiding currency exchange fees while buying US stocks in TFSA account?", "likes": 0}, {"author": "@tuanis73", "comment": "why no tesla if ok to ask?", "likes": 0}, {"author": "@stubuyscrypto", "comment": "Brandon, what about the US withholding tax? Isn\u2019t it better to keep Canadian dividend stocks in the TFSA?", "likes": 1}, {"author": "@IcarusFlying", "comment": "He talks about it like hes wine tasting", "likes": 0}, {"author": "@SANJ0288", "comment": "how is your porfolio performing compared to using simple ETF funds?", "likes": 0}, {"author": "@pamtrace4738", "comment": "Nice video! Question, why are you starting a TFSA account now after all these years of potential tax free gains?", "likes": 0}, {"author": "@mortimersnerd1348", "comment": "I've been following your channel and find you don't follow your own advise.  In another video on TFSA's, you advise \"don't invest in US stocks within the TFSA because the US will withhold 15% tax on your dividends\".  And yet here you go buying US  stocks and holding them in your TFSA.  Aren't you concerned that you're not getting all that you could from your investments?  Or maybe you have a workaround on this tax situation?", "likes": 0}, {"author": "@kiwionarope", "comment": "What do you do when you have maxed your RRSP and TFSA acount?", "likes": 0}, {"author": "@owenkwong3358", "comment": "Thanks", "likes": 0}, {"author": "@owenkwong3358", "comment": "Liked \ud83d\udc4d", "likes": 0}, {"author": "@JM-jc8zd", "comment": "what do you think about Tesla", "likes": 0}, {"author": "@thechronicthumb3461", "comment": "Hey Brandon. What is you're opinion on index funds?", "likes": 0}, {"author": "@scorzi10", "comment": "what price to u like lockheed at?", "likes": 0}, {"author": "@cheynebest7028", "comment": "I would like to add crispr this year from this recent price drop as it has become a deal. Long term has very big implications. I'm only into growth at this point for my tfsa portfolio. I am fortunate and have come a long way managing my portfolio. Learning from Brandon, Marc and getting as much prospective is imperative to be successful.", "likes": 1}, {"author": "@DavincisGirl66", "comment": "Liked the editorial content about Facebook.", "likes": 0}, {"author": "@iBurbz", "comment": "If you're not investing in Tesla you're investing wrong.", "likes": 0}, {"author": "@sidsaxena2880", "comment": "Limit of TFSA", "likes": 0}, {"author": "@SanjeevDD", "comment": "Why J&J? Is ABT a better option?\nHave you considered MSCI and Costco?", "likes": 0}, {"author": "@TheGrapplingNinja", "comment": "What is Brookfield like which one what\u2019s the ticker", "likes": 0}, {"author": "@FandomFinance", "comment": "Brandon, stand by your morality. If you feel Facebook is bad for society don\u2019t put your money there. Helps to keep your character and integrity in tacked, which I bet means more to your channel, courses and other businesses than just simply pouncing on a cheap stock.", "likes": 12}, {"author": "@MikeHeller", "comment": "I have a different strategy for my TFSA and I have only one holding: $TSLA.  So far so good :)", "likes": 2}, {"author": "@mcmicmike", "comment": "I liked this video because you created chapters.  I ended up watching the whole thing and enjoyed the content.  Great organization of a video.", "likes": 1}, {"author": "@roberto.ogunbanwo6258", "comment": "Hi Brandon, I really find your videos especially the ones on RRSP and TFSA very useful & informative. i have a TFSA account with TD Bank that i put in $400 a month. Relating to this current video post, should i continue with TD Bank or i should liquidate it and trade by myself using either wealth simple or quest trade. Thanks Brandon", "likes": 0}, {"author": "@albertinoromita4673", "comment": "Well done Brandon \ud83d\udc4f\ud83d\udc4f\ud83d\udc4f\ud83d\udc4f\ud83d\udc4f", "likes": 0}, {"author": "@scorzi10", "comment": "what about reits?? riocan? primaris? h&r reit?", "likes": 1}, {"author": "@NoobBoobie", "comment": "It makes more sense to have dividend stocks in your TSFA to maximize dividend capital by not paying taxes once you withdrawl like RRSP. Obviously if they are foreign stocks they should be in your RRSP.", "likes": 1}, {"author": "@jeyaprakashjoseph9314", "comment": "All good stocks. Good Vedio. Tencent won\u2019t fit into my strategy.", "likes": 0}, {"author": "@markvanderlugt5041", "comment": "AAPL and KO should be in here too. AAPL has $170billion cash on hand. They\u2019re AirPods alone make more money than some companies do with their own net profits lol\nKO owns a number of companies and has pricing power with inflation. Add in the fact they are a steady dividend grower. AAPL is a great capital appreciation stock to hold as well. They have so much cash to really do anything they want- buybacks, dividend raises etc", "likes": 0}, {"author": "@Got2Learn", "comment": "What is your opinion on the WEF/future of investing?", "likes": 0}, {"author": "@bruceleehee9267", "comment": "\ud83d\udc4d\ud83c\udffd", "likes": 0}, {"author": "@seanbee", "comment": "This may be a dumb question but how are you managing to invest in these companies given the yearly TFSA cap? Sorry, I am new to Canada and still not 100% clear on how to effectively manage TFSA accounts", "likes": 0}, {"author": "@mrphilleakey", "comment": "MP stock?  MP Materials Corp.  thoughts?", "likes": 0}, {"author": "@davidbarlow372", "comment": "i  opened a  TSFA  ACCOUNT..AND  I  GUESS  YOU  CAN.say  i  am  new  at  investing  in  stocks..i  have  got  some  good  info  from  your  videos........i  started  about  4  to  5  months   and  as  of  today  i   have  10  stocks  and  up  just  over  19  per  cent...   i  guess  having  5  of  my  10  stocks  in  the  energy  have  helped  out  a  lot.....  i  wonder  if  i  am  too  much  in  energy   even  thou  it  is  hot  right  now", "likes": 0}, {"author": "@florendogomezcasuga7043", "comment": "Microsoft, Berkshire, Google, Costco, Apple, United Health, Bell, Telus and Fortis", "likes": 0}, {"author": "@saschaseyschab6719", "comment": "So am I getting this right? If you own US stocks in your TFSA, they should be ones that don't pay dividends ideally as they are subject to the withholding tax?", "likes": 0}, {"author": "@lonk752", "comment": "Hey Brandon thanks so much for the video its been very informative for me. Is there any chance you have a spreadsheet template I could get started on? Either way thanks again", "likes": 1}, {"author": "@NicolasJ12", "comment": "Great video, and we can tell you are excited to start your TFSA from scratch, it's a fun time to do it!\nI will just say that the 10 seconds you spent rationalizing owning FB despite your dislike for the company's values were too much. I truly believe that if your core values do not align with a company's values, then you owe it to yourself not to own shares of said company, no matter the numbers. I am a capitalist, but I believe in ethical and social capitalism.\nContinue the videos, great content!", "likes": 9}, {"author": "@rohaanuniverse1196", "comment": "Just bought brookfield i love your vids", "likes": 0}, {"author": "@zohahs5276", "comment": "Google / Amazon split coming soon will buy both under RRSP.", "likes": 0}, {"author": "@nicholasbrassard3512", "comment": "Ty for this vid, it's helping me plan out my own strategy :D investing my first 1k today!", "likes": 1}, {"author": "@marleodg", "comment": "Im new to this... so now watching to learn...", "likes": 1}, {"author": "@uplivedlivingsolutions9360", "comment": "Great video eh. I love your advice of making a plan and allocating a certain amount of money to each sector. It's easy to get carried away without a plan and spread yourself thin the way you mentioned in the beginning of the video.  I learn more and more as I go along and with the help of your videos and expertise I am building more confidence in the process. Now all I need to do is build up more cash so I can invest more :)", "likes": 5}, {"author": "@shaheensiddiqui2237", "comment": "Is Day trading allowed in TFSA ?", "likes": 2}, {"author": "@SM-lj2ef", "comment": "I hate Facebook but also bought the big dip", "likes": 0}, {"author": "@joshuaguo1326", "comment": "How can you say AMZN is undervalued? It\u2019s more overpriced compared to FB and GOOGL?", "likes": 0}, {"author": "@outworkthework", "comment": "Great video Brandon with excellent tips and no pushy sales tactics. Canadians 4TW eh :)", "likes": 0}, {"author": "@Scorix", "comment": "Lockheed Martin really? So you like blood money ?", "likes": 0}, {"author": "@rjbinning7535", "comment": "What\u2019s your thoughts on Boeing? They have not able to solve their issues with their planes on top it\u2019s getting worse 737 crash crush my soul too lol I have some money invest in it too", "likes": 0}, {"author": "@Azel247", "comment": "I love your picks, especially TD. My three largest holdings are the S&P500, Nasdaq 100, and TD, weighted 40%, 30%, and 10% respectively. I also nibbled on GOOG, AAPL, MSFT, and a semiconductor and healthcare ETF.\n\ninb4 spam bot.", "likes": 77}, {"author": "@j-rocgeo7499", "comment": "No Tesla? The highest growth large cap company in history with a giant runway. It should be a core position in everyone's portfolio in my opinion.  Oh well, to each their own. I like all your position just missing one big important one.", "likes": 0}, {"author": "@sebastianfernandez5827", "comment": "Just wait for the crash and keep your liquidities, most of these stocks are overpriced right now. You'll make more profit way quicker.", "likes": 0}, {"author": "@adventuredog3607", "comment": "Thank you for your honest take on things. You are running a business and of course your trying to make a profit doing this. However I get the feeling your balancing profits with integrity. Kind of like holding a sold long term stock.  it\u2019s my opinion this will continue to pay off in the long term. Don\u2019t feel you need to be told that trading this off for short term gain isn\u2019t worth it, but want to acknowledge the fact I believe this is what has made your channel so different from so many and what I\u2019ve liked so much about your channel. \nKeep up the great work.", "likes": 1}, {"author": "@constantinkwiatkowski1940", "comment": "nice shot of the vehicles but what is the vehicle % inside of your portfolio? By the way, passiv is very good tool, thanks for the recommendation, but INVRS  is still in development, there are not so many functions available right now, so folks don't waste time in checking it out! Cheers!", "likes": 0}, {"author": "@priayief", "comment": "I haven't visited your site for months - shame on me as I really like your videos. I vaguely recall that you invested in Alibaba and Tencent Holdings a while ago. Are you still invested in these?", "likes": 1}, {"author": "@skylerdelaurier713", "comment": "I tend to like the higher concentration in 6-10 different companies, but a lot of these stocks are one's I'd love to own, for the right price!", "likes": 1}, {"author": "@citizenm9590", "comment": "With rising rates small cap have taken big hit now it will be big tech turn now i would hold from buying any big tech until end of the year as valuation will come down to earth.", "likes": 0}, {"author": "@MechHeli", "comment": "Hi Brandon I was wondering what you think of Shopify right now...it's been doing really well as of late", "likes": 0}, {"author": "@samuelhernandez2542", "comment": "Great video like always!!! \ud83d\ude0e\ud83d\udc4d Also, do we know when Google and Amazonne will \u00ab\u00a0split stock\u00a0\u00bb? I dont wanna miss thoses \ud83d\ude33", "likes": 0}, {"author": "@retireAnyAge", "comment": "Tesla?", "likes": 1}, {"author": "@bradhaaf4749", "comment": "Personally with a maxdout TFSA  as a young investor my Priority is expanding its Max contribution limit with only stocks that can potentially 10x+ in the next 30 years. DT Google with quantum computers or DeepMind, Apple's unique architecture of their chip and efficiency could potentially dominate the market, Tesla with custom AI Dojo training FSD and now robots.. \nIn 30 years having a 2 million + TFSA Is the ultimate to me in security weather I end up transitioning to dividend stocks at that point. Should I be locking in those gains every Dec/year ? Does currency $ conversion need to be considered ? Is there a limit to how high your allowed to have your TFSA ? The Market's volatile and your trading in and out, is that a problem with being considered a trader?", "likes": 1}, {"author": "@CyclingDad", "comment": "Isn't BRK nearly half AAPL? Also, it seems like that one has run up a lot with the current market fears.", "likes": 1}, {"author": "@ZackTessier", "comment": "Amazon and google splitting i believe! Do you buy before the split..???", "likes": 0}, {"author": "@marshall8898", "comment": "have you looked into VDY?", "likes": 2}, {"author": "@flyryguy", "comment": "Hey! I started investing this year and find your videos SUPER VALUABLE! So thank you!\n\nI know you just bought a house so I'm a bit curious; have you looked into or do you already have experience using the Smith Maneuver? I'd love to see a video on why you do/do not choose to use this tactic. Thanks!", "likes": 2}, {"author": "@whoamme1974", "comment": "Thanks for sharing. I'm learning about stocks as a older gentleman, this video you created helped me with creating and understanding portfolios. Would it be wise as a investor to only old Canadian stocks or a mix is good?", "likes": 1}, {"author": "@whoamme1974", "comment": "I have a question for you? what is your opinion about Penny Stocks with a portfolio?", "likes": 0}, {"author": "@gmuney1232", "comment": "Time in the market > Timing the market", "likes": 1}, {"author": "@Nicolasdu5", "comment": "Home depot is a great compounder", "likes": 0}, {"author": "@MountainFinance", "comment": "I think you are off to a great start for a good balanced blue-chip TFSA portfolio. I am expecting that the play money will add a bit more flavour to your TFSA.", "likes": 1}, {"author": "@rain0344", "comment": "Hi, Brandon can you please make a video for newbies/students/youngsters on how to invest our first $1K in \ud83c\udde8\ud83c\udde6?", "likes": 2}, {"author": "@arshS27", "comment": "Perfect , hey Brandon I have sent a mail to your gmail id recently - can you have a look?", "likes": 0}, {"author": "@andvfx", "comment": "Nice video! I guess I follow you up for some time, Its pretty much my portfolio with small variations (I have costco instead of wallmart, CM and TD, I sold LMT to buy starbucks last week, the only one missing is Berckshire, that actually I have been following for a month but looks overbought on the short term) I have them split between the tfsa and the rrsp. My question will be, if you need to also consider building up an rrsp, or a none registered account, how you will organize this stocks between different accounts, or if you just dont care. Thanks!", "likes": 0}, {"author": "@douglaz2053", "comment": "I respect what you do and think. But if it's a moral dilemma why buy something that you don't stand behind ie FB. If you don't like the CEO, what they're about, why support it any buy into it? That's selling out your principles for profit", "likes": 3}, {"author": "@ab.4425", "comment": "Great video buddy!! Thank you so much!!", "likes": 0}, {"author": "@dtcrozier", "comment": "Hey! Brandon great video! \nI think it\u2019s a great plan for you! I\u2019m not 26 so I can\u2019t afford to gamble on FB or your Chinese stock. But I do agree on owning less positions! BRK.B has never let me down, POW and TD is a great dividend for us old folks. Right now I\u2019m loving AEM.", "likes": 1}, {"author": "@satsumoto", "comment": "Just buy Bitcoin and get full custody of your wealth. Don't trust canadian banks their ngmi...", "likes": 0}, {"author": "@TubeDeviant", "comment": "I have to say that I definitely have interest in the defense sector as well. Although I know more about firearms as opposed to military hardware research, or aircraft, for example.", "likes": 0}, {"author": "@TubeDeviant", "comment": "Is there a reason why you chose individual stocks instead of ETF's..?? Not that I know much about ETF's, but just wondering.. I mean I understand a bit more after you explained that some of your picks are diversified in general. \n\nOr is it just personal preference/favorites..? How do you decide how much to allocate to each stock..?? Is that just personal preference too..?? \n\nYou mention FB and I totally agree with the points made. I hate FB.", "likes": 0}, {"author": "@mashacamashaca877", "comment": "What about Facebook? Is it a good stock to buy? It\u2019s currently at about 50%", "likes": 0}, {"author": "@colinlachapelle8646", "comment": "im all in on meta", "likes": 0}, {"author": "@svdwatt", "comment": "Great video! Brandon, are you holding your Cash as Cash or investing it short term in a Bond or low risk Dividend fund?", "likes": 0}, {"author": "@user-zj6tv8el5w", "comment": "now make a videO on the chances of you selling your positions in these stocks. thanks1", "likes": 1}, {"author": "@renzenker2526", "comment": "POW is a buy now?! It's dropped off.", "likes": 1}, {"author": "@diegohernandez3791", "comment": "Hey Brandon, why dont you add Berkshire's CDR? Is it riskier?", "likes": 0}, {"author": "@brianmcgrath5977", "comment": "Go Brandon", "likes": 0}, {"author": "@jenniferjordan9070", "comment": "What percentage of each holding?", "likes": 2}, {"author": "@kenchow8213", "comment": "Surprised that Tesla didn't make your list. Personally, today I would pick Tesla ahead Apple, Amazon, Google, Microsoft and Meta. I think buying Tesla today is like buying Apple in the early 2010s (I've owned Apple since 2009 and Tesla since 2019).", "likes": 2}, {"author": "@XInfinity2024", "comment": "Good video. How much % wise are you thinking about getting of each?\nAlso can you make more videos about building your TFSA out?", "likes": 14}, {"author": "@MegsCarpentry-lovedogs", "comment": "Alleluia! Thanks for pointing out that Canadian stocks are diversified, globally. So you get global exposure without the withholding tax issue. Awesome!\ud83d\udc4d\ud83d\udcaf\ud83c\udde8\ud83c\udde6", "likes": 4}, {"author": "@winnjc9154", "comment": "Nice portfolio for core and dividend. I would pass on your defense and international stocks though. Also would add Apple, CP rail and perhaps more banks.", "likes": 0}, {"author": "@jimmbboe", "comment": "Already own  many of these. Good luck with the rebuild", "likes": 0}, {"author": "@kelleyhaldorson209", "comment": "I still have to do my research but isn't BRK heavily invested into apple anyway?  Something like a 5th of BRK is Apple?  Love the picks overall you have there.  I really want to add BRK but man are they expensive right now!  I have positions in a lot of those picks.  But for me these picks are are considered my fun picks.  My main holdings are ETF's and 30% is all I allow myself to play with in individual value plays.  I'm surprised you didn't have any bonds in there or gold.  Do you not worry about \"hedges\" in your registered accounts or do you feel its just a bad time to be getting bonds for a long term hold?  Happy investing Brandon.", "likes": 1}, {"author": "@factsoverfeelings7832", "comment": "I think I am making the same mistakes by spreading too thin in my position \ud83d\ude02", "likes": 0}, {"author": "@topev7864", "comment": "I would rather buy Facebook then by  Chinese company Tencent and Alibaba.", "likes": 0}, {"author": "@Stefan-od3us", "comment": "Just wonder what Brookfield assets ticker is? There seems to be so many. Also just wondering why you favour Power corp? This is an awesome series btw.", "likes": 1}, {"author": "@piknik8230", "comment": "Brk B. will their stock price drop if one of them pass?", "likes": 6}, {"author": "@montecrist", "comment": "You are literally building my current portfolio. I love it. The only difference is that you're choosing Amazon over Apple. My tiny tiny tiny gambling position is Lucid.", "likes": 3}, {"author": "@kobinaaggrey7707", "comment": "How did he make most of his money?", "likes": 1}, {"author": "@rohaanuniverse1196", "comment": "Brandon with the CDR versions of some US stocks I was wondering which stock you would buy use USD and buy the stock out right or use CDR version", "likes": 0}, {"author": "@brybry111", "comment": "wheres the Canadian companies for your TSFA?", "likes": 2}, {"author": "@WiseOwl_1408", "comment": "Forgot 50% BTC", "likes": 0}, {"author": "@alastairclarke", "comment": "Great vid! I love your transparency! (Just avoid reading any \"mean\" comments. Take care of yourself!)", "likes": 0}, {"author": "@jasonspooner1127", "comment": "One of the best videos of starting a portfolio I've seen good job and thank you", "likes": 1}, {"author": "@rockymtnrdr", "comment": "Very informative video! Thanks Brandon!", "likes": 0}, {"author": "@aladdin8372", "comment": "hey brandon i also rebuilt my portfolio on my TFSA side i have only 2 stock. first one is royal bank of canada and second one is BTCY ( bitcoin yield ) im getting almost 7k/year in dividend on my tfsa alone RY make up to 80% of my portfolio and BTCY 20%", "likes": 0}, {"author": "@dorsia4167", "comment": "Everything good, I\u2019ll just stay away from Chinese stocks", "likes": 4}, {"author": "@cb4354", "comment": "I think MSFT and AMZN are very overvalued right now. FB, PYPL are incredibly undervalued. I like GOOG as well but my price target for that is if it dips below 2000$", "likes": 7}, {"author": "@JustInvestToday", "comment": "your core positions are basically financial fortresses, love it", "likes": 5}, {"author": "@Carol8693", "comment": "And I am sure you will add ppl , fortis and enb ;)", "likes": 11}, {"author": "@rohaanuniverse1196", "comment": "LOVE THIS VID", "likes": 0}, {"author": "@momo35444", "comment": "great video brandon. sounds like a great plan. im sure everything will be alright for your portfolio", "likes": 2}, {"author": "@beaviswealth", "comment": "\ud83d\udcc8\ud83d\udcda As always, if you're a beginner to the Stock Market in Canada and you're looking for a step-by-step blueprint on how to get started... Find out more about our Investing Academy here - https://bit.ly/theinvestingacademy\r\n\nFor an awesome investment research platform, from right here in Canada, check out the FREE research tool INVRS: https://app.invrs.com/index.html#/signup?utm_campaign=Influencers&utm_source=2Brandon", "likes": 6}]