[{"author": "@beaviswealth", "comment": "What are your favourite dividends stocks? Leave a comment down below! :D \n\n\ud83d\udcc8\ud83d\udcda As always, if you're a beginner to the Stock Market in Canada and you're looking for a step-by-step blueprint on how to get started... Find out more about our Investing Academy here - https://bit.ly/theinvestingacademy", "likes": 4}, {"author": "@web3tel", "comment": "Brandon, can you please review Enbridge?", "likes": 0}, {"author": "@IdeaInconclusa", "comment": "Hello Brandon, could you recommend a history track record for stocks, let's say I want to see for how long a stock has been paying dividends. Thank you very much.", "likes": 0}, {"author": "@jeffreytom8977", "comment": "I like how clear  and concise your vocabulary is", "likes": 0}, {"author": "@ratneshchandna", "comment": "VRE.TO", "likes": 0}, {"author": "@shadowbroker1", "comment": "Best multi Canada bank ticker!", "likes": 0}, {"author": "@MrBizteck", "comment": "Ive just gottdn an advert that 1hr 9 minutes long !", "likes": 0}, {"author": "@wync2203", "comment": "hi brandon, what's the website you use to check the companies for their details you wanted to invest into?", "likes": 0}, {"author": "@habibahassan7129", "comment": "Brandon thanks again for your info.", "likes": 0}, {"author": "@habibahassan7129", "comment": "As I am new investor ,I learned some much and it is helpful.", "likes": 0}, {"author": "@anthonyjones133", "comment": "Would you recommend to re-invest the dividend or to take the payout.... based on a 100 shares of the company..?? Also young investor, starting out.. looking to build some sort of equity to transfer into long term investments", "likes": 0}, {"author": "@Lehjet", "comment": "Enbridge is down 20B and poor performance last while. Don\u2019t see it lasting much longer.", "likes": 0}, {"author": "@canine7236", "comment": "Any opinions on Kimberly Clark", "likes": 0}, {"author": "@Tech-22", "comment": "Love these Videos, that's why Dividend stock are important! If you can, check out this Undervalued company - FRO - they just Announced a 27%+ Dividends with kiliing \u26a1earnings numbers and Strong Buy rating from 7x analysts.. that's like a 35% yearly! Tickker - FRO - Frontline current DISCOUNT price at 7.50$ Dividend is next week! 0.50 cent! - anyways check it out! Potential run to 7$ to 10$+\ud83d\udc4d", "likes": 0}, {"author": "@sven7736", "comment": "Enjoyed the video, valuable as always. As a european investor, I'd love to see a similar video about your favourite european (dividend) stocks.", "likes": 2}, {"author": "@likeabaws9500", "comment": "is it better to own a lot of shares for Passive Income or just buying like 2 shares is good for Passive Income", "likes": 1}, {"author": "@Elenistar", "comment": "for passive income long term wouldn't be better to get ETFs index funds?", "likes": 0}, {"author": "@neelshah5664", "comment": "Could you do growth stocks which are cheap now?", "likes": 1}, {"author": "@Boostedv6", "comment": "Do a part 2 loved the video", "likes": 0}, {"author": "@ryanjones5751", "comment": "We want a Bitcoin video!", "likes": 0}, {"author": "@derekcox6531", "comment": "One of the biggest mistakes Canadian investors make is NOT investing in American companies. Canada really has 3 options banks/energy/utilities. While those are traditionally great sectors,to have a solid diversified savings, investing in the US is an absolute must and you\u2019re right to suggest great companies like General Mills and PepsiCo among the many many other great American companies. Couldn\u2019t agree more!", "likes": 0}, {"author": "@amnanasir427", "comment": "Hey Brandon! Can you make a video on how to report stocks on our yearly taxes? I'm so new to this and so lost on how I will find the information to report it on my next tax return.", "likes": 4}, {"author": "@connordonnachie8550", "comment": "Do you have to put money in monthly for ETF's or is it a one time buy and just let it grow?", "likes": 0}, {"author": "@brenton9492", "comment": "I like T a lot, def a big buyer under the $30", "likes": 0}, {"author": "@lukemogg8161", "comment": "Could you also do a UK version", "likes": 0}, {"author": "@80gaser", "comment": "Could you give some input on gold investment? Thanks", "likes": 1}, {"author": "@danielfields5600", "comment": "He made me smile and i don't want to smile alone, Mr Scott changed my story. My friend connected me to him and I gave it a try. His platform is very easy and simple to understand. If you really want to trade and earn profit you should contact him on Instagram @Bitminelitetrade and thank me later", "likes": 0}, {"author": "@CryptidKeeperTCG", "comment": "Started off with BMO, ENB, BPY, RIO, ATCO until I found about TAAT beyond tobacco that IPO\u2019d in June. Their all natural hemp cigarettes go on sale Q4, not big on penny stocks but their new CEO from Phillip Morris, I think they\u2019ll be a gold mine", "likes": 1}, {"author": "@doright8355", "comment": "Oneoak (OKE) is where my money seating on.", "likes": 0}, {"author": "@amolgill7480", "comment": "We need a Canadian version!", "likes": 1}, {"author": "@clintjosephshaji3618", "comment": "What do you think about the Canadian Big Banks for the long term?", "likes": 1}, {"author": "@shirinmalik2235", "comment": "Just wondering what a minimum investment would be acceptable for something like P and G or Starbucks", "likes": 0}, {"author": "@davidwild3888", "comment": "Also, check out these electric companies :\nEMR  + NVT", "likes": 0}, {"author": "@davidwild3888", "comment": "I think the PE for PEP is getting quite high.", "likes": 0}, {"author": "@saifanam9862", "comment": "Hello! I recently downloaded wealthsimple after watching one of your videos (the phone version). But before getting started, I was wondering whether or not there are any inactivity fees like they have in questrade?", "likes": 0}, {"author": "@WaysToWealth", "comment": "Power Corp had a nice little run up prior to the crash. \nSolid company that can rebound over next 5-10 years with a juicy dividend paying you while you wait!", "likes": 0}, {"author": "@d5m3n298", "comment": "What about ETF\u2019s would they be a better bet vs stocks. Can this be a topic for your viewers?", "likes": 0}, {"author": "@duffporteous1039", "comment": "Another GREAT idea for a video! I had predicted that Unilever and one of the Big Banks (Nova Scotia) might be on your list! Turns out I can't predict the market or your dividend list! Thanks man!", "likes": 0}, {"author": "@TIMVESTMENTS", "comment": "Cool picks. I personally like dividend stocks with yields of 3%+ and dividend growth of 5%+/year", "likes": 2}, {"author": "@Kevin_Street", "comment": "Thanks for another great video!\n\nI like all your picks, with the possible exception of Starbucks. Isn't a payout ratio of 174.69% somewhat disturbing? To me that suggests they're desperate and trying to keep the stock from collapsing.", "likes": 0}, {"author": "@heisenburgarginine7799", "comment": "For fellow canadians, several of the tsx utilities are great for steady income with modest growth. CU and FTS both nearing 50 years of dividend growth", "likes": 0}, {"author": "@ablellomasgedom9486", "comment": "JP Morgan and apple. Great video. very insight full.", "likes": 1}, {"author": "@josibart5774", "comment": "It\u00b4s funny that he mentioned Pepsi.. Last week I was looking over the stocks financials and I see it being really overpriced.. If you bought it now you would be paying a MASSIVE premium.  The dividend stocks that I have been holding for the past 15  years plus are TD, JNJ, CNR, PG and CIB (Bancolombia).", "likes": 0}, {"author": "@a004", "comment": "Less US stocks, we're subscribed for Canadian content", "likes": 0}, {"author": "@letyourmusshang", "comment": "How does everyone feel about McDonald\u2019s and Goldman Sachs for their dividend potential? Both paying a solid yield around 2%, which results in a $5 dividend. Seems too good to be true", "likes": 0}, {"author": "@sanjitbains2655", "comment": "I actually had Starbucks, Enbridge, and General Mills all on my watchlist for a while now! Glad to hear that Brandon approves :D", "likes": 1}, {"author": "@guyrichard2030", "comment": "Hello Brandon,\nHow much is lost through the currency gap (States/Canada), pertaining to dividend payments ?\nMerci beaucoup \ud83d\ude37\ud83c\udde8\ud83c\udde6\u270c\nThx for the vids \ud83d\udc4c", "likes": 0}, {"author": "@davidsitarek4107", "comment": "If you had a choice... would you reinvest your dividends into Algonquin power or RIOcan right now.. my portfolio is financial dominant need to diversify.", "likes": 0}, {"author": "@joaododesign", "comment": "Hey Brandon, those are great stocks, thank you. Do you think it's worth it to invest in an ETF that contains those stocks or buy them individually. What are the benefits and downsides of ETFs vs individual stocks? Thanks", "likes": 0}, {"author": "@satyamsoni5162", "comment": "Thanks so much for your videos! Can you please do a similar video for youth looking to invest towards Growth strategy?", "likes": 0}, {"author": "@DividendCompass", "comment": "Great video man - love me some dividends \ud83d\ude0d Just a quick note - GIS has stopped increasing its dividend (the last increase was back in 2017) so it, unfortunately, lost its dividend growth streak. Still a great company though. I personally own it \u270c", "likes": 5}, {"author": "@CassieAran", "comment": "GREAT CONTENT!! Let me just share to these quotes that I like, \"The key to financial freedom and great wealth is a person's ability or skill to convert earned income into passive income and/or portfolio income.\" - Robert Kiyosaki \"I personally feel that the #1 benefit of having my expenses covered by passive income is that I get to keep doing a lot more of the kind of work I enjoy. I also get to work the way I want to work \u2014 where I want, when I want, how I want, and with whom I want\" - Steve Pavlina", "likes": 14}, {"author": "@pranavpatel5237", "comment": "After wirecard scam is it safe to invest in company like J P Morgan chase& co.?", "likes": 0}, {"author": "@soltanisoheyl", "comment": "Why not doing similar activity on other markets such as Chinese stocks?", "likes": 0}, {"author": "@105tacos7", "comment": "What's your opinion on the Frontline Ltd. Stock (FRO)? It has the highest dividend yield of around 35%?", "likes": 3}, {"author": "@Canuck352004", "comment": "can you talk about ARK fund to hold in a TFSA? I wonder if I should buy VFV or QQQ instead. Thanks", "likes": 0}, {"author": "@leagueplays2100", "comment": "So how about this for a porfolio\nTD. BNS\nJNJ\nPEP\nPG\nENB\nBCE\nPOW\nREI\nBPY\nBAM\nMFC\nMSFT\nAAPL\nFORTIS\nBEP\nCNR\nDIS\nThen maybe some global etfs or etfs for worldwide diversity like VT", "likes": 1}, {"author": "@polestar707", "comment": "Hi Brandon. Thank you for these videos. After watching your videos, I started investing in US stock market. :)  However, I found the commission fee is something I can't neglect. Do you know if there is zero commission platform for Canadian? Wealthsimple trade has no commission fee; however, it charges CAD to USD conversion fee. So I'm looking for a platform which allows investing by USD directly also there is no commission fee.\nThank you.", "likes": 0}, {"author": "@PointsInbound", "comment": "Jnj and pg get mentioned a lot when it comes to dividend investing, but they do deserve it.", "likes": 0}, {"author": "@regisleclerc1447", "comment": "Is the dividend sustainable for ENB? Payout ratio looks high..?", "likes": 0}, {"author": "@jump312", "comment": "For me stocks past $80 seem so expensive, so i buy cheaper ones so i can have a higher volume of stocks, even tho I'm holding for the long term, is this a mistake?", "likes": 3}, {"author": "@Rfmarano", "comment": "MFC one of my favs for dividend/growth", "likes": 1}, {"author": "@Rfmarano", "comment": "In my opinion, markets will only crash if vaccine/treatments go wrong, at the moment biotech/tech heavily influencing \ud83d\udcc8", "likes": 0}, {"author": "@mikecarpenter3819", "comment": "Thanks for another great video, Brandon. I have about 10% of my portfolio being Enbridge, and 44%  VFV.TO the S & P etf from vanguard.  BPY.UN.TO  for 2% and a bunch of other small holdings in US REITs. I really enjoy investing even though my horizon is short. \ud83d\ude42", "likes": 1}, {"author": "@theorangehuntress4108", "comment": "How do you find new companies to invest in on the stock market? Would love to invest in my friend\u2019s company Nexii Building Solutions. I\u2019m loving your videos, thanks for the input!", "likes": 0}, {"author": "@xxrngxx5", "comment": "Forgot to mention Enbridge payout ratio. It\u2019s 300%!", "likes": 0}, {"author": "@xxrngxx5", "comment": "Hey Brandon what website do you use analyze companies and their dividend history and growth? Thx", "likes": 0}, {"author": "@luketatomir", "comment": "What are your thoughts on Restaurant Brands International (TSE:QSR)?", "likes": 0}, {"author": "@imSwiftehhhh", "comment": "SPB.TO / MMM / RTX / CNR.TO \ud83d\udcaa\ud83c\udffb", "likes": 0}, {"author": "@choiscarexperience137", "comment": "Hi Brandon would you be down to do a zoom call with me to interview you", "likes": 1}, {"author": "@goalaspect", "comment": "I just do the dividend aristocrats  ETF's - is a US one and a CDN one  - I don't have the nerve for 1 shot stocks    - lower reward with ETF though for sure.   Great picks you have", "likes": 0}, {"author": "@scottscriticalmass", "comment": "I really like the stock picks Brandon... I love my dividend stocks and own a couple that you mentioned.  JNJ is one of my larger holdings that I bought well over a decade ago now.  I expect it'll still be in my portfolio when I'm long retired many years from now.  Completely agree it fits in every portfolio.  I've owned SBUX for about 6-7 years now and continue to believe it's best of breed in the restaurant space and another I expect to own for years to come.\n\nHere's a few more dividend growth stocks I've held for a decade or more... AMAT, CSCO, LOW, SCHW & TGT.\n\n& a few more owned for 3 years or more... AMGN, BLK, BR, GILD, PEAK, RHHBY, STOR & TSCO.\n\n& some purchased in 2020... ABEV, ABBV, BUD, CTVA, HBI, MCHP, MMM & RTX.\n\n& some ETFs paying decent dividends that I hold for diversification... SCHC, SCHD, SCHE, SCHF & VIG.\n\nThanks as always for the great content Brandon.", "likes": 0}, {"author": "@anthonyc7214", "comment": "Could you do an all Canadian version next?", "likes": 88}, {"author": "@MartinMcClellanGT", "comment": "That moment when someone mentions Wealthsimple \ud83d\ude0a", "likes": 7}, {"author": "@wantongaming6473", "comment": "Thanks for the video ! Just wanted to know your opinion on Canadian banks like RBC? Are they reliable dividend payers?", "likes": 1}, {"author": "@paulsantori8920", "comment": "Another great video Brandon! As a 47 year old hoping to retire as soon as possible, what's the advantage of a P&G or J&J with such low dividend yields?", "likes": 0}, {"author": "@efs797", "comment": "Well done!", "likes": 0}, {"author": "@turbofanlover", "comment": "Can't argue with any of those picks, dude.  Now, we just need a market correction.  ;)", "likes": 5}, {"author": "@IronG_TFT", "comment": "What website is that you're using to show the growth and payout ratio", "likes": 1}, {"author": "@My.Mylabear", "comment": "Thank you so much for this helpful video! Please absolutely do a part 2/followup of more reliable dividends", "likes": 0}, {"author": "@TheGetsomeson", "comment": "how tf are you gonna argue over a dividend king with clear stock appreciation, diversification, and no clear signs of weakness?", "likes": 1}, {"author": "@cp-5628", "comment": "If you have two dividend paying stocks that are equal percentage and similar consistency of payout longevity, can you go wrong? Aside from someone maybe getting fooled by a high paying dividend (from a company with no longevity), what are common mistakes people make with selecting dividend paying stocks?", "likes": 0}, {"author": "@jasonstupak4535", "comment": "Thanks Brandon!", "likes": 0}, {"author": "@xaeon_thesandbox", "comment": "Where is fortis", "likes": 8}, {"author": "@marytouch2915", "comment": "Great video brandon! Thanks! Looking forward to see your video on growth stocks in the near future \ud83d\ude03", "likes": 2}, {"author": "@urielangel77", "comment": "LOL Brandon oh Brandon Why Brandon Why.. Realty is my personal favorite I love the  constant monthly passive income gives me more flexibility to use funds to purchase other stocks on dips. Its been paying growing its dividend for 25 straight years. Through the pretty much every crises you can throw at it to me it has more than proven stability.. I also love the Big banks in Canada..", "likes": 2}, {"author": "@ab.4425", "comment": "Amazing Video Brandon!! Thank you so much!!", "likes": 0}, {"author": "@frazzledhaloz3184", "comment": "Abbvie and MO...", "likes": 3}, {"author": "@Micvic79", "comment": "Thanks for the info....the gains this week are scary \ud83d\ude33", "likes": 8}, {"author": "@straightouttacompston3179", "comment": "Thanks for the video bro! I recently done a similar video on how to earn $100 dollars per month of passive income. Apple, Canadian National Railway, Canadian Tire, TD bank and Enbrdige were my examples used! I have all 5 in my portfolio and believe they are great dividend stocks to own for the long term!", "likes": 2}, {"author": "@karanvirsidhu8135", "comment": "Hi Brandon, Thanks for the video\nCould you please cover Apple's stock split (4 for 1) occurring later this month?\nShould we buy it right now? I see it has increased 70 USD within last week. \nRegards.", "likes": 11}, {"author": "@matthewr9497", "comment": "TD!!", "likes": 19}, {"author": "@CaseyBurnsInvesting", "comment": "Just like little rental properties.", "likes": 3}]