[{"author": "@beaviswealth", "comment": "\ud83d\udcc8\ud83d\udcda As always, if you're a beginner to the Stock Market in Canada and you're looking for a step-by-step blueprint on how to get started... Find out more about our Investing Academy here - https://bit.ly/theinvestingacademy\n\nWhat do you guys think about MFC? Leave your thoughts in the comments below. Thanks for watching! :)", "likes": 3}, {"author": "@malikknight5503", "comment": "Thank you for this, can we get an updated video on this ? And your thoughts", "likes": 0}, {"author": "@vancitybash", "comment": "Hey Brandon,  what do you think of the ETF (FLI)  with all the big insurance companies? I am very interested in adding Manulife but came across this ETF and would love to here your opinion, thanks and great video!", "likes": 0}, {"author": "@patrickhockey615", "comment": "how would they benefit from inflation? higher payouts, no ?", "likes": 0}, {"author": "@christopherprempeh8549", "comment": "Is this stock still a buy?", "likes": 0}, {"author": "@adampeach3843", "comment": "Thanks for the great video!  I agree about value investing and growth investing working  in cycles.  If anything, current times seem to rhyme with the dotcom boom/bust in regards to valuations.  The tsx still has some good undervalued companies but I think value investors will have their boom soon enough", "likes": 1}, {"author": "@theok4712", "comment": "MFC got it and like it.  I love how it dips and recovers nicely.", "likes": 0}, {"author": "@kellybesuijen1554", "comment": "what do you think about Enbridge", "likes": 1}, {"author": "@flammablewater1755", "comment": "So what is up with some companies or funds paying unusually high dividends? Example: PRM.TO currently paying 8.9%. Would I be crazy to invest in that because it's so abnormal, or crazy not to?", "likes": 0}, {"author": "@GeraldTheMaker", "comment": "well, 5% a year, and look at the stock price, if you are saving for the manulife dividend since 2010, you are losing money", "likes": 0}, {"author": "@myway8950", "comment": "Enbridge pays more", "likes": 0}, {"author": "@TheBobcatGuy", "comment": "how does this stock compare to plaza retail REIT  (PLZ.UN)  sorry I'm new to this so this might be a stupid question. their stock is cheaper to buy and they're showing an 8.38 yield  New trade here with in last week", "likes": 0}, {"author": "@lawrencewright2816", "comment": "I don\u2019t think OSFI is allowing dividend increases.", "likes": 0}, {"author": "@cinderchey", "comment": "Is it worth buying manulife as a new investor? Say I only have 200 dollars... is it worth it?", "likes": 0}, {"author": "@FightGamePro", "comment": "What do you think fair price for GoEasy is? I'm up a good bit but think it might go up to 120-140..got in at 38. Tempted to sell. Thoughts?", "likes": 0}, {"author": "@evacarmel7349", "comment": "Thoughts on Investors Edge to get started? Is Questrade a better choice? Why or why not?", "likes": 0}, {"author": "@jburns2964", "comment": "Best cellphone app for stocks?", "likes": 0}, {"author": "@davidgibson7179", "comment": "I don't know who needs to hear this, you've got to stop saving money invest some part of it if you really want to attain financial freedom.", "likes": 13}, {"author": "@kjaces3207", "comment": "would love too see a video on which clean/renewable energy ETF's you'd recommend, preferably with global exposure", "likes": 7}, {"author": "@mr.williams8336", "comment": "Love the channel but I\u2019m not sure MFC is allowed to raise dividends right now. \nIt\u2019s a boring read but the OSFi has put a ban on raising dividends i think.\nThe ban involves federally regulated financial institutions like banks and insurance companies.\nCould be wrong. Still a solid company.\nhttps://www.osfi-bsif.gc.ca/Eng/fi-if/dti-id/Pages/DTIFAQ_Cov.aspx", "likes": 0}, {"author": "@austindouglas6345", "comment": "I don't know who needs to hear this but stop saving all your money. Venture into Investing some, if you really want financial freedom.", "likes": 0}, {"author": "@Nish2490", "comment": "Have you mentioned Lightspeed in any of your videos? :) \n\nIf not, can you let us know what you think about this stock?", "likes": 0}, {"author": "@fairwindsandfairways5601", "comment": "Tom Brady is the GOAT! And I hold a small position in MFC.", "likes": 0}, {"author": "@drewpozze4557", "comment": "Im new to investing. My goal is to start investing in stocks and hopefully save enough to put a down payment on a house or buy real real estate down the line. What type of account should I use for investing? I just started using wealth simple trade. I made a personal account but im thinking on either starting an RRSP or a TFSA through them", "likes": 0}, {"author": "@emanuelherrerias4082", "comment": "Tasty MFC", "likes": 0}, {"author": "@kamranchahal7909", "comment": "Can you do a comparison of CNR VS CP?", "likes": 0}, {"author": "@tomv2302", "comment": "video idea...Do RRSP catch  up loans still exist??", "likes": 0}, {"author": "@Crozier98", "comment": "Telus is another good dividend!", "likes": 0}, {"author": "@timw4369", "comment": "Value investing is not dead and the growth people will end up regretting there gambling and the growth will statt The debt problems will happen and when it does value investing will be the only thing that makes money.  You have to have value in your portfolio and history proves that out.  The quick buck will always get beat by the long term value play its gambling versus investing.", "likes": 0}, {"author": "@bigbawlr79", "comment": "How much of your portfolio is dividend stocks?", "likes": 0}, {"author": "@ididntdrinkthekool-aid4973", "comment": "This was my top dividend in my list to \ud83d\udc4c", "likes": 0}, {"author": "@jenniferjordan9070", "comment": "You have the best investment Chanel. Really appreciate all the advice/information you provide. When friends asks me about the stock market I tell them to watch all your videos!!", "likes": 0}, {"author": "@shishirkc5456", "comment": "@Brandon If you can post videos on top ETF to purchase now. There are so many ETF's and is quite confusing which are good in terms of long term with good returns.  \nAll your videos so far are quite helpful. Thank you.", "likes": 1}, {"author": "@cute.poison", "comment": "How much is the course? I don't see the price on the website.", "likes": 0}, {"author": "@felixalielamarche2027", "comment": "Make a video on pow best dividend stock for canadians they own wealthsimple and have a dividend yield over 7% plus the stock is trading at around 30 dollars cad ,plus this company is involved in all banking business essentially this is the unofficial bank of Canada that has little fees more and more canadians are using this company and it could take over the main banking companies in the future in general just for the yield alone this is a great stock", "likes": 0}, {"author": "@jasonstupak4535", "comment": "Microphone windscreen protector!  Yes, thanks Brandon!  Lol.  Thanks for the continued awesome content!  Watched and liked.", "likes": 0}, {"author": "@talhasiddiqi5993", "comment": "Thanks for sharing insights, Brandon !", "likes": 0}, {"author": "@NoobBoobie", "comment": "Great catch Brandon! I'm buying this Monday afternoon! Thank you", "likes": 0}, {"author": "@chogg611", "comment": "TD is a better stock.", "likes": 1}, {"author": "@shenidylin9662", "comment": "Hello Brandon, what do you think of BlackBerry. This seems like the hottest Canadian stock at the moment. What's the price rang you suggest for open position? Thank you", "likes": 0}, {"author": "@mr.rodneygregg3445", "comment": "Thank you. Stay safe.", "likes": 1}, {"author": "@pascalkueppers382", "comment": "Your thoughts about NXO NexOptic technology", "likes": 0}, {"author": "@hailey9312", "comment": "Bought this in October, and was questioning myself as a very beginner investor. This reassured that I calculated my metrics right and I am getting the hang of valuing companies! Thanks for this Brandon. Love to see it", "likes": 2}, {"author": "@guidodelgiudice5", "comment": "Please explain to me if you can what happened to echelon financial. How that vertical drop happened? Happy superbowl", "likes": 0}, {"author": "@hugoleblanc4084", "comment": "Telus is better in my opinion!", "likes": 0}, {"author": "@Rob-ob3sh", "comment": "OFSI has put a ban on raising dividends. So MFC would be part of this ban on insurance companies and banks and a few others.  So I really can\u2019t see a dividend raise coming.  Brandon I have to disagree.", "likes": 0}, {"author": "@patrickl.2761", "comment": "RBC Research - Though the industry is experiencing positive sales growth as a whole, MFC has been unable to grow sales and is losing market share. This trend continues from the previous year when sales growth at MFC and the Insurance (Life) industry were -40.89% and -6.27%, respectively.", "likes": 0}, {"author": "@payotimeRamsYT", "comment": "They have been one of my favourite stocks! Thank you for the video", "likes": 0}, {"author": "@jasonbiletski4098", "comment": "You should do a video on the other A team stocks on that list would love to here you thoughts on them", "likes": 5}, {"author": "@hails570", "comment": "Another great video! Love all the dividend videos. \ud83d\ude0d", "likes": 0}, {"author": "@dustinct.", "comment": "dropping gems always", "likes": 0}, {"author": "@n.b.9224", "comment": "Any info on Genesis Technologies", "likes": 0}, {"author": "@domenicomarti-stockmarketi7714", "comment": "What are your thoughts on IAG.TO probably my favorite stock in Canada... a great insurance company with fantastic growth and profitability! Let me know what you think Brandon", "likes": 0}, {"author": "@regisleclerc1447", "comment": "Nice stock!! I own IAG.TO \ud83d\udc4d", "likes": 0}, {"author": "@zyn6389", "comment": "Can you make a follow up video after earnings report please \ud83d\ude4f\ud83c\udffb", "likes": 1}, {"author": "@TETrading", "comment": "Dividend investing for the win! 71% of market returns have come from dividends over the last 40 years...", "likes": 0}, {"author": "@chikamba5093", "comment": "Very informative.", "likes": 0}, {"author": "@vtheb1299", "comment": "Manulife is the pension manager of at least some government sectors. So it's going strong in Canada.", "likes": 2}, {"author": "@saskabush133", "comment": "You will cheer for the chiefs and you will enjoy it", "likes": 0}, {"author": "@DabloEscobud", "comment": "I watch ads for Brandon", "likes": 0}, {"author": "@russramirez7533", "comment": "What's are your thoughts on the delray misfits big lenny named CEO $BIGL", "likes": 0}, {"author": "@nevillejames2200", "comment": "Great video. Thanks for the info. Will definitely look at adding this stock.", "likes": 0}, {"author": "@41kulemin", "comment": "on wednesday i sold 150 shares of MFC to buy shares of SU (suncor) on the earnings report dip.... still own some MFC but hoping I don't regret this", "likes": 0}, {"author": "@jonnyheath6363", "comment": "I have 3 out of 6, and actually had 4 until brookfield decided to buy genworth haha - I must have been paying attention to the channel! All locked in at over 6%", "likes": 0}, {"author": "@dynastystar5515", "comment": "Does anybody have any books on investing they recommend? All the commentary that throw so much jargon at you flies right over my head\nEdit: I don\u2019t watch sports", "likes": 0}, {"author": "@Mr.Jack_learning", "comment": "Great quality video as per usual", "likes": 0}, {"author": "@Sarah-qe7xt", "comment": "BCE also increased the dividend also very strong and safe company to invest.", "likes": 1}, {"author": "@dudleyd8498", "comment": "yo bro no hate great video but like how fried are you when you make these lmaooo I smoke too so not judging but are you?", "likes": 2}, {"author": "@acdatz6222", "comment": "Funny, my very first stock buy was yesterday and it was MFC", "likes": 0}, {"author": "@akaju1c3", "comment": "Manulife has been my top earner in my portfolio and the dividend has been the icing on the cake", "likes": 3}, {"author": "@Gluteus.Maximus", "comment": "As much as I like money I f$$$ing HAAATE insurance companies", "likes": 1}, {"author": "@joseoro7621", "comment": "Can you cover Split Corp Stocks?", "likes": 0}, {"author": "@vanessaaventura", "comment": "which camera are  you using? wow such clear definition", "likes": 0}, {"author": "@sharonwu3098", "comment": "bought some manulife late last summer when it was $17, then again when it was around $20...it's been pretty worth it so far!", "likes": 0}, {"author": "@ajps9532", "comment": "Yay! This is my first DRIP stock since starting February last year. Great content legend! Keep it up", "likes": 0}, {"author": "@vancitybash", "comment": "What\u2019s it pay out per share?", "likes": 0}, {"author": "@hirockblink", "comment": "Bought MFC shares at 22 Back in December...it was hovering around 21-22 for a while but kept adding shares...glad to see it trend up lately.", "likes": 0}, {"author": "@thanhomerae", "comment": "Oh... I really have to complain about their customer service.... I sent a note twice and say that they will reply to me within 2 business days... I sent the note last week, now I'm still waiting...", "likes": 0}, {"author": "@paulirvine9870", "comment": "Hey great video, can you make a quick comparison of Manulife and Sunlife, I would be interested to hear your thoughts.", "likes": 3}, {"author": "@SuperPanda14", "comment": "I also seen this list but I went with power Corp. I was also please to see some of my stocks rated B.", "likes": 1}, {"author": "@JM-cg3ps", "comment": "All things being equal, would it be better for us Canadians to invest in Canadian dividend stock(TSX) vs American stock(NYSE)?", "likes": 0}, {"author": "@shayminmilo6937", "comment": "daddy B", "likes": 0}, {"author": "@harleylin4648", "comment": "MFC or SLF? Still can't decide!", "likes": 0}, {"author": "@prt2151", "comment": "The rates won't increase anytime soon. This investment is way too long term and little return... There's much much better dividend etfs.", "likes": 1}, {"author": "@francoissauve8828", "comment": "I'm not sure if they are allowed to raise the dividend as OSFI suspended dividend increases and share buybacks by Canadian banks and insurers during the pandemic. But they are now allowed to pay a special dividend.", "likes": 0}, {"author": "@dabest8867", "comment": "Thoughts on energy stocks like ENB & AQN", "likes": 5}, {"author": "@Dave004", "comment": "Its a great dividend safe play and ya growth is doing well but with the market being so overvalued we could be in for a bubble burst and if so its nice to have these good dividend stocks to rely on.", "likes": 0}, {"author": "@chessdad182", "comment": "Manulife is one of my favorites.  I have a nice sized amount of their stock.  I am up 30 percent on MFC.", "likes": 4}, {"author": "@Gidoza", "comment": "I\u2019m happy to have this sort of content.", "likes": 1}, {"author": "@vanyc5716", "comment": "Always look forward to watching your videos. Keep up the awesome work!", "likes": 0}, {"author": "@Tech99069", "comment": "\ud83c\udf99 \ud83c\udfa4! Last time you told us to tell you if there was a change with the filter. The original \u201ccomplaint/sugesti\u00f3n\u201d from someone was they can hear you breathing.\nI still can hear you breathing which is good!! Means you are alive! No biggie in the slightest IMO and I\u2019m guessing the people that notice that is very low %. And if more people notice it\u2019ll only be cause you mentioned it. I never noticed before \ud83e\udd26\ud83c\udffd\u200d\u2642\ufe0f.\nSo don\u2019t let it bother you brother. Keep up the good content :) \ud83e\udd1c\ud83c\udffe\ud83d\udc4d\ud83c\udffe", "likes": 0}, {"author": "@MutantMycoGenix", "comment": "adding them on monday! lets get iiiit", "likes": 2}, {"author": "@eagerbeever22", "comment": "Great video! I bought some shares of MFC back in September when it was at $18.62 so already seeing some nice appreciation & dividends .", "likes": 1}, {"author": "@Senikeee", "comment": "Great! Would love to see you do a video update on stocks you\u2019ve recommended before as well. Such as nyse o, or cnr which has been in a massive dip lately", "likes": 1}, {"author": "@fredbergeron7997", "comment": "Love the videos! Great content that's made easy to understand. What are your thoughts on CHE.UN for dividend income?", "likes": 0}, {"author": "@CeceNaturalful", "comment": "Lol my work benefits are with Manulife... Gonna buy a stock on my wealth simple", "likes": 0}, {"author": "@carlosarceo7283", "comment": "Been waiting for more videos about dividends investing. Your videos are always such high quality and value. Thanks Brandon!", "likes": 5}, {"author": "@ConnorCan", "comment": "Thanks Brandon! Where are you taking your financials screenshots from?", "likes": 0}, {"author": "@syz3981", "comment": "You should make a free discord for all your canadian followers to talk stocks plzz", "likes": 0}, {"author": "@Michael-on4ti", "comment": "Do a video on both value and growth canadian stocks.  Thanks", "likes": 0}, {"author": "@Rob-ob3sh", "comment": "Go Bucs go !   I like looking for value dividend stocks and MFC is in my TFSA at an average price of $19.09   I just started adding PPL as my next value dividend stock pays crazy high yield and seems cheap at the present price of $33 to $35 when it was at a height of $53. Thanks Brandon", "likes": 0}, {"author": "@momo35444", "comment": "great video brandon!!! thanks for the tips.", "likes": 0}, {"author": "@billsmafia77", "comment": "This is a garbage stock, it only moves sideways.  Nothing good but the dividend.", "likes": 0}, {"author": "@420StonerComedy", "comment": "This would be excellent to DRIP.\n$.28/Q or $1.12 per year = approx. 90 shares to get a full share every payout.", "likes": 0}, {"author": "@kristiantorres1080", "comment": "Thanks for the video. What is the difference between value investing and growth investment? Is it that the former focus on stocks with high paying dividends and the latter on stocks that tend to appreciate in time? Thanks", "likes": 0}, {"author": "@chanceramchuk9564", "comment": "Love your videos man, I\u2019d love to hear you views on Telus International Canada. Ticker: TIXT\nMuch love from \ud83c\udde8\ud83c\udde6", "likes": 4}, {"author": "@hbh2470", "comment": "Manulife only pays quarterly. There's much better companies that pay monthly dividends and are better than 5%. Altagas ( ALA ) pays 8.24% monthly. Pembina Pipeline ( PPL ) pays 8.8% monthly..2 examples.", "likes": 0}, {"author": "@Bondanalloy", "comment": "i love mfc. when the dividend is over 4.75-5% as it has been this year, back up the damn truck. their 10 yr growth rate averages around 8 percent which is insane. i'm as overweight on mfc as i am on cu lol.", "likes": 2}, {"author": "@benjiiiiiiiii", "comment": "Baby goat beats old goat!", "likes": 0}, {"author": "@leemiller2243", "comment": "no i would put telus, power corp and the banks over this easily given the dividends are better", "likes": 1}, {"author": "@jimmysanders1375", "comment": "Would it be dumb to buy the stock and sell it if the stock price increases after the earnings report is released? Because I assume the price would increase if its revealed that they are going to increases dividends?", "likes": 1}, {"author": "@niranmojo", "comment": "Hey Brandon, \nWhat are your thoughts On Sun life", "likes": 0}, {"author": "@vvolfflovv", "comment": "While I look for value, there can be great value in growth companies over time.", "likes": 0}, {"author": "@zhengli3810", "comment": "Hi Brandon, do you have any recommendations on choosing great ETFs in Canada?", "likes": 3}, {"author": "@Yuspliff", "comment": "New to investing here, your videos are very easy to understand for a dumbo like me :P thanks!", "likes": 0}, {"author": "@ChrisR57", "comment": "I bought Manulife about 4 years ago, and keep adding shares not only with DRIP, but on the dips! Keep up the great \ud83c\udde8\ud83c\udde6 content  brother!!", "likes": 8}, {"author": "@amynmerchant1326", "comment": "Bought myself some shares in MFC last week. Having seen this video today, made me a lot happier about my choice. Keeping my fingers crossed and waiting anxiously for their report to come out.", "likes": 0}, {"author": "@niranmojo", "comment": "I\u2019m watching the super bowl. Picking Kansas to win", "likes": 0}, {"author": "@joethebet7177", "comment": "if you are starting, how much stock should I buy?", "likes": 4}, {"author": "@daviddowling6376", "comment": "Best Video yet I'm buying more Manulife stock on Monday.", "likes": 4}, {"author": "@MrDevgames", "comment": "Just commenting for that holy algorithm. another good vid Brandon", "likes": 21}, {"author": "@AmishPatel06", "comment": "how about scotiabank?", "likes": 0}, {"author": "@blakewhite5625", "comment": "Hey dude, investing noob here. If I were to buy MFC, would you recommend buying it now or waiting til their income report on the 11th? Keep up the great content!", "likes": 1}, {"author": "@robhruska7611", "comment": "I always like your videos, thank you for putting out the high quality content that you do.  Now as for a wealth management company at this time in our history?   Your very existence is based on the current shift that is taking place in that market space.  The future is self directed online platforms.  I personally have pulled all my assets from a wealth management company like manulife and am getting more and better guidance and education from you tube, books and my online investment platform then i did from my advisor and i am not alone, many people i know are doing the same.   The problem is that as institutions like Manulife impose on people to us the online customer portals to get our interaction with the company and reduce the interactions with people the personal relationship value is eroded and they move us closer and closer to managing our own investments.  My though is this company may have some short term life left in it but i\u2019m not feeling good about where they will be in 15-20years when i want to depend on the  dividends.", "likes": 0}, {"author": "@ibee244", "comment": "Hey! You made a good case to go purchase Manulife, and looking at the price right now. It seems a bit high, looking at the last year. How much effort would you put on buying this at a low price? Especially since one might not get alot of growth from it.", "likes": 4}, {"author": "@antoinefillion-mariage6975", "comment": "Hi. I was wondering if you could do a videos about growth stock on your watchlist? You mostly post about safe stock and i enjoy it since its most of my portfolio but would like to know what kind of growth/risky stock you have on your watchlist ! Thanks man", "likes": 1}, {"author": "@KP-uj1wf", "comment": "Thx for the video.  I find MFC gets heavily shorted when it approaches $25...  not sure why.\nWill be an interesting week to see if it can break that resistance level.", "likes": 7}, {"author": "@daddimaterial7171", "comment": "brandon do, i do \ud83e\udd8d\ud83e\udd8d", "likes": 0}, {"author": "@dragonslayer3804", "comment": "What do you advise on ipo stock like Roblox?", "likes": 0}, {"author": "@ab.4425", "comment": "Thanks for the video bud!! Have fun tomorrow!!", "likes": 1}, {"author": "@beatrizjumawan8884", "comment": "When you wake up to Brandon\u2019s video. Always good content! This is a sign that it will be a productive weekend", "likes": 4}, {"author": "@emiliefrenette6552", "comment": "Can you make a video about Suncor? Keep up the good work!!", "likes": 4}, {"author": "@TheJon204", "comment": "I agree with Manulife, I had bought it back in October and would expect the dividend to go up by 3 cent. Great pick!", "likes": 6}, {"author": "@minahwd", "comment": "I\u2019m pleased to see yet another company to look into for long term dividends. \u2615\ufe0f", "likes": 7}, {"author": "@ibayone2294", "comment": "Manulife is one of the top insurance companies in Hong Kong", "likes": 36}, {"author": "@MG-og5gf", "comment": "I like your videos because of the way you compose yourself. You're alright bud, keep up the good work.", "likes": 27}, {"author": "@splitfinger7719", "comment": "Bucs go up early but the Chiefs pull away in the second half.", "likes": 3}, {"author": "@sahilpreetbirring1167", "comment": "Keep it up...awesome content..", "likes": 0}, {"author": "@kendrixkek", "comment": "Looking for dividend paying Canadian  stocks. This popped up on my notification.", "likes": 8}, {"author": "@beaviswealth", "comment": "\ud83d\udcc8\ud83d\udcda As always, if you're a beginner to the Stock Market in Canada and you're looking for a step-by-step blueprint on how to get started... Find out more about our Investing Academy here - https://bit.ly/theinvestingacademy\n\nWhat do you guys think about MFC? Leave your thoughts in the comments below. Thanks for watching! :)", "likes": 3}, {"author": "@j.p.6228", "comment": "Yesssss bro, clicked this one really quick. BUCS ALL DAY BABY. Lets go TB12!", "likes": 11}, {"author": "@kieljiro4981", "comment": "First?", "likes": 1}]