[{"author": "@Paniztayyebi340", "comment": "Guys go on the country side it\u2019s more affordable", "likes": 0}, {"author": "@geraltrivia5032", "comment": "Vancouver's housing market is a game where the rich are the players, the middle class are the pawns, and the poor are just spectators. The developers and foreign investors are the ringmasters, turning every square foot into a cash grab. Local government? More like the cheer squad, too busy waving pompoms to notice the game is rigged. If you're not on the VIP list, your dream home is a cardboard box. It's not a market; it's a heist", "likes": 1}, {"author": "@amansahota683", "comment": "To much shady money is parked in real estate in Vancouver lots of people park there money in real estate to avoid being caught doing shady stuff \u2026..  most of the condos are empty \ud83d\ude05\ud83d\ude05. I have a some friends that live in Vancouver he was telling me one of his clients bought a house and a condo  that has to be telling you something right there  people  the people that bought real estate In the 1990s or early 2000s are better of .   You clearly can\u2019t get rich with just a job so people  bought real estate and kept buying it..  and rates were kept to low for to long \u2026 as well. Vancouver and Toronto and Quebec would not want to live there . You have better chances moving to the states and buying a house. Only the rich can afford real estate property in Canada anymore the once that do and up buying a house end up working all there life paying the mortgage\u2026..", "likes": 0}, {"author": "@jessiepaulin675", "comment": "\ud83d\ude02\ud83d\ude02\ud83d\ude02", "likes": 0}, {"author": "@user-bx7nh9ki8e", "comment": "People Vancouver is expensive its only good city in terms of everything in \u201cCanada\u201d. In global terms it\u2019s not even close to comparison. \n1.5 yr living in Vancouver", "likes": 0}, {"author": "@randyallen8213", "comment": "Vancouver and Toronto is for the rich and famous", "likes": 2}, {"author": "@jaychah2563", "comment": "To.much drug money parked here", "likes": 0}, {"author": "@MJibco.", "comment": "Gee we  cruise west van real estate all the time \u2026.\ud83d\ude02\ud83c\udf89\u2764", "likes": 1}, {"author": "@LaMach420", "comment": "a damn shame straps are uncommon here, we could really use lower rent prices right about now. \ud83d\ude02", "likes": 1}, {"author": "@josephsiu8687", "comment": "Surprisingly Canada has so many great investment options, with the new FHSA account it really helps. But I would say lots of people need to make more money and save more money. That's for sure", "likes": 0}, {"author": "@woulddrow540", "comment": "\u201ca lifestyle city\u201d that boasts a Seawall as one of its tourist attractions \ud83e\udd23\ud83e\udd23\ud83e\udd23 Vancouver is country af hahaha", "likes": 0}, {"author": "@angellopez2356", "comment": "Wait what about the addicts \ud83d\ude02 pretty sure it\u2019s cheaper then cali", "likes": 1}, {"author": "@6ixty5th", "comment": "Magicofrahat", "likes": 0}, {"author": "@jackbrown8052", "comment": "Vancouver will never be affordable again. Vancouver was affordable in the 70s through 90s. Not now. It's almost as if politicians at all levels suddenly decided to allow property developers to make lots of money. The politicians are not on the side of middle class people trying to buy a home.", "likes": 0}, {"author": "@gordon8", "comment": "Vancouver has been completely taken over by foreign investors. Especially housing market", "likes": 0}, {"author": "@paul.hogan720", "comment": "I was in vancouver yesterday a d was literally watching drug addicts die on the street. Every 15 feet it smelled like amonia and i seen 25 rats.", "likes": 0}, {"author": "@davidclark695", "comment": "Richmond BC CCP communist housing and Chinese police stations", "likes": 0}, {"author": "@nicegravy-dj8pj", "comment": "We have to many outsiders buying property and land here. And they've monopolized the housing around Vancouver.", "likes": 14}, {"author": "@socalrefrigeration548", "comment": "I always disliked the word \"Affordable\" when used to describe an entire market. A car is unaffordable to most 12-year-olds. Does that mean most 12-year-olds will never have a car? Affordability is a personal issue. If the big city is really unaffordable then why are millions of people living there? \n\nSo a better way to say \"unaffordable\" is \"too expensive for my broke ass.\"", "likes": 7}, {"author": "@DougPVlogs", "comment": "I moved to Mexico where life is cheap and I YouTube vlog from there.", "likes": 2}, {"author": "@luciousmani", "comment": "Lived-in  van citi for my whole life. Moved to the loops, and will never go back to that pretentious stuck-up Hollywood wannabe city. The most un friendly ppl in the country.", "likes": 14}, {"author": "@wayneboyd4372", "comment": "Or if you had good parents (and no you don't need to be rich), they would have started saving up before you were even born because who would bring kids into this world to just let them go into debt as adults??!?!? Cruel.", "likes": 4}, {"author": "@ABRAMELINTHEMAGE", "comment": "Great a lifestyle city but walk to gas town and there\u2019s people dying all over the street and people just walk over them like there bugs under their feet", "likes": 3}, {"author": "@shmoopiebear", "comment": "No", "likes": 1}, {"author": "@Darkaznlordx2", "comment": "Greater Vancouver area will continue to be more unaffordable in our life time, unless there is some catastrophic event happens that cause the area to be uninhabitable.", "likes": 51}, {"author": "@AceVenturaXii", "comment": "Never say never. \nI live right across the river from Detroit in Windsor, Ontario. \nDetroit was once the third richest city in America. Now it\u2019s mostly a dump though some downtown areas are coming back nicely. Around 10 years ago you could buy a vacant lot next to you from the city for $500. \nIt\u2019s on the way back now but it\u2019s nowhere near what it was.", "likes": 44}]