[{"author": "@beaviswealth", "comment": "\ud83d\udcc8\ud83d\udcda As always, if you're a beginner to the Stock Market in Canada and you're looking for a step-by-step blueprint on how to get started... Find out more about our Investing Academy here - https://bit.ly/theinvestingacademy\n\nFor those interested, this is the site I use! Thanks for watching! :) - https://www.dataroma.com/m/home.php", "likes": 2}, {"author": "@waynedetorres4165", "comment": "A good follow up segment to the WB portion of this video would be a  'Billionaires take on: *Blank*' \n\nPresent the stances, compare the line of thinking, bearish bullish, etc...", "likes": 0}, {"author": "@theok4712", "comment": "Over 43% in Apple! That's a lot in one stock, I thought it would of  been more diversified.  What are your thoughts on the Apple position?", "likes": 0}, {"author": "@ajwang7999", "comment": "I believe that when a multimillionaire spend the time and the effort to publicize his ideas, there could be many layers of reasoning and motive behind it. Is reasonable to assume that what Mark said However right or wrong maybe beneficial to his position somehow.", "likes": 0}, {"author": "@rockychocbill", "comment": "Kevin O'Leary has said the same thing on multiple occasions. But even he dipped his toe into Tesla. He said it was because his nephew(?) got a job with Tesla. I lean towards the dividend thinking, but solid companies that will grow their stock price are fine too. You just get your \"dividend\" when you sell off some of your shares.", "likes": 0}, {"author": "@MartinMcClellanGT", "comment": "Great content!", "likes": 0}, {"author": "@jordanmakesfinancevideos650", "comment": "If Warren invests in a company than we should take notice", "likes": 1}, {"author": "@oGSniipezz12", "comment": "I agree with Mr.Cuban. It becomes a self-fulfilling prophecy when buying stocks without any dividends. When I buy a stock for capital gains I'm hoping someone will value it higher than me in the future. Kinda makes me think its huge a broken system and thats a bit concerining", "likes": 1}, {"author": "@scottscriticalmass", "comment": "Enjoyed the video Brandon... Always like hearing about Berkshire and the baseball card analogy was interesting.  Sports Cards is actually where my interest in 'investing' began as a kid.  Definitely a 'greater fool' game...", "likes": 0}, {"author": "@l.t.l.tutoringcentral1622", "comment": "Well done - clearly explained. :)", "likes": 0}, {"author": "@DabloEscobud", "comment": "Thx for answering my last comment! Let's pump this also for BranDawg! ISHARES CORE TO THE MOOOOOOONNNNN", "likes": 0}, {"author": "@Hananguyen.Realestate", "comment": "It\u2019s interestingly thorough and smart the way you look at current non-dividend stocks. Yes it\u2019s not just a baseball card if it keeps generating revenue on quarterly/ yearly basis \ud83d\udc4d\ud83c\udffc\ud83d\udcc8  Thank you!", "likes": 1}, {"author": "@vtheb1299", "comment": "46% in one company doesn't look like good diversification..... and overvalued at that. Graham would've sold appl long ago.", "likes": 1}, {"author": "@pranavpatel5237", "comment": "\u2705", "likes": 0}, {"author": "@gush5465", "comment": "Congrats on the company Brandon \ud83d\ude09", "likes": 0}, {"author": "@hugoleblanc4084", "comment": "Great videos!", "likes": 0}, {"author": "@lucky247365", "comment": "You absolutely nailed the Cuban explanation Brandon!", "likes": 0}, {"author": "@rubeshkumarj8082", "comment": "That\u2019s another great video Brandon. Thanks for all the work\n\nWould you be able to do a video on long term Canadian equities to hold under each sectors. Would be helpful to learn about portfolio diversification for new investors like me.\n\nThanks again", "likes": 0}, {"author": "@nicolascharlery8323", "comment": "Another youtuber made a video today about the (possible) value of Bitcoin, and mentioned that an asset makes a good investment if it is a store-hold of wealth in the long term and a is easy enough to exchange. And non-dividend stocks meet very well these criteria.", "likes": 0}, {"author": "@busdriver3330", "comment": "DAMN !!!  You're so smart for a young fellow  !  Cuban is quite a good speaker but he's no Warren Buffet or Brandon Beavis !   I'm your dad's age and I watch your videos.   Keep it up !    Keep bringing us Benjamin Graham.  I'm holding my breath for your next video !!!!", "likes": 0}, {"author": "@nikhilsrl", "comment": "Not sure if you have spoken about P/E ratio and how it can be used to assess a stock's real worth. Would be a great educational video.", "likes": 0}, {"author": "@michellejohn2918", "comment": "Brandon, great video!  Your explanation was very well done and I agree with you 100%. Basically, stocks have intrinsic value as opposed to a collector's item which have no real intrinsic value. Thanks for making this video and calling out something that you don't agree with.", "likes": 0}, {"author": "@piyushgaglani5255", "comment": "you wasted so much a time to deliver a short message that some companies do not pay dividends and grow and that other person is wrong", "likes": 0}, {"author": "@leemiller2243", "comment": "Huh not true there is alot of value in art for eg the artist, limited releases etc, cost of last piece etc", "likes": 1}, {"author": "@maudecoulombe7211", "comment": "Atd.b? Looks undervalued.", "likes": 0}, {"author": "@Kevin_Street", "comment": "Sweet statues. Also, doesn't everybody watch the videos all the way through? Seems like a waste of time to only watch the first five minutes or whatever.\n\nYour argument here against what Mark Cuban said is an example of why I really like this channel. You take the classic, textbook approach to investing, which shows that you really do want to educate people and not just entertain or sell them something like so many other channels.\n\nI think you're right, of course. If the stock market had no ability to assess inherent value then it truly would be chaos and no one would be able to consistently make money from investing. Berkshire Hathaway would have gone broke long ago.\n\nBut there is something to what mark Cuban is saying, even if his position is too extreme. The price of most stocks does reflect their inherent value in some way. But the stock market is huge and there are many places where outside forces distort the price of stocks so they no longer truly reflect what their underlying companies are worth. Bubbles certainly exist, and many stocks are worth more than they should be because the investors have a great deal of enthusiasm for or confidence in the company. Tesla, for example. But on the other side of things there are also sharks out there who depress the value of a stock so they can make a profit shorting them. Look at what was happening to GameStop before the Reddit army moved in.\n\nI'd say that you're right about investing in the long term. Over the span of years the price of a stock does reflect it's actual worth, but in the short term outside forces can distort that relationship. Maybe that's why the stock of an older company like Coca Cola tends to be so stable. Over more than a century the actual worth of the stock has been clearly established, so it's less vulnerable to short term distortions.", "likes": 2}, {"author": "@TheBobcatGuy", "comment": "Love your new  gift", "likes": 1}, {"author": "@momo35444", "comment": "great video! thanks for the upload. so cool to see the portfolios", "likes": 2}, {"author": "@jbainbridge22", "comment": "What's your camera?", "likes": 1}, {"author": "@ab.4425", "comment": "Totally agree with you buddy!! I really like the pieces actually want to get some like that for myself!!", "likes": 0}, {"author": "@FinancialFutureGuideAlexCourt", "comment": "If a company has proven management that knows how to allocate their capital, I would much rather they invested in their own growth than reward shareholders with a dividend. Long-term mindset.", "likes": 1}, {"author": "@xHaRm51", "comment": "No no no, Mark cuban is completely right. A company can generate a profit, but how does that fundamentally link to the price of the stock? Dividends require that a company is able to profit, so there is a link there. What about companies that don't pay dividends? The only remaining fundamental link is share buybacks (which are EXTREMELY toxic to the economy), but even this has its problems if ownership rules aren't favorable. \n\nTo say that a company's profits matter is like saying that home runs matter to the price of the baseball card. How do homeruns translate to card value? The answer is sentiment. Its not a fundamental link, its a sentiment link. Stocks are similar, except share buybacks complicate the picture a bit. The value of nondividend stocks is partly ownership benefits and partly greater fool theory. I say that it's partly greater fool theory because we all know that ownership interest is hardly ever a reason for investing. That link exists but its an incredibly weak one, especially if mark cuban is right and that you really don't feel much like an owner anymore. What this consequently means is that nondividend stocks are a lot more like baseball cards than most people realize.", "likes": 3}, {"author": "@ravimaharaj3139", "comment": "I had made an appointment with your Investing Academy, on Tuesday at 2PM. I made sure to put the correct number and email. And I got a notification saying there were gonna call in 30 mins and then 10 mins. But no one ended up calling. Is it okay to still get the investing interview? or was that my only chance.", "likes": 0}, {"author": "@kamranchahal7909", "comment": "Can you please do a video on $CP", "likes": 0}, {"author": "@MisterMo25", "comment": "Meanwhile Cuban just loaded up on Twitter...", "likes": 2}, {"author": "@muzzilim1", "comment": "Isnt Barrik gold Canadian as well? Not just Suncor", "likes": 0}, {"author": "@mustafaal-humairi6477", "comment": "Yeah Brandon I totally agree with you so if I invest with  a company that I really love and the company invest they're earning and make more money I'm totally okay with that because the value of my company will grow even more.\n\nBranding in another note, could you tell us how we can buy stocks over the counter and what Chinese stocks do  you like?", "likes": 0}, {"author": "@ryanreid8608", "comment": "What is the best site for rrsp that will  be buying US dividend stocks, etf's along side Canadians stocks.  Thanks for the help.\nLove the vids", "likes": 0}, {"author": "@summercherry123", "comment": "love the bookends! like yin and yang, you can't just have the bull mrkt, need the bear to balance it off", "likes": 3}, {"author": "@SebastianSoreanu", "comment": "Great video!", "likes": 0}, {"author": "@AznRice24", "comment": "CCIV to the moon \ud83d\ude80\ud83d\ude80\ud83d\udc8e", "likes": 0}, {"author": "@baasitnabi779", "comment": "Thoughts on Palantir??", "likes": 2}, {"author": "@derekcox6531", "comment": "Yeah, I own Berkshire and continue to add,for 2 decades. The reliable growth has made it a key position in my nest egg. Cuban isn\u2019t exactly off base,I think he was just making the point (rather dramatically) that speculation is not investing. I can\u2019t disagree with him on that. However, it\u2019s true that some companies provide value through growth (like amazon) and some by storage of wealth and deployment of that capital into other businesses (like Berkshire does). At the same time others grow their dividends. A wise investor will spread their investments out amongst all of these areas and YES there is always room for a small bit of \u201cspeculative\u201d investment in an otherwise diversified portfolio. Great episode young man! You\u2019re a credit to your generation.\ud83d\udc4d", "likes": 24}, {"author": "@cosmiccoffee8497", "comment": "Your argument only applies in the event a company trades roughly in line with its underlying fundamentals. Just looking at the current market you can see that Mark is right. Its just a bunch of fools bidding up businesses way beyond what they actually produce. If a company is being priced in today at what a frankly under educated and generally misinformed (sorry it's true) public believes it'll be worth in twenty years, you might have a bad time.\n\nExample; go look at what happened in Japan. People who averaged down since its peak in the 90s are just barely starting to break even today...food for thought.", "likes": 2}, {"author": "@CaseyBurnsInvesting", "comment": "I love dividends but I gotta disagree with Mark here. Businesses still make money even if they don\u2019t pay shareholders. Baseball cards are more like gold but not even that really because gold has uses besides being a collectible.", "likes": 2}, {"author": "@kniknayme9865", "comment": "If picks go south, for a while, its nice to get dividends in the interim.", "likes": 0}, {"author": "@Pennybrookeify", "comment": "Brandon, what\u2019s your take on North America\u2019s first Bitcoin ETF? Started trading on the TSX today: BTCC.B", "likes": 22}, {"author": "@dropshipincanada", "comment": "I used to follow warren buffets advice for a few years by investing in solid bluechip companies with a $10,000 investment it only grew to $14,500 in 4 years but than i started investing in small cap stocks last year and turned $15,000 into $320,000 in 8 months. Investing in blue chip is great for preserving wealth but for young people investing in aggressive growth stocks is the way to go", "likes": 1}, {"author": "@je.m3320", "comment": "My teacher and I discuss about stocks instead of social studies", "likes": 6}, {"author": "@InvestingSolutions23", "comment": "Cant go wrong with buying what the greatest investor of all time is buying!", "likes": 6}, {"author": "@harryhya", "comment": "\u2b50\ufe0f \ud83e\udd0d", "likes": 0}, {"author": "@teodorlacatusu-tran9361", "comment": "Love the vids keep it up", "likes": 0}]