[{"author": "@beaviswealth", "comment": "\ud83d\udcc8Join The Investing Academy \u27a4 https://bit.ly/theinvestingacademy \n\nThanks for watching! Drop a LIKE & Subscribe if you enjoyed! :)", "likes": 4}, {"author": "@meeganbarnes7240", "comment": "Great point on the emergency fund. Fridge dies, windshield cracks, kids need braces\u2026 all kinds of things happen in life that have unforeseen costs", "likes": 1}, {"author": "@Greeners387", "comment": "I posted this similar question in the Blossom app, sorry, I\u2019m a little late to the party. However, would the allocation (70-30) be similar even with a great pension upon retirement?. Thanks for the lessons.", "likes": 0}, {"author": "@canpin", "comment": "Marc: did he just call me \"Marc\"?! \nIts Dad!!!\n\nJust kiddin Brandon \ud83d\ude02\nThanks for the awesome videos", "likes": 1}, {"author": "@joujou79", "comment": "Where do you suggest to place an emergency fund? Savings? Tfsa? Etc", "likes": 1}, {"author": "@TwinworldGameReviews", "comment": "Life insurance would be great for anyone with debt or a mortgage. This way if something happens to you, the life insurance will cover your debt. Last thing you'd want is to leave that kind of dept with your spouse or family members to be stuck paying off. Mortgages have insurance you can get, but that insurance coverage shrinks over time as your mortgage debt is paid off, even though the premiums you pay remain the same. You would be much better to get independent life insurance, which would not only pay off that debt but any extra money could go to family or next of kin.", "likes": 1}, {"author": "@thomasq9181", "comment": "Great info!", "likes": 1}, {"author": "@abeieneNejar", "comment": "Would love to see a video on how parents could invest for their kids. E.g. is there a way to open a wealth simple for my kid and manage it until they are of age?", "likes": 19}, {"author": "@grumpyboomer9107", "comment": "Pay off all debts before investing. If you have debt, I am talking about credit cards debt. The interest rates are often close to or over 20%. You are never going to make that much profit investing so you'll be losing money. That is really #1 when your in your 30's and 40's.", "likes": 7}, {"author": "@OfficialLongPham", "comment": "Would love to see investing in your 20s! I'm approaching 30 so this also helps me!", "likes": 0}, {"author": "@tomcruz9788", "comment": "Sir as a non-resident in Canada,can i open an account from Questrade or Wealth simple trade broker?", "likes": 0}, {"author": "@calvin9575", "comment": "This is why I choose to work in hospital, I have paid benefits and Municipal pension plan, so I can focus 90% equities.", "likes": 1}, {"author": "@CanadianDividendInvesting", "comment": "Pumping out content, love it!", "likes": 0}, {"author": "@margaretrussell9452", "comment": "Thanks for the video! I wish I started much earlier. Looking forward to a video 50-60 yrs and maybe not being where you hope to be so still looking for income investing. Also recommendation for seniors who have set saving 80-90\u2019s and looking for maximum withdraw based on the amounts the have.", "likes": 0}, {"author": "@jonisousa-guthrie3121", "comment": "Great video Brandon.  Please have Marc do a series for 50/60 yrs old.  Thx \ud83d\ude4f\ud83d\udc4d", "likes": 8}, {"author": "@Rob-ob3sh", "comment": "Hi Brandon what would you recommend as your top 3 CDR\u2019s to buy over buying the actual stock ?", "likes": 0}, {"author": "@djayjp", "comment": "Pro tip: set a deep depth of field (ie, high f stop number) to help prevent the lack of focus \ud83d\ude09", "likes": 1}, {"author": "@cheynebest7028", "comment": "If you're living in your parents basement in your 30s or 40s you should be pretty well financially set... one would hope \ud83e\udee3. Maximize that tfsa every year and buy a handful of companies you have conviction in for the long term. After that put as much away as you can in your rrsp with your company match program and have that invested in etfs. I believe that is a very strong strategy to build for a prosperous and perhaps early retirement.", "likes": 2}, {"author": "@Chap17", "comment": "Thanks Brandon and investing in our 60s especially important since most of us will live into our \n90's", "likes": 1}, {"author": "@florendogomezcasuga7043", "comment": "If you\u2019re young. Invest in growth stocks and bluechip companies. If you plan to retire in 15-20 years, buy monthly income stocks and israel bonds", "likes": 0}, {"author": "@Kivarenn82", "comment": "ugh i'm middle age??   well, at least this info sounds like it'll set me up:)", "likes": 1}, {"author": "@Rob-ob3sh", "comment": "Hey  Brandon do you still like CDR\u2019s ?", "likes": 1}, {"author": "@niftydom", "comment": "Thank you for another informative video once again! And yes, I watched and listened from the beginning to the end.", "likes": 1}, {"author": "@davidjr1365", "comment": "Leggo Brandon! My man pulling through once again", "likes": 0}, {"author": "@Azel247", "comment": "Hey Brandon, thanks for the video! Can you please teach me how to calculate the following? I have $700k saved and I spend $40k/year.  I have the money returning 3% interest. How long will that money last? My calculation is telling me approx 35 years... does that sound right? Thanks!", "likes": 0}, {"author": "@jasonplumbley119", "comment": "I really enjoy your video Brandon, you take the time to explain things in plain language and I really appreciate it.  I've learned a lot from you and your dad on how to manage which investments to hold in TFSA vs RRSP.  And I subscribe to the blue chip dividend stock model of investing that you are a fan of.\n\nBeing a late 30s investor, with a good stable career and income.  One of my biggest things I like to do is PAY MYSELF first.  I dont strictly budget as you suggest, but I have a way of limiting how much \"extra money\" I have available.  I know my big expenses are \"$xxx.xx\" bi-weekly and are tied to my pay periods.  I also have regular TFSA and RRSP contributions setup on my pay day so that the money is never available for me to really spend.  What's left over is my \"fun money\", what I use to go out for dinner, buy my electronics, go on vacation and manage household expenses from.  It's generally about the same amount each period and you get a feeling of what you can afford after you've restricted your cashflow by paying yourself first.  If there is extra money left over in a pay period then I put it into my rainy day fund, which sometimes gets used for a vacation or a renovation or a lump sum to my investing accounts.\n\nAt least this is my approach to long term saving / managing my income and expenses.  Pay myself first, ensure my major expenses are covered and just manage the overflow.\n\nThe ways I pay myself first are:\nRegular pre-authorized contributions to my TFSA and RRSP.  -  this incrementally builds my retirement savings and investments allowing me the freedom to add to my holdings every few months.\nIncreased mortgage payment beyond my initial payment.  -  this reduces my interest paid over the life of the mortgage and significantly impacts the length of the mortgage.\n\nThanks for all your hard work.", "likes": 1}, {"author": "@bazookajoemo", "comment": "Wow! You\u2019re the man, Brandon. I really appreciate the video. I also appreciate the hair you put on the \u201cJoe\u201d emoji (I\u2019ve been bald since age 25). Haha \n\nThanks again!", "likes": 5}, {"author": "@MountainFinance", "comment": "Good job Brandon \ud83d\ude42", "likes": 0}, {"author": "@karlosm2730", "comment": "I am also 43, Just like joe. The struggle is real. Not as far along as I would like to be for retirement. Living the SINK life. Living in my moms basement(she is in a long term care home, so I live in the house mortgage free). I do have a 24 month Emergency fund.", "likes": 6}, {"author": "@momo35444", "comment": "thanks for the great video!! always love coming home after work and seeing a video drop from you guys!!! im 35 and just started investing 2 years ago. so this is straight up my alley.\ngreat knowledge, thanks Brandon.", "likes": 4}]