[{"author": "@beaviswealth", "comment": "\ud83c\udfe6\ud83c\udde8\ud83c\udde6 Sign Up Bonus \ud83d\udcb0\ud83d\udcb8: \nSign up for Wealthsimple Trade and get $25 cash bonus when you deposit $100 or more - http://wealthsimple.sjv.io/zQ1d6\n\nHuge thanks to a subscriber for letting me use his phone to film this video! I hope this is a valuable review video for anyone interested in the new Wealthsimple Trade platform! Be sure to give this video a like and subscribe if you enjoyed! :)\n\n\ud83d\udcc8\ud83d\udcda As always, if you're a beginner to the Stock Market in Canada and you're looking for a step-by-step blueprint on how to get started... Find out more about our Investing Academy here - https://bit.ly/theinvestingacademy", "likes": 12}, {"author": "@juwanmalekshahi1595", "comment": "Up to how much you should earn yearly in order to file that on ur yearly tax returns?", "likes": 0}, {"author": "@kalyanirajalingham1286", "comment": "Great video. How do you withdraw funds?", "likes": 0}, {"author": "@nickb3341", "comment": "does it calculate in the 1.5 percent for us stocks?", "likes": 0}, {"author": "@dneuman7455", "comment": "You would think there platform could tell if your a laptop or cellphone cheesy . I thought they were retarded until i realized they dowloaded cellphone app to my laptop and it wouldnt work.", "likes": 0}, {"author": "@ipengiewoo", "comment": "Great review!", "likes": 0}, {"author": "@kingrex3862", "comment": "hi brandon, I just signed up on wealthsimple but I forgot to click on your link. could you please give me a code.cheers!", "likes": 0}, {"author": "@sleepmode8116", "comment": "Hi Brandon! Would you consider doing an update for this video? I think they've added a few things since you made this like desktop trading and tfsas!", "likes": 0}, {"author": "@pebbIe5", "comment": "Why can't I buy any stocks or ETF's? I don't have that 'search button' on your top right corner. I do have money in my cash and personal account though. Anybody?", "likes": 0}, {"author": "@Rachellemc23", "comment": "Just opened one up. i seen my neighbor signed up in nov 2020 wiyh 2k  and she now has 6k as of jan 2021.", "likes": 0}, {"author": "@666dopehatt", "comment": "Might be a stupid question, but I noticed he can withdraw 11.43 and current available for trade is 1100. Can you withdraw what you put in or is what you put in locked into the app? so lets say I invested $500, made  $50 but I want to take my gain plus my $500 back to invest through another source, can I take my $550 elsewhere or is the initial $500 locked into the app?", "likes": 0}, {"author": "@itsjuliehoran", "comment": "How would you recommend choosing between Trade and Invest?", "likes": 0}, {"author": "@stanmorgal1775", "comment": "For WealthSimple this video is way out of date.", "likes": 0}, {"author": "@gbrown9273", "comment": "I spoke to a lady from Wealthsimple trade a couple days ago, and according to her, she said a desktop version  -- trading program is currently being developed and tested, and should be released in the near future..", "likes": 2}, {"author": "@gbrown9273", "comment": "Hello~\nI was talking to Wealthsimple trade, both yesterday and today, and I was informed that a desktop version for wealthsimple trade is coming  fairly soon.. The lady at wealthsimple trade told me that the original desk top program is currently being used by some of the Wealthsimple--trade  -people on test runs, at this current time... She told me that \"in a couple weeks or months, it would be released to the general trading public.\"\n ( her words ).. I find that very interesting, as most people in our area do not have cell service, ( and those small cell phone screens cause alot of eye strain for me )..  so a desktop version would be welcome news for those of us looking for alternatives to the current line up of Canadian brokers.. I was told that we could go on the wealthsimple trade page-----https://tradehelp.wealthsimple.com/hc/en-ca/community/topics/360000587874-Feature-Requests\r--    ---- and vote on what we would like to see added to the desktop version...", "likes": 0}, {"author": "@dripedits5743", "comment": "They ask for my ssn do I give that to them", "likes": 0}, {"author": "@Shinylivingdex", "comment": "Where are the limit buy and limit sells?!", "likes": 1}, {"author": "@rebeccac3336", "comment": "They have had updates, you should do a new one :)", "likes": 0}, {"author": "@jilljarvis-masney5399", "comment": "I'm very interested in learning on how to personally invest my money. This video was very helpful and informative. Thanks Brandon", "likes": 0}, {"author": "@davidwilliams9386", "comment": "Subbed! Been looking for this bud!", "likes": 0}, {"author": "@amnanasir427", "comment": "Is the $2,240.23 including the money in the available to trade section?", "likes": 1}, {"author": "@amirbouziga", "comment": "Thanks great job, how to do a stop loss or short a stock ? thanks.", "likes": 1}, {"author": "@832elf", "comment": "good video. I thought the cash and shares in our brokerage accounts were protected up to one million dollars, but it seems that TD Ameritrade, think or swim and TD Bank do not do that. Can you please find out, thanks. it says that securities and other investment products are not FDIC insured. refer below\n--------\nClients may be referred to TD Ameritrade, Inc., member FINRA/SIPC/NFA (TD Ameritrade) for brokerage services and additional investing options. TD Bank Group has an ownership interest in TD Ameritrade Holding Corporation, the parent company of TD Ameritrade, Inc.\n\nSecurities and other investment and insurance products are: not a deposit; not FDIC insured; not insured by any federal government agency; not guaranteed by TD Bank, N.A. or any of its affiliates; and, may be subject to investment risk, including possible loss of value.", "likes": 0}, {"author": "@hendrixt8999", "comment": "How many days does it take to withdraw your funds?", "likes": 0}, {"author": "@nirmalendukuanr6531", "comment": "Thanks @Brandon for this review. It was really helpful. I am new to trading and am going for Wealthsimple trade app. Your video was very clear and explained all the things I needed to know.\n\nHowever, I have some questions about trading in US markets using this app. Could you explain how does this 1.5% thing works when I buy and sell US stocks? It will be super helpful if you give an example and explain how much one would lose in exchange commission fees.", "likes": 0}, {"author": "@TameExposes", "comment": "Any app that\u2019s simple like just invest sell or buy", "likes": 0}, {"author": "@TheJuggernaut017", "comment": "Is it possible to short sell on this app? I know short selling can be very risky and don\u2019t want to do it accidentally since I am new to trading.", "likes": 0}, {"author": "@Enghusamaldeen", "comment": "If I link my TD cache account to WS trade, do I pay fees to transfer funds in and out of my td account? It seems like TD charges 25$ fee.", "likes": 0}, {"author": "@maciejkocko4291", "comment": "Hi,  I am new for invest. I just open Wealthsimple & Trade after watching your video. Now trying choose ETF.  when I check the performance graph 1yr, 5yr return there is +_ $ (+_ %). some ETF there are  huge minus % for 5 yr.  Do I have to consider that to choose ? also, how can make multi etf for one portfolio? last Q.S, have RESP for 5yr,  realized didn't gain at all. consider to switch to this . can you please reply by email so I can ask details.\r\nPlease reply me to skyeunha@hotmail.com. Thanks", "likes": 0}, {"author": "@ReeceMayer", "comment": "Sounds like your dad and brother are arguing in the background haha.", "likes": 0}, {"author": "@ericacrowe", "comment": "can you do a video on trading options?", "likes": 0}, {"author": "@prabhjosan", "comment": "How to withdraw money from wealthsimple app", "likes": 0}, {"author": "@TribeOfTestosterone", "comment": "Wow this was sooooo helpful I appreciate that boys \ud83d\ude0d", "likes": 0}, {"author": "@fishertech", "comment": "Lets say he has 111.43 in his account, why can he only withdraw 11.43? If he wanted to stop using wealthsimple and bring the money back to his td account is that not possible?", "likes": 0}, {"author": "@ingypingy", "comment": "Stay far far away from this app! Read the reviews for this app right now on the google play store. They are accepting and encouraging deposits, and then holding hostage all the funds, and not allowing trades, which you only find out once they have your money. This app is a scam. I would not be surprised if there were a class action lawsuit coming due to their lack of transparency and the way they are conning investors.", "likes": 0}, {"author": "@MegaRoder", "comment": "The withdraw funds was past off without any explanation of what it means. Is it a profit? Is it a withdraw that will impact the amount of your portfolio?", "likes": 1}, {"author": "@shdavidchung877", "comment": "How do I retrieve the stock?? and transfer the money into my TD bank account??", "likes": 0}, {"author": "@JuiceGang11", "comment": "I know this was 10 months ago but I have almost 400 in my account, plans changed I need to move I sold the couple stocks that I have and all my money is just in available to trade but I still can\u2019t withdrawal it. I need some help as to why I can\u2019t get my money back and it\u2019s worrying me alil I figured someone on YouTube could give me some advice", "likes": 0}, {"author": "@canpin", "comment": "Does it send out summary of income every end of taxation year? Which will come in handy for tax filing. Thanks.", "likes": 0}, {"author": "@canpin", "comment": "Nice video, thanks. Do you have to enter your SIN in setting up your account?", "likes": 0}, {"author": "@snakeoo7ca", "comment": "you can tell this guy never used the app before", "likes": 1}, {"author": "@tylerfrederickk", "comment": "Only downside is the stocks are delayed 15 minutes which renders the app almost useless if you want to make a good return with the fluctuations", "likes": 0}, {"author": "@editparker3563", "comment": "Do not use wealth Simple Trade. They are scamming clients every day! I lost a lot of money with them until I have realized what they are doing. Move to Interactive Brokers. What  a difference!", "likes": 0}, {"author": "@xGaLoSx", "comment": "Have you done an update? It has all the things you wanted now.", "likes": 1}, {"author": "@akshayhiremath4584", "comment": "Can we set a price to automatically buy or sell?", "likes": 0}, {"author": "@kelliducloux8246", "comment": "Thanks for the video. Can you trade options on this app? If so, where on the app do you tap/click??", "likes": 0}, {"author": "@praeinstein1", "comment": "Can u place limit orders, stop loss orders etc.?\nDo they send out annual statements for taxes?", "likes": 1}, {"author": "@ashtonsharpe9221", "comment": "How come he can only withdraw $11?", "likes": 3}, {"author": "@TakashiNippon", "comment": "Well now they offer TFSA, the only thing holding me back is they dont offer USD accounts, instead to buy usa they charge 1.5% to buy and 1.5% to sell... which is way to high. So ill wait for Wealthsimple to offer usa accounts first. But its amazing to buy just CAD", "likes": 9}, {"author": "@soushi8", "comment": "time to update!! They are now offering TFSA for Wealthsimple TRADE", "likes": 50}, {"author": "@francescobarile8172", "comment": "yo Brandon great review thx   :P a quest trade vs  wealthsimple video would be sick just so we can understand the differences", "likes": 0}, {"author": "@waspazian", "comment": "stopped watching@1:08", "likes": 0}, {"author": "@nbahigh2477", "comment": "How is this different from questrade aside from the tfsa that wealthsimple dont offer? \ud83d\ude4f\ud83c\udffc", "likes": 0}, {"author": "@annn2989", "comment": "Thank you for the review! Can you place price limit order on this app?", "likes": 1}, {"author": "@Khonquerer", "comment": "1 question is that how come you can only withdraw $11.43 when you have $1111.43 available to trade?", "likes": 13}, {"author": "@baneblade48", "comment": "Thank you for the thorough review. I'm still waiting for ATB to be added to the list of institutions unfortunately.", "likes": 0}, {"author": "@markzamora304", "comment": "got mine last week so you mean to say every gain needs to be taxed?!?!? :(", "likes": 0}, {"author": "@bunnyking8096", "comment": "so when I sell stocks listed in USD, do I get usd or does it exchange back into cad minus exchange fees", "likes": 6}, {"author": "@mrmathboireborn5805", "comment": "Hi Brandon, do you currently invest into multiple ETFs only or do you have a mix of ETFs and individual stocks? Also is you're main broker Questtrade? Finally what are ECN fees?", "likes": 0}, {"author": "@JesusOurKing", "comment": "Anyone else showing Wealthsimple (Beta) is installed but really it's just the robo version I see upon execution. Hmm.", "likes": 0}, {"author": "@jmichaelsphysique8024", "comment": "still not much help for day traders, we still need something comparable to thinkorswim", "likes": 0}, {"author": "@whaz82", "comment": "Hi, the app \rhave access to buy early market?", "likes": 0}, {"author": "@evander7654321", "comment": "Hell yeah homie thanks for this", "likes": 0}, {"author": "@PeterKalu", "comment": "3 days to transfer funds is quite long, hopefully it'll get better. Questrade takes 1 business day, but then again it's a paid service. I do like that it allows buying US equity and converts automatically.", "likes": 4}, {"author": "@joet8256", "comment": "Great video. I was able to get access to the Wealthsimple Trade app but there are a few conditions that were brought up when I opened the account. I am not too sure if it was mentioned in the video but I think it is important for some users to know these conditions (taken from their website): \nIn order to purchase an asset on Trade, it must:\n    -be a common stock or ETF,\n    -be actively listed on a supported exchange (NYSE, NASDAQ, TSX, TSX-V), \n    -have a 52 week high price that exceeds $0.50 (stocks only), \n    -have an average daily volume that exceeds 50,000 shares (stocks only)\n\nAt this time they also do not transfer accounts from other brokerages. Hopefully these will all come with time. But can't complain for a Beta, it's a very good app!", "likes": 9}, {"author": "@marksandor14", "comment": "What do you think of Bed Bath and Beyond?", "likes": 1}, {"author": "@AraQadir", "comment": "Just invite everyone you know and you will get ahead of the list very fast.", "likes": 1}, {"author": "@ulysseperez4606", "comment": "Hey Brandon so I guess you can get out money with no fees is that right?", "likes": 1}, {"author": "@ulysseperez4606", "comment": "Thanx Thomas for you tip with that app !! So awesome because I just want it to have a cash account man!! Thanx also Brandon for showing that video", "likes": 0}, {"author": "@luiseduardotorres1", "comment": "Hey Brandon nice vid... do you know by any chance any good stock simulator... also I think it will be a good topic for a future video in my personal opinion... thank you", "likes": 0}, {"author": "@danielyahoodo106", "comment": "Thank you very much Brandon for keeping us (Canadians) up today with this technology, I have a question except for the 2% fees that somebody mentioned for the USD$ conversion, how they are making money if the fees are zero? Thanks", "likes": 1}, {"author": "@deanoudhini7292", "comment": "Great video thx, Im focusing right now on my TFSA however in a cash account if i dont cash out or i simply reinvest the dividends do We still need to include the earnings like dividends on our taxes.", "likes": 0}, {"author": "@illumi3604", "comment": "So I guess this platform shouldn't be a priority unless you contribute the maximum to either the TFSA or the RRSP.", "likes": 0}, {"author": "@scottmills524", "comment": "I use bmo investor line, what do you use?", "likes": 0}, {"author": "@LilyChenLife", "comment": "WOW thanks Brandon, just checked my email and I just got access to this app yesterday! shall start testing soon....", "likes": 2}, {"author": "@amitanand5624", "comment": "Thanks Brandon. I got the access but it is very limited at the moment. Only cash accounts, can\u2019t even search all US accounts even to add in the watchlist, e.g try DIS..Using Questrade at the moment till other registered accounts will be added. Also, need a feature to directly add USD to avoid 2% conversion fees.", "likes": 1}, {"author": "@JohnMaxTang", "comment": "Great video as always!", "likes": 0}, {"author": "@itsbeiko", "comment": "That\u2019s exciting news man! Glad to hear we finally have a robinhood alternative for those looking to get into the stock market with low cost of entry. \nIs there a limit of trades per day/week?", "likes": 0}, {"author": "@amirich1485", "comment": "Very interested if they add TFSA", "likes": 2}, {"author": "@nickfararis411", "comment": "Thanks for the video \nIts great to use on the go unfortunately dosent has TFSA Will sign up for it once they get it", "likes": 0}, {"author": "@FikiNom", "comment": "Thank you for explaining the taxation part.  I was sold until the tax part lol.  Yep their ads are a HUGEEE turnoff", "likes": 5}, {"author": "@MartinMcClellanGT", "comment": "As a Wealthsimple Invest customer since October 2018 I\u2019ve been very happy to be with them. In February I received the invitation to join Wealthsimple Trade platform. Without any experience at all trading I found myself home. Simple, modern and honest is what Wealthsimple is all about! Thanks for the review video, so other people can join in! \ud83d\udc4d\ud83c\udffb \n\nFriends of friends can get $10.000 managed for free with Wealthsimple Invest. I can provide the link if necessary.", "likes": 2}, {"author": "@affiliatewatch", "comment": "Every time I watch your vids, Kevin David is running an ad on them.", "likes": 2}, {"author": "@dandaan", "comment": "Awesome vid for us Canucks!! Thanks", "likes": 0}, {"author": "@InvestingRobinhoodInvestor", "comment": "Thanks for the review Brandon! Great video", "likes": 2}, {"author": "@furbaniak", "comment": "Why does it look like he can only withdraw 1% of his money? Are there restrictions or cash minimums?", "likes": 0}, {"author": "@kid20777", "comment": "I have the app, it\u2019s okay hopefully they add the TFSA soon.", "likes": 1}, {"author": "@cliffordmoselina800", "comment": "Looks suspicious \ud83e\uddd0", "likes": 0}, {"author": "@TheMonkWay", "comment": "Cool I'm still in queue for this haha, would make swing trading easier for us Canadians.", "likes": 18}, {"author": "@SwingTrading", "comment": "Looks like a pretty cool app is it kind a like Robin Hood", "likes": 2}]