[{"author": "@beaviswealth", "comment": "\ud83d\udcc8\ud83d\udcda As always, if you're a beginner to the Stock Market in Canada and you're looking for a step-by-step blueprint on how to get started... Find out more about our Investing Academy here - https://bit.ly/theinvestingacademy\n\nWho wins the Canadian dividend stock battle today? Comment below! :D", "likes": 6}, {"author": "@roberttaylor3594", "comment": "SU wins! as of today from the may 2021 review.", "likes": 0}, {"author": "@danatmatchvox", "comment": "Only when CN repays the Canadian taxpayer the billions absorbed during the privatisation...CP will grow and CN will always end up challenged as they have to remain in Montreal which is a huge negative on their future...CP wins", "likes": 0}, {"author": "@lydiatenebro277", "comment": "CNR", "likes": 0}, {"author": "@yarinadodds17", "comment": "Brandon: what's the difference between the SU ticker and the SU.TO ?", "likes": 0}, {"author": "@WeReno", "comment": "Speaking as a employee for CN as a conductor. The company also pays VERY well. They treat their employees great and they are very safety oriented. Great company. Lots of travel and long days and on call 24/7. Also they offer stocks to the employees.", "likes": 3}, {"author": "@ardenbolton5992", "comment": "I'm catching up on your videos lately and this is another great idea for content - excellent.", "likes": 0}, {"author": "@robertbazso5053", "comment": "Good evening gentlemen... This is my first post... and I would like to thank you for the amazing job your doing.... I have been watching a lot of your videos and done a total restructuring of my portfolio from 2 companies to 20 companies.... and my portfolio looks amazing.... time will tell how it goes....\n\nAs for this video I am closer in age to Mark then to Brandon.... and I do own Small positions on both CNR and SU.... so you guys are both winners in my book... but my nod goes to Mark as I love energy.... \n\nLooking forward to watching more videos... Thank you again....", "likes": 0}, {"author": "@Jimpopal", "comment": "Both company went down in price lol since this video", "likes": 0}, {"author": "@davidlavallee7135", "comment": "I think it was equally great stocks.", "likes": 0}, {"author": "@calphak7389", "comment": "Warren buffet and George soros sold out on Suncor, thoughts?", "likes": 0}, {"author": "@stefaniesiska2345", "comment": "CNR all the way!", "likes": 0}, {"author": "@VanessaVendetti", "comment": "This was fantastic!! Thank you", "likes": 0}, {"author": "@thiccchungus588", "comment": "Love this channel, subbed right away. PLEASE read the following question!\n\nAs a Canadian, it's so tempting to stick to Canadian stocks  (or US/Foreign stocks with TSX equivalents) just for simplicity's sake (and to avoid currency exchange fees). Is it still a good idea to buy stocks on US exchanges as a Canadian? Maybe a video idea?", "likes": 0}, {"author": "@preshpesh552", "comment": "Great video, I am planning to buy some stock but I don\u2019t know which is best for long term I am not use to stock investment, please help me or send me the best stock to buy for future at Least 1/2 yrs !", "likes": 0}, {"author": "@jemzjyp", "comment": "SU:TO \ud83d\ude80", "likes": 0}, {"author": "@swagiecool", "comment": "Thumbs down \ud83d\udc47. More talking less intelligence", "likes": 0}, {"author": "@lynxacresb5331", "comment": "team brandon. i want to get CNR.", "likes": 0}, {"author": "@David_C_83", "comment": "Suncor was the first stock I bought when I got into the market, been loving it since and I too believe it's an undervalued stock so far. Definitely something I'll hold on a for a bit. CNR is just too much of a premium stock for me or else I'd probably hold some.", "likes": 4}, {"author": "@jonmayberry4021", "comment": "I'm on team Marc on this one. I really liked the earnings report from Suncor and think higher dividends are in the near future with this company.", "likes": 2}, {"author": "@cesardrudi8238", "comment": "Marc won due to the simple fact that Suncor has the bigger upside potential. Rail is a better sector for the long term but the valuations are too high.", "likes": 0}, {"author": "@k98sportz16", "comment": "Love the vids with your dad y\u2019alll know what your doing", "likes": 0}, {"author": "@billcai08", "comment": "Warren Buffett in his May 2021 meeting said CN way over pay for KCS.", "likes": 0}, {"author": "@nolamacpheat6506", "comment": "Great video !! My husband said Mac is the best choice, me I am with Brandon !! You both are awesome !!! Keep them coming", "likes": 0}, {"author": "@raymanlegy", "comment": "Keep up with these analytical videos and good picks! Love them.", "likes": 2}, {"author": "@juneperez6284", "comment": "I\u2019m not sure if this has been asked. Can both share their favorite \u201cbooks\u201d to read or have read about investing? Whether as a beginner or current and experienced investor. How do you keep yourself updated with the stock market industry and the changes? Preferably an interesting book and not a boring one\ud83d\ude0a. Thank you!", "likes": 0}, {"author": "@raymondmacmurchy246", "comment": "Great picks, I currently hold Enbridge yet I never hear you guy mention it. From Marc's comments it sounds like Suncor would be a better option in the energy sector. Thoughts?  Thanks for your insights into these 2 companies.", "likes": 4}, {"author": "@jasonstupak4535", "comment": "Watched and liked, thanks!", "likes": 0}, {"author": "@benjiandani", "comment": "Yes for Suncor!", "likes": 0}, {"author": "@sgoldan", "comment": "These two companies have been my only big purchases in the past month. Awesome to hear you\u2019re on the same page.", "likes": 2}, {"author": "@nevillejames2200", "comment": "Good options. I think you can't go wrong with either. I am going with CNR for the win. Great both of you. You are impacting so many", "likes": 0}, {"author": "@j-rocgeo7499", "comment": "I own both stocks, I bought Suncor for all the reasons Marc pointed out. I am betting Suncor for the relatively short term, year or two. I have a bigger position in CNR (10% of my portfolio) that I plan to hold for life. Can\u2019t go wrong with either but I vote Marc for the win. Another great video guys.", "likes": 0}, {"author": "@99btan", "comment": "Great video guys.  Both stocks sounds great, but CNR for me.", "likes": 0}, {"author": "@faizan418", "comment": "I'm just wondering, you don't discuss split funds like dfn etc... \ud83d\udc40", "likes": 0}, {"author": "@olgabeno4246", "comment": "Love Suncore! It was my first CAN stock. Just wish I had bought more just  over $14 less than a year ago. \ud83d\ude46\ud83c\udffb\u200d\u2640\ufe0f I will continue to add to my position and hold long term. I don't have CNR but will soon. \nI do have a few CNQ and I believe is a great company to add to your portfolio. As well I wish I had bought more, as it\u2019s doing very well. Bought it over $33 and now trading over $41 \ud83e\udd37\ud83c\udffb\u200d\u2640\ufe0f. I will build insight and wisdom as I learn and grow with ppl like Marc and Brandon. Thank u so much for sharing your knowledge.", "likes": 0}, {"author": "@childzplay5253", "comment": "Suncor", "likes": 0}, {"author": "@childzplay5253", "comment": "Suncor", "likes": 0}, {"author": "@CanadianDividendInvesting", "comment": "Big fan of CNR, I'll be buying more this week!", "likes": 0}, {"author": "@maxlapointe7538", "comment": "About CNR, there is value on the competitor not getting it aswell!  So that transaction will most definitely go at a premium.\n\nFor the battle, I'll give the win to Marc.  I started adding SU at 25~ when everyone was attacking AC at 28 CAD.  Still hoping volatility gives me opportunities to add more in the coming weeks.\n\nedit: could you do an AQN update.  A lot has happened since you last covered it, with damage in the US assets due to extreme colds, investments, dividend increase, etc.", "likes": 0}, {"author": "@olivierroy8248", "comment": "Oil is only going down from now on I\u2019m afraid.", "likes": 0}, {"author": "@vinny6049", "comment": "I dont know if this is a battle, but both stocks will benefit from Biden Presidency.", "likes": 0}, {"author": "@fs982", "comment": "Holding SU. Down 50 percent", "likes": 0}, {"author": "@roymurray8782", "comment": "Hahaha \u201c Engineered \u201c her shares!", "likes": 1}, {"author": "@kevinbranch1556", "comment": "Sold Suncor, and bought CNR last year at $124.47....up 9.6%.  I'll hold it!!  Enjoy the channel.", "likes": 0}, {"author": "@fernyang2540", "comment": "Could Marc talk about Imperial Oil next time? I own it and it's doing really well. Also, could both of you discuss the energy sector about the drawbacks and benefits? I'm a new investor, don't understand why so many people do not like it.", "likes": 0}, {"author": "@depptan", "comment": "I bought 1 CNR when they got dip. Just for fun! Playing around a new app. I\u2019m now interested in Suncor. It\u2019s hard for me as beginner to select in energy sector, but want to have one in my portfolio.", "likes": 0}, {"author": "@Victoria-rw7zt", "comment": "I think suncor", "likes": 0}, {"author": "@paulsantori8920", "comment": "I think Suncor was a no brainer after the crash!! Holding for $40+.", "likes": 0}, {"author": "@evanboudreau988", "comment": "I would have to say CNR wins this round imo.  Teslas lead in the energy sector is unassailable, its only a matter of time.", "likes": 0}, {"author": "@Domster19888", "comment": "Yeah I'd definitely have to go CNR on this one, great video!", "likes": 0}, {"author": "@braydenmartin4199", "comment": "CNR all the way I have been watching for a while now. Im definitely picking up some shares but hope it drops a little more", "likes": 2}, {"author": "@rileymac7054", "comment": "Been buying Suncor all year long. Great Canadian play", "likes": 2}, {"author": "@juanperez-gh8bl", "comment": "Me gust\u00f3 mucho SU, que gran momento para entrar en esa compa\u00f1\u00eda, creo que comenzar\u00e9 una posici\u00f3n.", "likes": 1}, {"author": "@smithjan1409", "comment": "Music is annoying, \nCNR is best to buy on the dip.", "likes": 0}, {"author": "@acdatz6222", "comment": "I guess we'll have to side with Marc and Warren Buffett on Suncor.", "likes": 1}, {"author": "@Mikey-vt3to", "comment": "I currently own them both and have owned CNR stocks for a long time.  Both stocks are extremely great picks and they both are doing well for me. IMO, both have great growth potential in the future and are solid companies.  If I had to pick only one, I'd have to pick CNR over Suncor. If CN picks up KC Southern, this will be huge in terms of connecting both coasts of Canada with Mexico via rail and improving rail transportation by infrastructure.  Moving goods great distances by Rail is the most eco-friendly, efficient and reliable way to transport goods. As highways in North America become more and more congested with traffic, rail transportation is the most reliable, safest, fastest and cheapest way to move large quantities of product over long distances.  Brandon for the win - CNR!!", "likes": 0}, {"author": "@irenatz2825", "comment": "I think it is a draw. As I already invest in rail, will look at Suncor. Really appreciate these videos!", "likes": 0}, {"author": "@shirleycrosner6252", "comment": "Unfortunately geopolitics  / and the desertion of car manufacturers regarding gasoline engines  - has dampened my confidence in energy  - the one issue that might save them is the promotion of natural gas as an alternative very enviorment friendlier fuel.. /\nAs far as CNR - You can't dispute the long term performance and the fact the industry is monopolized by only 2 players  / just my thoughts \ud83d\ude05  / thank you to both of you  - very informative \ud83d\ude00", "likes": 1}, {"author": "@eagerbeever22", "comment": "I have CNR in my portfolio but Suncor shares haven\u2019t gone anywhere for the last decade . However, you can see a clear uptrend for CNR in the last decade. To me CNR is a better long term investment than Suncor.", "likes": 0}, {"author": "@monicapark2284", "comment": "Contents got even better and so much fun ever since Marc joined:)) Very  informative and balanced . Thanks Guys!", "likes": 18}, {"author": "@Rob-ob3sh", "comment": "I like CNR for the win. \ud83d\ude82", "likes": 1}, {"author": "@khamady", "comment": "Thumbs up! \nIn case anyone is asking, the intro music is \nLawn Chair Crazy by James Barker Band", "likes": 5}, {"author": "@kenhovington4561", "comment": "I have positions in both companies, so difficult to choose a Winer here. Great video.", "likes": 3}, {"author": "@Ryedor", "comment": "Good show guys.  I like this format.   I have some Suncor :)    I would be interested in seeing a comparison between CN vs CP  stock price.  I'm not understanding why CP's stock price is so much higher than CN's.  ?\nThx", "likes": 1}, {"author": "@normandpitre7831", "comment": "I'd call it a draw! It's pretty awesome that this battle covered these 2 stocks since I have recently entered both of them.\nLove the channel lots of very informative content.", "likes": 0}, {"author": "@SilentSalad", "comment": "OIL is Dead", "likes": 1}, {"author": "@momo35444", "comment": "yeah!!!! CNR for the win!!! holding this for a while, i agree with brandon on this one. love mark's input as well.", "likes": 3}, {"author": "@josephmallozzi9491", "comment": "Give the edge to Marc and Suncor.", "likes": 0}, {"author": "@davidhart2763", "comment": "Has to be CNR lots of upside, plus the potential deal to expand, plus it\u2019s on sale how can you lose", "likes": 0}, {"author": "@denisplouffe514", "comment": "I own both and I will keep them\nfor now.", "likes": 0}, {"author": "@worzelgummage4245", "comment": "I really like CNR  and the potential purchase KS rail.  How ever thats going to take a year or two to finish.  But for a value investment I can see Suncor having a greater upside  getting shares back to 40-45 range  easily    . Suncor had not crossed my Radar Great suggestion .", "likes": 0}, {"author": "@ElenaWalks", "comment": "Nice picks, I own Suncor, bought when it was $21 and love this company! I don't have CNR, but was looking to acquire when it was $131, will be buying it soon :) Thank you \ud83e\udd17\ud83d\ude42", "likes": 0}, {"author": "@rustyrants4469", "comment": "I guess I will buy cnr I've been thinking on it for the last week or so.", "likes": 0}, {"author": "@donmcleod2235", "comment": "Looking long term at SU and CNR, how do their futures look when fossil fuels are going back to their dinosaur roots and rail business has a high % in oil for revenue? Also rail provides transport for forestry and that industry's sustainability is in question. Looking at a year window, I would pick SU for their growing efforts in sustainable green energies that will not be using rail, with exception of materials. In summary, Marc wins or the winds are in his favour! :)", "likes": 0}, {"author": "@kelleyhaldorson209", "comment": "Both awssome picks in my mind.  I already own CNR bought just before the dip(Doh!)  And have been toying with the idea of Suncor but I already have my energy stocks at the weight I want and just haven't quite been able to bring myself to get it yet.  I'm gonna go with Suncor as the winner this time around for short term and CN as long term.", "likes": 0}, {"author": "@marcusjoseph7171", "comment": "Why did cnr drop 10% recently?", "likes": 0}, {"author": "@juneperez6284", "comment": "I love both SU and CNR\u2026CDN Pacific Railway is going on a 5 for 1 stock split this month. Which would be a better pick CNR or CP after post split?", "likes": 2}, {"author": "@CandaceMountain", "comment": "Marc and Suncor for the win.", "likes": 0}, {"author": "@jacobgiancola5907", "comment": "Shareholder of both, love both.", "likes": 0}, {"author": "@XxTh30nexX", "comment": "The country music makes me cringe hard lol", "likes": 0}, {"author": "@derekd1997", "comment": "I'm all team CNR \ud83d\ude82\ud83d\ude82 sorry I dont like oil, climate change and all. Renewable energy is also far below 52 week highs btw.", "likes": 1}, {"author": "@tapasya911", "comment": "I used to work for suncor and absolutely love the company. Now I\u2019m in love with Telus lol", "likes": 4}, {"author": "@roberttaylor3594", "comment": "Hey how about if you do a CP-CN comparison and what the KSU deal would mean for each of them if they won.", "likes": 2}, {"author": "@petermyatlin", "comment": "I like how this video covers only 2 stocks, it's less overwhelming and more enjoyable. I own both suncor (got in at 16.50) and CNR (135).", "likes": 1}, {"author": "@kieranpallen831", "comment": "Why CNR over CP? 5-1 stock split is coming. + They have the ok for Kansas City Merger.", "likes": 0}, {"author": "@pwong0227", "comment": "I am long term hold on CP and CNR for couple of years. Don't have SU but hold ENB long term for DRIP. Shareholders agree CP to split 4 to 1 in a week or two.", "likes": 0}, {"author": "@seagame2001", "comment": "Hey, Bradon you need to fix your light look horrible some how your dad video quality is much better than yours", "likes": 0}, {"author": "@ronbatt756", "comment": "My vote.   SUNCOR.    Good presentation for both.   \ud83c\udde8\ud83c\udde6", "likes": 1}, {"author": "@iansewell5494", "comment": "amazing video, I've  been looking to buy into both this week. I'd go for CNR not for anything special just because i've been waiting on opening a position for it for a while.", "likes": 0}, {"author": "@rockyrejex1247", "comment": "Is that 1511 p/e ratio forreal??!", "likes": 0}, {"author": "@mustafaal-humairi6477", "comment": "Hey Brandon I really miss the series where  you recommend a Growth  stock and your dad recommend the other. Many incredible Chinese companies right now    Are  in bargain discounts like baba and JD.com  . Dividend stocks are great  I love your pics and I have many of them in my portfolio. But please don't forget to recommend a high-quality growth stocks\ud83e\udd70", "likes": 1}, {"author": "@ShameerRavji", "comment": "Thx for the vid. Have Suncor in my portfolio and CNR is on my watchlist.", "likes": 0}, {"author": "@Slickpete83", "comment": "are there any Railroad industry ETF'S out there ? CAD hedged etf even better", "likes": 3}, {"author": "@ArunGupta-tc6fx", "comment": "You guys are great", "likes": 1}, {"author": "@Bosu0", "comment": "I owned SU at $15. Will keep an eye on CNR.  Thank you for the confirmation.", "likes": 0}, {"author": "@markt909", "comment": "I\u2019ve added a small position of CNR with the drop... added SU when it was around 21$ wish I was paying attention when it was down around 15$ but you hardly get lucky enough to time the market properly", "likes": 0}, {"author": "@ThePROSLASHER97", "comment": "Brandon has been on the fence about buying CNR for so long. You just have to pull the trigger at some point, even if it's a very small starter position. You'll thank yourself 30 years from now.", "likes": 0}, {"author": "@kayvonmotamed", "comment": "Suncor FTW", "likes": 0}, {"author": "@ab.4425", "comment": "Great video guys!! Both are great picks lol!!", "likes": 0}, {"author": "@MingTheKing100", "comment": "I really love both CNR and CP, and I already have some Suncor in my account @21 per share. I think I'm gonna wait to see who wins the bid for Kansas", "likes": 5}, {"author": "@vitoscaletta7917", "comment": "I love both picks. Im from Alberta and i see Suncor everyday when driving to work and i have friends that work there and they enjoy working there and like Marc said lots of diversification and they have a very good credit rating.\n\nBrandons pick of Canadian National Railway is great, history of rising the dividend every year, most amount of track laid and has many big stakeholders/inventors in them.\n\nTo me its the Gates family CNR vs the Warren Buffet SU  hahaha Time to pick and i pick Suncor for now :)", "likes": 0}, {"author": "@ryanrandle887", "comment": "Bought 10 shares of CNR. Im in for at least 10 years, so not having a \"fire sale\" doesn't bother me. In 10 years they will be much higher.", "likes": 0}, {"author": "@bazookajoemo", "comment": "Love them both! Own CNR and will own Suncor thanks to this video! Also, have you looked at EGLX (Enthusiast Gaming)?", "likes": 0}, {"author": "@davidchen5661", "comment": "I bought suncor at 25 a few weeks ago , wish I bought it earlier this year", "likes": 1}, {"author": "@franco8049", "comment": "Between Suncore and Canadian Tire reit I\u2019m up just over 7% each. I\u2019m putting more into each to be moving forward", "likes": 0}, {"author": "@ryanreid8608", "comment": "SU vs ENB ?  whats the better stock today ?", "likes": 1}, {"author": "@juliendupont433", "comment": "I go CNR all the way, one of my favorite stocks !", "likes": 1}, {"author": "@wendyoge8065", "comment": "Hi guys!\n\nGot a quick question. Is there a big difference between  Class A and Class B shares for certain companies; and is it something i have to actually take into account when I buy stocks ?\n\nAs a new investor I'm loving the value and the depth of the content of this channel.  Keep up the good work! \nP.S.: Marc is the GOAT! Love his addition to the channel", "likes": 3}, {"author": "@ClawDaddyUwU", "comment": "Hard pass on oil stocks like Suncor lol. 1000% agree on cnr.", "likes": 0}, {"author": "@dyingpentas", "comment": "Have to give this one to Brandon. The other railway companies like CP and UNP are up more than 10% but CN is just flattish. With the reopening of the economy, there will be more upside. Not a big fan of SU because oil price manipulation by OPEC", "likes": 0}, {"author": "@tennysonforster8412", "comment": "Brandon gets my pick", "likes": 0}, {"author": "@franco8049", "comment": "I offset my Suncore buy on environmental with good nature food products. Sun ore is doing better for now \ud83c\udde8\ud83c\udde6", "likes": 1}, {"author": "@franco8049", "comment": "Don\u2019t forget Sunoco under the Suncor umbrella in the U.S.", "likes": 0}, {"author": "@ajaysinghrathore51", "comment": "Love SU stock for their massive free cash flow at current commodity prices. Very good informative video!", "likes": 0}, {"author": "@chrisevans7416", "comment": "I'm going with Suncor ,with the price of oil it's under valued", "likes": 2}, {"author": "@jeremyaficionadoFR", "comment": "What do you think of BEPC ? Great video !", "likes": 1}, {"author": "@JfaJosephR9", "comment": "I like Brandons channel but the stocks he recommends are typically average at best.", "likes": 0}, {"author": "@jershir7599", "comment": "CNR for the win!", "likes": 2}, {"author": "@dtcrozier", "comment": "Hillarious! Before I watched the video, I just purchased CNR for 133.00.", "likes": 1}, {"author": "@christiansaulnier8285", "comment": "Go SU!!!", "likes": 2}, {"author": "@TheGreekShot23", "comment": "Suncor is a hard no, yikes. Invest in literally any other oil/energy company...", "likes": 1}, {"author": "@ZxRSKILLS", "comment": "Suncors PE though \ud83d\ude2c", "likes": 2}, {"author": "@thomascarter-thompson7926", "comment": "I own Suncor and CNR, bought both on the dip. Suncor back in 2020 and CNR last week. Hoping to buy more CNR leading up to the acquisition, thinking it'll be fairly volatile until it goes through.", "likes": 6}, {"author": "@annehenderson7911", "comment": "Thanks for your research.", "likes": 2}, {"author": "@AbhishekDeshpandecoder", "comment": "Why not air canada?", "likes": 2}, {"author": "@matty686801", "comment": "I prefer Enbridge then Suncor in my opinion. Can you make a video on\n\nTopicus(TOI)\nTelus International (TIXT)\nNFI Group (NFI)\nConverge Technology Solutions (CTS)\nAcuity Ads (AT)\nNext Green Wave (NGW)\nPark Lawn (PLC)\nDocebo (DCBO)\nXebec Adsorption (XBC)\nSlangWorldwide (SLNG)", "likes": 3}, {"author": "@jamieb8046", "comment": "Both CNR and SU are excellent picks - companies with great earnings, a moat and well run.  If CNR wins the bid for Kansas City Southern  Railway, that will be great for future earnings for CNR.", "likes": 2}, {"author": "@Dave004", "comment": "Suncor has done well for me, got in at $17.75 and happy with returns. CNR is showing earnings decreasing year over year, it can change but i wouldn't jump in just yet.", "likes": 7}, {"author": "@adampeach3843", "comment": "Nice pick, Marc!  I also love Suncor \ud83d\ude0e", "likes": 8}, {"author": "@conlzn2921", "comment": "Potential idea - at the beginning of the vid quickly recap how ur previous picks are doing", "likes": 147}, {"author": "@andrecorniel7671", "comment": "Great video ! I really enjoy my time in your channel great videos !! I used to talk about the same on my youtube channel what the people think about this information ?", "likes": 0}, {"author": "@beaviswealth", "comment": "\ud83d\udcc8\ud83d\udcda As always, if you're a beginner to the Stock Market in Canada and you're looking for a step-by-step blueprint on how to get started... Find out more about our Investing Academy here - https://bit.ly/theinvestingacademy\n\nWho wins the Canadian dividend stock battle today? Comment below! :D", "likes": 6}]