[{"author": "@beaviswealth", "comment": "\ud83d\udcc8\ud83d\udcda Join The Investing Academy \u27a4 https://bit.ly/theinvestingacademy \n\nJust about to hit the sack here in Taiwan at 10:15pm... I know the day is just getting started for you folks back home - markets are open! Hope you all have a great week and enjoy the video :D", "likes": 3}, {"author": "@themusic6808", "comment": "Too many single stock holdings in some more speculative, non large cap companies creating too much unneeded volatility when the markets are already down and ultimately driving this portfolio down. If you are going to buy single stock funds pick 5 or 6 large cap, blue chip companies (for example just look at the top holdings of any big equity or index fund) and go with them. Better yet they\u2019ll generate dividends that can not only cover for the market being down but give the opportunity for them to be re-invested back into quality holdings. Other than that just more ETFs and index funds to compensate for the over exposure to single stocks and I\u2019d say it\u2019s in a healthy position.", "likes": 0}, {"author": "@Killswytch013", "comment": "is there a specific template you are utilizing for excel?", "likes": 0}, {"author": "@BrianKotoka", "comment": "Could you make a basic video on strategies for working with a crashing portfolio.\n\nI love the example specific to this example but would love some principles and general guidelines so I can navigate through this time.\n\nPerhaps break it down by risk level\n\na. Low risk \nb. Med risk\nc high risk", "likes": 0}, {"author": "@6Dicesare", "comment": "Awesome video! Would love to have you and your Dad critique my portfolio if you consider turning this into a series. Im a 24 year old who switched from mutual funds to DIY investing in April of 2020, with very detailed records that id be happy to share! My portfolio is down 12% but feel that im positioned strongly once the market eventually turn around.", "likes": 0}, {"author": "@MoementumFinance", "comment": "I agree with the approach of focusing more of your funds in high quality ETFs \ud83d\udc4c", "likes": 0}, {"author": "@dwaynerudkavitch5307", "comment": "Gee i have no idea why its in the toilet", "likes": 0}, {"author": "@Silv3r03", "comment": "I like these videos where you go through portfolio\u2019s", "likes": 0}, {"author": "@dylophasaur611", "comment": "So... If investments in larger known companies go down by about 20-30% they will most likely go back up after recession?", "likes": 0}, {"author": "@timothypeters8095", "comment": "I think a lot of people, including me, would be interested in having their portfolio roasted.", "likes": 0}, {"author": "@mrkcdrm", "comment": "how about TD, CNR, BCE, PPL, AQN, REI-UN with the addition of VFV?", "likes": 1}, {"author": "@michaelpierre-charles5482", "comment": "Brandon, if you\u2019re considering turning this into a series I wouldn\u2019t mind being a Ginny pig for your next video \ud83d\ude01", "likes": 3}, {"author": "@IAmTheTallGilo", "comment": "For the Vanguard S&P 500 ETFs they've invested in, if using Questrade, they may actually have avoided the conversion fees by using the Norbert's gambit technique.", "likes": 4}, {"author": "@dbryant4", "comment": "Maybe some teaching on how to \"insure\" a portfolio with options would be well received.", "likes": 1}, {"author": "@nguyentt4079", "comment": "Every meme penny stock ends up being a pump and dump. Retail investors should stay away", "likes": 3}, {"author": "@florendogomezcasuga7043", "comment": "I have apple, costco, lilly, waste management, microsoft-take it out soon, o realty, united health, elevance, coke, TD, smart reit, couche-tard and dollarama. Mine is performing good despite the downside of the market", "likes": 1}, {"author": "@paob7580", "comment": "more of this please", "likes": 2}, {"author": "@iriskoss3032", "comment": "Hi Brandon & Mark & Ava & Ava's Mom! This question doesn't have anything to do with the current crash, however, I didn't know where else to ask & thought you would probably be looking at the comments in your latest video. I don't know if you've addressed this in another video but I'm wondering how the taxes work in your RRSP account when you purchase new shares with dividends? Do you claim the dividend income and then also claim a deduction for contributing by buying more shares? Thanks in advance!", "likes": 1}, {"author": "@ramzikhouri", "comment": "Ha.... this is me, 2 years ago. I left the messed up account to do what ever and opened WS account. Got educated by  Brandon and Adrian....  now I'm just 2% down in one year... and getting a good dividends out of my investments... I need now a good analytical excel sheet to focus. \nThank you Brandon, \"dad\", and also Adrian from another channel...\n\"Dad\" looks few years older than me.", "likes": 1}, {"author": "@every_day_dad_1550", "comment": "Can you do a video on these HISA ETFs like PSA, CSAV, and CASH", "likes": 1}, {"author": "@leadingworld", "comment": "Thank you so much for this great analysis. I appreciate a lot the time and the effort for such a great video. I will try to learn from your instructive video in order to fix my investment mistakes. Thanks also to all for instructive comments.", "likes": 2}, {"author": "@roberttaylor3594", "comment": "This is interesting because it is REALLY EASY to constructively critique someone else's portfolio! LOL!\n My main thing is that there are not a lot of dividends going on here.  Unrealized losses are easier to take if the dividends are rolling in consistently.", "likes": 4}, {"author": "@zaxx1857", "comment": "Tips #1. Never investt during a market bubble. Sadly 99% of people start to invest last years around market high.", "likes": 2}, {"author": "@roberttaylor3594", "comment": "I'm going to say what I would do before4 I watch the video:\n\nDo I believe in the  companies?  Are they good businesses, regardless of their stock?  If no, they go.\nOf the remainder, is this a buying opportunity?  If I don't think so...maybe I should reconsider if I really think they are good businesses or not.\nAre the dividends safe?  Am I happy with them?  If no, maybe I sell them and shift the money to my businesses that I do have trust in the dividends.\nRemember that I am in this for the long haul.  Is this a momentary downturn or a recession like fall?\nIf I think this will get worse, maybe the more speculative stocks should go and some of those buying opportunities ( if any!) explored, or let the cash sit or invest the cash in something very very safe.", "likes": 1}, {"author": "@ryanreid5859", "comment": "Would love to hear what you would say about mine. 42 years old and about 2 years into investing. If you need accounts to review I'm in.", "likes": 1}, {"author": "@helenconcepcion9385", "comment": "Omg I\u2019m dead. Such a cute \u2018assistant\u2019 for this analysis.", "likes": 3}, {"author": "@julieagnes", "comment": "Thanks for another video! I've been watching your channel since I began investing two years ago. I was wondering if you could do a video on bonds. What would be a good one to buy as Canadians? I heard holding a bond ETF is different (and also a bad idea) from holding actual bonds.", "likes": 1}, {"author": "@michaelmorris2623", "comment": "Simple bruh.  Cash out!!!", "likes": 1}, {"author": "@mariacalma2535", "comment": "Thanks for sharing all the information..", "likes": 1}, {"author": "@mariacalma2535", "comment": "Nice to see your baby..\u2764", "likes": 3}, {"author": "@Po101080", "comment": "The problem is this portfolio is too heavily weighted in big tech, I'm guessing because of all the hype in 2021 if this person started in 2022. Yet 2022 became one of the worst years to hold equities, let alone tech. This person should take solace in that those aren't all calls. I agree with scrapping the junk holdings in the margin, but the TFSA holdings are solid. Tech and other equities should recover in 2023, so I'd just hold them wait out the storm", "likes": 2}, {"author": "@Johs_Arts", "comment": "Love to hear from Dad.", "likes": 1}, {"author": "@theonewhopwns1", "comment": "I love these portfolio reviews, I learned a lot from this video \ud83d\udc4d", "likes": 3}, {"author": "@kt711_", "comment": "Hey Brandon, if you are considering making this into a series and want another portfolio from a different demographic (22 years old) to case study I would be willing to compile some data for you. Thanks", "likes": 3}, {"author": "@543nathan", "comment": "Great video! How would you go about changing ETF let's say from XSP to VFV if you're presently at a loss?\n\nWould you wait it out then switch or take the loss especially with the low prices?", "likes": 0}, {"author": "@CrxAwd", "comment": "BTC Etf can be good to trade the Bitcoin cycle without paying taxes if hold in a TFSA", "likes": 2}, {"author": "@WiseOwl_1408", "comment": "I know nothing but this is what to do", "likes": 1}, {"author": "@jessehamlin3420", "comment": "youre outta here!", "likes": 1}, {"author": "@jasonwinchester8097", "comment": "Bitcoin etfs allow you to capture the upside in a registered account saving tax, yes you loose personal custody but the if you believe in it why would you want to have 50% subject to whatever tax rate you end up being in. In the end its up to you and what you want out of the investment", "likes": 1}, {"author": "@4ster468", "comment": "Would consider making this a series!", "likes": 1}, {"author": "@67700laurent", "comment": "Hi Brandon! Good video, I would be happy to send you a summary of my portfolio and get your opinion on it if you have time =)", "likes": 1}, {"author": "@macdiver4007", "comment": "Seems I relate to that kind of portfolio.When I started out as a trader,picking penny stocks,should have a price target up and down.Have time to look the market.", "likes": 2}, {"author": "@priyalata7592", "comment": "I hope you consider doing this into a series. It\u2019s interesting to your take and what other people\u2019s portfolio looks like in US/CAN", "likes": 17}, {"author": "@erictremblay9567", "comment": "Can mark make a vid\u00e9o on my portfolio im on blossom Eric tremblay with \u00e0 dog picture \ud83d\udc36", "likes": 2}, {"author": "@Chap17", "comment": "Interesting...looking forward to Marc's take on this portfolio \nAre US dividend stocks better in a TFSA or RRSP ..thank you", "likes": 1}, {"author": "@Adrian-cn5rk", "comment": "This would make for a great series! I'd also suggest, the way you made diversification suggestions, maybe you can also add alternative suggestions for the funds you'd switch out ie) instead of VOO maybe a swap it out for a VFV/VSP, etc.", "likes": 3}, {"author": "@jcabral6231", "comment": "sell sell sell", "likes": 0}, {"author": "@HamiltonRb", "comment": "The Canadian version of VOO is VFV.  If I could suggest a simple 4 etf portfolio with minimal volatility, better diversification, and no currency issues, it would be VFV & ZLU for his US holdings ( RRSP) and ZLB & VDY for his Canadian holdings (TFSA)  If he wants to incorporate some bonds, possibly add some VAB.  If he really wants a one stop portfolio with no rebalancing, low fees & global diversification in stocks & bonds, just buy the VGRO and call it a day.", "likes": 14}, {"author": "@DMait-xw1tw", "comment": "Hi Brandon, any suggestions for what to buy for an resp portfolio for a 1yr old?", "likes": 0}, {"author": "@robertduklus6555", "comment": "i aways wanted to take advice from a guy broadcasting from the kitchen holding a baby. must be my lucky day.", "likes": 4}, {"author": "@DoShawn", "comment": "Drove delivery was the 1st stock i bought when i was new cuz i saw it was like 60 cents haha. still have a bunch of GRN, think in a few years time they will be a good hold....i hope haha", "likes": 0}]