[{"author": "@beaviswealth", "comment": "\ud83d\udcc8\ud83d\udcda As always, if you're a beginner to the Stock Market in Canada and you're looking for a step-by-step blueprint on how to get started... Find out more about our Investing Academy here - https://bit.ly/theinvestingacademy\n\nWhat stocks are you guys liking at the moment? Don't forget to leave a LIKE! :D", "likes": 10}, {"author": "@rcadventure44", "comment": "Hi. I'm brand new to investing. I started using wealthsimple. I'm really impressed so far. If I were to purchase a dividend stock, do I automatically get paid a dividend no matter how little I put in?", "likes": 0}, {"author": "@thelonespacemarine5211", "comment": "DRANK STONKS", "likes": 0}, {"author": "@jimmysanders1375", "comment": "Atco looking really bleak rn", "likes": 0}, {"author": "@RJ-ht7lq", "comment": "Hey Brandon, whats your wealthsimple trade referral code?", "likes": 0}, {"author": "@chrysaorchronos6741", "comment": "Hey Brandon! New to investing here and I am seeing alot of people going all in to GME And im not sure why could you explain please?", "likes": 1}, {"author": "@bereketnayzgi3815", "comment": "You the best!", "likes": 0}, {"author": "@p1ippers", "comment": "What's the best way to change your dollars into American?", "likes": 0}, {"author": "@ameridol099", "comment": "New investor here!! I have saved up 1000$, made a Questrade account and doing my research... so much info out there. I know I don\u2019t have a ton to invest, but do you have any recommendations on where the heck to start???", "likes": 0}, {"author": "@fififinance7469", "comment": "Love it \ud83d\ude00", "likes": 0}, {"author": "@jeff-ji3kh", "comment": "why would you park your money in anything to do with oil and pipelines right now?", "likes": 0}, {"author": "@maninnerby", "comment": "Have you heard of Realfiction Holding? A Danish company that develops a true holographic display technology. (no glasses will be needed) With proof of concept and patents, they aim for the major display-manufacturers to have the technology in their screens for sale at low cost as early as 2023.\n\nhttps://www.realfiction.com/innovation\n\nNew technology that will revolutionize the way we watch television? in addition to being able to display holographic images, a major upside is that the technology requires 80% less electricity than ordinary displays resulting in huge savings of approximately USD 7.4bN, 1.34% of the electricity production equivalent of 56 TWh of electricity and 25 million tons of CO2 only in the United States.\n\nTheir technology is completely unique.\n\n\"Realfiction previously announced that novelty searches from both Budde Schou and the Danish Patent and Trademark Office were carried out. Neither Budde Schou nor the Danish Patent and Trademark Office found any known techniques which challennged the novelty of the ECHO technology.\"", "likes": 0}, {"author": "@jenniferjordan9070", "comment": "Just bought 500 shares of Coke", "likes": 0}, {"author": "@djpromethazinecayenne9359", "comment": "I bank with RBC & live in Toronto. I just want to buy stocks and hold them for dividend.\nAm I better off buying these 2 stocks you mention from my bank?\nOr should I consider Questrade or Wealthsimple?", "likes": 2}, {"author": "@johndenomme7926", "comment": "Hey Brandon, can you do a video on how stocks split? If I've missed it in other videos, which one was it in? Thanks. Keep up the good work!", "likes": 1}, {"author": "@AnthonyJRLyons", "comment": "I need a best friend who\u2019s just  like you Brandon..", "likes": 13}, {"author": "@maryclarin2293", "comment": "Have you heard about anything regarding IRPs sold by financial groups like Greatway Financial?", "likes": 0}, {"author": "@cirentXD", "comment": "I have had this video on my watchlater list since it was released. I just bought both these stocks yesterday, and I am just now seeing this. I find that a little funny. I am glad to hear Brandon and I are on the same wavelength", "likes": 1}, {"author": "@jakeperalta5678", "comment": "Hey man. I'm a beginner and just found your channel. I was just wondering what kind of mistakes did you make when you first started. Also, maybe a video on how to do research on company like what credible sources do you use to get your information on companies.", "likes": 0}, {"author": "@pradeepdarji5407", "comment": "It would be great if you provide information about, how to read equity research report from different Investment management and brokerage and any where to get those analyst report for free ?\n\nThanks for your content and your work \u2665\ufe0f\u2665\ufe0f\u2665\ufe0f", "likes": 0}, {"author": "@dhavalprajapati8872", "comment": "Are you which use platform use i am in Europe so I want Investment in Canada shere maraket so please gudie me", "likes": 0}, {"author": "@CrazyGamer-bm2fy", "comment": "Thoughts on HITI", "likes": 0}, {"author": "@nerad1994", "comment": "What are y\u2019all thoughts on T and Verizon?", "likes": 0}, {"author": "@jasonkennethcacas8614", "comment": "Really appreciate your insights.. Great videos.. Helps a lot. \nWhat are your thoughts about Nuvei?", "likes": 0}, {"author": "@RedKidz6", "comment": "I have a question. Since KO is a US stocks, do you buy KO stocks in your TFSA or RRSP?", "likes": 1}, {"author": "@jordanhill15", "comment": "Hey boss, question...do you have info on Scotiabank. The fact that have been paying out dividends since 1892 , surely is promising and would be good to add?", "likes": 0}, {"author": "@rickmcintosh5787", "comment": "I'm a rookie, but I did well this past year, but as it looks like most people in the stock market did better than me, but I don't care about that.  I dumped most of my stocks, the ones that lost money and the one that made money and kept my Apple stock, especially after the split and I picked up 50 of the Coke stock, which was a perfect reminder of stocks with solid history.  Is there a number of shares that I should keep in the back of my mind for future stocks?", "likes": 0}, {"author": "@roshaynecagalawan4507", "comment": "Good points here!! What do you think about TJX as in Marshalls, homesense etc. They have a high P/E not sure why that is as their Rev tumbled \ud83e\udd14", "likes": 0}, {"author": "@travisloewen6191", "comment": "Ive been looking at Coca-Cola for a while now. Just need to sell some positions for the cash, lol.", "likes": 0}, {"author": "@nevillejames2200", "comment": "Great recommendations \ud83d\ude0a. Thanks for the background information", "likes": 0}, {"author": "@TheOvieShow", "comment": "After watching \u2018the big short\u2019 I can\u2019t look at rating agencies the same way lol", "likes": 0}, {"author": "@Ankit.Realtor", "comment": "What are the best ETFs to invest currently for RRSP options in Canada?", "likes": 0}, {"author": "@frugaldev", "comment": "Capital Power is better than Atco in every way... am I wrong?", "likes": 0}, {"author": "@benchpress200", "comment": "Thanks Brandon, great video!\nA little bit unrelated, but question for you:  if I sell a stock in one account and then immediately rebuy it in another account, would that still trigger capital gains, or does that fall under the category of wash-sale?  Thanks!", "likes": 0}, {"author": "@rommel2023", "comment": "Hi Brandon, cheers to you man!\nI have a question, which platform should I best use to start investing in stocks? I'm also from Vancouver. Thank you! I really appreciate it.", "likes": 0}, {"author": "@FinancialFutureGuideAlexCourt", "comment": "Everybody loves their Coke. Great pick Brandon!", "likes": 1}, {"author": "@eeeli2302", "comment": "Is CU better or ATCO?", "likes": 0}, {"author": "@TemujinBC", "comment": "Fresh Brandon Beavis Content.\n\nIt's a good Monday after all!", "likes": 1}, {"author": "@sasha-01", "comment": "Wow I was looking at ATCO, thanks for the nudge", "likes": 0}, {"author": "@skyrelaxation", "comment": "can you make a video about interactive brokers vs questrade, especially which one is better to use in canada ?", "likes": 0}, {"author": "@NicksTaxes", "comment": "Solid time to get in on Coke \ud83d\udc4c", "likes": 2}, {"author": "@hassaninvesting", "comment": "I'm currently around 35 different companies. Most of them are dividend companies. That's a great list.", "likes": 1}, {"author": "@takpham1164", "comment": "What do you think would be a great entry price for KO, Brandon?", "likes": 1}, {"author": "@Jman3teen", "comment": "recently recommended a 4th friend to your channel. Might have to start charging commission ;) keep up the good work bro", "likes": 3}, {"author": "@abdulmuqeet7665", "comment": "All of this for free WOW. SUBSCRIBED", "likes": 0}, {"author": "@remilarose-debilly8047", "comment": "Yeah that's cool and all but when are you gonna go all out on GME?", "likes": 1}, {"author": "@scottscriticalmass", "comment": "Thanks for the video Brandon... Solid picks as always.  I don't have much to say about Atco since that one's a new company for me.  As for KO, their 'cost advantage' and 'intangible asset' moat sources makes Coca Cola about as stable as companies come.  I obviously have no idea where the market is headed, but if we see a market correction in the near future, I'd expect KO to drop along with the market.  If/when we see KO's share price sub-$40, I'll most likely fill position in fairly quick fashion. I think that's about it... Hope 2021 is treating you well so far.", "likes": 0}, {"author": "@Rob-ob3sh", "comment": "I\u2019m buying  Canadian Utilities as a sold dividend play and parent company is Atco.  Any thoughts on Fortis  is it a good buy in the $51 to $53 range thanks Brandon good video", "likes": 1}, {"author": "@6Dicesare", "comment": "Great view on Coke! I agree. Thanks for talking about ATCO! They don\u2019t get the exposure they deserve", "likes": 2}, {"author": "@benedictbautista5131", "comment": "Is it okay to put US stock in your tfsa", "likes": 2}, {"author": "@cf17football77", "comment": "I started investing a few months ago on wst in some high dividend stocks, but I haven\u2019t received dividends from some such as TD and CU I have looked at when the last dividend were payed out for each and I had purchased stocks well before those dates. I don\u2019t think there\u2019s anything wrong with my account because I have received dividends from other companies, I\u2019m new to investing so why aren\u2019t I getting these dividends what am I missing?", "likes": 1}, {"author": "@MrJamesDaniels", "comment": "Good energy ... good video!", "likes": 0}, {"author": "@canadiandividendgrowthinve3213", "comment": "nice picks :)", "likes": 0}, {"author": "@sandippatel2002", "comment": "Very informative vdo Brandon! \n\nI wanted to ask - What is your take on ARK ETFs in US and their counterpart -  Emerge ETFs in Canada (ARK is their advisor)?\n\nCathy wood seems to be making all the correct decisions so far and all her investments are future oriented. \n\nWould love to hear your thoughts on these ETFs. Thanks", "likes": 1}, {"author": "@Gsr2011", "comment": "What do you see the keystone xl pipeline cancelation by Biden doing to this stock?", "likes": 1}, {"author": "@Vincemdlix", "comment": "Thanks for the info Brandon! Been on my watchlist for a month now and can\u2019t wait to add both of them on my portfolio! \ud83d\udcaf\ud83d\ude4c and as always awesome video bro! \ud83d\udd25 #notificationgang", "likes": 0}, {"author": "@bazookajoemo", "comment": "Hey Brandon. I buy stocks in my TFSA on Wealth Simple. How much of a hit do I need to take to buy US stocks like Coke? Is it still worth it? Or should I just stick to Canadian stocks?", "likes": 1}, {"author": "@46fargo", "comment": "Hey Brandon what are your thoughts on DFN. TO ?", "likes": 0}, {"author": "@joethebet7177", "comment": "pls continue making daily videos about investing. it is bcoz of u i started to like investing in stocks. keep it up.", "likes": 1}, {"author": "@withangela", "comment": "As a beginner investor, I love this! All your vids are amazing and I learn so much from you; would love to see more videos like this!", "likes": 20}, {"author": "@jayfay786", "comment": "Great advice!", "likes": 1}, {"author": "@hokut3n", "comment": "What's a good amount to put into to actually see a good amount of return? 0.o", "likes": 1}, {"author": "@Devodlive", "comment": "Another great video Brandon! The academy is great btw!", "likes": 0}, {"author": "@dantegrieco8548", "comment": "Great video! As a Canadian investor it's always nice to see a mix of Canadian and US stocks. Keep it up and congrats on 100K!", "likes": 36}, {"author": "@Galaxydragon24", "comment": "Hey Brandon nice vid! What do you think about Enbridge (ENB)? they pay good dividends but don't know if you would recommend", "likes": 3}, {"author": "@cwalker3783", "comment": "Around mid-march I bought the following TSX stocks:\nTD at $49.70\nENB at $33.80\nALA at $9.05\nI am earning an average of 9.5% dividend or so.  \nNot sure if I I should take my profits now or keep collecting the enormous dividends...\nI am thinking of buying EXE very soon.", "likes": 2}, {"author": "@MikeJeed", "comment": "Great content Brandon :)\nWe appreciate you", "likes": 5}, {"author": "@RyanHarrisonYT", "comment": "Dividend income is my favourite form of passive income!  Always a treat to see a dividend payment hit my account, no matter how small it is! \ud83d\ude0e", "likes": 19}, {"author": "@xxrngxx5", "comment": "Hey Brandon thoughts on Intact? $IFC.TO?", "likes": 3}, {"author": "@vinithvarghese", "comment": "Hey Brandon, great video as always!!\nQuick question - I am based out of Toronto and what is the best platform for buying US stocks? Just Questrade? What are the major benefits of using Questrade instead of WS? Any video that I could refer to from the library? I found one video of yours but couldn\u2019t understand the underlying reason for Questrade. Also, even if I am investing in RRSP via a S&P500 ETF (with US stocks), is it advisable to do it through Questrade? Thanks for your efforts man! \ud83d\ude0a", "likes": 1}, {"author": "@absiegert", "comment": "Thanks for the great video! I had some cash but chose to deploy it all into Couche-Tard. I believe it's trading at a massive discount. I'll keep these two on my radar though!", "likes": 1}, {"author": "@adamn.farhan3981", "comment": "When are you gonna invest in a ( pop filter ) ? cuz I can hear your breathing and it's not a fun experience", "likes": 0}, {"author": "@ab.4425", "comment": "Excellent Video bud!! Thank you so much!!", "likes": 0}, {"author": "@j.p.6228", "comment": "I like Coke!! That company\u2019s not going anywhere, obviously business is down because tons of restaurants are closed rn. Great time to lock in a good dividend yield", "likes": 13}, {"author": "@CaseyBurnsInvesting", "comment": "KO has been looking good with the recent drop. Dividend Kings are always a good add.", "likes": 1}, {"author": "@minahwd", "comment": "Always nice to see more options for passive income. \u2615\ufe0f", "likes": 0}, {"author": "@nmanglallan", "comment": "Notification gang", "likes": 1}, {"author": "@calemmacdonald3551", "comment": "Thanks Brandon!", "likes": 0}, {"author": "@deepcanada4424", "comment": "M the frst veiwer today\ud83d\ude0e", "likes": 1}, {"author": "@McGeneralHD", "comment": "Notification gang!! Love ur vids Brandon", "likes": 0}, {"author": "@moe6048", "comment": "Notification Gangg\ud83d\udd25", "likes": 0}]