[{"author": "@beaviswealth", "comment": "\ud83d\udcc8\ud83d\udcda\ud83c\udde8\ud83c\udde6 Join The Investing Academy Today - https://bit.ly/theinvestingacademy\r\n\r\nA complete review our our portfolio from scratch challenge.  How did our portfolios perform over the past year, and especially now with the market crashes?  Check this video out for a full review!", "likes": 1}, {"author": "@4kaliMisk33n", "comment": "great work", "likes": 0}, {"author": "@JoshWileyPaintings", "comment": "Hey Brandon, are you guys still going to be continuing this series? I'd love to keep seeing updates along the way. Or has Blossom kind of removed the need for that?", "likes": 0}, {"author": "@marctrottier3732", "comment": "...excellent presentation and content......", "likes": 0}, {"author": "@waynelangstaff6419", "comment": "New update please!", "likes": 0}, {"author": "@larsen7682", "comment": "I started moving the majority of my client\u2019s bond allocations into high interest savings accounts back in December as we started to get rumblings about interest rates. \n\nIt nearly cut losses in half which I\u2019m proud of, but it\u2019s still very hard to explain to clients that we\u2019ve performed well above benchmarks when they\u2019re seeing such large negative numbers.", "likes": 0}, {"author": "@thegreekgardener9343", "comment": "Great video, don\u2019t even bother with people who leave horrible comments.  I appreciate your videos and information. Thank you so much", "likes": 0}, {"author": "@mahirhaque1801", "comment": "Why are you doing it from inception or all time? You just said one year? That doesn't make sense. Also very cleverly you put the returns into excel. Why not show the entire p&l on WS and Questrade? This is sketchy.", "likes": 2}, {"author": "@annietetrault6201", "comment": "Happy Birthday!", "likes": 0}, {"author": "@shaifalikapur8731", "comment": "I'm having issues with Questrade, as the page keep loading and reloading endlessly across all browsers! Anything that can be done?", "likes": 0}, {"author": "@albert275", "comment": "Sup!", "likes": 0}, {"author": "@itseu", "comment": "The person that made that comment clearly doesn't watch your content. Easily one of the most authentic and honest investing channels I follow on YouTube", "likes": 0}, {"author": "@estellest-jean3408", "comment": "Very glad that you talk about the portfolio, I enjoy the video. Me, I would put more into the short term bond: TIP. I have a small position in TIP, and strangely it is doing very well (10% distribution). The rest of it, it is like everyone, it is in the red. Maybe the bond market is picking up or is it the inflation protection that is doing well?", "likes": 0}, {"author": "@jayr8134", "comment": "Mark, one question, why do we need bonds in a portfolio when you can diversify in dividend stocks. You can get capital gains + dividend income & also be an owner not a loaner right?", "likes": 1}, {"author": "@leadingworld", "comment": "Hi, I'm a foreign student in Canada, unfortunately I put all my possible TFSA room (~28000$) and bought many groth stocks. Today I'm down 7000$. I really want to fix this situation with this year's contribution room(6000$).\nCan I send you my portfolio description and speak about that on one of your episodes to give as a lesson on what was my errors and how could I fix them?", "likes": 1}, {"author": "@larryveikle2544", "comment": "You should do a video on what to do when your portfolio starts dropping. If you guys exit early (5%, 10%, or average down) super curious cause not many people make those videos. I\u2019m down nearly 25% and wish I dropped out of some early or set some stop limits \ud83d\ude29", "likes": 0}, {"author": "@jercharp", "comment": "Very good video as always!  thank you for your excellent advices", "likes": 0}, {"author": "@MountainFinance", "comment": "Great video, I do love the transparency with this series and it is good to see you are stepping up while Brandon spends some time with the baby. I think there is a real need for older folks in the finance YouTube community as that experience that comes with age is very valuable. You rock M.", "likes": 15}, {"author": "@juanperez-gh8bl", "comment": "Realmente pienso que soy una convinaci\u00f3n entre alguien que busca seguridad y crecimiento en acciones de valar, por lo que busco mucho empresas con buenas ganancias y dividendos que crecen mucho y que las empresan no necesiten muchas ganancias para pagar ese dividendo. \n\n\"I really think that I am a combination of someone who is looking for security and growth in value stocks, so I look for companies with good earnings and dividends that grow a lot and that companies don't need a lot of earnings to pay that dividend.\" great video Marc :D", "likes": 0}, {"author": "@dbryant4", "comment": "The selling of the last few months is beginning to snowball and we may be close to the avalanche which will slide down the mountain. I'm sorry to say but a DJI of 16,500, an SPX of 2,000, and TSEA of 10,000 all seem in play. :( The reason it's taking so long is because investors are dithering over the fact there's no place to hide.  The inescapable conclusion is that cash, even though losing 10% buying power due to inflation, is still the island of hope that all will swim toward.", "likes": 0}, {"author": "@TheMooingMouse", "comment": "What's your opinion on the buy and hold strategy? Lots of people are portraying it as buying something and holding it forever, but not a lot are promoting taking profits. Do you lean towards buying on value and holding forever or setting milestones to trim positions/take some profit off the table?", "likes": 0}, {"author": "@snapkutter", "comment": "I believe global warming will keep the supply chain limited because of more extreme weather events. Therefore, I think the party is over for the low inflation era. What are your long term thoughts on this?", "likes": 0}, {"author": "@islandinfluence231", "comment": "So glad you two are still uploading too YouTube", "likes": 0}, {"author": "@JungleEddie", "comment": "I could see how taking a break now while the market is down could look bad but that comment was just plain rude. I am glad you posted this portfolio update an I look forward to more in the future. It will be interesting to see how you buy the dip. I bought 15 shares of BAM.A over the last two days and I am pleased with my discount. I have lots of other positions to add to as I contribute more money to my TFSA and to my RRSP.", "likes": 0}, {"author": "@kcirdorb9591", "comment": "appreciate your candor Marc- Congrats on the Big Six Oh", "likes": 0}, {"author": "@ab.4425", "comment": "Thank you so much Marc!!", "likes": 0}, {"author": "@averybentz7335", "comment": "Can you please share the spreadsheet you used in this video to track your portfolio? Thanks!", "likes": 1}, {"author": "@chairmanmike5858", "comment": "Biggest win of the year was a baby/grandbaby .... happy dads day gents. Thanks.", "likes": 1}, {"author": "@6Dicesare", "comment": "Love it", "likes": 0}, {"author": "@dumitru9996", "comment": "Hi Marc and Brandon ! Thank you for the hard work that you are doing. I am following more youtube channels and unfortunately I am one of the guys who slipped down and bought as well some stocks like Coinbase, Aurora Cannabis, Nio, Nextech ..... I know it's a tough question, but what can I do now?  I am 60-70 % down even if I added more money ( 2 times ). To sell everything and to buy some good value stocks like Disney, Manulife ? To leave this stocks aside (to hope that sometimes they will go up) and from now on to buy just serious stocks ? I want to follow your strategy of investing.\nIn advance : Thank you ... and Happy Birthday !", "likes": 0}, {"author": "@jiggolo2k7", "comment": "Marc, your views on investing is timeless. It's great to hear from someone who's had more experience than me, so I'm glad you joined the channel and are still uploading while Brandon takes a hiatus. \n\nI think bear markets are as important for building wealth as bull markets. Don't miss a chance to buy aggressively while it last, whether its months or years", "likes": 4}, {"author": "@markj4306", "comment": "I started investing on my own last year. I bought a little bit of everything in a cash account to learn things. It's a bit cluttered now, so I'm trying to simplify by eliminating some positions and buying more of ones I already have.\u00a0I wish I hadn't bought US stocks in my cash account, mostly because it makes taxes a bit of a pain.\u00a0Overall it served its purpose though as I learned a lot. Your channel helped a lot too! Thanks. \n\nAlso, I have an RRSP, a TFSA, and a cash account \u2013 so sometimes it's hard to know what to buy where.\u00a03 accounts and\u00a0still trying to decide how many positions to have in each. I'm thinking 10-10-10 \u2013 sometimes that seems like too many, and sometimes like not enough. Slowly filling them out. Bought some bond ETFs and it's hard to see them fall. Thanks for taking some time to talk about bonds! I'm still trying to decide if buying some longer term bond ETFs was a mistake or not. \ud83e\udd23", "likes": 0}, {"author": "@Carol8693", "comment": "Ahhh so nice to see you again as always ...  and happy Father's day weekend for you and Brandon \"s first daddy' s day :)", "likes": 2}, {"author": "@eddy563", "comment": "your portfolio returns are decent, I have similar returns in my portfolio too. but I cannot wrap my head around the large diversification in your portfolios. how you can keep track of all those companies? I don't think an individual investor can deeply understand and grasp all these firms fundamentals. I know this is counter to \"expert\" wisdom, but I do prefer a more concentrated portfolio where you can focus on original ideas with high conviction investment thesis. yes there will be fluctuations, but as long as your company choices are value, you will be ok in the long run.. get out of your bond portfolio, we are in the middle of a bond bubble that will unwind! cheers", "likes": 0}, {"author": "@AgnesPelletier", "comment": "Cool update, thank you. I was looking forward to it. My main concern about the current conditions is mentioned at 14:08 and 25:06 in the video: worst bond market in 40 years....This is super disheartening for investors like myself who had decided to take some risk for themselves but tried to find high security for their kids' education, and watching it go as low as everything else with 50% allocated to bonds. I was fully ok with losing growth potential IF the losses could be eased hence that choice. I haven't acted on changing things around, but it really made me question everything I had learned about asset allocation so far. What is the difference between today's crash and former ones? Because this \"bond blip\" could happen again in future crashes as well...if we are diversified, \"safely allocated\" and still lose as much as risky investments, then what can we do to ensure that doesn't happen? Go to GICs?", "likes": 1}, {"author": "@jeffreycheung7452", "comment": "I agree with you all the information you sharing is very useful. thank  you for your time and effort. I just saw the portfolio, there are almost 40 stocks there. Is this easy to manage sell and buy and also consider trading fee if you trade very frequency?", "likes": 0}, {"author": "@ronisworld2916", "comment": "I'm no big-time like you guys, just an ordinary joe. meaning I'm close to Broke. my portfolio in wealthinvest(the yellow one) has been dropping big time in the past few months.", "likes": 2}, {"author": "@mr.financial", "comment": "Interesting portfolio that you built out. I think it will perform not so well in the coming recession. I think holding about 10% in cash is helping hold it up right now. Something I think is forgotten about is the law of percentages. A 40% loss requires a 70% gain to be back at square one. 50% loss requires 100% gain.. 60% loss 150% gain and so forth. With growth stocks, unless you are injecting new cash constantly, buying overvalued equities can take years to recover from. That's my 2 cents worth.", "likes": 3}, {"author": "@adamblack1277", "comment": "Happy Birthday Marc!", "likes": 3}, {"author": "@ryanmercer15", "comment": "Well done gents. The even keel and rational process you follow is what pays off over the long term. I'm glad to see this channel gets positive support.", "likes": 2}, {"author": "@adityatikone3698", "comment": "I absolutely love your watching videos. Such an important point was highlighted regarding staying away from temptation and getting into FOMO. This video helped to benchmark your portfolio with mine and glad to find my approach and mind setup towards investing are in the correct direction.\nWishing you a very Happy birthday in advance :)\n My name is Aditya and I'm from London, ON", "likes": 0}, {"author": "@MegsCarpentry-lovedogs", "comment": "Got to the end of your presentation where you asked for some input. Having more examples of stocks that have a long history of paying dividends and that are diversified either in their own sector or not would be awesome!  I have been looking at websites of ETF's and split corps as well. There is so much to buy from and that give peace of mind and that are not expensive either. And when a market crash happens less mental health strain if one has dividend paying stocks that are \"solid\" because it just means the pull back price is an opportunity to buy more.  When one buys more you increase your income, and dividend! Remember, if you are not making money while you sleep, you will work until you die! Diversification is \"Queen.\" I know because I have lived it and all the dividends over the decades, watching the income increase year after year, patiently, is paying off. I wish more people would realize that investing is easier than one thinks. Get those dividend stocks in your portfolio folks. You will not regret it...and pay yourself first which means regularly put money into your portfolio and wait for buying when the stock pulls back. Thanks Marc for your\u2b50 professional presentation\ud83d\udcaf....once again. \ud83d\udcc8\ud83d\udcc9\ud83d\ude4f\ud83c\udde8\ud83c\udde6", "likes": 4}, {"author": "@Chessnut49", "comment": "Feel a little bit better after watching. Don't worry about naysayers, everybody has 20/20 hindsight.", "likes": 0}, {"author": "@MegsCarpentry-lovedogs", "comment": "Marc, glad you shared the interesting comment made. Tough audience sometimes. Eh! When one invests in stocks that give dividends, and take the passive income investing approach, then one can sleep better if there is a pull back. When there is a pull back it is a wonderful opportunity to buy more which increases the income base. Its a win win no matter what the price is, no matter if there is a market crash. I have been investing passively for decades. Every month I added more to it, and bought only dividend stocks. Early retirement by 45 yrs of age. Yes, I lived frugally but still traveled the world and Canada Still got in back country mountain remote hut ski trips with the Alpine Club of Canada, still lived life fully and gave back by charity donations and rescuing dogs (which the latter can be quite an expensive passion with vet bill and dog boarding.) Folks, it can be done. \nI wish more time would be spent on the advantages of passive income investing making sure to pay yourself first, which means pay a bit into your portfolios every month or every two months. As usual Marc,  I look forward to your next video. You have a relaxing way of presenting.  I like that\ud83d\udcaf\ud83d\udc4d\ud83d\ude4f\ud83c\udde8\ud83c\udde6 Glad you will not be taking a break as well though\ud83d\ude09\ud83d\ude00", "likes": 11}, {"author": "@Ilikeavocados123", "comment": "Get readyy boysss", "likes": 0}, {"author": "@elizabethwall1818", "comment": "You guys did a great job to teaching new investors about the stock and market. Keep up the good work please. \nThank you!", "likes": 12}, {"author": "@billysonlinesurveychannel8247", "comment": "I had to allocate alot of my portfolio during these times. Everyone may want to look into shuffling things around during a market crash", "likes": 0}, {"author": "@Stockado", "comment": "Thank youso much  for the transparency. I'm trying to do something similar so it's great to learn from you guys.", "likes": 2}, {"author": "@marvinpham5180", "comment": "First", "likes": 0}, {"author": "@marvinpham5180", "comment": "\ud83d\udc4b", "likes": 0}]