[{"author": "@neutron._.1", "comment": "Cool", "likes": 0}, {"author": "@McBurger29", "comment": "Are you paid dividends when the stock is down?", "likes": 0}, {"author": "@willkeen5010", "comment": "Love me some Enbridge. Drip and forget it eh \ud83c\udde8\ud83c\udde6", "likes": 0}, {"author": "@hdhaliwal2531", "comment": "Air Canada", "likes": 0}, {"author": "@Knowledge.to_Come", "comment": "Rbc and td are great buys as they are currently making the interest rate in cash", "likes": 0}, {"author": "@indomarked", "comment": "I got some Telus an $21 and have been enjoying ENB dividends.", "likes": 0}, {"author": "@Iesous27", "comment": "I just started investing in stocks about a month ago, i bought 1 share in Manulife and 1 share in enbridge. I plan to buy more stocks in both companies next month. \n\nManulife is a very good stock, quite cheap and has a good monthly dividend", "likes": 0}, {"author": "@steveboxing", "comment": "Adding to my ENB more than usual lately . I started buying Cardinal energy also, it's another Calgary energy company paying 9% monthly and only missed dividend payout the 3 covid months Feb March April 2020.", "likes": 3}, {"author": "@stubuyscrypto", "comment": "Just because they\u2019re at 52 week lows, didn\u2019t mean they can\u2019t go a lot lower.", "likes": 9}, {"author": "@bulrogexe", "comment": "2 Dividend traps with over 100% payout ratios and 1 with decreasing revenue and earnings. Stop vouching for these losing investments because your holding onto them. Maybe they were good by the time you bought them in the past but not now.", "likes": 0}, {"author": "@kevinn1158", "comment": "Telecoms tend to suck. Telus is just above a support at 22.50.  If it breaks there it's 21.  It's under it's 50 and 200 week MAs.  Not a buy.  ENB has been slowly rolling over since mid last yr.  200 week is 43.57.  Might be a buy down there if it holds.  NTR.  I bought this on the rebound above its 200 week MA.  Needs to clear 95 where the 50 week is or it's a sell.", "likes": 0}, {"author": "@thegreensoul7829", "comment": "HND and HNU", "likes": 0}, {"author": "@Tejasss-xg2sn", "comment": "You got makeup on bro? Looks cute anyway", "likes": 0}, {"author": "@jmc8076", "comment": "First 2 have and add. I don\u2019t support fertilizer or pesticide cos. Just personal choice/values. Thx", "likes": 0}, {"author": "@nicolelemon9071", "comment": "Nice! What site were you using when you showed the 5-Yr vs Current Price/Earnings?", "likes": 0}, {"author": "@avipsa_rc", "comment": "Canadian stock - CGI analysis please", "likes": 0}, {"author": "@JadenHercules", "comment": "Enbridge is an excellent choice! I can't say the same for Telus, though. \ud83d\ude05", "likes": 1}, {"author": "@Wavyyyaf", "comment": "Wouldn\u2019t touch Telus, Rogers, or Bell w a ten foot pole\ud83d\ude05. But my profile is a young investor, so I can understand why older folks may want to hold as an income play I guess.", "likes": 0}, {"author": "@clarifyingquestions", "comment": "what about baba? it s on 1 108 week low?", "likes": 1}, {"author": "@jwkk28", "comment": "Cve  makes me cry", "likes": 0}, {"author": "@edwardnguyen4362", "comment": "BNS, CM", "likes": 0}, {"author": "@carlsisi9712", "comment": "ENB most definitely for income purposes. For Nutrien....I don't know, keeping an eye on it but may be too soon. Haven't checked fundamentals tho. TELUS looks to be a good deal, I chose CGO in the com's which seems also heavily discounted. For the vote I go with ENB", "likes": 0}, {"author": "@dman2408", "comment": "Invest in Canada lose money", "likes": 2}, {"author": "@Fred-gu4of", "comment": "ENB got a pe ratio of 40 tho\u2026", "likes": 0}, {"author": "@KL-nj9oe", "comment": "NTR, I was catching the lows last couple weeks. It's had a nice bounce. MOS also", "likes": 0}, {"author": "@boudreau657", "comment": "Ntr i hold for sure.", "likes": 0}, {"author": "@basti1993x", "comment": "Man playing Singstar", "likes": 0}, {"author": "@abha801", "comment": "Just bought Nutrien\ud83d\ude4f\ud83d\ude42", "likes": 2}, {"author": "@anhbui1018", "comment": "You have just got a subscriber from your short video =))", "likes": 0}, {"author": "@Inurufu", "comment": "Do Uranium stocks", "likes": 0}, {"author": "@andrelizotte9912", "comment": "I bought Nutriens, it is below it\u2019s intrinsic value, waiting about the others\u2026", "likes": 0}, {"author": "@autokanada", "comment": "Why I should buy telus? i dont believe them, they overcharged me for years on my cell phone plan. i am now with freedom mobile how is Freedom stock doing?", "likes": 1}, {"author": "@dominiquetheeasyminimalist", "comment": "Got both T and ENB!", "likes": 12}, {"author": "@lonelyboy4832", "comment": "I like your short video and youtube channel. Always watching. I learnt a lot.", "likes": 5}, {"author": "@lonelyboy4832", "comment": "I bought Telus last year ago. Then, I bought yesterday AI c3 but stock down.", "likes": 2}, {"author": "@ctrlaltdelete321", "comment": "Enbridge dividend is awesome", "likes": 6}, {"author": "@MK-yt3ct", "comment": "Buying SmartCentres. Idc what no one says", "likes": 2}, {"author": "@-MasterChief-", "comment": "Cool \ud83e\udd14\ud83e\udd14\ud83e\udd14\ud83e\udd14", "likes": 0}, {"author": "@roberttaylor3594", "comment": "I am eying T, TRP, BMO\u2026. And as always, PYR and HPQ\u2026 but my growth- speculation budget is maxed out though!", "likes": 0}, {"author": "@thehistorynerd1863", "comment": "Love these shorts! Keep these on", "likes": 10}, {"author": "@chrisbouchard4780", "comment": "Do more shorts", "likes": 22}]