[{"author": "@beaviswealth", "comment": "Here\u2019s my updated and honest review of Questrade in 2021. I hope you guys appreciate my thoughts on the platform. Don\u2019t forget to leave a thumbs up on the video! Get $50 in commission-free trades with Questrade - https://www.questrade.com/campaigns/qbaffl50t102?refid=ayiice9l\n\nHere are some of the videos I referenced in the video: \nFull Questrade Walkthrough Tutorial - https://youtu.be/qxMHPVMn1zk\u2028\nQuestwealth vs Wealthsimple - https://youtu.be/igylhkhER_0\nComplete Guide To Online Brokers (CANADA) - https://youtu.be/waPAlmVRJ4o\n\n\ud83d\udcc8\ud83d\udcda As always, if you're a beginner to the Stock Market in Canada and you're looking for a step-by-step blueprint on how to get started... Find out more about our Investing Academy here - https://bit.ly/theinvestingacademy", "likes": 8}, {"author": "@bezabaye9253", "comment": "Do they have S&P 500?", "likes": 0}, {"author": "@qqqspx", "comment": "Top right, refresh button for snap quotes, Brandon.", "likes": 1}, {"author": "@kimsakura8494", "comment": "Thank you for the info.  I have had very good experience with TD for many years, I am not a heavy trader, I can (almost always) justify the $10 commision fee, but are considering Questrade for certain investments.", "likes": 0}, {"author": "@tracythompson5212", "comment": "Yes- TD direct investing", "likes": 0}, {"author": "@znerocks", "comment": "I hope Questrade updates their mobile app! It looks old and clunky", "likes": 0}, {"author": "@stephaniebeaton3939", "comment": "Can you buy \"over the counter\" in TD Direct Investing?", "likes": 0}, {"author": "@CanadianDividendInvesting", "comment": "Would love to get started with questrade at some point! Thanks for the review!", "likes": 0}, {"author": "@giordanobua1605", "comment": "I would love an update video on TD trade :) Thanks Brandon.", "likes": 3}, {"author": "@travisf5159", "comment": "Do you use Norbert's Gambit for the US exchange?", "likes": 1}, {"author": "@Abubaker42", "comment": "1. One year for a RESP transfer ...still in progress.\n2. No projected income I did it in excel but I don't I think I should TD DI has it in by default.\n3. Market research you have to do it elsewhere, just seems like a lost opportunity to retain and lockin your customers.", "likes": 0}, {"author": "@momo35444", "comment": "I use questrade so I truly appreciate this video. thanks Brandon", "likes": 3}, {"author": "@MonsieurDee", "comment": "Too high fees & too high fees to buy international companies. They have an opportunity to be the number 1 broker in Canada. Hopefully they take advantage of other Canadian brokers not taking this space seriously.", "likes": 0}, {"author": "@edh6062", "comment": "Did you know in your order entry box, in the upper right hand side, you can click the arrow  and you will get a real time quote? Comes in handy", "likes": 3}, {"author": "@maxxdavidson7795", "comment": "how do you set up IQ edge? you get it for free with quest trade right?", "likes": 0}, {"author": "@MAG-zm6uf", "comment": "Great video, my only negative Questrade thoughts would be high frees when buying/selling penny stocks (over $10) if buying many shares & then the after fee that shows up when purchasing a USD stocks", "likes": 0}, {"author": "@saugatosen1", "comment": "Hi Brandon, was wondering if you could do a video on the type of orders and when one execute those(except limit and Market). Also i keep hearing about Norbert's Gambit, does that work on Questrade", "likes": 0}, {"author": "@xiaosin", "comment": "Have been using Questrade for over 10 years. I like it because of its low fee and desktop platform.\nI have transfer two of my RRSPs into my questrade account last year. I didn't have the same problem as you.\nI agree, the online chat was really slow during the pandemic. I had waited for at least two hours when I try to do a journal entry.\nAs for the drop-off in the online chat, I find out to open the online chat without signing into your Questrade account. It worked for me during the long hours of waiting.", "likes": 0}, {"author": "@cunliffest", "comment": "Td is horrific I\u2019ve been stuck on phone for 8hrs as lines drop after 2 hrs then had to call sgain", "likes": 1}, {"author": "@nuanying_constancezhong1005", "comment": "Brandon, how do you think about manulife dropping recently?", "likes": 1}, {"author": "@karl666ball", "comment": "Hi, one quick question, will you keep your negative usd cash position or transfer CAD dollars to USD dollars? and Why?", "likes": 0}, {"author": "@robnorton6656", "comment": "I would agree that the Chat line was extremely backed up. However, over the past month, I have been able to connect with someone within 10-15 minutes each time. I think they may have hired more CSR's recently.", "likes": 0}, {"author": "@jasonlewis8107", "comment": "I dislike how questrade took away or changed the research platform. It used to be powered by morningstar.. very useful. Do you know if regular users still have access?", "likes": 2}, {"author": "@PassiveCanuck", "comment": "When I initially started investing early last year I tried transfering my TFSA from a different institution to Questrade and I had similar delay and cancellation issues so I actually had to move my money a different way and it affected my contribution room for the year which sucked. But other than that Questrade has been quite good for me. I just wish they had more visual things like charts and graphs for your holdings and such.", "likes": 4}, {"author": "@surface47", "comment": "Doesn't the refresh button on QT give you a more accurate price for the stock before buying/selling?", "likes": 3}, {"author": "@Shotzz-xv3it", "comment": "Why don\u2019t you have cash accounts in questrade?", "likes": 0}, {"author": "@jamiemartin9334", "comment": "Would love to see a video on your investments with TD.  I've moved my stocks over to QT, but can't figure out where to transfer my RSP.  Love the channel.", "likes": 1}, {"author": "@GurpreetSingh-vf7jw", "comment": "How long we need to hold stock in tfsa and rrsp to avoid tax?", "likes": 0}, {"author": "@danbutcher8879", "comment": "Also, WS can't hold USD (without a double charge, essentially). Baffling.", "likes": 2}, {"author": "@dexteriousdex4686", "comment": "TD direct video wooooo", "likes": 1}, {"author": "@taylorl2673", "comment": "waited 3 hours on multiple days and no resolution because the chat line closed by then..rip... i find email to be the best way of communication in most instances, unless they say you need to chat with someone for security purposes...", "likes": 0}, {"author": "@308bar", "comment": "My biggest beef that I have with Questrade is that they removed your Market Research info and Morningstar research.", "likes": 15}, {"author": "@liubomyr8993", "comment": "You can't buy OTC stocks in TFSA.  One of the requirements for TFSA is that securities are traded on a designated stock exchange.", "likes": 1}, {"author": "@chaosm1105", "comment": "Hi Brandon,\nA few quick tips:\n- If you want to change an order, you don't need to cancel it.  There's actually a modify button (this will automatically cancel and replace your order)\n- You can get a real time price of a stock by clicking the refresh button to the right of the ticker when placing an order.  It defaults to 15 mins but if you click the button it will show you a real time quote.", "likes": 2}, {"author": "@patrickboyer4688", "comment": "I've been disappointed with QT as of late. I miss the market research and also have had difficulties with chat and getting a reply email.", "likes": 0}, {"author": "@rodcarpenter6929", "comment": "I was able to reach QT chat within a couple of minutes last Friday, and they were able to do what I wanted (added another stock onto my DRIP) very quickly. Maybe an outlier, based on what I'm hearing elsewhere, but I was very happy with the service.\n\nOn the other hand, I've been trying to reach Scotia iTrade to deal with my Dad's portfolio there (he recently passed away). They don't answer e-mails, and I've waited on hold 45+ minutes several times before needing to give up and try again. Because of this, we'll probably be pulling his money out of there once we get at it. Questrade's customer service is way ahead of Scotia iTrade's for my money (literally).", "likes": 0}, {"author": "@Mobscene_CDN", "comment": "I've been using Qtrade, but I'm a noob. Are there any big reasons I shouldn't be using them?", "likes": 0}, {"author": "@davidchen5661", "comment": "Nice video. You know you can \u201c modify \u201c your order instead of cancel it and place it again, right?", "likes": 3}, {"author": "@Mitch91PyroisB0SS", "comment": "Quest trades gotta get rid of that initial deposit", "likes": 1}, {"author": "@PROJECTMartin", "comment": "Can you do the TD Direct video?", "likes": 10}, {"author": "@alistair1840", "comment": "There seems to be problems all over...I had my RRSP with Scotia iTrade and it took them over 4 months to switch it over to My RIF...over 2 hours on hold each time I tried to talk to someone.", "likes": 0}, {"author": "@mydogwinifredgsd2699", "comment": "I contacted Questrade twice this week via the chat and had virtually no wait time....FYI...... and I would say the support was excellent", "likes": 1}, {"author": "@charlesburry7898", "comment": "Maaaan, I quit Questrade to go with CIBC. I don't care paying 5$ per transaction when I call customer support and automatically get with a real person...", "likes": 0}, {"author": "@ItsMinhh", "comment": "If you have over 6 figures USD in 1 account, IBKR is a better brokerage if you want to save on fees and commissions. However, for accounts under ~126k cad of total equity, I do find that Questrade is the best Canadian broker. Great video Brandon.", "likes": 0}, {"author": "@garywong196", "comment": "Could you do a review on qtrade and virtualbrokers, and how they differ from the more mainstream discount brokerages?", "likes": 1}, {"author": "@jkwacker8225", "comment": "I\u2019ve been using Questrade for awhile now. There are some better US platforms out there I would love to be able to use, but as a Canadian this works well for me. Desktop and app work well. I never used to use the watch list, but I\u2019ve started to do so. I still use Yahoo finance a lot though. There are still a few tools with Questrade where I don\u2019t even know where to begin so haven\u2019t used them. \n\nJust a word of warning if you\u2019re buying US stocks with CDN $. I have been hit with a negative cash balance the day after a trade due to currency conversion fees. Has only happens to me once, but wasn\u2019t expecting to see red. I thought the conversion and fees  would have happened when I made the trade.", "likes": 1}, {"author": "@shaniecenichols1582", "comment": "Hey Brandon - thanks for the walk through video!! Do you know if you can apply Norbert Gambit to a TFSA account in Questrade? Hearing some mixed comments so curious so know what you think.", "likes": 1}, {"author": "@magdarogala2293", "comment": "Hi Brandon, love the video. And totally understand your frustration. I work for a private advisor who works under a large bank, not the big 5 but a bank and I see on LinkedIn all the time that head office is looking for people. No experience necessary and the ad just keeps being reposted. Trust me I get the phone calls and it's not just the banks it's all call centers including CRA where clients don't want to stay on hold for 2-3 hours, to the point that they've contacted their local MPs regarding this. Banks and other customer service centers hear you so the issue might be the supply of labour not the lack of effort in hiring but that's a different discussion based on people wanting to work. That vs just taking the CERB minus taxes because even tho the $2000 is taxable no effort is required. But that's a totally different discussion. The lack of employees is a problem across all industries that have the luck of still being in business at this time.", "likes": 1}, {"author": "@MrChepburn", "comment": "Good review - couple of questions/comments\nFirst - isn't it generally a bad idea to hold US stocks in a TFSA?\nSecond - my understanding is that on Questrade you need to convert money to US dollars before purchasing otherwise you will be \"borrowing\"  the money from them?", "likes": 1}, {"author": "@ab.4425", "comment": "Thanks bud!!", "likes": 0}, {"author": "@noname5354", "comment": "I transferred 3 accounts to questrade from dec to apr and it all worked fine and pretty seamlessly. Yes, customer support was very slow during months of Jan and Feb, but it has been a lot better now. Pretty much no wait when I go to customer support in April. I guess it varies person to person.", "likes": 6}, {"author": "@lastempire7302", "comment": "\"Should I use Questrade?\" Er... Does it look like that the Canadians have a choice? Wealthsimple is a super handicapped version of Robinhood while IB is difficult to use and not friend to small-cap investors. Don't get me started with Big banks brokerage accounts... I had to pay hundreds of dollars in commission every months while the Yankees pays nothing to play the game.", "likes": 1}, {"author": "@FikiNom", "comment": "Hi Brandon.  Thank you always for teaching us so well!", "likes": 1}, {"author": "@benpequin5936", "comment": "Thanks Brandon! Can you do a review of wealthsimple trade pro or whatever the upgrade they added was idk if I should buy but $3 a month seems pretty cheap", "likes": 1}, {"author": "@fabianosorio5699", "comment": "Hi Brandon, thank you for all your videos you can't imagine how much it helps me (old guy that knows nothing about stocks lol) quick question, do you recommend doing options on questrade? I heard that I can flag as a day trader if I tried it.\nAgain thank you for all that you do!", "likes": 0}, {"author": "@leagueplays2100", "comment": "yea i got charged an absurd amount to switch out of questrade to wealthsimple. I didn't know wealthsimple could cover the costs so i missed out on that. Pissed me off so much. I got to wealthsimple with like a -$200 balance", "likes": 0}, {"author": "@acdatz6222", "comment": "I agree about all the platforms needing to increase customer support staff.", "likes": 1}, {"author": "@Riceball_lol", "comment": "I haven't watched the video yet but I know this will be a great guide :)", "likes": 0}]