[{"author": "@psp785", "comment": "You guys are \ud83e\udd21 shop has a PE of 400", "likes": 0}, {"author": "@deepakshukla7962", "comment": "Should I buy at current price of 73.50 CAD?", "likes": 1}, {"author": "@sekarkns9739", "comment": "Investmenting in Shopify from Indian. I bought 1.2 fraction shares", "likes": 0}, {"author": "@CanadianDividendInvesting", "comment": "Great video Brandon!", "likes": 0}, {"author": "@pt0908", "comment": "Sure it's easy to identifying a good company but is it at a fair price? He notes they're not yet profitable and uses a price to sales metric. Doesn't mention enormous dilution or stock based comp. Tons of exposure to small/medium business and consumer discretionary. How well does this fair in a slow-down in consumer spending? They were overly aggressive into growth during covid and now paying the price.", "likes": 4}, {"author": "@electric-lemonade", "comment": "I understand that Shopify is great company with lots of assets and growth potential but at the end of the day I don't really understand who's using shopify? Local merchants do use shopify but way more use Amazon. And more shopify stores fail than succeed.  \n\nLot of sellers change the domain name of their website so customers don't really know they are buying something from a Shopify store. Why would anyone buy anything from a random website on the internet where delivery times are super slow, over a trusted site like Amazon with 2 day shipping. \nI don't want to sound negative, but am genuinely curious", "likes": 0}, {"author": "@smallmj2886", "comment": "I'm one of the fools who bought it at the peak.  I'm currently down $73.9%  But at least I did a fractional buy in my play account and only spent $5 on it.  :)", "likes": 6}, {"author": "@TheMetamucil", "comment": "Shopify main compititor is Wix. A lot a review on the internet of both competitors seem to put them very close. I would have like to hear Chris point of view on how he see the battle between the two. Today, wix is charging a lower price to his customers than Shopify.", "likes": 1}, {"author": "@chrisevans7416", "comment": "So why the crash ?A year ago 214.00 ,today 52.00  1/4 its value  more than the 70% he claims .  It seems more like people have taken a bath and are trying to upsell the stock to recover losses", "likes": 1}, {"author": "@pwong0227", "comment": "Interesting interview and how many thousands of shares Chris hold. I am already in red and hope it does not end up like another Rim Blackberry saga.", "likes": 2}, {"author": "@web3tel", "comment": "VCN has SHOP as largest holding. VCN is included into VEQT/VGRO/VBAL etc. So you likely to own some SHOP already", "likes": 3}, {"author": "@roberttaylor3594", "comment": "If they paid a small dividend I might be in.", "likes": 1}, {"author": "@florendogomezcasuga7043", "comment": "im buying around 25-30ish but not 50ish. goodluck during recession", "likes": 1}, {"author": "@NoobBoobie", "comment": "I caught that sexy knife a few months ago \ud83d\ude33", "likes": 1}, {"author": "@ryanm7171", "comment": "If it falls back to the mid $30s, I am a buyer.  Otherwise, I am on the sidelines.", "likes": 2}, {"author": "@jessehamlin3420", "comment": "Great video Brandon, love to gear the opposing viewpoints.  Im a SHOP shareholder and down big like alot of others.  Im actually looking for a way out around $60 CAD as thats its next point of resistance.  The company has quite a bit of dilution and stock based compenasation I dont like.  They also gambled hard on e commerce expansion and were wrong so thats going to set them back a few years.  Plenty of other more solid stable companies to invest in out there.", "likes": 3}, {"author": "@davidwilson9976", "comment": "Shopify is going to get crushed in a recession. Buying a portion of Affirm was a disastrous investment. All high growth stocks are forecasting they are going to be profitable soon. Just talk, wait till they walk the walk.", "likes": 3}, {"author": "@aaronzazula2359", "comment": "Very helpful thanks bud", "likes": 0}, {"author": "@BirdsR", "comment": "My average is $31 on shopify. Loaded the boat. Love the company. Always wanted to buy shares but it was way to expensive. Still is expensive but something I'm willing to live with.", "likes": 3}, {"author": "@Sonnyfaziobased", "comment": "Yes it is", "likes": 0}]