[{"author": "@beaviswealth", "comment": "\ud83d\udcc8\ud83d\udcda As always, if you're a beginner to the Stock Market in Canada and you're looking for a step-by-step blueprint on how to get started... Find out more about our Investing Academy here - https://bit.ly/theinvestingacademy\n\nWill you be buying Shaw or Rogers? Comment Below! Thanks for watching everyone!", "likes": 9}, {"author": "@danieldang8730", "comment": "Hummm\u2026 even holding Telus, i like it because in my understanding, there is even less competition!", "likes": 0}, {"author": "@John-tr8yp", "comment": "I returned all items to Rogers, have the receipt from Canada Post, made sure all items were in the carton, Rogers received the carton intact, and yet DAVE at Rogers, calls me a liar, claiming I did not include one item.  Since I was not staying with Rogers, why would I keep the item I wonder.  The first thing I think is, did DAVE keep the item for himself or sell it to someone else.  Either way, Rogers is  deducting funds for the item they DAVE states I did not return.  Great customer service Rogers.  And their security department does noting.  Nothing.  They don't even pretend to care, by taking report.  I hope Rogers makes good use of the funds they are holding from me, based on the word of DAVE.  Keep treating consumers like garbage under your feet Rogers.", "likes": 0}, {"author": "@raynemichelle2996", "comment": "I remember television in western Canada, BC specifically, was Rogers cable in the early 90s and the phone company was BCTel, then the cable company switched to Shaw and the phone company became Telus, both Alberta companies taking over the West. Now Rogers is reacquiring  what was lost in the 90s? I haven't had cable for 9 years and my mobile phone is with Telus, but I want better options.", "likes": 0}, {"author": "@quintomactv", "comment": "Could you do a video about fixed income stocks you'd want us to know about?", "likes": 0}, {"author": "@jackywhite9756", "comment": "If the merger goes through, as customers (not stakeholders), we're gonna be screwed in terms of internet and phone fees. Bell, Rogers/Fido, Telus collude... that's why their phone plans are very similar and expensive compared to the states. Once Rogers acquires Shaw they will jack up the price by colluding again and fix the price for internet and 5G.", "likes": 0}, {"author": "@n0d549", "comment": "PETTY SCAMMERS, AVOID!\n\ncanceled my account with Roger's due to rude customer service, service not working,  dropped calls, missing texts, slow net and missing upgraded phone.\n\nSwitched to telus and a DAY LATER, they send to collections a made up charge from 3 years ago!\n\nThis is the worst phone company in Canada, and unless you want to be used and abused, AVOID AVOID AVOID!!!", "likes": 0}, {"author": "@itsmarcocanlas", "comment": "Not finance related, but I actually bumped into Brandon in person, and he's supeeeer nice, just like his Youtube personality! You rock, Brandon!", "likes": 0}, {"author": "@cocacolabob", "comment": "hey man, you're vids have helped me a lot. I'm in construction and am a tool junkie, specifically Milwaukee. so even before learning how to buy stocks I wanted to look into their company. They are a branch off a big company called Techtronic Industries or TTI which owns other great brands as well. Turns out that their shares have went up 400% the past 5 years and because of the new line of tools that are still yet to be released I can only see them having that same growth for the near future. The stock code is TTNDY if you're interested in checking it out.", "likes": 0}, {"author": "@oly2048", "comment": "I do like current events like this as a guide for a newbie investor like me. thanks, Brandon.", "likes": 0}, {"author": "@michaelcharron382", "comment": "Hey Brandon, what do you think about the possible merger between CP Rails and Kansas City Southern ? Would be interesting to get the same type of video/coverage!\nThanks", "likes": 0}, {"author": "@justinpriest399", "comment": "Thoughts on DOC.V? Is it a good time to buy? Cheers and thanks as always", "likes": 1}, {"author": "@TekkLuthor", "comment": "Yes, current event videos give better intels and also got lots of understanding of how things go when mergers happen", "likes": 0}, {"author": "@Pantomath.", "comment": "West coast girl... Shaw will be missed. Rogers better offer an equal plan. \ud83e\uddd0", "likes": 0}, {"author": "@nevillejames2200", "comment": "Thanks \ud83d\udc4d\ud83c\udfff. Great content. Very clear breakdown", "likes": 0}, {"author": "@jimmyrosebud637", "comment": "Noob question. I opened a Managed TD- TFSA and a self directed one.. I have never had any experience with the stock market.. My question is should I just put the 1000 from my self directed into my managed. Or should I research more and buy stocks on my own. The 1000 dollars I can lose and be okay with. If I do buy stocks to start my self directed TFSA is there a a few Fairly safe long term stocks I should look into. Thanks all", "likes": 0}, {"author": "@chriswalters6148", "comment": "Thanks for pointing out Shaw pays a monthly dividend; wasn't aware of that!", "likes": 0}, {"author": "@lensparling6692", "comment": "I bought Shaw on your comments of 6 mos. ago .. I took my 35% on 80% of my investment. The rest I\u2019ll hold to wait and see. Thanks Brandon!", "likes": 1}, {"author": "@spencerstrand1973", "comment": "Hey buddy , I love the videos and they are super helpful .But would yoube able to do another video crypto currency ? \nThank heaps !", "likes": 0}, {"author": "@angelfire520", "comment": "internet prices is just going to go up with less competition in the market", "likes": 0}, {"author": "@felixalielamarche2027", "comment": "In your words do you currently see a buying opportunity in Roger's then?", "likes": 0}, {"author": "@faaksee", "comment": "Love the current (Canadian) events content!", "likes": 0}, {"author": "@mre.r.1647", "comment": "picked up 100 shares of Rogers yesterday at 62.03 still at discount pre covid", "likes": 0}, {"author": "@brumasbusiness", "comment": "It will probably go through because this companies have big lobbies inside. Canadian Telecom is Cartel and government or regulator helps on this. How come they let the big 3 buy the small companies Fido, Koodo and Virgin, a few years ago? Seriously disgusting. We pay double or 4 times more for our plans than any competitive country out there.", "likes": 1}, {"author": "@MrRedtaco11", "comment": "With other companies that tried to come into Canada, didn\u2019t last very long. It\u2019s always been Bell, Telus, Rogers. Yeah! They can say, \u201coh it\u2019s going to lower prices for Consumers.\u201d Last time I checked, all three of those companies are in it for money, not to lose money. How many people have had lower bills in the last say 10 years, probably not many if at all. If the acquisition of Shaw goes through, I highly doubt anything is going to change for the Consumer. Do Canadians need more competition, of course. Is it going to happen? Well unless the big boys say it\u2019s allowed. Why would they when it\u2019s not in their best interest.", "likes": 0}, {"author": "@Mitch91PyroisB0SS", "comment": "Love and appreciate the time stamps !", "likes": 0}, {"author": "@Swizzlerz", "comment": "At 7:34 \"the idea behind acquiring bell\" cute mistake lol", "likes": 0}, {"author": "@nawinmutti4091", "comment": "I do like these kinds of videos.\nI'm new to you. I'm a fan, keep the great videos coming", "likes": 0}, {"author": "@Rob-ob3sh", "comment": "Hi Brandon what tool do you use for stock analysis?  Would be a good little video I use Morningstar because I get it for free with my bank.", "likes": 0}, {"author": "@normandlily8917", "comment": "Thanks Brandon for the info.", "likes": 0}, {"author": "@ididntdrinkthekool-aid4973", "comment": "Great content dude keep it up \ud83d\udcaf", "likes": 0}, {"author": "@TheRealBruceLouis", "comment": "Is there any possibility you could make a video on how to read annual reports or financial statements? I've read some basics on doing it from Intelligent Investor, but even though concepts there apply, the examples are massively outdated.", "likes": 0}, {"author": "@thewaters7231", "comment": "current events!", "likes": 0}, {"author": "@MG-og5gf", "comment": "Beavis' would you mind telling me where Canadian basic materials are headed?  Should I be considering uranium, gold, or timber? Looking to diversify sectors and would appreciate any tips. You rock bud! Keep it snappy.", "likes": 0}, {"author": "@tadbbq", "comment": "as long as US carrier can come in Canada, stocks of these Canadian big 3 telecompanies will get a massive sell off.", "likes": 0}, {"author": "@mehditalebi178", "comment": "Why nobody mentioned these big merging news before announcement ?", "likes": 1}, {"author": "@philc824", "comment": "Brandon, you are not well informed about cell phone prices, please stick to talking about stocks. Just because you have not done your research to  find the best cell phone deal that offers the best service.", "likes": 1}, {"author": "@themillersbuiltupontherock3742", "comment": "Bought stock in Shaw last week \ud83d\ude43", "likes": 0}, {"author": "@johnnyv5995", "comment": "Not gonna happen, CRTC will shut it down.", "likes": 0}, {"author": "@davidrankin8880", "comment": "yes more current events, especially the \"big news\" events like this!", "likes": 0}, {"author": "@turbofanlover", "comment": "I would have sold Shaw yesterday...and thanked my lucky stars.  Never be a pig, people.  Sadly, I didn't own it.  Don't own Rogers either and won't be buying it at this point.", "likes": 0}, {"author": "@amarispadamshi8945", "comment": "Love the current events idea, please try and make more!", "likes": 0}, {"author": "@KaliBlaz", "comment": "From a consumer point of view this is a sad day for us living in the west, losing a somewhat good internet provider to a shitty company like rogers, and also a sad day for affordability in Canada.", "likes": 2}, {"author": "@ianlacamento7734", "comment": "Love the idea of you and your dad making videos regarding current stock market events! Give it a go! For Marc, or maybe you too Brandon, I hope you both could also discuss robo portfolio in detail. Do we have to sell it like stocks after some time? When is the best time to deposit more on robo portfolios? Any strategies we need to keep in mind? Hope you'll notice this. More power! To daily videos and coffee while watching :)", "likes": 0}, {"author": "@moviesins9226", "comment": "I first hit like then watch the whole video, never undid!", "likes": 0}, {"author": "@ThaGreatestAlexander", "comment": "Rogers is a terrible company with\nworse customer service but they control a lot.", "likes": 0}, {"author": "@kayvonmotamed", "comment": "I sold all my Shaw stocks at the peak of the day on Monday, I had all of the big 4 Canadian telecoms. I'll be holding Rogers and the other two.", "likes": 0}, {"author": "@Bigbarry889", "comment": "Bro, you really look like yellow on this video ... :-D", "likes": 0}, {"author": "@electrickfreak2741", "comment": "Brandon , new to investing here , if I was to use an app for my personal trades. (ETF and some stocks,  nothing big for now) which app should I use? I have an tfsa with my bank but i want to diversify and control my investment. Questrade or wealthsimple?", "likes": 0}, {"author": "@priyas179", "comment": "Hey Brandon. Thanks for such great content and thanks your dad for joining us, your viewers. I have a question. I will appreciate if you could help me. I did my tax with Simpletax for last couple of years. I never had any major issues with it. Can you tell us if softwares like Simpletax is ok or we must must hire a tax professional to do our taxes in Canada?", "likes": 0}, {"author": "@farhanchowdhury9520", "comment": "Don't like the merger. We need more competition in telecom and internet.", "likes": 0}, {"author": "@FinancialQnA", "comment": "hehe i got rogers at $50", "likes": 0}, {"author": "@defaultwoodsman", "comment": "Hey Brandon,\nWhat do you think of HelloPal? Canadian penny stock symbol HP", "likes": 0}, {"author": "@jessehoule1397", "comment": "I agree, full disclosure I do own Telus, Rogers, Shaw and Bell and sold 30% of my Shaw stock today. Will probably sell another 30% when gets to $38ish and keep the rest if the merger goes through.", "likes": 0}, {"author": "@fernyang2540", "comment": "T ang BCE dipped today with this news.  I don't own any of this telecomm  stocks. Is this a good time to buy T or BCE?", "likes": 2}, {"author": "@matthewthecanadian830", "comment": "If you could let us know about future mergers and acquisitions on this scale as well, it would be much appreciated as well. There\u2019s been a couple I regret not taking advantage of", "likes": 1}, {"author": "@NatePolmateer", "comment": "Another great video Brandon, this story blew up in a couple forums I'm on today. Buy the fear, sell the news....or something like that :)  Keep up the good work! Supporting you from Ontario!", "likes": 1}, {"author": "@cr6507", "comment": "Loved the video, yes, do more news related videos like this", "likes": 0}, {"author": "@beemaxD", "comment": "Yes give us more canadian stock, you are my only go to news for updates in the canadian market!", "likes": 8}, {"author": "@shirleycrosner6252", "comment": "I'd take my profit from Shaw / then buy Bell and collect that 6% dividend  - Bells share price is $10 below the 52wk high..", "likes": 1}, {"author": "@Asiapenguin", "comment": "As a customer of Shaw currently, and that my building supports \"Novus\" (another internet provider in Vancouver BC with cheaper pricing), I do not plan to continue my contract with Shaw and will change providers to Novus. I sold my initial investment in Shaw stocks and will probably look into buying Rogers in the near future.", "likes": 0}, {"author": "@ryannorman8900", "comment": "More current events", "likes": 0}, {"author": "@Kevin_Street", "comment": "Thank you for the video. I've no doubt that your advice as an investor is correct. This is a good time to sell Shaw and maybe a good time to buy Rogers. Selling Shaw seems like the surest move.\n\nBut as a Canadian I hope the government stops this merger from happening. Imo, an oligopoly is a sign that a particular market is no longer working correctly. Market forces can't function as they should because the existing companies have the ability to stifle any competition from outside their club. This kind of situation is like a patient with an illness, it's just going to get worse and worse, resulting in less innovation and higher prices until either an outside force heals the problem (antitrust) or the companies all merge into one monopoly. In this case approving the merger of Rogers and Shaw would just make the patient sicker.\n\nBut's that's not investment talk. That's just my opinion as a citizen and potential customer.", "likes": 0}, {"author": "@marys5091", "comment": "Thanks so much for talking about this.  I was wondering what I should do my Shaw stocks.", "likes": 0}, {"author": "@Steven-wq8tx", "comment": "Basics of economics teaches us competition drives innovation, which drives a price war, which helps the regular consumer. I\u2019m all for capitalism but certain sectors should be regulated by the government. Look at the privatization of energy in Texas.", "likes": 0}, {"author": "@thegamingphile", "comment": "I\u2019m buying the Telus dip!!", "likes": 1}, {"author": "@carlosarceo7283", "comment": "I like these current event type quick takes. Keeps your followers in the loop!", "likes": 0}, {"author": "@classicgemmstudiosrelaxing4607", "comment": "Great video Brandon - thanks for this info.", "likes": 0}, {"author": "@Alan-ck6fg", "comment": "In Jan. I switched my mobile plan from\nRogers to Shaw. In order to regain my business Rogers is going to acquire Shaw. However, as a long term share holder of Shaw,  I opposed this deal.", "likes": 0}, {"author": "@momo35444", "comment": "hey brandon, thanks for the video. i am not being either of these stocks, but its good to know!!!", "likes": 0}, {"author": "@David-ns2on", "comment": "I'm amused that people are focusing on the wireless space. IMO the \"utility\" part of this is really the home internet space. This is a big gain for Rogers - will give them more \"guaranteed\" income in the home internet space.", "likes": 0}, {"author": "@krizhelledevera1132", "comment": "It's great to have this kind of discussion in your channel bec it keeps us up to date of what's happening in the stock market! Kudos to you btw!", "likes": 1}, {"author": "@donjobs", "comment": "Loved the current event video. Please keep doing these.", "likes": 0}, {"author": "@AndroidBugler", "comment": "As an investor in both Rogers and Shaw as well as a customer with Rogers, I'm not as confident as Brandon is in the deal going through.\r\nMobile tech is one of my circles of competence where I have years of experience covering the industry and to be frank this is a coin toss to me.\n\n\r\n\r\nI honestly think you missed out a HUGE comparison in the failed T-Mobile acquisition by AT&T back in 2011. \nThat was a much more comparable scenario than the Disney-Fox acquisition. Same industries and similar situation (Rogers being AT&T - The more established player and Shaw being T-Mobile the upstart).\n\nThat got axed by United States Department of Justice, I would not be surprised if the CRTC or whatever Canadian regulatory body would strike this out just based on how things turned out in the US.\nT-Mobile is a powerhouse in the US now, and I wouldn't be surprised if Canadian regulators would want the same from Shaw/Freedom Mobile.\n\nAs a consumer, this doesn't help us lower prices in the slightest bit. The prices are set by the Big 3, and that isn't going to change unless an upstart comes in an shakes things up. Unfortunately, legislation requiring telecoms in Canada to be (at least partly) Canadian owned makes getting established difficult and unattractive to foreign investors.", "likes": 1}, {"author": "@andreaa3648", "comment": "I don't think the government is going to allow this merger.  When the Teachers Pension Fund tried to buy Bell Canada, that deal got crushed.", "likes": 0}, {"author": "@smcdonald1229", "comment": "Thanks for the videos .  I noticed in the fine print on Rogers that they plan on reducing their Dividend?  9:29 in the vid.", "likes": 0}, {"author": "@tabysart", "comment": "The first thing I thought when I heard the news and then checked the Shaw share surge --- what does Brandon think about this? ... so yes", "likes": 0}, {"author": "@bi2305", "comment": "So many people will be unemployed.", "likes": 0}, {"author": "@johnkastelic8339", "comment": "Just wondering if the uncertainty is the only reason you would sell Shaw.  If one believes the deal will get done, would it not be better to hold on and get almost another 20% over the next year?  I only say this because I believe the deal will get done and I\u2019m not sure I could find another stock that would almost guarantee this added 20%. Or am I looking at this all wrong?", "likes": 1}, {"author": "@CHICVOYAGE", "comment": "nice your own ad popped up on your own vid", "likes": 0}, {"author": "@TheKYLE323", "comment": "Would bce still be a good hold?", "likes": 1}, {"author": "@KokiriMonkey", "comment": "Great Video Brandon!, glad to see you jump on this topic so quickly. Having read the news yesterday morning I had a ton of thoughts about what I should do with my shaw shares.\nI still have a few questions that I felt would've been fantastic for you to jump on which I belive apply to this and acquisition deals:\nWhat will happen to a Shaw shareholder's stock holdings if the deal goes through? Their stock is liquidated and deposited into whatever investing account they have, or they get equivalent Rogers stock?\nWhat about  other scenarios:\nFor example, if your shares are worth less than the $40.50 per unit that Rogers intends to pay? Will Rogers pay you whatever the difference is?\nor even the opposite \nWhat if your shares are worth more than $40.50 per unit at the hypothetical time the deal goes through. Will you lose money?", "likes": 1}, {"author": "@O1Kanoby", "comment": "yes love the current news keep it up Brandon...... WHERES MARC ON THIS VIDEO? haha", "likes": 2}, {"author": "@Rob-ob3sh", "comment": "What if your a holder of Telus or BCE ?  I hold Telus and will start buying more if it continues to fall below $24.30  that is my average price per share. It would be a gift to see BCE fall below $52", "likes": 0}, {"author": "@GR-ds9cu", "comment": "Definitely keep on the current events, great for learning with current real life examples. Awesome video man", "likes": 0}, {"author": "@daveh7235", "comment": "I sold all my SJR.B already, Profit is Profit. I'm going to take my profit to buy T and MFC.", "likes": 3}, {"author": "@pandabear8142", "comment": "Thanks I needed this info. \ud83d\udc4d", "likes": 0}, {"author": "@KatriceJustice", "comment": "Great video Brandon! Timely videos on current topics such as this one are very helpful :)", "likes": 0}, {"author": "@dyingpentas", "comment": "Not sure why Rogers is up. I remembered when AMD acquired Xilinx and CRM acquired Slack their price all went down big", "likes": 0}, {"author": "@mkqemeawgck", "comment": "Freedom under Shaw ... is it part of the deal also?", "likes": 0}, {"author": "@PGcrazy6", "comment": "Thanks for info Brandon. YES, OUR CANADIAN CARRIERS ARE SCREWING US OVER BIGTIME. You say costs will be less because of the buyout, but rest assured,  NO WAY Roger's will pass any of its savings to their customers. Yes, you didn't say they would but hinted it. Roger's bites the big one. Cell coverage is less, was smaller than other major carriers. Many years ago they had the most complaints and even were double billing customers and wouldn't help many customers resolve the issue, they were taken to court & were sued for MILLIONS for deliberately raking their customers over the hot coals(from what I understood). I don't trust Roger's. I want SHAW to remain 100% independent with no cost increases. All our carriers are need to reduce our fees by 25-50% and keep everything else same plans included. Most cell phones are manufactured very inexpensively/Flag ships included for as little as 2 or $ 300. I like to see Shaw buy Rogers.", "likes": 0}, {"author": "@308bar", "comment": "Freedom mobile would be a one of the things from a competition standpoint is not good for the Mobile Phone business.", "likes": 0}, {"author": "@ytfinance7894", "comment": "I would like a little more insights about your broker, having an edge over the normal investor would be a good step for me this quarter", "likes": 0}, {"author": "@mrbsebt", "comment": "This news didnt come on my radar, and my shaw shares shoot up in value I didnt know why haha, thank you so much for brining the news", "likes": 1}, {"author": "@baqmann1196", "comment": "Great video, love your channel! A lot of healthy information even though I am neither from the US or Canada.", "likes": 2}, {"author": "@Wavyyyaf", "comment": "Used to work for Rogers a year ago, and to be honest, I don\u2019t think i can invest in them. Their stores cut corners and the customer service lines are often times a bad experience. Just my opinion tho.", "likes": 2}, {"author": "@AlpineDividends", "comment": "I'm holding Shaw and this was a nice surprise to see in my portfolio!", "likes": 12}, {"author": "@Cat-zc8nj", "comment": "Of course the ad of this vid is Telus.", "likes": 2}, {"author": "@grantboucher9342", "comment": "what do you think of   zwc, zws zwe lbs    theses are etf", "likes": 3}, {"author": "@mocapman", "comment": "At 7:34 you said acquirig Bell, I think you meant to say SHAW. Nice upload nonetheless", "likes": 1}, {"author": "@GubeTube19", "comment": "I know in the USA there are rules like the Sherman Anti-trust law that prevents massive corporations from just buying out competition to promote a competitive market with lots of options. I am sure Canada has similar rules with the competition bureau, so my question is (and ik it is not an easy one) when is it deemed ok and legal to buy out competition? Is Rogers not just buying out competition here? They already offer many similar services. The Canadian ISP, cable, and telephone providers seem to have quite the oligopoly going on.", "likes": 6}, {"author": "@amirkoosha1", "comment": "@Brandon: You said that you own Rogers and Bell stocks. The are direct competitors (same market & product). Doesn't it cause issues or conflict of interest? How do you make decision and exercise your stockholder rights when you know that a decision in one company may negatively affect the other company? You may say Carlos Ghosn was CEO of both Nissan and Renault, but they were not competing in the same market.", "likes": 0}, {"author": "@wburtney5154", "comment": "Bought Shaw on Friday for the dividend sold on Monday for the large capital gain.  Would not own Roger's.", "likes": 3}, {"author": "@CanadianDividendInvesting", "comment": "Big bull on Telus and Bell, I could take or leave Rogers", "likes": 1}, {"author": "@lintonmeyer", "comment": "I DO like this type of \"current events\" type video. Great content. Cheers.", "likes": 73}, {"author": "@kniknayme9865", "comment": "Its always good to hear someone's take on current market news .  I vote yes.", "likes": 1}, {"author": "@Ilikeavocados123", "comment": "I sold my shares of shaw in December lol rip", "likes": 0}, {"author": "@wallyg8020", "comment": "What chart is that you using for comparing.  Or chart do u use?", "likes": 0}, {"author": "@f3wbs", "comment": "Thanks for making this video. Was really interested in your take on it. \n\nThis has to fail, right? There has to be another reason as to why they'd try to takeover Shaw.", "likes": 0}, {"author": "@hashimraza263", "comment": "Still confused, what happens if I keep holding onto my shaw stocks?", "likes": 1}, {"author": "@jeffmelnik241", "comment": "We need more competition in this field to bring the price down. open it up, I'm tired of these Big companies taking advantage of the working people.", "likes": 50}, {"author": "@6Dicesare", "comment": "I dig the market event videos, especially when relevant to my holdings haha, keep it up", "likes": 2}, {"author": "@daodao77", "comment": "Brandon lookin' angelic in that golden glow.", "likes": 1}, {"author": "@FinancialFutureGuideAlexCourt", "comment": "I'll just kick my feet up and sip my cup of Telus Corp", "likes": 8}, {"author": "@FinancialFutureGuideAlexCourt", "comment": "Rogers overpaid like crazy, poor move in my opinion", "likes": 9}, {"author": "@imranaini5022", "comment": "Please keep doing news videos like this very insightful", "likes": 3}, {"author": "@derekcox6531", "comment": "Shaw has been one of my core holdings for a very long time,but yesterday it became 15% of my holdings and I sold at (32) or so in order to bring it back down to my predetermined %. I also own Rogers,but not as a core holding. I  trimmed Rogers yesterday because it also exceeded my predetermined weighting. I\u2019m going to continue to hold both,but make no mistake,SHAW is NOT worth the money that Rogers is offering per share.  If the deal doesn\u2019t go through Shaw will take the brunt IMO, so I\u2019ve put a stop in. (Just in case)", "likes": 1}, {"author": "@Lopersen", "comment": "Thank you for your insight!!  Take it and run;)", "likes": 0}, {"author": "@DabloEscobud", "comment": "Rogers network is great. But it's extortion!", "likes": 0}, {"author": "@cantonpop", "comment": "Definitely like this kind of video - timely discussion of what\u2019s going on in the market. Thanks Brandon!!!", "likes": 30}, {"author": "@niranmojo", "comment": "Buy telus. Telus has the better cable technology when compared to Shaw. The stock is brighter with Telus", "likes": 14}, {"author": "@CandaceMountain", "comment": "Luckily the news dropped yesterday morning before the stock market opened and I was able to sell off my Shaw stocks for $35 and turned a nice little profit. I could have made more if I waited for the Rogers buyout however, that is not a guarantee. The regulatory groups could veto the trade and that could hurt Shaw stocks and my bottom line. I am happy with my liquidation and I made some great investments with the capital and profits.", "likes": 5}, {"author": "@modes3702", "comment": "Just last week moved my cell from Freedom to Shaw and my bill went from $55 to ~$10, wonder what this will mean for my bill in the future.", "likes": 3}, {"author": "@robertyoung406", "comment": "Any idea why TELUS dipped at the same time the Rogers/Shaw acquisition was announced? Also thanks for sharing your insight on the matter!", "likes": 20}, {"author": "@NipFungoli", "comment": "If this is approved do you see more consolidation in the industry, like Telus buying Cogeco?  I'm not sure if I have any merit but I have a feeling Telus wants more in Quebec.", "likes": 5}, {"author": "@KT3E", "comment": "I hope the government stops this.", "likes": 55}, {"author": "@kevvy22", "comment": "Brandon coming in clutch with the info we need. As per usual", "likes": 50}, {"author": "@pinkhairblackman8141", "comment": "rogers internet sucks", "likes": 1}, {"author": "@camyrocks123", "comment": "horrible. Hope the deal doesn't go through. Starlink seems like our only hope", "likes": 36}, {"author": "@ajayb96", "comment": "I work at Rogers so this was really insightful", "likes": 6}, {"author": "@beaviswealth", "comment": "\ud83d\udcc8\ud83d\udcda As always, if you're a beginner to the Stock Market in Canada and you're looking for a step-by-step blueprint on how to get started... Find out more about our Investing Academy here - https://bit.ly/theinvestingacademy\n\nWill you be buying Shaw or Rogers? Comment Below! Thanks for watching everyone!", "likes": 9}]