[{"author": "@beaviswealth", "comment": "Thanks for the awesome year everyone... See you all in the New Year! \n\n\ud83d\udcc8\ud83d\udcda As always, if you're a beginner to the Stock Market in Canada and you're looking for a step-by-step blueprint on how to get started... Find out more about our Investing Academy here - https://bit.ly/theinvestingacademy", "likes": 18}, {"author": "@luthermitchells3033", "comment": "How can I invest in stocks", "likes": 0}, {"author": "@luthermitchells3033", "comment": "How do I invest in stocks?", "likes": 0}, {"author": "@avalucas568", "comment": "Stock investment is so rewarding. This year has been so promising. A great feat", "likes": 0}, {"author": "@MrNathanGivens", "comment": "You should do a live stream with daily updates! id watch.", "likes": 1}, {"author": "@3inchMorningwood", "comment": "I never knew that about bell and Telus payout. I dont understand why they would increase dividends when they arent making money. Its like a company making even and then raising the entire staff salary......", "likes": 0}, {"author": "@danielbroome5690", "comment": "The Biden argument is stupid because the mainstream centrist democrats ALWAYS increase the defense budget, contrary to right wing propaganda. No one should worry, the US defense budget will always DWARF the rest of the world's", "likes": 0}, {"author": "@JW_CC", "comment": "Hi I have a question! can someone please explain the last sentence of the quote at 7:09?\n\"Indeed the defensive investor might be justified in limiting his purchases to those meeting this test.\"\nI'm sure I'm not interpreting it correctly, but why would a defensive investor be limiting his purchases to high-quality stocks? Thanks in advance!! \ud83d\ude0a", "likes": 0}, {"author": "@ankmad", "comment": "how do you recommend investing $1000?", "likes": 1}, {"author": "@pjstylin", "comment": "Would you ever buy American stocks in your tfsa acct?  Or just an Rrsp acct", "likes": 0}, {"author": "@momo35444", "comment": "great video, thank you!", "likes": 0}, {"author": "@dannie7567", "comment": "Do you recommand to invest into the Penny shares?", "likes": 0}, {"author": "@joshua_fry_speed9449", "comment": "Can you please do a \u201cif I had 10,000$ to invest\u201d video?", "likes": 6}, {"author": "@gmarks1559", "comment": "Great video, I just picked up some LMT recently. Nice dividend yield in my US RRSP.", "likes": 0}, {"author": "@Loiswomgawesome", "comment": "Can you make a video on portfolio diversifying?", "likes": 1}, {"author": "@evilflower", "comment": "Just as a quick follow up, LMT is at US$338.10 now. Has this hit your buy zone?", "likes": 1}, {"author": "@pwong0227", "comment": "LMT looks like a good entry point.", "likes": 1}, {"author": "@yassineelouafy9599", "comment": "Lockheed is a wonderful stock,", "likes": 1}, {"author": "@marbles9420", "comment": "Nice video! What are your pride targets to start  nibbling at brohan stock warrior?!", "likes": 2}, {"author": "@marypour-nas1713", "comment": "I  would never invest in any company Lockheed Martin that makes weapons for killing people.", "likes": 2}, {"author": "@JamesBond-kj7yq", "comment": "Great stock ideas and a shout out to my old habitat of Metro Vancouver!", "likes": 2}, {"author": "@GetCloudSkills", "comment": "I think Rogers is one of the worst communications companies in Canada, from the customer perspective. That explains why the P/E is lower than the others. And why the stock has been falling the last couple of years. They have bad execution. They're a bank? They print paper magazines? They own sports stadiums and teams? Come on.", "likes": 1}, {"author": "@hermancadatal9082", "comment": "Hi, what do you think of investing in Genesis technology and Barrick gold?", "likes": 1}, {"author": "@Kavser", "comment": "I love the intro!", "likes": 1}, {"author": "@xsohi", "comment": "Telus is better they are more diversified (health etc.)", "likes": 0}, {"author": "@tatianahuang2471", "comment": "Happy New Year Brandon, Can you please let me know which one is the best platform for stock trading in Canada beside all the banks. Thank you very much.", "likes": 0}, {"author": "@rgtitan3467", "comment": "Hi Brandon,  are your strategies good for the Gen X group (late 40's)? I want to learn to do more self directed but I'm looking for information more suited for me. Thanks", "likes": 1}, {"author": "@Loiswomgawesome", "comment": "Is lower PE ratios more attractive to buy than higher ones? Like when you\u2019re comparing Rogers to Telus at 2:10. Rogers is sitting around 18 and Telus is around 24. Thanks!!", "likes": 0}, {"author": "@sgtSYKE", "comment": "Very good stock picks indeed.", "likes": 0}, {"author": "@imSwiftehhhh", "comment": "Hey Brandon, what are your thoughts on the new TSX stock GFL? Living in Ontario I've seen them expand to many new areas", "likes": 3}, {"author": "@samsunpen15", "comment": "what is a good website to research div stocks other than yahoo fiance?", "likes": 0}, {"author": "@Mattoilers97", "comment": "What I\u2019m still lost in how many shares to buy", "likes": 0}, {"author": "@cy080808", "comment": "All the best ! Awesome work!", "likes": 0}, {"author": "@brad8699", "comment": "Brandon  happy holidays also thank you for your content its been very helpful and looking forward to 2021 as a good investment year.", "likes": 0}, {"author": "@JasonMGrainger", "comment": "Somehow they neglected to mention their Information Systems division, this division creates systems for practically every government department and international systems such as Canadian Census. I wish I pushed a family member harder to buy this at $77 around 2000. I did my college placement at the Canadian headquarters", "likes": 0}, {"author": "@nevillejames2200", "comment": "Thanks Brandon for this video. What are your thoughts on using RRSP for US stocks? Happy holidays!", "likes": 0}, {"author": "@andydino3325", "comment": "Great video. Id much rather invest in bell", "likes": 0}, {"author": "@diverse_insightt.o6499", "comment": "Telus also just raised its divided by 7% through the pandemic", "likes": 0}, {"author": "@diverse_insightt.o6499", "comment": "Can you make a video on options contracts, cash secures long calls / outs to hedge our portfolios, and what would the tax implications be", "likes": 1}, {"author": "@catropractor", "comment": "Yes relaxation time for you. Thank you for churning one out before Christmas. Merry Christmas Brandon!", "likes": 0}, {"author": "@charleschung4227", "comment": "Thanks for all your help 2020. Happy holidays, and can't wait to see your videos next year!", "likes": 0}, {"author": "@junhatsam", "comment": "Hey Brandon, I am really enjoying all of your videos. I am learning a lot from your great contents and honesty. Happy holidays and stay safe. Thank you.", "likes": 0}, {"author": "@carollshelby500", "comment": "Merry Christmas.", "likes": 0}, {"author": "@mattu142", "comment": "Had Rogers, then shifted to Bell. I liked the dividend a little better. It\u2019ll be interesting to see how they react in 2021.", "likes": 1}, {"author": "@fortananduysonly", "comment": "Thanks for sharing all your knowledge to us this year!!!", "likes": 0}, {"author": "@bluedot5150", "comment": "Honestly, I'd rather put my money into companies that aren't leeching their customers. There is so many to choose from, why not choose one with ethical business practices?", "likes": 28}, {"author": "@KelechIwuaba", "comment": "Such good overall advice in this vid.", "likes": 0}, {"author": "@christinamarseille4008", "comment": "Also, when we have stocks in our watchlist what should we be watching for that might help us decide on whether or not we should buy shares from that stock?", "likes": 0}, {"author": "@christinamarseille4008", "comment": "which bonds do you invest in or recommend investing in? i'm not sure which ones I should add on my watchlist", "likes": 0}, {"author": "@mathieuouellet6762", "comment": "I never really post comment on video but your channel is my go to for stock review on the canadian side. Love the quick and straight to the point 15-20 min video. Love your contents ! If i can suggest something, can you make a video on what you research on companie you are interested and what is you process to get relative information that lead you to buy a stock or not.", "likes": 3}, {"author": "@kevinmackinnon6425", "comment": "Personally I own T.TO, I think it s a better value play with higher dividends. I also own LMT, very bullish on this stock. Keep up the good work Brandon.", "likes": 2}, {"author": "@gush5465", "comment": "Thanks for all the effort Brandon, I love the 2 stocks familiar with both , although I only own ETFs but I'm tempted to buy Telus in my TFSA it's a strong company and lately they've been diversifying their business into health and security, but of course Rogers is as solid as Telus and to be honest all Canadian telecom are solid companies.\nMerry Christmas to you and your family and thanks for all the effort.", "likes": 1}, {"author": "@bornfree3963", "comment": "Merry Christmas Brandon!", "likes": 0}, {"author": "@TIMVESTMENTS", "comment": "Rogers is a solid name and well recognized brand. Of all the Canadian telecom stocks, I think Quebecor is the best (both on offense and defense).", "likes": 1}, {"author": "@ab.4425", "comment": "Great picks bud!! Thanks for the video!!", "likes": 1}, {"author": "@sianjoe357", "comment": "Excellent presentation bro.. very simple to understand how to pick a stock as a beginner to play in the Canadian stock exchange.   Thanks", "likes": 6}, {"author": "@withangela", "comment": "Can you make a video on teaching the strategy and what to look for in order to know when we should buy them? Thank you!", "likes": 0}, {"author": "@Slimshady316", "comment": "I hope you hit 100k in 2020", "likes": 3}, {"author": "@chefnilesh", "comment": "Hi Brandon do you have a referral code to use if we have logged in to Simple Wealth not using your link.Thank you.", "likes": 0}, {"author": "@michaeltanquiza8960", "comment": "Hey Bro.Brandon i just wanna say thank you for all the learning i've got watching your videos its been a rough year for all us but this Pandemic showed me how important to invest and how to grow your money, and by watching your videos it gives me a guideline to get a good dividends stocks. Cheers bro, looking forward to your next videos 2021.", "likes": 1}, {"author": "@paulsantori8920", "comment": "Enjoy your holidays! Happy new year! All the best in 2021", "likes": 1}, {"author": "@Ngianimo", "comment": "Compliments of the season Brandon\ud83c\udf84! Thanks for all you do and can\u2019t wait for you to hit 100K subs.", "likes": 3}, {"author": "@lI-tm2pn", "comment": "Happy Birthday brandon", "likes": 0}, {"author": "@anthonydelvecchio7540", "comment": "Excellent picks as usual, personally I am a fan of Telus, especially with the slightly higher dividend yeild. Soooo close to 100k subs, keep it up Brandon!", "likes": 6}, {"author": "@whileimhere", "comment": "Merry Christmas - Happy Nee Year brother! 100k to finish the year? \ud83d\ude01", "likes": 1}, {"author": "@XenoHere", "comment": "Can you do a video where you show your whole port and positions? You could also show your historic performance. This would be of great value for the viewers, if your port has done well in the past and is today then the stock picks you recommend will be even more valuable as they have proved to be successful in the past. No one is interested in holdings stocks that are in a port that does not beat the market avg and to show you have outperformed will be of great value and will make your \"brand\" even better.", "likes": 0}, {"author": "@JonnieBlaze411", "comment": "Happy Holidays Brandon.", "likes": 1}, {"author": "@chrisevans7416", "comment": "Tell that to GE investors", "likes": 0}, {"author": "@JojoJohn62000", "comment": "Hey Brandon,\nThanks for the great video, Brandon!.\nCould you please share what tool do you use to study the company profile?\nLike the one where you compared Roger/Bell/Shaw/Telus and the same for Lockheed Martin.\nThanks in advance!", "likes": 1}, {"author": "@pandabear8142", "comment": "2020 the year even the dummies made money on the stock market.\nThanks for all your advice \ud83d\udc4d\ud83d\udc4d\ud83d\udc4d\ud83d\udc4d\ud83d\udc4d\ud83d\udc4d\ud83d\udc4d\ud83d\udc4d\ud83d\udc4d\ud83d\udc4d\ud83d\udc4d\ud83d\udc4d\ud83d\udc4d\ud83d\udc4d\ud83d\udc4d\ud83d\udc4d\ud83d\udc4d", "likes": 9}, {"author": "@financerules972", "comment": "With more money being printed and inflation coming I'm bearish on dividend stocks \ud83d\udc3b\ud83d\udc4e\ud83c\udffb", "likes": 2}, {"author": "@VinceFS", "comment": "Lockheed Martin is a good suggestion because Biden is stuffing his cabinet with hawks. Might want to hold off on buying it until they certify the election.  If Trump wins, he has a good record of not starting wars", "likes": 2}, {"author": "@turbofanlover", "comment": "Merry Christmas and a Happy New Year, dude.  Here's hoping for a lovely stock market correction in 2021.  Just call it a late Christmas present.  ;)", "likes": 1}, {"author": "@jasonstupak4535", "comment": "Watched and liked, thanks Brandon!  You might want to look into a microphone windscreen as your puffs of air are causing bass pops in your audio.  You said RioCan dropped by a third as well??  They cut their dividend by a third starting for the February dividend, but the stock itself only fell by about a dollar a share from that news.  Initially it was about $3 but it recovered quite quickly from that.  Plus it will be great for the company and shareholders long term.  Cheers!", "likes": 0}, {"author": "@RyanHarrisonYT", "comment": "Happy holidays Brandon!  Looking forward to seeing you hit 100k subs in the New Year!  I just started my own channel too, and hopefully I'll get to your level one day lol.  Keep you the great work in 2021!", "likes": 2}, {"author": "@anne-mariel3256", "comment": "Thx for all the good advices \ud83c\udf84", "likes": 3}, {"author": "@EXeyedoc", "comment": "Hey Brandon, excellent video as always. I've seen you using this website a lot (1:56). Do you mind sharing what website this is that you use? Thanks!", "likes": 2}, {"author": "@bbstar7", "comment": "Great analysis! Happy holidays.", "likes": 1}, {"author": "@JaelenGames", "comment": "I ended up buying some shares of Telus and will be adding to that throughout 2021. They are getting into the telehealth industry as I believe we will see the market shift more towards the healthcare sector.", "likes": 4}, {"author": "@luukdehaan4661", "comment": "Hello Brandon, I saw you did a collab with HelloFresh a couple months ago, I know it's nog completely your type of investment but could you consider doing a stock analysis on HelloFresh? It looks like an interesting investment to me", "likes": 1}, {"author": "@CaseyBurnsInvesting", "comment": "Getting dangerously close to that play button. Congrats dude.", "likes": 10}, {"author": "@CaseyBurnsInvesting", "comment": "I haven\u2019t even been paying attention to LMT. They might be the new Boeing type play.", "likes": 1}, {"author": "@scottscriticalmass", "comment": "Excellent video Brandon... While I'm not interested in Rogers, I'm very interested in Lockheed Martin and a couple of their defense industry peers.  I was heavily buying RTX (Raytheon Technologies) earlier this year and have recently been building a position in GD (General Dynamics), which I quickly built to 50% of desired position so far. \u00a0\n\nI've yet to initiate a position in LMT, but it's heading towards my buy range and expect I'll get the chance to buy it soon.  I'll likely treat it similar to GD & RTX, where I quickly build 50% of desired position & incrementally add from there.  You mentioned long term contracts, the U.S. government has LMT's F-35 program already committed through 2070, which is about as good as it gets.  Excellent choice IMO and hope to see us building our positions together. \u00a0\n\nMerry Christmas and Happy New Year my friend...", "likes": 0}, {"author": "@koolaidpuc", "comment": "Brandon bro, what is the plan though long term? Keep investing in them dividends stocks and building the stock portfolio or investing in real estate? Are you an owner right now of a condo or you\u2019re a tenant? Vancouver prices are sky high! Great video! Cheers bud !", "likes": 9}, {"author": "@digigamezone2744", "comment": "Your videos are always informative. Thanks Brandon", "likes": 1}, {"author": "@LifeofRichh", "comment": "Great video and picks! Happy Holidays", "likes": 1}, {"author": "@FinanceAP", "comment": "Interesting picks! Thanks!", "likes": 0}, {"author": "@beatrizjumawan8884", "comment": "Was here 10secs it was posted lol the competition lol", "likes": 0}, {"author": "@jasminejohnson8550", "comment": "1st!", "likes": 1}, {"author": "@ARJUNxSx", "comment": "first!!!", "likes": 0}]