[{"author": "@hasithasooriyaarachchi5788", "comment": "Hi, What do you think about AQN as a long term investment ?", "likes": 0}, {"author": "@momo35444", "comment": "great video Marc! thanks for your input. always great knowledge.", "likes": 0}, {"author": "@education4861", "comment": "Love these videos. Thank yoy sooo much", "likes": 0}, {"author": "@cirodirosa6752", "comment": "Folks \n\nNews.  Trudeau IS coming home.  He had failed to qualify for India's next moon launch.\n\nIt's a shame as he can withstand long periods of time without oxygen.", "likes": 0}, {"author": "@MountainFinance", "comment": "Hi Marc, great gob, as always :-)", "likes": 0}, {"author": "@annehenderson462", "comment": "I learned important information about search engines. Thank you.", "likes": 0}, {"author": "@Kevin_Street", "comment": "Thanks for another great video.", "likes": 0}, {"author": "@roberttaylor3594", "comment": "I am very concerned about the affordability of residential housing.  I'm sure there are many causes; I know the federal government got out of the residential housing game several decades ago.  I don't think AirBnB is helping, and if investors are buying houses, well, having a rental home isn't new, but this sounds like a whole new thing.  My daughter will need my help to buy a home.  I don't see how she does it otherwise.\nthere is a point where the debt doesn't get paid off in a reasonable time, it's very heavy...and you are basically a serf.", "likes": 0}, {"author": "@spacebarwasd9782", "comment": "The reason they sold the Canada division is probably because Chinese government ordered them to operate only in China...", "likes": 0}, {"author": "@puissance", "comment": "Thanks for sharing the news!", "likes": 0}, {"author": "@CoveredCallETFInvesting", "comment": "Thanks for the update Marc", "likes": 0}, {"author": "@Carol8693", "comment": "Shocked with unemployment numbers , mortgage impact on the economy,.  Thank you for another amazing presentation and for so well explained breakdown\ud83d\ude03", "likes": 85}, {"author": "@derekcox6531", "comment": "Netscape \ud83d\ude02 now that\u2019s a name I haven\u2019t heard in 20 years!  I do remember when one could use a program like web ferret to crawl all sectors of the net\u2026something that Google has made nearly impossible simply because most people have never heard of or used a crawler. Maybe it\u2019s good that we\u2019re all bubble wrapped in 2023 to protect ourselves from ourselves\u2026but I\u2019m not sure.\ud83e\udd14", "likes": 1}, {"author": "@MegsCarpentry-lovedogs", "comment": "Goodness!  A lot of layers of news tonight! Thank you Marc!", "likes": 3}, {"author": "@frans2551", "comment": "I love these videos \nkeep it going!", "likes": 0}, {"author": "@evadeanu1", "comment": "Thanks for the news, Marc. Much appreciated.", "likes": 1}, {"author": "@ajfresco", "comment": "Thanks Marc!", "likes": 0}, {"author": "@Fred-gu4of", "comment": "Google is going to crush them", "likes": 0}, {"author": "@xcom5121", "comment": "wheeeeeeeeee", "likes": 1}, {"author": "@rohanrath", "comment": "What are everyone's thoughts on the Google/DOJ situation?", "likes": 1}, {"author": "@RouRoro", "comment": "\ud83d\ude2e", "likes": 0}, {"author": "@beaviswealth", "comment": "\ud83d\udcc8\ud83d\udcda Join The Investing Academy \u27a4 https://bit.ly/theinvestingacademy \r\n\r\nIn this episode, we review The Bank of Canada key lending rate, Canada's August job report, Google's upcoming antitrust trial, Canadian investors buying real estate properties, RBC buying HSBC Canada, and the concentration of Crypto exchanges.\r\n-----------", "likes": 1}]