[{"author": "@beaviswealth", "comment": "Questwealth: Get $10k managed FREE for the first year - https://www.questrade.com/campaigns/QWPAFFL10K140\nWealthsimple: Get $50 in bonus cash when you deposit $500 or more - http://wealthsimple.sjv.io/7AO7Y\n\nBy viewer request, here is a COMPLETE comparison between Questwealth and Wealthsimple Investing Robo-Advisor platforms! Curious... which of these do you prefer? Leave a comment down below! \n\n\ud83d\udcc8\ud83d\udcda As always, if you're a beginner to the Stock Market in Canada and you're looking for a step-by-step blueprint on how to get started... Find out more about our Investing Academy here - https://bit.ly/theinvestingacademy", "likes": 5}, {"author": "@abhedpatil", "comment": "Could you provide an example of Questwealth avg returns, not what they project but a realtime example who\u2019s been investing for a few years and actual returns.", "likes": 0}, {"author": "@vaskoobscura_", "comment": "The one thing you forgot to mention was the fees you have to pay when you want to withdraw your funds. But overall good video. Thank you.", "likes": 0}, {"author": "@NB-bx7wc", "comment": "great job explaining!!", "likes": 0}, {"author": "@astromaxx7771", "comment": "Also- does queswealth auto reinvested ( DRIP) the dividends? Or do I have to DRIP them manually? Thanks!", "likes": 0}, {"author": "@astromaxx7771", "comment": "Thanks for the video. For the ETFs MER's- those are weighted based on their proportion in the portfolio correct?", "likes": 0}, {"author": "@CEEEEEEEEENA", "comment": "Thank you for pointing out the halal investment option , thats what i was looking for", "likes": 0}, {"author": "@sadiemoland2157", "comment": "Interesting to watch this video now, only a year later, and the Questwealth growth portfolio is performing just as well (actually slightly better) than the Wealthsimple growth portfolio. Really speaks to how quickly things can change.", "likes": 1}, {"author": "@magictotem492", "comment": "Hi Brandon. I want to hear what you think about rbc investease Thanks!", "likes": 0}, {"author": "@priayief", "comment": "I'm wondering how these robo-advisors handle transaction fees. Are these fees addressed in the MER for handling one's account?", "likes": 0}, {"author": "@chrisleavitt8738", "comment": "Some have 1~2% cash, what is that? Guessing a savings account at low interest?", "likes": 0}, {"author": "@Ryland_28", "comment": "It was going so we'll until the Questrade admission free. \ud83d\ude04\nOn all honesty though, this video was really well done. Clear and concise. \n\nIt would be great to see a walkthrough of using a TFSA to purchase shares and how the gains are dispersed into the account....if that even makes sense.", "likes": 0}, {"author": "@randisney6151", "comment": "Good overview but the one huge factor not mentioned is that QuestWealth portfolios are actively managed whereas Wealthsimple are entirely passive.  General consensus is that passive will always outperform actively managed which could be why we see better returns with WS despite the higher fees.", "likes": 0}, {"author": "@bmvp9844", "comment": "excellent video! all i need it to know thank you so much!\ud83d\ude0a", "likes": 0}, {"author": "@martinjjt", "comment": "Hey Brandon! Do you know if its possible to decide not to reinvest dividends and receive them as cash for example during retirement? Thanks", "likes": 0}, {"author": "@maplemumbai", "comment": "What about RBC InvestEase and BMO Smartfolio?", "likes": 0}, {"author": "@kenwarner5387", "comment": "Good video young man. Note that Quest has outside Canada funds, mostly and they hammer you with 1% exchange on currency. Adds significantly. Makes wealth simple more economical.\nAnd Quest is active (human intervention for rebalancing) and wealthsimple is passive. Big diff there", "likes": 0}, {"author": "@rockgosu4rocky883", "comment": "Are we paying every time the money change between CAD / USD every time they buying us stock or selling ?", "likes": 1}, {"author": "@gabitatari6764", "comment": "Very good explanation Brandon thanks", "likes": 0}, {"author": "@mostafaatef4757", "comment": "Very infomrative, thanks!  Can you please post a video on the different accounts type and which ones are better option? RRSP or TSFA?", "likes": 0}, {"author": "@andrewrozhen513", "comment": "Why Questrade is considered a much better platform for American ETF\u2019s or stocks? It has a charging fees when you are selling stocks (wealthsimple doesn\u2019t) and it also has a higher commission fees (2%) then Wealthsimple (1.5%)?", "likes": 3}, {"author": "@eyesontheprize6637", "comment": "Hi again Brandon, when I click on the WS affiliate link it indicates you get $25 free not $50.", "likes": 1}, {"author": "@eyesontheprize6637", "comment": "Thank you for this fantastic review. My guess is the WealthSimple Growth fund is more a reflection of what Questwealth has in both their Agressive and Growth Fund, so comparing Growth fund to Growth fund is likely not an accurate comparison.", "likes": 0}, {"author": "@hassanabdullahi8625", "comment": "If you have a Wealthsimple trade account can you also have a Wealthsimple invest account? \n\nLemme explain what I mean. If you purchase single stocks and ETFs on trade, can you also purchase ETFs on the invest platform?", "likes": 1}, {"author": "@sidvyas3081", "comment": "Hey Brandon ..just subscribed. Wanted to know on this comparison( Robo advisory for both of these) is there a transaction fee? say If I put 1000$ every week/month in either of these(Quest wealth or Wealth simple) will there be any fees and also if I withdraw say after 5 year 100$ every month.", "likes": 0}, {"author": "@abuarif7141", "comment": "Great video. Can I customize etfs & stocks of my choice in QUEST TRADE when robo adviser is used?", "likes": 0}, {"author": "@DonRade", "comment": "I was hoping you would've looked into last year returns for both platforms. Maybe they are closer together in the past year than they are from inception. I guess I will have to look for that myself. Thanks for the explanation though, I'm new to all this! :)\nI just looked that up and it looks like year over year they are negligibly close. Within a few %.", "likes": 1}, {"author": "@kolt1443", "comment": "Awesome video as always Brandon, thank you!", "likes": 0}, {"author": "@lastempire7302", "comment": "Is there any customizability to either of these platforms? I just want a robot who can automatically rebalance why preset percentage from the selected stocks/EFTs of my liking...", "likes": 0}, {"author": "@usinelachine8087", "comment": "thnks great video - really helpful!", "likes": 0}, {"author": "@meiapril2", "comment": "What do you think about this article from Money After Graduation. https://www.moneyaftergraduation.com/wealthsimple-vs-questwealth/  they say wealthsimple out perform questwealth 6x. So is wealthsimple a better choice than. According to Brandon, it's a slightly out performance between the 2.", "likes": 0}, {"author": "@Dave004", "comment": "If all they're doing is investing in ETF's for you, why not invest in ETF's yourself on wealthsimple trade or questrade and save the fee?", "likes": 8}, {"author": "@SoulLead87", "comment": "can you have a both tfsa account?", "likes": 0}, {"author": "@meganc5765", "comment": "This is the BEST comparison video I have seen. Thorough, to the point, simple and clear. Thank you sooooo much Brandon!!!", "likes": 1}, {"author": "@pepperanntocool7665", "comment": "Wealth simple is great for beginners, when you get more advanced you can use other stock sites to invest in", "likes": 1}, {"author": "@scottsibley561", "comment": "Does anyone know if you have to pay the 1.5 conversion fee on wealthsimple invest? Do ETFs come with the buying/selling fee like they do for self direct investing accounts?", "likes": 4}, {"author": "@jaydeecorpus2705", "comment": "Awesome comparison! Thank you Brandon \ud83d\ude0a", "likes": 0}, {"author": "@hangxu2154", "comment": "Commission free means they make money off bid/ask spread and delayed data..", "likes": 1}, {"author": "@brettmorris436", "comment": "18:58 \"2.5 mannshgftty\"", "likes": 5}, {"author": "@kirupaashankar6519", "comment": "One question, Since it invests in International markets does the currency exchange fees also come into play in both platforms. ??", "likes": 0}, {"author": "@doctordoom573", "comment": "could someone clear this up for me, for quest trade they have the 0.25% admin fee. The aggressive portfolio used as an example listed 5 ETFs so all of them have separate MER fees added to the 0.25%? so that would be much higher than the example of 0.38% in the estimated fees.", "likes": 4}, {"author": "@shellybrandes6772", "comment": "I feel mastering personal finance requires more than life hacks\u2014you have to look at your financial situation holistically and come up with a plan for how to manage your money. With a financial manager by my side I have been able to handle my investments better and make innovative decisions.", "likes": 15}, {"author": "@joshualucas2868", "comment": "The MER fee might be low for Questwealth but the ETF\u2019s they hold in their portfolio\u2019s have management fee\u2019s that make up for having a low MER. It\u2019s about preference tbh and which platform you\u2019re comfortable using.", "likes": 2}, {"author": "@johncarson1222", "comment": "Currently with a wealth management service through Scotia Mac. What does a person have to do if I wanted to move one or more accounts over to either of these robo platforms", "likes": 0}, {"author": "@oddixgames6704", "comment": "Hey Brandon, maybe you can answer this one - opening RESP account with any of those 2 - will they automatically apply for government bonds and add them to the account? Thanks!", "likes": 1}, {"author": "@oddixgames6704", "comment": "Great video! Actually, the word \"ROBO\" striked me up with a thought.. We invest in portfolios, made by algorithms, which pick up ETFs made by algorithms, which trade stocks using algorithms... What a crazy world we live in...", "likes": 0}, {"author": "@allens1330", "comment": "Thinking about investing 100k. Is my money safe at Wealthsimple?", "likes": 1}, {"author": "@alanrubio4523", "comment": "Perfect timing!!!! Im with Questrade  and i dont know if I should switch...", "likes": 0}, {"author": "@MartinMcClellanGT", "comment": "Wealthsimple for me! I\u2019ve been with them since October 2018 and I couldn\u2019t be more happier!!!", "likes": 8}, {"author": "@borderlesslife", "comment": "Wealthsimple is over until they offer a US dollar account", "likes": 1}, {"author": "@MichielVanTilborg", "comment": "Awesome video, Brandon! Really cool to see these new technologies and it's a great way to get your toes wet. Thanks for sharing! \ud83d\ude42", "likes": 1}, {"author": "@vibrantgoku", "comment": "What about a 3 fund portfolio vgro veqt and vus", "likes": 2}, {"author": "@doobieman111", "comment": "Thanks for the video, greatly appreciated Brandon, love your content.\nOne question- Questwealth has 0.25% management fee + 0.38% MER=0.63% fee. Wealthsimple charges 0.5% and that's it? That would make Wealthsimple having  both lower fees and better returns? Or am I missing something?", "likes": 1}, {"author": "@wantongaming6473", "comment": "What do you think of all in one portfolios like VGRO which has a much lower MER?", "likes": 2}, {"author": "@john-pauldakran2373", "comment": "Hi Brandon. I'm curious what you think about an Aggressive Questwealth ETF Portfolio vs. investing in VGRO.TO in a self directed account?", "likes": 6}, {"author": "@NetMelc", "comment": "I never understood the hype around Robo-Advisors when there are All-in-One ETFs like VGRO that offer diversification at just 0.25% MER. Are those people (robo-advisor customers)  just not aware VGRO exists?", "likes": 3}, {"author": "@nacroman90", "comment": "Im with wealthsimple since early 2018 and very satisfied", "likes": 10}, {"author": "@BuyanCubes", "comment": "Hey Brandon, do you think it makes sense for a young investor to have two investment accounts - one that uses a robo-advisor and one that is self-managed, both at the same time?", "likes": 2}, {"author": "@livinnbaballer", "comment": "Not a fan of Robo-Advisors personally. Would rather have a combination of self-directed investing and actively managed mutual funds with a reputable portfolio management team.", "likes": 0}, {"author": "@TorontoDrivers416", "comment": "Hey Brandon, do you think the stock market will crash if Biden wins the US election?", "likes": 1}, {"author": "@Paraphane", "comment": "Perfecting timing for a study break!", "likes": 12}]