[{"author": "@Rob-ob3sh", "comment": "Hi Marc, thanks for all your videos but this channel is not covering much in the way of stocks and what are good stocks to buy anymore. I would like to add one of my top pick in the past year is ARE  my average price is $10.61 and it\u2019s now $17.04 as one of my best buys in the past year. I\u2019m also thinking good time to buy more TD at under $80 and my top U.S stock is PLTR at $19.67 siting at $24 today", "likes": 0}, {"author": "@brettb9194", "comment": "This government has repeatedly shown itself to be corrupt - particularly in the award and administration of contracts - so whatever the intrinsic value of their policy, you need to always include the Five Finger Discount.", "likes": 0}, {"author": "@momo35444", "comment": "thanks for the video Marc. great knowledge", "likes": 0}, {"author": "@rossmacdonald3880", "comment": "Another great update!Thank-you Marc\ud83d\udc4d", "likes": 0}, {"author": "@Caffeinated_Money", "comment": "Housing is provincial jurisdiction", "likes": 1}, {"author": "@MonsieurLabbe", "comment": "Could you explain how the raise in carbon tax will affect the future of the Canadian economy. Rise of fuel cost, rise of delivery of goods, rise in inflation", "likes": 0}, {"author": "@chefandy72", "comment": "It's the wrong way. It's the way we got here.", "likes": 0}, {"author": "@chrishogan8125", "comment": "Why does it seem that ONLY the Federal Government is trying to fix the housing problem, when it's a provincial responsibility!?\n\ninterim CONSERVATIVE leader, Candice Bergen, was ALL over the news telling Trudeau to stay out of housing, and all Poilievre has done is blame Trudeau for the housing crisis...!?", "likes": 0}, {"author": "@chrisevans7416", "comment": "Liberals add more debt today 1.5 billion, 1 billion 2 days ago plus this 6 billion, 10 billion in borrowed money and only paying interest 51 billion more then they spend on health care for all of Canada 49 billion.Justin Trudeau did cause this housing problem letting in 5 million immigrants  when he knew only 200000 housing units were  being built every year across Canada.Now gas prices have risen today to highest level fueling inflation, I'll bet no rate reduction", "likes": 1}, {"author": "@peteryouwakim1425", "comment": "Is this now a news channel?", "likes": 0}, {"author": "@roberttaylor3594", "comment": "I remember when the Federal govt got out of housing. One of my first political opinions was formed at the time...", "likes": 0}, {"author": "@tomhook4819", "comment": "The Canadian government can always jack up development fees to $1MM  on each property. In that case, we need 6 trillion dollars or more.", "likes": 0}, {"author": "@GreedRuinsEverything", "comment": "CONSERVATIVE provinces resisting... and pretending they are the solution... typical, but seems to fool the low intelligence crown the aim to fool anyway", "likes": 1}, {"author": "@SloppyPlatypus", "comment": "What does 6 billion do if the country is growing at 1 million per a year? \n\nYou need to build wayyy more housing... almost into a boom. What happens with booms? The price of materials go up. The price of labour goes up...\nWhich mean the houses become more expensive.\n\nWe really are in a pickle. Im an electrician and I'd love my industry wage to go up but it seems like it will also make housing more expensive. Im cynical and I think the goverments solution will to bring in more immigrants who specialize in construction to keep wages low. \ud83d\udc4e\ud83d\udc4e\n\nThankfully \"I got mine\" but I really worry what my kids will be able to afford, and I don't care what prime minister is elected. They all suck. Nothing will change.", "likes": 1}, {"author": "@VinManKuz", "comment": "Hey, is that a bear back there?", "likes": 0}, {"author": "@michaeldautel7568", "comment": "Why not start a fund to build single room housing for our Homeless population with a drug system decriminalization and a job retraining plan?\ud83e\udd14\ud83c\uddfa\ud83c\udde6\ud83d\ude4f", "likes": 0}, {"author": "@fdroepman8351", "comment": "My God, who knows which pockets this money will end up in with no liberal oversight.", "likes": 0}, {"author": "@joe97nsx", "comment": "Prime minister vigorously spending everyone else's money trying to solve a problem he created by doubling annual immigration numbers.", "likes": 1}, {"author": "@drd4059", "comment": "How does taxing me more to subsidize someone else help me buy a house?", "likes": 11}, {"author": "@Thelifeofpie47", "comment": "Sounds like another money grab by trudeau", "likes": 0}, {"author": "@JCReive", "comment": "As someone in the trades we can't build faster be it resources or physical trades ppl you can't just make these things out of thin air and the politicians pushing these things know nothing of the industry. I'm not saying don't push infrastructure but we are always going to be playing catch up because I reasonable timelines and surplus demand. Just my opinion.", "likes": 9}, {"author": "@BTS-zq2vy", "comment": "Socialism without long term plan (like real socialism housing plan work such as in Singapore). In the end, the scheme will fail and they will blame it on socialism.", "likes": 4}, {"author": "@tanyaperrin8844", "comment": "It absolutely boggles my mind that we try so hard to get people to spend, when we have such a massive debt problem. STOP spending people! There are worse things than the economy not growing.", "likes": 7}, {"author": "@aelaan12", "comment": "Them sound like fighting words, bypassing the provincial government and the right to freedoms.  If federal gets a totalism, we are all doomed.", "likes": 0}]