[{"author": "@beaviswealth", "comment": "\ud83d\udcc8\ud83d\udcda\ud83c\udde8\ud83c\udde6 Join The Investing Academy Today - https://bit.ly/theinvestingacademy\r\n\r\nThank you to Passiv for supporting us in this video.\r\n\r\n\u25ba Passiv (Autopilot Portfolio Tool) - https://passiv.com?ref=RGAMTXSUAM \r\n\r\n#stockmarket #canada #theinvestingacademy", "likes": 0}, {"author": "@stevegreer1963", "comment": "Great video!!!  I have never heard Beta explained like that.  This really connected a lot of dots for me and makes so much sense. Thanks so much!!!", "likes": 0}, {"author": "@shirleycrosner634", "comment": "I like BMO ETF  - ZLB - Low Volatility index - well organized \ud83d\udc4c", "likes": 0}, {"author": "@Lawliet734", "comment": "Low beta stocks get killed in a bear market too!", "likes": 0}, {"author": "@janabrian9705", "comment": "Thank you! Could you make a video on how to use Passiv?", "likes": 0}, {"author": "@siam9845", "comment": "What does Passiv cost?", "likes": 0}, {"author": "@siam9845", "comment": "Brandon hug your dad!!!", "likes": 0}, {"author": "@ngo5614", "comment": "Great video! Your content never fails to deliver. Both Marc and Brandon are great at explaining concepts of investing. Kudos to you and your team!", "likes": 0}, {"author": "@mrpenumpela", "comment": "It's always good to remind people of the importance of blue chip companies. Thank you!", "likes": 0}, {"author": "@pleco101", "comment": "Your tactic shouldn\u2019t change at all. Focus on your core holdings and seize the moment, or retain cash if you haven\u2019t been building reserves.", "likes": 0}, {"author": "@Future-Gazillionaire", "comment": "Hi Brandon and Marc, do you guys think it is a good idea to dollar cost average into the big tech stocks during this dip in the market? Thanks!", "likes": 1}, {"author": "@Andie0728", "comment": "thank you for this vedio Marc! This is  so easy to understand while even easier to be neglected by lots of ppl. We need the reminder like this   from time to time", "likes": 0}, {"author": "@kimmckinley7879", "comment": "I share your videos with my kids also, good job!", "likes": 0}, {"author": "@nikhilmehta83", "comment": "Loved the maturity talks about  investing. You are speaking experience.", "likes": 0}, {"author": "@torontoBluejays87", "comment": "Always a pleasure to hear your advice Marc. As a new dad and In my early thirties I wish I had found your channel YEARS ago. I guess it\u2019s better to be late than never when it comes to responsibly managing your finances.", "likes": 0}, {"author": "@lw1405", "comment": "Marc I just found your channel and I'm really enjoying it.  I have a lot of questions!  I just watched the 4 part series on dividend stocks and this is where I need to put my money going forward as I am about 10 years from retirement with no pension and not a lot of money socked away.  Should I be putting dividend paying stocks in my TFSA or RRSP?", "likes": 0}, {"author": "@AgnesPelletier", "comment": "100%. This advice has held up really well for my TFSA. I own single boring stocks and single REITS, and the rest as ETFs. My RRSP is getting crushed because I haven't had the funds to build the boring ones to the levels I want yet, while TFSA is holding up ok. Literally living the difference across 2 accounts right now!", "likes": 3}, {"author": "@mdawg8770", "comment": "These things move in cycles, growth will come back in favour. now is the time to accumulate them, not buy coca cola shares \ud83d\ude04", "likes": 0}, {"author": "@superjedi14", "comment": "As always, thank you for the video.\nHowever I feel like it's a bit late to consider those boring companies now. They were likely valued lower back in 2021. The bear market we are seeing on tech stocks is very well welcomed in my mind as these companies _start_ to fall back down to reasonable valuations :)\nOf course having a balanced portfolio is key and with Passiv  it's easy to see where to trim and where to add. For instance my boring companies starts to be overweight while my growth companies are being underweight", "likes": 0}, {"author": "@gevitz77", "comment": "Part b to my question - with the recent FANG earning announcements and swift market reactions, it might seem like a time to buy. But, if 2022 continues on its current course, these high-betas may just keep falling further and further. It's really hard to tell when 2022 will settle, earnings announcements aside. Thanks Marc.", "likes": 0}, {"author": "@gevitz77", "comment": "I have been a fan of your and Brandon's videos since I've started doing some DIY investing in Jan 2022. I picked a heck of a time to start!? With the choice of the bluechips vs the high-beta FANG's/etc., a balanced portfolio will be more stable at any given time, in that in tough times like 2022, not ALL of your portfolio will have dropped 40-50% for example. But what about over a 10 year period - if you're buying and holding, aren't your high-betas LIKELY the ones to do better in the long run?", "likes": 2}, {"author": "@harrisonwolff7611", "comment": "I think u should drop Netflix and choose disney instead", "likes": 0}, {"author": "@harrisonwolff7611", "comment": "I like air Canada what are your thoughts", "likes": 0}, {"author": "@MegsCarpentry-lovedogs", "comment": "Yes, Marc, diversification in a portfolio is similar to effectiveness and importance when you talk about real Estate; location, location and....you guessed it....location!\ud83d\ude0a   When you own stocks, you are owing a sort of real estate. So, choose a wide variety  of \"locations\" such that if one \"location\" doesn't go so well for a while, you have the other \"locations\" to support your over all real estate portfolio.   Its amazing how it works!  I have not sold very much during this down turn because most are dividend payers which pay mostly monthly. But one recent sell was a quarterly paying dividend stock  that is one of the most volatile that I have, Medical facilities Ltd, Dr.  I was over weighted in it by quite a bit, it had reduced its divvy during the pandemic such that it no longer was paying over 7% but now paying less than 3%, and it was time to get more cash.. So I sold 75% of it, with a capital gain, and sitting with 20% cash waiting for more pull backs to buy either Cu or spb, both with nice dividends. One video that Marc did was that for dividend paying investors it was important to realize that if the companies are solid and stable then in a downturn it relatively doesn't matter if there is a dip because the main objective is to keep the stock and shares so be continue to be paid.  Yet, time and time again, the \"panic\" can set in and a person sells only to miss the income while waiting months for it to rebound.  Or one spends time looking for another company to buy during a down turn never really knowing where the bottom is to buy in!  So, Chill there Dividend investors....and for the most part, wait it out and enjoy your income generating regardless of the pull backs. Thanks Marc for the reminder; location, location location!\ud83d\udcc8\ud83d\udcc9\ud83d\udc4d\ud83c\udde8\ud83c\udde6", "likes": 0}, {"author": "@kelleyhaldorson209", "comment": "My beta is .86 if I remember correctly and I built it that way, for times like this, high inflation and the sky is falling!.  Thanks Marc for helping us prepare ourselves mentally for how we have constructed our portfolio's.  For me that has been a huge help.  Keeping to plan I have laid out for myself of just dollar cost averaging into the asset allocations/ETF's I have targeted, and picking some great companies at good prices.   For some who have that higher beta its probably nice to see that if they are patient and they have good companies they just might make a decent return in the future if they can remain patient.  For me the boring stocks are just as exciting as the growth ones.  Everyone's got to eat so why not buy a grocery store?  I'm an electrician and so the Energy and Utility stocks are in my everyday life so why not in my investing life.  The train blows its horn at least 6 times a day here so may as well make that sound as pleasant as a dinner bell to my ears.  Happy investing, and thanks for your hard work Marc.", "likes": 0}, {"author": "@KP-yi4nu", "comment": "All of Canada just got the cold that they hadn't had in the last 2 years \ud83e\udd23", "likes": 0}, {"author": "@paull7937", "comment": "So why not just buy a full index ETF like VUN, VCN and you will have a balance portfolio?", "likes": 2}, {"author": "@25ciskey25", "comment": "what do you think of the $ZYME purchase offer? Vancouver based biotech stock down 86%", "likes": 0}, {"author": "@hamedbozorgi4657", "comment": "You and Brandon are good hearted people who seem to really care about the audience. Your advices are great, please keep up the good work. \nAs a new investor what should be the course of action in this condition of the market? Buy reliable growth stocks (like google) at a cheaper price or lean toward more stable and dividend focused stocks (which are still mostly keeping their value) ?", "likes": 4}, {"author": "@relaxingwithnature507", "comment": "I do like your videos and advice. Would you mind doing old Canadian stocks? Like Walmart and coca-Cola. Thanks", "likes": 0}, {"author": "@LAOM3423", "comment": "Great video!", "likes": 0}, {"author": "@special8339", "comment": "Learnt a great deal. Thanks", "likes": 0}, {"author": "@roberttaylor3594", "comment": "\"...well, there are not many of you around\" comment ~7:55 or so is great. LOL. \u00a0\nAll of those high beta high growth stocks only make you a lot of money if you sell them; they seem to tend to have low dividends.\nI'd rather have a consistent dividend and SOME growth on top of that that hopefully adds up to at least 10%/year...maybe one day I will!", "likes": 0}, {"author": "@donzkietv168", "comment": "If you want to get rich  faster do it slowly...Many thanks Marc such another great video...", "likes": 0}, {"author": "@bozenahynek7381", "comment": "Thanks. Great video.Should I sell APPL and LMT since I am green and purchase again when the price go down?", "likes": 0}, {"author": "@CosmicRevolution459", "comment": "Instruction unclear, bought 12 Campbell\u2019s soup cans.", "likes": 0}, {"author": "@willkeen5010", "comment": "I\u2019m a Canadian dividend investor primarily. RY, BCE, CP and FTS are my biggest and boring positions but they do help me sleep at night. My dividends are approaching my working income and that is a great feeling. Just wish they could be all contained within a TFSA. I envy the younger investors that can maximize this awesome tool.", "likes": 20}, {"author": "@cutiecatboy", "comment": "thank you for sharing your much valued experience with us all Marc :) it's very much appreciated and i cannot stress this enough!!", "likes": 0}, {"author": "@thanhngo5859", "comment": "ARK has a 5 year investment time frame.  I own ARKK and have seen major losses YTD.  But I am a long-term investor in innovation and hope that these companies can deliver on their goals.", "likes": 0}, {"author": "@juanperez-gh8bl", "comment": "Es necesario tener un portafolio diversificado, tengo que aceptar que me gustan mucho las acciones de tecnolog\u00eda, pero tengo acciones de al menos otros 4 sectores.\n\n\"It's necessary have a diversified portfolio, I've to agree that I really like technology stocks, but I've stocks in at least 4 other sectors.\"", "likes": 0}, {"author": "@momo35444", "comment": "thanks for the video Marc!!! love the knowledge you give us. always welcomed!!!", "likes": 0}, {"author": "@khuo0219", "comment": "Seem like an exercise where more than 10 stocks are needed to prove the point. High beta is correlated with high return, but could be proxying for the inherent uncertainty in the business model that makes financial forecasting difficult. If I have to use a metric I would use P/E or EV/EBITA while factoring some growth projections. Also instead of talking about Arkk, I know Cathy is everyone's favourite pinata at the moment, you should find a few stocks from the fund and compared the beta. Otherwise you are comparing apples to oranges. Speaking of Woods, I think she had a poor strategy leveraging the Ark research (which is pretty good) into capital allocation. It is not because she was allocating funds all to high beta stocks", "likes": 0}, {"author": "@thereverendramirez", "comment": "weird question for you both: lots of experienced investors teach about business fundamentals when evaluating a company and whether i would want to own a piece of it.  how come with the recent 'earnings reports' this week and last, seems like the stocks don't follow, i.e., some posting great results but their stocks go down and others posting less than stellar results and their stocks go up (or don't go down as much).  as a real newbie investor, makes it seem so confusing that all the metrics you guys teach and we go thru just get thrown out the window in times like these?", "likes": 1}, {"author": "@thereverendramirez", "comment": "good advice.  thanks once again!  'balanced' or 'diversified' do encompass many concepts, altho its so easy to simplify but maybe one could also consider balanced as having a balance between 'high risk' (exciting/growth/fun) and 'lower risk' (boring/blue chip/'banks and railroads' haha eh brandon? lol) or look at differences in beta the way you did....  as always, well researched videos marc", "likes": 0}, {"author": "@florendogomezcasuga7043", "comment": "Those boring companies are sometimes called consumer defensive during inflation & recession. Strong dividends", "likes": 1}, {"author": "@JungleEddie", "comment": "Boring is good. For the longest time I only had Royal bank and a very low risk mutual fund that I made regular deposits to. I finally got enough accumulated in my mutual fund to cash out and diversify into three more boring stocks and an ETF. I chose TD, CN Rail, Fortis, and XIC. The plan is to hold for 12 years while adding to each when I have extra money.\nEdit: XIC has the highest beta at .98 which makes sense as it is trying to be the index.", "likes": 0}, {"author": "@JonathanElkoubi", "comment": "Hey Mark, I disagree, I dont think we should incorporate beta into out investment analysis and I think beta is one of the reasons fund managers cant beat the market. The problem here is that beta is inherent a short term signal  (1-3) years, there is an argument to be made for people who are about to retire but I would advise to not have a massive % of your portfolio into stocks if you need the money within 10 years. Short term fluctuations in stock prices shouldn\u2019t change your investment thesis it should only be used to acquire positions at undervalued prices. The fact that coke\u2019s stock wont fall as much during times of turmoil shouldn\u2019t mean anything to the long term investor, we should look at the growth at the price we pay for it. I hope I changed your mind, thanks.", "likes": 3}, {"author": "@george5663", "comment": "I agree. I have a mix of boring low beta stocks and high beta growth stocks in my portfolio. Any advice for FB and ARKK holders?", "likes": 0}, {"author": "@SeekingYahweh", "comment": "Awesome info once again!  You guys rock!", "likes": 0}, {"author": "@kirstenhunter125", "comment": "Thanks, as always! Good video, good advice, good amount of bluntness. Love every video you and Brandon put out.", "likes": 7}, {"author": "@shaunsmith3625", "comment": "You n your son are good hearted people you can always feel the genuine advice wanting to help people become more wealthy.", "likes": 21}, {"author": "@hugomcintosh4133", "comment": "You are correct in your assumption", "likes": 0}, {"author": "@evaldaska6541", "comment": "Thank you for sharing your expertise, I believe that people choose high growth stocks when they feel that their investment portfolio is small, therefore can risk more and hopefully grow faster, but the larger the portfolio becomes  the more we need to think about diversification and \"boring\" companies. In my understanding something like CPB beta is low because there is almost no individual investors, meaning that almost all investors of CPB are index fund investors. And its somewhat opposite for big tech names.  So if CPB would drop from S&P index, there would be almost no buyers for it, till it drops to the point when it becomes undervalued and  value investors/funds start to buy it. Please correct me if I am wrong?", "likes": 0}, {"author": "@davepierre3168", "comment": "Thanks Marc. I learned alot today. The Chart helps it put in perspective", "likes": 0}, {"author": "@Andrew.Ferguson", "comment": "Great explanation of beta and how it applies to a portfolio. Awesome video and well put together!", "likes": 0}, {"author": "@passivecultivator", "comment": "Thanks Marc! Really helps. DCA'ing into indexes should be good enough for most people... Or maybe use index as core, then 5-10% to 1 or 2 high growth stocks or assets.", "likes": 2}, {"author": "@duffporteous1039", "comment": "Thanks for this video! A nice calm pause in the recent mayhem. Where do higher dividend stocks fit into your equity spectrum? Banks (BNS.to Beta .83), Enbridge (Beta .94), Pembina (Beta 1.73)... The Betas for these stocks vary. The Beta for Pembina is high but I wouldn't call it a growth stock... Hmmmm What do you think? I guess I am wondering how important higher dividend stocks are to a balanced portfolio? Thanks!", "likes": 0}, {"author": "@andvfx", "comment": "Great videos as always! its on this times I wish I add more on my boring stocks. Now averaging down the big tech as its getting discounted.  Maybe a good another video could be.... on times when we can see discounts how much weight we should add to this positions we are averaging down as they are falling?", "likes": 1}, {"author": "@brucecampbell208", "comment": "Those boring companies will still be around in 50 years and still likely be making money.  The high beta stocks are not guaranteed to be around.  It is absolutely smart to have a balanced portfolio.", "likes": 1}, {"author": "@yo-brother", "comment": "Moral of the story is campbell soup is the future. As Tech stocks go up campbell soup goes up\ud83d\ude01\ud83d\ude02", "likes": 2}, {"author": "@marvinpham5180", "comment": "First", "likes": 2}]