[{"author": "@beaviswealth", "comment": "\ud83d\udcc8\ud83d\udcda As always, if you're a beginner to the Stock Market in Canada and you're looking for a step-by-step blueprint on how to get started... Find out more about our Investing Academy here - https://bit.ly/theinvestingacademy\n\nWhat sites do you guys use?", "likes": 8}, {"author": "@JulioCesar-mm3mm", "comment": "amazing bro your channel keep going", "likes": 0}, {"author": "@Prinxwill", "comment": "This has been really helpful to me. Why are company\u2019s P/E not always shown in the company stats", "likes": 0}, {"author": "@candiceboden42", "comment": "Brandon can you please do a segment on ethical investing.", "likes": 0}, {"author": "@SDADanCars", "comment": "Thanks man !", "likes": 1}, {"author": "@rpw1335", "comment": "Hey Brandon, This was a great video. I'm wondering if you've published one on portfolio tracking software? I'm just getting started, and have investments across a few platforms. What do you recommend for tracking all of it?", "likes": 0}, {"author": "@gurpreetsingh-py3nh", "comment": "Hi Brandon, Where I can get data for derivatives (daily open interest), volume, deliveries etc. in Canadian stock market.", "likes": 0}, {"author": "@imranmahmood1676", "comment": "It is indeed useful. Thank you!", "likes": 0}, {"author": "@ibrahimegal7186", "comment": "Cheers brandon", "likes": 0}, {"author": "@vivafreinotofficialhighlig7828", "comment": "Thanks for this info Brandon! I bookmarked all these to my browser. I hope to be as insightful as you soon.", "likes": 0}, {"author": "@fahimhassan675", "comment": "Any opinion on Morningstar?", "likes": 0}, {"author": "@kornshim", "comment": "love Yahoo Finance!", "likes": 0}, {"author": "@world55581", "comment": "@Brandon Beavis Investing What is your opinion on the Motley Fool? Good website for financial news?", "likes": 0}, {"author": "@nevillejames2200", "comment": "Wow great sites and tips", "likes": 0}, {"author": "@shamimreza-yq9kw", "comment": "Try to increase your video voice. Thanks", "likes": 0}, {"author": "@reishin4346", "comment": "2:32 Sorry a noob question, why is it a bad thing if Robinhood jumps in?", "likes": 1}, {"author": "@Qrazey", "comment": "Hey Brandon, I understand we small investors may use Robin Hood Quest Trade and similar apps, I was wondering what do these big investors use to invest", "likes": 12}, {"author": "@momo35444", "comment": "loved it, I was wondering which to use!!! such a useful video", "likes": 0}, {"author": "@davidjr1365", "comment": "Just what i needed. Thank you! \ud83d\ude4f", "likes": 0}, {"author": "@elijahlafountain3946", "comment": "@t recovering addict of a year on january 22nd and its been a long hard road and it would really help if at least a couple people who are thinking about getting into investing can help me and you get a free share", "likes": 0}, {"author": "@Sunhee515", "comment": "Thanks for a great video keep up the good work, as someone whose a beginner your channel helps a ton. Cheers", "likes": 0}, {"author": "@Sunhee515", "comment": "Thanks for a great video keep up the good work, as someone whose a beginner your channel helps a ton. Cheers", "likes": 0}, {"author": "@mrbsebt", "comment": "Please do a video on each tool explaining the best practices and how to use them! this video was great thank you", "likes": 3}, {"author": "@estellest-jean3408", "comment": "I use mornigstar.ca, it has a tool are and it is canadian", "likes": 0}, {"author": "@garrattearle4738", "comment": "Are there platforms that give 10yrs of financial history? Thanks", "likes": 0}, {"author": "@tediaxmonetize", "comment": "You are almost at 100k subs omg congrats !", "likes": 0}, {"author": "@mena376", "comment": "does anyone use msn money? The graphs look so nice and easy to read.", "likes": 0}, {"author": "@AvinashPullela", "comment": "Thanks for the video brandon , I had a question- on barchart.com , often the technical opinion and analyst opinion seems to be contrary. which do you trust more ?(ie after your own research)", "likes": 0}, {"author": "@craigfraser1048", "comment": "why wouldnt you want robinhood traders jump into your position? wouldn't they pump the stock up?", "likes": 0}, {"author": "@rivahkillah", "comment": "Thanks for this. More information is great.", "likes": 0}, {"author": "@DrAutoflower", "comment": "Can anyone in the comment section help? I didn't know about TFSA before I started investing in stocks 6 months ago and I now have all Canadian stocks using Interactive Brokers. How do I transfer my stocks from IB to my newly opened Wealthsimple TFSA account?", "likes": 0}, {"author": "@Miguel-yu9zv", "comment": "What's the best site for barchart if you wanna look at TSX sectors?", "likes": 0}, {"author": "@ishanmahotra4786", "comment": "Bro LOVE your videos.... i have started investing with the help of your guidance.......1 request can you please share your portfolio........", "likes": 0}, {"author": "@sweardesigns", "comment": "learnt somethng new today", "likes": 0}, {"author": "@moxiangmingxin", "comment": "Is there any good site/app to get alerts when stocks cross 10-day or monthly moving average etc? Thanks.", "likes": 3}, {"author": "@thanvikamayukha", "comment": "I am looking for this type of information long back. really you are amazing. appreciate your work and really valuable info!", "likes": 0}, {"author": "@MrDatAznKid27", "comment": "Can you make a video highlighting the most popular/useful stock indicators? Yeah these websites are great but at the end of the day if someone doesn't understand RSI's they're no use right \ud83d\udc4d\ud83c\udffb", "likes": 1}, {"author": "@dhatchanamoorthy1971", "comment": "I wondering which application are you using for seeing fair share value and market value. If you have time, please do a video on it.", "likes": 0}, {"author": "@junhatsam", "comment": "This is awesome. Thanks Brandon.", "likes": 0}, {"author": "@GetRightGameTight", "comment": "Needed this video. Right on time", "likes": 0}, {"author": "@ryanmccormick4899", "comment": "Simply Wall St is fantastic. The basic plan is free.", "likes": 0}, {"author": "@mohammadoskuie9345", "comment": "Thanks for the awesome information that you share. Very very useful tips. I'm an experienced investor and I wish someone like you was around to give me all those advice when I was starting 20 years ago!", "likes": 1}, {"author": "@kayvonmotamed", "comment": "It's all about that Motley Fool!", "likes": 0}, {"author": "@qp9vp", "comment": "I like to use Morningstar financials to get a fast easy overlook on a company. Mostly because im lazy. :) At morningstar you can see the growth in percentage of revenue, net income, earnings per share etc and this is nice for a fast check if its an interesting growth company.  But morningstar financials also give you a pretty good idea of the balance sheet cash flow.", "likes": 2}, {"author": "@wallyg8020", "comment": "Awsome bro i like this video since im just a beginner hoping into stock markets", "likes": 0}, {"author": "@m.rye.426", "comment": "A quick note on Barchart - I'm pretty sure you can actually view Canadian exchanges by clicking the small flag at the top right.", "likes": 0}, {"author": "@sharelaeidmichel6929", "comment": "We are on the same wavelength Brandon! I was literally looking for a video with this info today! Thanks", "likes": 2}, {"author": "@citizenoftheyearCC", "comment": "FINVIZ is another great site that I use!", "likes": 5}, {"author": "@piyushgaglani5255", "comment": "I love your presentation. Please give us a video for ETF. I have never bought any ETF, but it is very confusing . I will appreciate your series of videos for ETF - which are the best for small investors or startup investors", "likes": 2}, {"author": "@botmac1732", "comment": "What is your opinion of stockrovers ?", "likes": 0}, {"author": "@silm632", "comment": "Amazing video!  How can i see and check for example a company Q3 like BRK-B and their latest buys and sells?", "likes": 0}, {"author": "@benjaminloisel5849", "comment": "I was actually looking for a video like that you are the real mvp", "likes": 1}, {"author": "@djayjp", "comment": "Anyone know where one can get free info on average or median PE and PEG ratios for ETFs? Seems very hard to find. I know Ycharts has paid but wondering if free is available.", "likes": 0}, {"author": "@ananian.e3013", "comment": "Going to go through every site tomorrow morning, appreciate you Brandon B!", "likes": 1}, {"author": "@21ZacDUDE", "comment": "Who you cheering for Brandon?? (NFL)", "likes": 0}, {"author": "@gush5465", "comment": "Awesome video Brandon ! I usually use Yahoo finance and stocktargetadvisor.com I like it because you can compare 5 different stocks/ETFs from their growth to the dividend increases and all that.", "likes": 5}, {"author": "@turbofanlover", "comment": "All these vids recently.  I think somebody spiked your eggnog, dude.  ;)", "likes": 0}, {"author": "@eunoiafilms4689", "comment": "Thanks, this is a great help.", "likes": 1}, {"author": "@davidnguyen9210", "comment": "Thank you for the video Brandon. I discovered your channel last week and have been a fan since. Appreciate the great content!", "likes": 2}, {"author": "@A7ENB", "comment": "Youtube is my go-to", "likes": 1}, {"author": "@MoneyDaily", "comment": "GOOD video Brandon! Keep up and blessed 2021.", "likes": 0}, {"author": "@tenorref", "comment": "This is one of the most practical videos with regards to researching. I use Yahoo Finance a lot but these others offer a lot as well. Thanks very much, Brandon!", "likes": 3}, {"author": "@ecuasteelo", "comment": "Thanks for the share Brandon. Next on the list - Top 5 PAID sites? ;)", "likes": 2}, {"author": "@itissrinivasan", "comment": "Excellent. I was just stuck with ca.investing .. This is a great video !", "likes": 1}, {"author": "@itissrinivasan", "comment": "Hey Brandon, could you elaborate on why you don't want Robin Hood users entering the stock positions (I didn't understand the risk you're implying here)", "likes": 1}, {"author": "@busdriver3330", "comment": "Definitely one of your better videos.  Thanks for the info. \nStockchase.com is amazing as well. \nAnd The Globe and Mail can't be beat for investing and business news.  BNN is pretty great also.  And CNBC and CNN business are good as well.", "likes": 2}, {"author": "@dyingpentas", "comment": "Thanks Brandon! I use Yahoo Finance, seeking alpha and tradingview. But Wallmine really surprises me for its simplicity and usability. Will try it for sure", "likes": 5}, {"author": "@MrJamesDaniels", "comment": "Was using VB web scrapping code in Excel to get stock info. This video has made my programming obsolete. \u270c\ufe0f\ud83d\ude06\ud83d\udc4d", "likes": 0}, {"author": "@MrJamesDaniels", "comment": "This info is golden. One of your best videos!!! Thank you!!!", "likes": 2}, {"author": "@wasi4413", "comment": "Brandon you are really awesome \ud83d\udc4f", "likes": 1}, {"author": "@wendyjenae", "comment": "Really, really appreciate this video. I've been binging your videos over the past couple of weeks and I was wondering where to go to do more research. Up until I watched this video, I only found Yahoo Finance. My goal for 2021 is to start investing aggressively, but intelligently. Your videos have helped me get started on the path. Honestly, they have changed my life and I so grateful to you for taking the time to make them.", "likes": 2}, {"author": "@123darshil", "comment": "Why is it a bad sign to see Robinhood users jumping into our positions? That seems to be taking the price up", "likes": 2}, {"author": "@arunkoshy", "comment": "This is one of the most useful videos I have seen . Thanks Brandon", "likes": 1}, {"author": "@devbiol86", "comment": "Great run-through of the different platforms.  Thanks.", "likes": 0}, {"author": "@pradeepdarji5407", "comment": "I am just about to request to make a video about stock research website and you just uploaded..\ud83e\udd70\ud83e\udd70\ud83e\udd70Which is best paid premium membership for in-depth research value line or morning star? According to you", "likes": 1}, {"author": "@anthonydelvecchio7540", "comment": "I really like the research section in Questrade since we can export data to Excel. This way it is much simpler to analyze a company without making any copying errors when importing data. It is also free to use! Most of the free research websites would require you to pay to unlock this type of function.", "likes": 2}, {"author": "@baitach", "comment": "Brandon you rock! You\u2019re starting 2021 with huge enthusiasm! Keep going! Moe", "likes": 3}, {"author": "@RyanHarrisonYT", "comment": "Dude you are seriously on a ROLL!! 3 videos in 3 days that's unreal lol.  Look out Meet Kevin \ud83d\ude02", "likes": 24}, {"author": "@lucafigueiredo6005", "comment": "I would like to know your thoughts on Morningstar and if its worth the premium", "likes": 8}, {"author": "@lucafigueiredo6005", "comment": "FINALLY BRANDON", "likes": 0}, {"author": "@albond11", "comment": "Thanks for the info", "likes": 0}, {"author": "@type2life396", "comment": "Great vid !!", "likes": 3}, {"author": "@Russ-od2yy", "comment": "Football game?  Bro you're in Vancouver, Seahawks game isn't till 1pm ;)", "likes": 2}, {"author": "@ronp2023", "comment": "Thanks Brandon ! Very good video to start the new year . Ohh someone said 3rd for this week hehehe I am late", "likes": 1}, {"author": "@beatrizjumawan8884", "comment": "3rd this week Way to go Brandon!!! \ud83c\udf89", "likes": 4}, {"author": "@FinanceAP", "comment": "Yahoo! finance is goat! \ud83d\ude02", "likes": 20}]