[{"author": "@beaviswealth", "comment": "Thank you to Masterworks for sponsoring this video. Go show them some love! :D \n\nAnd thank you to everyone for watching. I hope you enjoy the video! Let me know your thoughts on my picks below... \n\np.s. What's on your Christmas list??? I'm hoping for a new basketball \ud83c\udfc0Cheers guys!", "likes": 5}, {"author": "@dylanward1039", "comment": "Hi Brandon! Could you please make a video on how you consider how much of a stock you invest in? I always want to invest in stocks and ETFs that you recommend but I am reluctant because I never know how much to buy. Especially when I only have a thousand or so as an initial investment. I would love to hear your tips/tricks or thoughts.", "likes": 0}, {"author": "@Omar-mv2yy", "comment": "I am really sure more than 100% sure that Apple is not going to be down eight is going to go hi again the results are going to go hi again the stocks are going to go up again absolutely because Microsoft and Samsung to an every company that is more poor is going to lose again and it\u2019s going to go down again Apple is going to win again", "likes": 0}, {"author": "@RealLifeMoney", "comment": "TSLA has been quite the ride the past few months haha. AAPL, the blue chip giant taking a huge hit recently! Willing to hold forever \ud83d\ude09Liking the picks", "likes": 1}, {"author": "@AdrianoBTC", "comment": "amazing videos man! keep em coming", "likes": 0}, {"author": "@MMAJOEY69", "comment": "Masterworks is actually such an amazing idea, I\u2019m about to invest in a Warhol painting", "likes": 1}, {"author": "@nativeinvestor3247", "comment": "Thank you, Brandon. I am a big fan of GIS at this price (particularly this late in the economic cycle!). Good luck with TSLA \u2013 my heart cannot handle Musk\u2019s tweets.", "likes": 0}, {"author": "@NoahsAsylum0137", "comment": "Another great video for the records and I just realized I wasn't subbed yet. So.. as off today, Im officially subbed! lol", "likes": 0}, {"author": "@scottscriticalmass", "comment": "Great video Brandon... I can't get behind TSLA at this point, but agree with your speculative investment thesis. \u00a0\n\nI own shares of GIS @ $41.20 and AAPL @ $69.15.  I plan on adding to GIS under $40 and have no plans on selling my remaining AAPL shares (sold about 1/2 earlier this year).  \n\nWhy do I like GIS?  Many of the reasons you listed.  I think they overpaid for the Blue Buffalo acquisition, but they can easily repay the debt with free cash flow over the next 3-5 years.  As the balance sheet gets cleaner, I expect share repurchases to accelerate and the share price to rise significantly.  I'll happily collect the dividend in the meantime.\n\nWhy AAPL?  It's no secret iPhone sales growth has slowed, but Apple will be just fine.  Even if sales stay flat, they'll generate crazy amounts of free cash allowing them to buy back shares increasing existing shareholders stake in the company.  I'm unconcerned about Apple's decision to stop sharing unit sales numbers.  It's all about revenue and margin and they'll continue to share those numbers.  As you said, Apple is probably the strongest company in the world.  I also believe they have something huge behind the curtains.  I already hold a significant position, but could see myself adding shares if it drops much further.  I don't like the idea of increasing my low cost basis, but I can think of worse problems to have. \n\nThanks for the video!", "likes": 3}, {"author": "@eliascampos9828", "comment": "Did you take into consideration finding high pesticides in general mills products?", "likes": 0}, {"author": "@goldenstateofmind4153", "comment": "Three stocks to in December \n\n1. Cloudera\n2. GW Pharmaceuticals\n3. Aurura", "likes": 0}, {"author": "@canine7236", "comment": "Great vid at what price are you getting more Apple", "likes": 0}, {"author": "@PositiveInvesting", "comment": "Solid picks - All 3 have been on my radar! And congrats on the sponsorship!", "likes": 1}, {"author": "@DeparturesCapital", "comment": "Awesome video! Congrats on the sponsorship ;)", "likes": 2}, {"author": "@nicholasczech6973", "comment": "Tesla is going to $700 very quick. Elon Musk will keep buying more stock. I am very bullish on Tesla and think it will go much higher! AMD is a Great stock as well.", "likes": 0}, {"author": "@ResourceTalks", "comment": "*I love how the whole community makes these Top 3 videos every month!*\n\n*And I'm happy to see you evolve at such speed! Did you use FameBit at any point? It looks amazing!*", "likes": 1}, {"author": "@zaldybitonga666", "comment": "Hey..Brandon! Good day to you, great picks and for me they are all long term investment. BTW you really are leveling up and you have sponsor now, good for you. Way to go my friend and cheers:-)", "likes": 2}, {"author": "@finbraintechnologies8738", "comment": "FinBrain analyzes and predicts stocks and currencies using cutting edge Deep Learning algorithms, you can visit our website for more.", "likes": 0}, {"author": "@IvoIvanov87", "comment": "Hey Brandon, nice picks!\nLove Tesla! I bought it at $300 just the day before \"weed podcast\" :D At the moment it's the only position in green in my portfolio, but I'm looking for Elon to do something stupid again so I can add some more shares at a discount :)\n\nBought Apple back in September at $218 so I'm absolutely buying it now as well at this discount :) This company simply can't go down, even if the stock does. FIY Most of today's new pro design apps are designed exclusively for mac\u00a0(I'm am UI/UX designer).\u00a0Photoshop is not the #1 tool anymore... Sinse 2016 it's Sketch app and some new players like FramerX, Principle, Origami by Facebook (all exclusively for mac).\n\nI'm also considering to add some more Dropbox (DBX) shares to my position as I opened it at $26 and it's now at ~20% discount, while they are beating the estimates, even if they are not profitable, I think they are very close to get there and have huge potential.", "likes": 0}, {"author": "@BenLeavitt", "comment": "Thanks for the steady tips my dude !", "likes": 0}, {"author": "@millennialinvesting8118", "comment": "I'm right there with you looking into consumer staples on a discount right now!\n\nAnd with Apple, I also don't care about the exact unit of IPhones, I care more about their EPS growth, services, and wearables. I think the sell off was an over reaction. I feel like the company can be pulled down more in the short term, but like Facebook, I find it as one of the only major tech companies at a reasonable value.", "likes": 0}, {"author": "@johnd.rockefeller3304", "comment": "Young men, let me open your ears to the greatest stock to buy: That of the Standard Oil Co. Our company is bound to succeed in the competitive marketplace by virtue of our perfection and efficiency. Independent oil refiners: Be warned. The Standard is fast approaching and will not be stopped. Sell out, and invest in our monopoly.", "likes": 0}, {"author": "@BrentInvesting", "comment": "Nice picks, I just added GIS + 5 other stocks to my wife\u2019s worth Roth IRA, it looks like a good value play + with their recent acquisition I think it was a smart move.  I\u2019ve been buying more AAPL too, but\u2019s it\u2019s been in my portfolio for nearly 10+ months now.  TSLA / FB are on my watchlist, tsla needs to deff come down a bit off its high horse - but FB is in a prime spot to announce insta changes and grow back up fast or if there is a downturn buy up some other companies that would grow them even more.\n\nAnyways later later.", "likes": 6}, {"author": "@2CommaClub", "comment": "Wow lots of Tesla haters disliking this video lol. I\u2019ll like it to give Tsla it\u2019s much due respect. :)", "likes": 2}, {"author": "@wfu321", "comment": "Nice work, Brandon.", "likes": 0}, {"author": "@RERE-hz7sf", "comment": "LOL that short segment of Vince McMahon had me rolling!! so funny and unexpected", "likes": 0}, {"author": "@serenityvan", "comment": "Good to see other Vancouver investors...Already have Tesla and Apple for long term in my portfolio will look at General Mills...Thx and good job on the videos", "likes": 1}, {"author": "@yoalixo", "comment": "*Tesla", "likes": 0}, {"author": "@danzwku", "comment": "Typo ;)", "likes": 0}, {"author": "@hobbies222", "comment": "One day u might recomend aurora and canopy as a buy", "likes": 0}, {"author": "@gvillalobos11", "comment": "Enjoying the videos. Good stuff.", "likes": 0}, {"author": "@MichaelJayValueInvesting", "comment": "Interesting to see what others are thinking each month!\n\nCongrats on the sponsorship, though I don't think I will be investing in art anytime soon :)", "likes": 7}]