[{"author": "@JungleEddie", "comment": "How to pick your first stock - Royal Bank. My next was a little more daring with Emera and then back to boring with CN Rail. I believe the fourth and final of my buy and hold quartet is Fortis.", "likes": 0}, {"author": "@kasharudner4971", "comment": "Great video, can you please make more detailed video referring to the Procter gamble graft you were showing us? Specifically when is the good time to buy, when not to buy. Thank you", "likes": 0}, {"author": "@noorfaris6348", "comment": "1) Choose your investment strategy.  High risk, low or medium? Dividend , value or growth? \n2) Invest in blue chip companies \n3) Dividend stocks \n4) Pick company you love\n5) Undervalued stocks", "likes": 1}, {"author": "@nolannernberg4627", "comment": "Thank you so much for this video! I am making this decision at the moment so it is super helpful!", "likes": 0}, {"author": "@faizan418", "comment": "I'm your subscriber and love your videos. Following your idea my grown my portfolio from 40k to 55k. I wanted to ask about tfsa limit. As my limit was 55 for 2021 and my investment has grown from 40 to 55 does that capital gain plus divident a part of tfsa limit, or capital gain is not , dividends are? Can you please clarify?", "likes": 0}, {"author": "@ShameerRavji", "comment": "Wow ur just like me in terms of first stock. McD\u2019s and Coke will be my first stocks in invest in once I get my tax refund. Love them and been loyal to them almost my whole life.", "likes": 0}, {"author": "@sylviao9752", "comment": "How many positions do you suggest holding in a stock", "likes": 1}, {"author": "@valm.5243", "comment": "Chips with the dip! Lol", "likes": 0}, {"author": "@WrestlingOne", "comment": "5:56 - what if you're a dividend investor and every month you buy shares, but it's a little higher than when you bout it last time? Do you buy it at the increased rate, or do you look at other companies that have a good dividend but at a cheaper rate?", "likes": 0}, {"author": "@CaioUechi", "comment": "Thanks for the tips! <3", "likes": 0}, {"author": "@Dj-uy1kp", "comment": "I m new to your channel, great video, thanks for sharing!!!", "likes": 0}, {"author": "@dannykim8021", "comment": "If youre a beginner, google which company has the highest market cap. At the time of this writing, it should be apple. Go ahead and put half your paycheck in apple. Watch it for 30 days. You will see it go up. You will see it go down. Read the news and research the company. So why invest first before you really dig into the company? Because human psychology. Natural inclination to study heavily into a business actually comes \"after\" heavy money deployed into it. Because the company is so good, you probably wont lose. But even if you do, the half paycheck you invested was well worth the new found education you got in 30 days, your stock market knowledge increased 30x.", "likes": 3}, {"author": "@trip_to_moon", "comment": "Hi Brandon, I am a Canadian newcomer. I have been watching your videos for a few months. I have a question, well plenty of them. I want, as a canadian resident, to execute a very risky strategy using Margin for long term holding ETF's. I see Questrade is quite expensive when using margin, and Interactive Brokers does not allow using margin on ETFs for canadian resisdents (it allows it for stocks) and I think they ask you to have 100,000 USD in your balance.\nHow would you do something like that?\nI've been looking too onto leveraged ETFs but they are not sure in volatile markets.\n\nMaybe this could be a nice topic for a future video.\nBtw, I am from Europe and I was executing this strategy with the DEGIRO broker (margin on Euros is cheaper, 1.6% annual in this platform, as interest rates are lower in the euro zone)", "likes": 0}, {"author": "@danieldaeseokoh7321", "comment": "Another great video! Thanks so much! Can i make a video request? Lets say you win a lottery, what would be your $50M portfolio looks like? Full disclosure, I didnt win a lottery lol. I thought it would be a fun video to make. Thanks.", "likes": 0}, {"author": "@0BRAN0", "comment": "Brandon- Hi my name is well... Brandon. I've been watching your videos for a while now and you are the first person to really start to make sense of the stock market for me. I really trust your opinions because you speak in plain, easy to digest English. I have a question to ask, hopefully you will see, if not I'd appreciate it if anyone else could weigh in. I am invested in XGRO, in you opinion do you think XGRO's asset allocation (especially when it comes to the different industry sectors) is strong enough to fair a recession decently? I do plan on long term investing so I know it'll bounce back eventually but still, mitigating losses is an interest of mine obviously. I've found it hard to find many videos or trust worthy articles on this subject so I'd appreciate any advice!", "likes": 0}, {"author": "@scottscriticalmass", "comment": "Excellent intro... I think #4 (Pick a company you love) is the most important, but I'd add to that and say 'company you love who's business you understand'.  Awesome advice Brandon!  I think a first stock investment is critical because done wrong, many will never invest again and that would be a true shame.  Cheers...", "likes": 2}, {"author": "@shawnlam3675", "comment": "Hi, just came across your youtube channel!   awesome videos! learning alot! thanks!   can you do a video on your current opinions on the Marijuana sector?  thanks !", "likes": 0}, {"author": "@navpreetsingh0001", "comment": "What about amazon right now???? it is hovering around 1730", "likes": 0}, {"author": "@Kevin_Street", "comment": "That's some good advice there. Loved the editing too!", "likes": 0}, {"author": "@TheMonkWay", "comment": "Eeny, meeny, miny, moe", "likes": 1}, {"author": "@qp9vp", "comment": "How many stocks do you have in your portfolio Brandon? Im at 36, so quite a few... Im considering scaling back because it feels like its too much to keep track on everyone. Let alone follow quartely reports etc. Especially the US stocks. How well read up do you really need to be? I mean its not like we, small time investors ever can have as much insight as a professional stock picker. What are your thoughts?", "likes": 4}, {"author": "@NickPeitsch", "comment": "Great intro \ud83d\ude02\n\nHope no one actually thinks GoPro is a value play... it\u2019s a value TRAP!", "likes": 4}, {"author": "@yknarfgnat", "comment": "Love the intro LOL especially the dart part", "likes": 6}, {"author": "@liyaowen3783", "comment": "Love!!!! Your intro!", "likes": 1}, {"author": "@11Alisher", "comment": "Great advice! I love dividends especially which compound effect, and while being young invest in growth stock that I think will do great in the next 5-10 years!", "likes": 6}, {"author": "@zeropro0", "comment": "i hit like before watching the video", "likes": 1}, {"author": "@sirsergio4663", "comment": "Awesome video! This is helpful because im 17 trying to learn everything about trading for next year when im 18", "likes": 1}, {"author": "@TG5879", "comment": "OMG great video!  And during the intro I was thinking pick GoPro!  lol", "likes": 3}, {"author": "@dylongarrett4779", "comment": "Great points! The intro was killer! \ud83d\udc4c", "likes": 1}, {"author": "@lI-tm2pn", "comment": "That was some awesome acting.", "likes": 0}, {"author": "@Domster19888", "comment": "Great video, loved the intro! My first stock was BNS, old faithful! lol", "likes": 2}, {"author": "@GenExDividendInvestor", "comment": "lol, love the intro.  I remember when I first got into investing, it was both a bit freaky and exciting :)", "likes": 4}, {"author": "@InvestingEducation", "comment": "Always good to look at the basics", "likes": 0}, {"author": "@f3wbs", "comment": "Wait I don\u2019t have to buy The Intelligent Investor and Stock Investing for Canadians for Dummies? Seems like I\u2019ll have to bring those books back. \n\nBut seriously another well timed video just in case we go into a recession.", "likes": 2}, {"author": "@annabernier653", "comment": "I want my children to watch this video !!!", "likes": 1}, {"author": "@annabernier653", "comment": "Great advice Brandon ! God bless you young man \ud83d\ude4f\ud83c\udffb", "likes": 1}, {"author": "@PassiveIncomeTom", "comment": "Great advice Brandon! \ud83d\udc4d Penny stocks look great but not many people mention how much they lost.  Slow and steady wins the race.  I love dividends especially now in this rocky market.", "likes": 2}]