[{"author": "@beaviswealth", "comment": "\ud83d\udcc8Join The Investing Academy \u27a4 https://bit.ly/theinvestingacademy \n\ud83d\udcaeBlossom Social (See My Exact Portfolio & Trades) \u27a4  https://getblossom.page.link/brandon", "likes": 3}, {"author": "@dale3869", "comment": "Older than you is Gen X.", "likes": 0}, {"author": "@CanuckDividends", "comment": "Great video, all good companies to invest in and a growing dividend is always a huge plus.  Well done. Short and sweet, to the point. I like it", "likes": 1}, {"author": "@CanadianDividendInvesting", "comment": "Lets go!!! Awesome video as always Brandon, great picks!", "likes": 0}, {"author": "@hos2841", "comment": "Let\u2019s get an update on that WS/Questrade portfolio!", "likes": 0}, {"author": "@joeydementia7488", "comment": "My favorite is GSY", "likes": 1}, {"author": "@ArturasDzeikas", "comment": "Its crazy that digital banking in Canada is like a new thing. Decades behind Europe\u2026", "likes": 0}, {"author": "@mattduprau2028", "comment": "Glad you mentioned Brookfield in here and ATD. Both absolute beasts in the TSX. - Great video as always! - @Millennial_Investor on Blossom", "likes": 0}, {"author": "@arigutman", "comment": "Great video, I don't invest into Canadian based companies, BUT here to support a fellow dividend growth investor!", "likes": 1}, {"author": "@a.sangrador112", "comment": "Hi Brandon! What do you call a stock that has good div rate, div growth rate, and capital appreciation at the same time?", "likes": 1}, {"author": "@cloudedjourney", "comment": "Vancouver BC or Richwut BC? don't minimize my hometown :D interesting picks.  The more research I do the more the big Railroads seem to be absolute killers. Just so dominant.", "likes": 0}, {"author": "@puneetsidhu8780", "comment": "thanks bro \ud83d\ude4f", "likes": 0}, {"author": "@MonsterArmy23", "comment": "What are your thought on leverages ETF's with extremely high yields? My goal is long term (20+ years) and I'm confident that the position will be in the green when (IF) I sell, so I don't really care about the annual performance. But ETF's like $TXF, $DGS and $ZWB all have crazy dividend yields. (15.13% - 18.81% - 7.32% respectively). Sure, they are much more volatile but like I said, long term is my goal. As long as the yield remains the same I should be laughing. Am I missing something?", "likes": 1}, {"author": "@BonjourKathyy", "comment": "Always enjoy the content!", "likes": 0}, {"author": "@Slickpete83", "comment": "*Brandon please do time stamp chapters in your youtube videos* \ud83d\udc4d\ud83d\udc4d", "likes": 4}, {"author": "@MountainFinance", "comment": "I am definately a big fan of EQB :-)", "likes": 0}, {"author": "@chrisevans7416", "comment": "With interest rates climbing and many renewing mortgages I see trouble for EQ and I think they do too. As an invester EQ was one of the top payers of interest in Canada ...not any more and many are pulling there savings out including myself . If we start seeing a run of defaults this stock will crash and burn", "likes": 3}, {"author": "@davdride4850", "comment": "\u2764", "likes": 0}, {"author": "@anthonysilva5312", "comment": "Is this a sponsored video?", "likes": 1}, {"author": "@florendogomezcasuga7043", "comment": "Wsp global, toromont industry", "likes": 0}, {"author": "@jasonstupak4535", "comment": "Watched and liked, thanks Brandon!", "likes": 0}, {"author": "@BdInvesting", "comment": "\ud83d\udd25\ud83d\udd25\ud83d\udd25", "likes": 0}, {"author": "@diegohernandez3791", "comment": "I love this stock. Own 30 shares, up 120%", "likes": 0}, {"author": "@eagerbeever22", "comment": "I own quite a few shares of EQB.TO & been really happy with it , other dividend growth stocks I own are ATD.TO  & BN.TO.", "likes": 0}, {"author": "@HamiltonRb", "comment": "I\u2019m going to suggest you and your dad colab on a three part series featuring a core portfolio of growth stocks for people your age, growth & income for pre retirement people and income for retirees. You can mix in Canadian and US stocks & etfs, as well as covered calls. It would be interesting because of the timelines as well as a young and older perspective. Think about it. It eould make a great 3 video series", "likes": 19}, {"author": "@martinhebert1758", "comment": "Toromont industries and Hydro Power are also some good dividend growth stock! Worth a look for diversification out of the financial sector :)", "likes": 0}, {"author": "@jessehamlin3420", "comment": "dollarama DOL, waste connections WCN, toromont industries TIH all doing great and worth a look - love ATD as well", "likes": 0}, {"author": "@momo35444", "comment": "great suggestion Brandon. thanks for the video", "likes": 0}, {"author": "@kimpm2117", "comment": "BCE, ENB and of course TD bank stocks", "likes": 1}, {"author": "@matty686801", "comment": "GSY is a better investment", "likes": 1}, {"author": "@bradleytalksmoney", "comment": "EQB has been on my watchlist for months, just waiting for a big pullback to load the boat. \n\nAre you worried at all about their high exposure to Mortgages in this market? Could be really bad if people start defaulting", "likes": 4}, {"author": "@jasonbiletski4098", "comment": "Great video as always! Love eqb it\u2019s my 1 or 2 top stock to add this year", "likes": 0}, {"author": "@andrewsharpe7630", "comment": "Obligatory: \"I wish I had bought more when it was cheaper\" comment.\nHeck, even at today's price EQB is a good buy if we are looking at a 5+ year time horizon. Same with BAM, both companies claim they can accomplish a CAGR of double digits for the next five years. \nI believe both EQB and BAM are reporting earnings this month. I'll likely wait until then to buy more, depending on their results.", "likes": 0}, {"author": "@bonbraker1275", "comment": "Hey Brandon I'm a new investor and you put me on this stock and I really appreciated would like for you to do another review on it *****QSR$$$$$great pick body", "likes": 0}, {"author": "@turbofanlover", "comment": "Love EQ Bank...as a customer.  Don't own the stock yet.  Going to need a pullback from these levels.", "likes": 0}, {"author": "@dominiquetheeasyminimalist", "comment": "I got BAM early January and it\u2019s up 15%, I\u2019m happy! But BN hasn\u2019t been doing great, I hope it will pick up over time \ud83e\udd37\u200d\u2640\ufe0f", "likes": 1}, {"author": "@lw1405", "comment": "Gen X here- I use EQ Bank for savings- they have good interest rates.   I have two issues with EQ Bank- #1- their online platform is unstable.  There are challenges logging in some days & issues connecting an external bank account and some days it just randomly logs you out.  They need to invest some money here.  #2- considering it has no brick and mortar location & the stability issues with linking an external account, they should increase their ridiculously low e-transfer maximums which currently sit capped at $3000.00/day and $10,000.00/ in 7 days.  This is why I don't invest in their stock.  Its been on my watch list for sure but they need to do better.", "likes": 0}, {"author": "@tidy", "comment": "I have bank stock with different Canadian banks. Should I sell it or keep my bank stock?", "likes": 0}, {"author": "@gabrielrivest3872", "comment": "What would you consider a good valuation for ATD and CNR then?", "likes": 1}, {"author": "@goldman1195", "comment": "i like gsy as well.", "likes": 5}, {"author": "@bigmax1559", "comment": "What books do you recommend to start trading?", "likes": 1}, {"author": "@patrickboyer4688", "comment": "Cool, love EQ bank. You should do a video on Bn/BAM.  You were the first youtuber that introduced me to them in 2020.", "likes": 9}, {"author": "@chrisw3904", "comment": "i love these stocks", "likes": 1}]