[{"author": "@beaviswealth", "comment": "\ud83d\udcc8\ud83d\udcda As always, if you're a beginner to the Stock Market in Canada and you're looking for a step-by-step blueprint on how to get started... Find out more about our Investing Academy here - https://bit.ly/theinvestingacademy\n\nThank you to Passiv for sponsoring today's video - https://passiv.com?ref=RGAMTXSUAM", "likes": 1}, {"author": "@dennispabonita8633", "comment": "Always great content Brandon,, good job , thanks", "likes": 0}, {"author": "@waynebrightman1377", "comment": "Life stinks and you dont help", "likes": 0}, {"author": "@WiseOwl_1408", "comment": "Rogers? They are disgusting.", "likes": 0}, {"author": "@cloudedjourney", "comment": "I just own Telus and Telus international (which has taking a serious dive) Didn't Rogers have some weird issues where it had two management teams claiming to have control of the company and trying to fire the others?  Seemed a bit messy.", "likes": 0}, {"author": "@simonledoux2744", "comment": "Isn't Unilever a British company? I love how you put logos and pictures on the top left of the screen against the pale wall, well done!", "likes": 0}, {"author": "@joeypeteza3554", "comment": "I like UL I use most of their product \ud83d\ude02", "likes": 0}, {"author": "@denism.6167", "comment": "Great analysis of the recommended stocks. Been listening to you and you father for past month. You guys are really good. I appreciate your input and advice.", "likes": 3}, {"author": "@pavanp1130", "comment": "Thanks for your videos.. could you please share your thoughts on Aritzia as the stock continuously falling 7 to 9% for the last 2 to 3 days. Can we buy now ?", "likes": 0}, {"author": "@MrAwesomestar7", "comment": "Rogers is trash", "likes": 0}, {"author": "@Loiswomgawesome", "comment": "I don\u2019t think I would ever invest in an US dividend stock in my TFSA because of the 15% withholding tax\u2026 and I\u2019m not making enough annually to used my RRSP yet", "likes": 0}, {"author": "@andrewcrisos3393", "comment": "Hey Brandon! Do you like Tencent music?", "likes": 1}, {"author": "@Yankalexia", "comment": "Why aren\u2019t you guys talking about the stocks going downnnnnn????", "likes": 1}, {"author": "@patassion", "comment": "Can you tell me how much your classes are?", "likes": 0}, {"author": "@azurebeats_", "comment": "This is totally unrelated, didn't expect to run to it on this channel but I like the \"Mesmerize\" intro \ud83d\ude06", "likes": 0}, {"author": "@jilving1850", "comment": "Guys, I have a question. Have you heard the news that MetaMotorClub is releasing new car-themed NFTs, who will buy them at the presale price? Also, each NFT holder will get 5 B2PX tokens Airdropped", "likes": 95}, {"author": "@Kpizzo", "comment": "Unilever not in a great industry for high inflation, relatively high pe for their growth rate and hovering close to a dividend rate that won\u2019t be easily raised (75%)", "likes": 0}, {"author": "@EmmanuelFrimpongManso", "comment": "what's the difference between the class A and B shares for Rogers?", "likes": 0}, {"author": "@nansw644", "comment": "What is going to happen with Ukraine/Russia conflict? Should I sell my stocks?", "likes": 0}, {"author": "@tubetop123", "comment": "One could have bought RCI at $47\nI'd wait till $62 to buy", "likes": 0}, {"author": "@samuelhernandez2542", "comment": "Really like Unilever! Great video\ud83d\ude01", "likes": 0}, {"author": "@reneecheng215", "comment": "Thx very much for the video.  Would you suggest Telus too as it has better yield than Rogers?  Thx", "likes": 0}, {"author": "@brianfantana8510", "comment": "UL at 5 year low, contrarian pick, not much downside which is good in this market. Nice pick on Cenovus a few months ago BTW.", "likes": 0}, {"author": "@GABDILIVE1", "comment": "I like this guy's videos. But people, be careful when youtoubers are boosting specific companies.", "likes": 0}, {"author": "@rashon3486", "comment": "Thanks for the video Brandon.  I\u2019ve been thinking about some other dividend stocks that you\u2019ve mentioned in the past (Power Corp and ATCO) Do you think these are okay to start buying now?", "likes": 2}, {"author": "@ShameerRavji", "comment": "Thx for the vid. Have Unilever on my watch list . Not really a fan of RCI and BCE. Have T.TO in terms of my Canadian telco exposure.", "likes": 3}, {"author": "@chrisskyllas1309", "comment": "Disagree. IMO, I stick to the best one or two stocks in a specific sector (in this case Canadian Telecom), and I'd pick Telus or Bell (in that order) before Rogers.", "likes": 1}, {"author": "@BURGATRON", "comment": "Unilever looks pretty good but their payout ratio is a bit high.", "likes": 0}, {"author": "@eac381", "comment": "I really enjoy your's and your dad's videos and insights  and I understand the idea of increased dividend yeld on cost, but what  is the rationale for buying a 3% stock like Rogers right now rather than something like Enbridge or Bell or Telus or a Big 5 bank that has the higher dividend now and increasing from there without waiting for the inccreased dividend on cost later? Why not wait for a dip on Rogers to get a higher yeild while focusing on the others in the meantime?", "likes": 5}, {"author": "@kelleyhaldorson209", "comment": "Thanks for the video and insights.\nI own Unilever already!  I went with them over PG just for the international diversity.  I'm down on the position currently and unfortunately no money right now to add.  I would love to add at this price.  \nRodgers!  Not a huge fan of actually.  I picked Telus but am a little concerned about it too, thinking of selling and just putting it into my ETF choice of VDY.  I gotta think about it still.", "likes": 1}, {"author": "@orientdiversityinc9592", "comment": "What is your comments for pizza pizza?", "likes": 1}, {"author": "@leagueplays2100", "comment": "ya, rogers i would never buy", "likes": 0}, {"author": "@Silv3r03", "comment": "I tried to setup passiv through your link but I can\u2019t because they don\u2019t have BMO Investerline. Is there something I\u2019m missing.", "likes": 0}, {"author": "@Silv3r03", "comment": "Will I charged a withholding tax in my RRSP since it\u2019s a British based company. I bought Medtronic in it and I\u2019m getting dinged.", "likes": 0}, {"author": "@jasonthompson4465", "comment": "How would withholding tax work on UL inside a TFSA? seeing as it is not a US company", "likes": 0}, {"author": "@ThaGreatestAlexander", "comment": "Regardless of stock performance history and potential i would never give a company i don\u2019t support $1. Rogers is that company.", "likes": 0}, {"author": "@ArmaniV03", "comment": "Which website were you using at 11:03?", "likes": 0}, {"author": "@Slickpete83", "comment": "*Elon Musk will create starlink internet from satellites which will destroy Rogers/Bell and cost $99/month and will work anywhere, possible maybe , what does everyone think about that*", "likes": 1}, {"author": "@gush5465", "comment": "I wouldn't invest a 1$ in Rogers their dividend increases has been nothing but stagnant and with the inflation going wild I want something that keeps up with it so Bell and Telus is the two companies for me even QBR is a better performer then Rogers and their dividend growth has been awesome lately.", "likes": 2}, {"author": "@florendogomezcasuga7043", "comment": "Procter & Gamble and Telus. \nDefensive stocks during inflation.", "likes": 1}, {"author": "@Slickpete83", "comment": "*great video as always \ud83d\udc4d, are there any good consumer staples ETF's that are hedged in CAD?*", "likes": 2}, {"author": "@luke67mark", "comment": "like VDY ETF", "likes": 0}, {"author": "@smallmj2886", "comment": "\"I'm paying and paying and paying.\"  There is no better description of the Canadian Cell Industry.", "likes": 10}, {"author": "@Lawliet734", "comment": "UL generates no capital gains; its price is lower than before the pandemic, two years ago, even including dividends.  Also, its dividend yield is too low.", "likes": 0}, {"author": "@marcotrotta5169", "comment": "I'm not sure there is a long term right now. Lots of rumours of a serious correction on the way. Thoughts?", "likes": 1}, {"author": "@winstonsarte1961", "comment": "Jolibee stocks", "likes": 0}, {"author": "@matty686801", "comment": "I prefer Telus and Bell for a longterm investment", "likes": 9}, {"author": "@clarifyingquestions", "comment": "I would love for you to do a deep dive on BABA.", "likes": 0}, {"author": "@Mikey-vt3to", "comment": "Doesn't the U.S. apply a 15% withholding tax on these dividends on U.S. stocks??  SO that really reduces the 3.87%   Also, wasn't inflation at 5.1% for January, up from 4.8% in December?  So Brandon, aren't you losing money, if you are not keeping up with annual inflation?  Rogers is absolutely horrible in the north, especially with their wireless coverage. Most people I know have service with TELUS or BELL or SHAW.  I see rogers as extremely risky!  Rogers doesn't have any cable service in much of Northern Canada.  I'd love to hear your thoughts on these comments. I love your videos and have received excellent advice from your videos in the past.", "likes": 1}, {"author": "@mohamedzmahmoud3470", "comment": "I do really respect you for mentioning the stock name in the video marker and you not click baiting. Respect", "likes": 3}, {"author": "@chrisbrug7924", "comment": "I will sell all my investments in Canada as soon as market opens. I was born in Soviet Union. And i hate things that happen in Canada now. No matter what is your views in that world. Things should not go that direction like they are going in Canada. We actually call it Soviet Canada now. So sad.....", "likes": 3}, {"author": "@benpolley4282", "comment": "Rogers dividend yield doesn\u2019t even compete with the price of inflation", "likes": 6}, {"author": "@kartiksharma-bw7is", "comment": "Good stuff", "likes": 0}, {"author": "@terry8451", "comment": "Thanks Brandon  for the research  and recommendation on Unilever. This is one stock that would not have shown up on my radar. I think this would be an excellent addition as a dividend stock to my US holdings for the diversification. It is always great to own stock in something you always buy day to day and they own many products our family uses.", "likes": 1}, {"author": "@adityakulkarni3728", "comment": "Personally I would not invest in Rogers solely because of their governance and the way company is run. The recent dramas in the company doubt the company's vision and execution. Not a long term bet for me.", "likes": 27}, {"author": "@Nicolasdu5", "comment": "Can you look at jwel?", "likes": 0}, {"author": "@edrush649", "comment": "Good pick, I personally went with Intel for US divident, stock price is getting pushed down to a nice 9 PE.", "likes": 1}, {"author": "@beefiee", "comment": "Wooo new video", "likes": 0}, {"author": "@faridbenzema6177", "comment": "first", "likes": 0}]