[{"author": "@beaviswealth", "comment": "\ud83d\udcc8\ud83d\udcda As always, if you're a beginner to the Stock Market in Canada and you're looking for a step-by-step blueprint on how to get started... Find out more about our Investing Academy here - https://bit.ly/theinvestingacademy", "likes": 2}, {"author": "@trishthedish1536", "comment": "Keep in mind that the police are not able to get you your money back or know where these scammers are, they have hidden ip address and are usually from a country overseas.", "likes": 0}, {"author": "@jakewestcoast4661", "comment": "This video should be shared many times over. In my experience I have seen people invest not only a lot of money, but also a lot of their time in \"pump and dump\" type scams such as bitcoin, GME/AMC and such. It really is not worth it. Usually when I ask them how their \"plan\" is working, they usually laugh and say that the value is currently down. Seek professional advice. Use channels like this where you have CPAs teaching you valuable information and verify what you learn with other creditable resources such as a financial advisor if you feel you need to. \nReally enjoying the content that this channel is producing with Brandon and Marc. They have reinforced a lot of the information that I have learned through books by so called \"boring boomer\" investors. Still a long way out from my financial goals but slowly making progress with help from ones like Brandon and Marc!", "likes": 1}, {"author": "@khuo0219", "comment": "Another form of the Spanish prisoners scam is that they tell you that you won a prize but need to pay the import taxes to get it. I have a cousin that fell for that. I could remember trying to convince him that this is a scam but he did it anyway. Sometimes people get stuck in such a mindset and the scammer really got them.", "likes": 0}, {"author": "@khuo0219", "comment": "Love the fact that Marc is reading and disseminating academic research. I report the bitcoin scammers every chance I get. I hope more people do the same.", "likes": 0}, {"author": "@cirentXD", "comment": "I don't know why but this did not show up in my subscription feed", "likes": 0}, {"author": "@davidluong5651", "comment": "AMC buying frenzy drove it from $10 to $70+ in DAYS, not weeks / months or years. Millennium investors should be proud!!!!", "likes": 0}, {"author": "@ragetotheend", "comment": "would have liked more stock market scams.", "likes": 0}, {"author": "@raptorsfanboy", "comment": "Very helpful video. Not related to investing, but my mother did fall for a \"yahoo\" tech support scam. As a millenial and pretty tech savvy, even I could see how she could fall for it. Very important to be aware of the tricks out there.", "likes": 0}, {"author": "@FellatioHoratio", "comment": "I have a real smart educated friend and he's all in on GME. He's positively reinforced by reddit and videos on youtube. Modern day scams are scarier than the olden days", "likes": 1}, {"author": "@Kamuri93", "comment": "Great Video! \nThank you Marc.", "likes": 0}, {"author": "@joygatewood8028", "comment": "Brandon please be aware that the stock market investing channels have a lot of scammers in the comment section. You may want to warn your viewers. The Plain Bagel mentioned it in their youtube video: YouTube Has an Investment Scam Comment Problem. I've seen someone who is impersonating you on several comments in other channels.", "likes": 0}, {"author": "@madhavladdha5226", "comment": "I wish this video came out a couple of months ago before I got scammed by a network provider impersonator and lost some money. Anyways, great video which I will recommend to my friends and family to watch too! Thanks", "likes": 1}, {"author": "@nunosousa3538", "comment": "I loved the video.\n\nBut was funny, but when you talk about influencers, it comes to my mind the video \"My Canadian Speculative Stock Pick For 2021! (JUST ADDED)\"", "likes": 0}, {"author": "@nunosousa3538", "comment": "Guys, you are losing my trust.\nDon't delete the negative comments.\nBe honest, please", "likes": 0}, {"author": "@Old_SnakeTwitch", "comment": "stupid ass belfort", "likes": 0}, {"author": "@anocheceres", "comment": "THIS IS SOO IMPORTANT to remember! Those scammers are in business because of people not believing they could ever be victims of fraud.", "likes": 0}, {"author": "@joeynezer1", "comment": "I don\u2019t know if pyramid schemes are scams but I have been a victim to so many pyramids schemes. I don\u2019t want to mention any I have been in,  But I learned my lesson because I invested a lot and never got any returns. So my question is would you invest in any pyramid schemes and if yes which what are the pros and cons of pyramid schemes?", "likes": 0}, {"author": "@lokintpk10", "comment": "Nice background..", "likes": 0}, {"author": "@InvestingRoofer", "comment": "Great video Marc!  Unfortunately very needed in this time and age, thanks for a lot of good information, keep up the good work!", "likes": 1}, {"author": "@donmcleod2235", "comment": "Buyer beware, it is always good to have your guard up.\nMany times if it is too good to be true, it maybe not.\nFool me once, shame on you.\nFool me twice, shame on me!\nFollowing a rainbow \ud83c\udf08 to a lot of gold, usually has you finding an empty lot.\nIf it's easy to get rich, everyone would be rich.\nDue diligence is a first defence to find out for yourself if facts given you are true.\nBS baffles brains.\nA sucker is born every minute.\nHang these well true sayings about your desk as a reminder that fools rush in where wise men fear to tread. That is why wise men are rich. \"Wise men\" if course should be \"wise people\" to be \"politically\" and \"Socially\" acceptable. Left historical saying to show progress our modern civilization is transitioning.\nOnward!", "likes": 0}, {"author": "@DabloEscobud", "comment": "Really liked the history lesson and how you tied it in with the comment spammers. Thanks again Mr. Beavis!", "likes": 0}, {"author": "@robertz7294", "comment": "I ordered a few things online recently from Russia.  About 2 weeks later or so, I received an email from DPD saying that an attempted delivery of a package was made, but I wasn't there to sign for it etc.  They asked for a small fee for another delivery.  This usually happened on a Saturday, funny thing was I was at home most times.  The link looked real but when you tried to click on different parts of the page, some of the sections wouldn't respond to a click of the mouse.  The one link that did work was for the payment.  I found this odd, so I checked out 'DPD package scams', and sure enough, it was real.  I went to the real DPD website, and all the links worked.  I thought I was losing my mind, maybe I didn't hear the doorbell.  In the end, I didn't send them anything, I'm glad I did a little research before blindly sending money.   Cheers.", "likes": 1}, {"author": "@monodensity", "comment": "It's nature for people to always want more but without knowing the limit of our own, we can easily fall into the trap and dump all our live saving in it. It is true that GME stock event are driven by reddit but a lot of people on reddit also kept telling people \"to invest what you can lose\".", "likes": 0}, {"author": "@saramestn8599", "comment": "Hii", "likes": 0}, {"author": "@eworknow1889", "comment": "Can't know how I bumped onto this. Anyway Awesome video \ud83e\udd29\ud83e\udd29\ud83e\udd29. I also watched those similar from mStarTutorials and kinda wonder how you guys make these vids. MStar Tutorials also had cool info about similiar make money online things on his vids.", "likes": 0}, {"author": "@gardyjoseph7542", "comment": "Thanks Marc, this was very informative, very much appreciated.", "likes": 0}, {"author": "@rickjames342", "comment": "Unfortunately we need to act as if they are all scams until we investigate to find out other wise. good luck", "likes": 0}, {"author": "@eco3thoughts286", "comment": "Lol! It's all good Marc...And another points I wanted to mention earlier. You should be careful when you and your son are talking about your personal portfolio or your personal life. Nothing to major, but gradually you are giving more and more info. Don't forget, we are all strangers here to each other. Scammers, gold diggers, fake friends are everywhere...You know what they say...\"flattery is a trap\" or \" money brings a lot of (fake) friends \". And even though i m full aware of what it brings to have subscribers and that you have to keep us interested,  be careful please....not worth it. But thanks for your help.", "likes": 1}, {"author": "@gush5465", "comment": "Hate scams specially when it comes to seniors !", "likes": 0}, {"author": "@juanperez-gh8bl", "comment": "Siempre que mis amigos van a invertir confiando en estafadores les pregunto \"si el/ella se gana 30% o 100% en un mes \u00bfporque no es la persona m\u00e1s rica del mundo y porque esta tan desesperado por conseguir tu dinero?\"\n\n\"Whenever my friends go to invest trusting in scammers I ask them \"if he/she earns 30% or 100% in a week or month, why is not he/she the richest person in the world and why is he/she so desperate to get your money?\"\"", "likes": 0}, {"author": "@ghvimmigrationservices4110", "comment": "Awesome Video Marc!! Thank you so much for your guidance! \ud83d\ude0d very informative", "likes": 0}, {"author": "@jasonstupak4535", "comment": "Watched and liked, thanks!  Great video to do in such an environment in which we live.  Love the content, and the video/audio/set design quality is fabulous (unless Brandon is hitting the mic with his hand - lol).", "likes": 0}, {"author": "@seth3461", "comment": "We recently did a cybersecurity training from Microsoft on our company and you hit lots of their points. Still highly valuable information, appreciate the time and dedication to bring knowledge in this channel :)", "likes": 2}, {"author": "@StephenShawCanada", "comment": "YouTube give each and every one of us the ability to report scammers  as \"Unwanted Commercial Content or Spam\" Click the three vertical dots to the right. \n\nAlso beware of Bots impersonating any channel name, including this one. The real deal is always highlighted and when you click on it takes you to the channel. The fake channel looks identical minus the highlight and takes you to a channel with nothing. I've been reviewing this channel and another Canadian investing one; when I see the scammer comments and, in fact, the entire \"conversation\" it's reported to YouTube. I've seen people responding that think they are dealing with Brandon or Marc instead of a bot.", "likes": 1}, {"author": "@Friday773", "comment": "My wife works in retirement home. Plenty of Indian computer tech support scammers offer to fix the \"serious computer problem.\" They get very aggressive, saying they are from Microsoft. Of course, the rattled old folk open up their bank accounts, as they dutifully follow all the instructions. It is a sick world!", "likes": 1}, {"author": "@jfrunnerCanada", "comment": "You said \u00ab\u00a0naive\u00a0\u00bb people a few times, but sometimes, with the proper build up and trust relation, even a wise person could fall into schemes and scams!", "likes": 0}, {"author": "@lawvinc1", "comment": "Great content as always! Thanks for this", "likes": 0}, {"author": "@kniknayme9865", "comment": "Good Vid. I thought the WhatsApp was a marketing tool you guys used for your course. wow. We had a joke back in the day. \"There's more gold in de Guzman's teeth!\"", "likes": 0}, {"author": "@dianal8564", "comment": "Thank you Marc for this topic. Younger generation needs to watch this. Even my daughter the other day got scammed with college book second purchasing!", "likes": 1}, {"author": "@albertoc3279", "comment": "Thank you for this video. Nowadays as we internet users are bombarded with the \"get ritch fast\", it is appreciated that there is content that talks sense \ud83d\udc4d", "likes": 0}, {"author": "@magradwan2516", "comment": "Thanks Marc ..So much value to the channel...love it  ..But , Do you really think all crypto market is big scam or some sort of big manipulation ?  Thank you \ud83d\ude0a", "likes": 1}, {"author": "@Kevin_Street", "comment": "Thank you for this informative video. Scams are a subject we all need to be aware of. Lord knows I've heard a lot of them...", "likes": 0}, {"author": "@GurpreetSingh-vf7jw", "comment": "1 biggest scam you miss. Lending money to may be a friend and they dissappear.", "likes": 1}, {"author": "@dbryant4", "comment": "About 10 years ago a couple of people I knew had their bank accounts hacked so I started a weekly practice of checking all my financial accounts, including charge cards, etc.  And then about 5 years ago I caught one!  Somebody had withdrawn all our funds from one of our savings accounts, many thousands of dollars!  Any guesses who?  No sleazy Nigerian scammer; it turned out to be the CIBC bank itself!  You can't even trust the banks themselves nowadays.", "likes": 0}, {"author": "@Bosu0", "comment": "Great info.  Thank you Marc.", "likes": 0}, {"author": "@rileymac7054", "comment": "Crypto space is definitely filled with scammers, and people who manipulate the market, especially since it\u2019s not regulated. There are some great projects with actual use cases, that have already been signing government deals globally. There are thousand of coins in the space, but only a handful will make it through a bear market.", "likes": 0}, {"author": "@tomatocake1726", "comment": "Great information.  Thank you", "likes": 0}, {"author": "@gangxing1912", "comment": "thanks MARC, happend to me few time", "likes": 0}, {"author": "@holeinwall4181", "comment": "The manipulation in the markets is the purpose of the so called cult stocks u mention. Make a vid of how companies get hedged into the ground for profit. The world money is totally disportioncate and getting worse. How do we fight to make the markets fair for retail investors?", "likes": 0}, {"author": "@vinny6049", "comment": "OMG that was my comment right there, its unvelievable I also got a comment from Kevin O Leary on how to get rich in bitcoin after watching sir O leary video that crypto is a bubble.", "likes": 0}, {"author": "@pianofever8586", "comment": "Actually, I just got a message from someone I trust. When I clicked on the video it led to my fb page requesting i enter my username and password. So I messaged my friend and he told me he'd been hacked. Beware. Suggested he use more difficult password with unfamiliar word some numbers and some symbols...not to use girlfriend or spouse's name...etc.", "likes": 0}, {"author": "@pianofever8586", "comment": "I just realized I can block potential scammers on my phone. It's a wonderful feature.", "likes": 1}, {"author": "@CaseyBurnsInvesting", "comment": "Poppa Beavis has seen bubble after bubble, scam after scam. If it\u2019s too good to be true, it likely is.", "likes": 8}, {"author": "@MayuraWijeyaratne", "comment": "Great informational video. Everyone should watch this. Thanks for this great channel.", "likes": 0}, {"author": "@lintonmeyer", "comment": "A really great reminder to be vigilant. Fabulous content. Thanks Marc.", "likes": 0}, {"author": "@chrisevans7416", "comment": "Hang up and wait 15 min before calling  bank or CRA. New scam they don't hang up  they apply a fake dial tone  ,you call bank, they answer saying they are your bank and they got you", "likes": 2}, {"author": "@priayief", "comment": "Interesting and informative video ... but I was expecting to hear something about Bernie Madoff's Ponzi scheme. Thanks for posting.", "likes": 1}, {"author": "@scotdavid1464", "comment": "Great video, thanks for sharing!  Interestingly enough I just got a message from one of you (supposedly) the day before yesterday requesting a phone call to review my portfolio.  Alarm bells went off when I saw a WhatsApp number with a California area code.  Needless to say I didn\u2019t call but thought you guys might like to know!", "likes": 0}, {"author": "@roberttaylor3594", "comment": "I get them from NETFLIX, asking for my account info.  Almost fell for it!  The website was off.", "likes": 1}, {"author": "@giofreitas8180", "comment": "I don\u2019t understand why Marc is not a college professor, his charisma, his diction and his presentation skills would be appreciated in any good college.", "likes": 57}, {"author": "@roberttaylor3594", "comment": "I'm of the opinion that if someone wants my personal info they should be willing to buy it from me and provide royalties each time the info is sold.  It's my info, after all. ;)", "likes": 3}, {"author": "@Creamy_Goodness", "comment": "Handsome \ud83d\ude3b", "likes": 1}, {"author": "@derekcox6531", "comment": "About 30 years ago,a gentleman approached me saying that he had lost his wallet and ID. He was almost out of gas in his car and had hours to drive to get home. I had just moved from a very small town in Nova Scotia to Vancouver and honestly,it just never occurred to me that people would lie about such a thing.\ud83e\udd26\ud83c\udffc\u200d\u2642\ufe0f he said all he had was his paycheck, and if I would deposit it into my bank account and withdraw just enough for him to get gas to get home,he\u2019d give me 50 bux and he gave me his phone # so I could call him later and make arrangements to send the rest of his money. SO, I deposited the cheque,withdrew 200 bux,gave him 150,kept 50, and when I called the number he gave me,it was a fax line. The cheque(450 bux) was a stolen cheque and I was on the hook for depositing a bad cheque.   So yeah, I\u2019ve fallen for a scam. It was 30 years ago,but I\u2019ve never been scammed again. Oh yeah, I remember bre x! I drive by the building in Calgary quite often where bre x was located and for the longest time the imprint of their sign was still visible on the building. \ud83e\udd37\ud83c\udffb\u200d\u2642\ufe0f weird,I had forgotten about it.", "likes": 0}, {"author": "@xemvpn3719", "comment": "Amazing and informative video", "likes": 0}, {"author": "@haroldspanier9185", "comment": "Valuable and timeless advice for now and for the future. Thank you Marc.", "likes": 5}, {"author": "@JessicahBMilien", "comment": "What are spaks? You said a rod is associated with it", "likes": 0}, {"author": "@JessicahBMilien", "comment": "I worked for a start up gym and I was like wow the owner was being scammed. \"The face\" is the person the guy that wants the company but doesn't have the money.... So, he sweet talk the money out of rich ppl bank accounts. Basically, they ended selling the gym within a year to a big company. That big company ended closing. It took 3 years for the whole company to close. The owner was someone who was very intelligent. He used to tell the face guy, \"I'm spending so much money on advertisment and not seeing results.\" The face man always had the smoothiest answers to calm him down.", "likes": 0}, {"author": "@javiermontemayor3945", "comment": "On the CRA scam, they even make it look as if the call is coming from the actual phone number of the CRA, be careful.", "likes": 1}, {"author": "@johnclark8631", "comment": "Excellent video Marc! Scammers really boil my blood. Every large channel should do a similar video to really spread the word and examples. I had \u201cCRA\u201d call me once. Somehow they knew my name. I fed them a load of BS. Now when I get phone calls I know are scams I use a different name so maybe they change the name attached to my phone number. I don\u2019t know if it helps. I guess if they start calling me different names maybe their info file will get so messed up they can\u2019t use anything.", "likes": 0}, {"author": "@gulpiya", "comment": "Thank you!", "likes": 0}, {"author": "@canadiandividendgrowthinve3213", "comment": "Scammer are so annoying these days", "likes": 0}, {"author": "@SilentSalad", "comment": "My friends and I have fun with the CRA scam. My personal signature is to answer and then bring them to the bathroom and flush the phone and groan until they hang up. My favorite time though; I told the guy that my name was Ben Dover and that my Social insurance number was 420 690 666. Then I screamed as if I had been shot.", "likes": 7}, {"author": "@user-ux5gd9cq7o", "comment": "Bdswiss is a scam brokerage platform. I still have money being trapped in their system", "likes": 0}, {"author": "@jessco8950", "comment": "All I can think of when watching this video is the \u201cMicrosoft tech support\u201d scams lol", "likes": 1}, {"author": "@LeftOfToday", "comment": "Scams are everywhere. I just got an email about some JP Morgan crypto thing, linking to a google doc. Not trustworthy stuff at all!", "likes": 0}, {"author": "@ecuasteelo", "comment": "Great video Marc. when can we expect a video of you and Brandon on Bitcoin, Crypto and your views on it? Looking forward to that video.", "likes": 3}, {"author": "@jessehamlin3420", "comment": "thanks marc, you make great interesting content that no other youtubers think of making. very refreshing and  super valuable!", "likes": 0}, {"author": "@cosmo6064", "comment": "You are like my financial dad that keeps telling me: son, quick money is bad, most of the time a scam. go do some real investing", "likes": 0}, {"author": "@anne-mariel3256", "comment": "SO many scams with older peeps and they fell for it...especially Bitcoin scam...", "likes": 0}, {"author": "@kunit6076", "comment": "This is why I encourage parents to let their kids play mmorpg's.  Learned all about scams (some of them the hard way) in my pre teens from... dun dun dun dun  playing video games.", "likes": 2}, {"author": "@ab.4425", "comment": "Thank you so much Marc!! Great video!!", "likes": 2}, {"author": "@3brainer", "comment": "Thanks for the video. I have seen all of these scams. I am surprised you didn\u2019t mention the market manipulation used by large firms colluding with media  outlets to bankrupt companies. This is also criminal.", "likes": 1}, {"author": "@jankay8569", "comment": "god marc is so damn hot", "likes": 0}, {"author": "@meetingmsme8855", "comment": "Thank you for this video! What a great reminder!", "likes": 1}, {"author": "@momo35444", "comment": "great video mark. thanks", "likes": 0}, {"author": "@Jessesbarbershop", "comment": "Scammers watching this: \ud83d\ude33", "likes": 2}, {"author": "@GoodDay-jp5hi", "comment": "You forgot to mention the biggest scam in world's history :THE SCAMDEMIC", "likes": 0}, {"author": "@matthewa9694", "comment": "\ud83d\udeab bitcoin, religion, and car sales man \ud83e\udd23", "likes": 1}, {"author": "@sergest-amand1164", "comment": "Alot of new info to me (spanish nobleman, fake gold mine in the eighties), super interesting, ty!", "likes": 0}, {"author": "@worzelgummage4245", "comment": "And Doge to the moon!!!  I saw it on tik tok", "likes": 0}, {"author": "@worzelgummage4245", "comment": "To add another scenario to Scams. When you answer the phone and you get a call that you account has been hacked,  or you feel the person on the phone has created some doubt in your mind over company X. You hang up and immediately call back company X.    Of course each company ask identify questions to validate the account.   Well the scam is the original call Did not actually hang up , but played a dial tone for you  and you are now giving him all your personal details.  They can hang on the phone for quite a few minutes  so , use another phone  , go online and use a live chat  just dont  use the same phone .", "likes": 0}, {"author": "@rubywang8110", "comment": "Always like your videos Marc!  Very valuable . Thanks.", "likes": 2}, {"author": "@renzenker2526", "comment": "LeafFilter...not an investment company, but tries to sell an \"investment \" in leaf guards for your gutters.  They started my quote at $52 linear foot\n..\neventually I got them down to $20..but in the end rescinded the contract ( I have never done this before) because it it only worth $6 !!! I live in Vancouver so they thought I had all the money in the world!", "likes": 0}, {"author": "@Adrian-cn5rk", "comment": "I've been wondering what the whatsapp responses were the entire time. Couldn't find anything on google. Thanks for the heads up!", "likes": 5}, {"author": "@maoxuliu8860", "comment": "Sorry Brandon, I just like Marc more!", "likes": 7}, {"author": "@arshaeskandari7462", "comment": "Very informative, specially for beginners, thank you very much Marc \ud83d\ude4f \ud83d\udc4c", "likes": 3}, {"author": "@AntonioInvests", "comment": "Great video \ud83d\ude01", "likes": 1}, {"author": "@MrBizteck", "comment": "Sees the title......you mean EVERY stock market advert on you tube ??", "likes": 2}, {"author": "@j.p.6228", "comment": "Appreciate these videos Marc! So much value", "likes": 22}, {"author": "@larrydennistv", "comment": "New Here literally started watching your videos I'm new to the investing world but I'm ready and I'm from Canada also Montreal Quebec to be exact and all my research comes from us based info now I found a creditable Canadian company oh yess so excited...", "likes": 4}, {"author": "@amc7615", "comment": "FIRST!!FINALLY FIRST!!!", "likes": 0}, {"author": "@amc7615", "comment": "FIRST!! finally FIRST", "likes": 2}, {"author": "@beaviswealth", "comment": "\ud83d\udcc8\ud83d\udcda As always, if you're a beginner to the Stock Market in Canada and you're looking for a step-by-step blueprint on how to get started... Find out more about our Investing Academy here - https://bit.ly/theinvestingacademy", "likes": 2}]