[{"author": "@citizenm9590", "comment": "I'm not paying anything more then 1200 for Google not worth with big tech sell of have yet to start fully like small caps", "likes": 0}, {"author": "@samuelhernandez2542", "comment": "Quebec represent!!! Thanks for th\u00e9 vid\u00e9o! Great one like always \ud83d\ude00", "likes": 1}, {"author": "@blllywilder8299", "comment": "I get it Brandon, buy low and sell high, but I'm 54 and I'm losing it with the frequent crash/correction, I'm aware of people that have been able to make millions and profit off the decline, but do I have to be Cathie woods to be able to pull it off ?", "likes": 23}, {"author": "@dankarau2307", "comment": "What???  Google over Tesla?", "likes": 0}, {"author": "@michellaferriere6138", "comment": "Why never mention energy? It's blowing the doors off every sector out there and this energy crisis is in its infancy. Buckle up.", "likes": 0}, {"author": "@sensationaldenny", "comment": "It seems like the bank stocks are likely going to have a very slow climb back up. I heavily invested in TD last year and all my growth gains in that stock have been wiped out the past couple months.", "likes": 0}, {"author": "@digil842", "comment": "what do you think of CROX and INMD. They seem both good in terms of multiples and growth", "likes": 0}, {"author": "@ankushkumar6113", "comment": "After looking into Y/Y numbers, do you prefer to invest in Bombardier ; TSE: BBD.B ?", "likes": 0}, {"author": "@itissrinivasan", "comment": "I literally bought ManU life 3 days ago. \n\nTicked all my boxes \n- Positive ROA \n- Low PE\n- RSI on \u201coversold\u201d\n- Dividend - yes \n- PTB as close to 1 as possible", "likes": 1}, {"author": "@rayc5168", "comment": "is there any benefit of buying Google/Alphabet before the split vs after the split?", "likes": 0}, {"author": "@Rahulsharma-os1fd", "comment": "can you please cover apple and tesla", "likes": 0}, {"author": "@vancitybash", "comment": "Love the picks, I am doing by the exact same", "likes": 0}, {"author": "@jamesmesaros1725", "comment": "Cenn \ud83d\udcaa\ud83d\udcaa", "likes": 0}, {"author": "@anne-mariel3256", "comment": "Thx for thinking of us Qu\u00e9b\u00e9cois!!!", "likes": 1}, {"author": "@ab.4425", "comment": "Great video Brandon!!", "likes": 0}, {"author": "@sxd1002", "comment": "Hi \nI agree with you for Boeing also could you make a video on SPR I call it the mecanic for plane with good moats and right now is cheap\nThanks", "likes": 0}, {"author": "@jt8280", "comment": "Just loaded up on mfc, with China reopening in June, business should do well.\nYou got me interested in Boeing, duopoly for sure.", "likes": 1}, {"author": "@eddy563", "comment": "Why would you buy Manulife with interest rates going up? The stock has gone no where in the last number of years and their dividend is below general long term stock index returns.. just buy an index fund or a government bond or bond fund if you want fixed stable returns..", "likes": 0}, {"author": "@akmenamulhaque7215", "comment": "I don\u2019t understand why you are advocating to buy stock? Are you trying to save the billionaires? The world economy is heading to recession like 1930s. The S&P entered into Bear market last Friday and the prediction is it will have another 12 to 24 plunge by next 18 months. Please stop this nonsense video.", "likes": 0}, {"author": "@clarifyingquestions", "comment": "You are still recommending stocks? Even after BABA s performance?", "likes": 2}, {"author": "@CrispyAssasin_-td3rr", "comment": "does google make money  if people view advirtisements or do they only make money if ads are clicked on", "likes": 0}, {"author": "@roberttaylor3594", "comment": "How about Disney?", "likes": 1}, {"author": "@JM-jc8zd", "comment": "hey Bandon, i personally think Great West Lifeco might be a slightly better choice than Manulife. both are similar in terms of dividend pay and i actually own both, but working in the industry i know GWO has positioned itself very strongly since 2020 rebranding as Canada Life. They recently signed Federal gov't plan which would count 3% of total market share (shift from Sunlife to CL), 1 million more plan members, which means more expansion, staff hiring in 2023.", "likes": 13}, {"author": "@crash7098", "comment": "How do you feel about Labrador Iron Ore Royalty?", "likes": 1}, {"author": "@smallmj2886", "comment": "I like the first two picks, but I'm not sure about the last one.  The management, culture, and quality control issues would scare me off.  The company is certainly too big to fail, but it could flounder for a very long time if they don't shape up.", "likes": 1}, {"author": "@momo35444", "comment": "great advise!!! I love having your input on these stocks. thanks for the video Brandon!!!", "likes": 0}, {"author": "@cutiecatboy", "comment": "Love the stocks! I've also been buying a lot of the big stocks like Google through the CDRs on the NEO exchange so I'm certainly glad to hear you talk about it ! It's really great to be able to buy those stocks on Wealthsimple without having to pay any fee at all!\n\nAs for Boeing, I'm glad you're showing us some stocks that nobody really talks about. Personally I won't be buying into it but I have actually been buying a few shares of Facebook. If you ignore the whole Metaverse thing, it's a solid company that is actually doing very well financially at now a very low price. Goes to show sometimes people focus on things that are, at the end of the day, not really all that important. \n\nBtw I agree Netflix shouldn't even be part of FAANG but the problem is you're gonna have to remove another letter or this might get controversial LOL", "likes": 2}, {"author": "@filb", "comment": "Picked up 2 of the 3 stocks you mentioned last week, glad you had the same idea....I would also add that POW (Power Corporation) is also yielding close to 6%.", "likes": 2}, {"author": "@StephanBuu", "comment": "BET", "likes": 0}, {"author": "@nelsonw1267", "comment": "Might take a look at the first 2 stocks, I once had Boeing and it went from one of my best investments of all time to one of my worst. Will wait it out before I decide to rebuy Boeing again.", "likes": 1}, {"author": "@JungleEddie", "comment": "For me the one that jumps out is Brookfield Asset Management.  It is down 11% in the last 3 months and down 21% ytd.", "likes": 17}, {"author": "@diverse_insightt.o6499", "comment": "Started a position in BLK @ 587 & googl @ 2350", "likes": 1}, {"author": "@jonathonmcelhaney1", "comment": "I love these videos! Would love more of them! What are your thoughts on stocks psec, main, and hmbl?", "likes": 0}, {"author": "@nitinbalyan4799", "comment": "BA is too risky at this point. \nbuying manulife \ud83d\udc4d\ud83c\udffd", "likes": 3}, {"author": "@seanobrien7751", "comment": "That BA balance sheet looks horrendous..! I agree it's worth watching/discussing but I'm not touching BA with a 10ft poll today.", "likes": 5}, {"author": "@beaviswealth", "comment": "\ud83d\udcc8\ud83d\udcda\ud83c\udde8\ud83c\udde6 Join The Investing Academy Today - https://bit.ly/theinvestingacademy\n\nThank you to Neo for sponsoring today's video! Learn more about the Neo Financial Cashback Mastercard (+ get $50 when you sign up for a Neo Card + receive up to 15% cashback on your first purchase) - https://join.neo.cc/BrandonBeavis", "likes": 2}]