[{"author": "@beaviswealth", "comment": "\ud83d\udcc8\ud83d\udcda\ud83c\udde8\ud83c\udde6 Join The Investing Academy Today - https://bit.ly/theinvestingacademy\n\nFun video today! Hope you enjoy :D Don't forget to drop a LIKE & SUBSCRIBE if you want to learn more about financial education in Canada!", "likes": 8}, {"author": "@superjedi14", "comment": "So funny, Marc Robber recently made a video hacking arcade games and Red Balls was one of them haha\nhttps://youtu.be/Rsxao9ptdmI", "likes": 0}, {"author": "@JaelenGames", "comment": "Great video Brandon! When GTA5 first came out, I used the GTA stock market to try and flip my gta bucks. I bought high and lost everything. Tried again with the buy low strategy and made a killing over and over. Used to think, \u201cwow, if only it was like this in real life!\u201d Little did I know.. \ud83d\ude02\n\nI have to agree that if it wasn\u2019t for people like you, I\u2019d be running for the hills during a stock market crash. Now I embrace red days/months and always look for an opportunity to continue building my portfolio.", "likes": 0}, {"author": "@AceVenturaXii", "comment": "\u2026\u2026\u2026.mushrooms\u2026\u2026.\ud83d\ude0e", "likes": 0}, {"author": "@SuperCody888", "comment": "I missed a great dip last week on Trican", "likes": 0}, {"author": "@jasonstupak4535", "comment": "Watched and liked, thanks Brandon!", "likes": 0}, {"author": "@kcirdorb9591", "comment": "Great analogy of the \"red balls\"...hard not to relate after going through the September markets.", "likes": 1}, {"author": "@jayb1799", "comment": "Great video Brandon would you say that it's now time to load the truck lol?", "likes": 0}, {"author": "@nelsonw1267", "comment": "Inclined to agree. I just keep my eyes on my dividends and watch for cuts.", "likes": 0}, {"author": "@paull7937", "comment": "When is the time to sell high?", "likes": 2}, {"author": "@paull7937", "comment": "I am almost retired should I take the risk now?", "likes": 1}, {"author": "@renzenker2526", "comment": "Brandon...what would you say to a someone who just retired on a dividend portfolio they built from a windfall over the past year...planning to live 100% off the dividends with no more cash to invest and now market value of portfolio has dropped 10%? The \"buy more on the dip over many years or decades\" is not and option to this person.", "likes": 0}, {"author": "@vvvgamingworld", "comment": "\ud83d\udc9d\ud83d\udc9d\ud83d\udc9d\ud83d\udc9d\ud83d\udc9d\ud83d\udc9d", "likes": 1}, {"author": "@neolithic3", "comment": "Shouldn't we be basically fully invested already? I mean, I don't have tons of cash just sitting here waiting to time the market.", "likes": 0}, {"author": "@mr.financial", "comment": "Brandon I just love the analogy!!! It made me start thinking of all the video games that taught me financials like aerobiz, simcity, and simhotel and the like. I don't suggest you get into whiteboard animation though \ud83d\ude1c", "likes": 3}, {"author": "@vanessameneghelliarantesvi6922", "comment": "Very good advice \ud83d\udc4d", "likes": 0}, {"author": "@sahilpandit3853", "comment": "I want to start the trading however I have loan so can I start ?? \nCan you suggest any thing", "likes": 0}, {"author": "@ericzimmer", "comment": "Mine was playing Runescape, until I got banned for market manipulation.", "likes": 2}, {"author": "@piknik8230", "comment": "i wish i have more dry powder for the coming weeks! lots of good deals!", "likes": 2}]