[{"author": "@momo35444", "comment": "thanks for the great video Marc.", "likes": 0}, {"author": "@brianfleming6021", "comment": "Good grief, Canada Post needs to go bye bye.", "likes": 0}, {"author": "@chrisburke92", "comment": "\"fall asleep to some stimulating economic news\" hahaha", "likes": 0}, {"author": "@spacebarwasd9782", "comment": "Hello Marc I kept hearing something in the background I'm not sure if your microphone was picking up something else other than your voice", "likes": 0}, {"author": "@aelaan12", "comment": "Canada post can not deliver a simple package from Guelph to Brampton in less than 4 business days, it is terrible.  Tracking website is only updated once a day.  Generally I prefer FedEx, UPS and Purolator.  Individual companies like Intellimec are okay as well.  CP maybe should stop stuffing my mailbox with junk mail and provide service as we used to see.", "likes": 0}, {"author": "@andyburner", "comment": "I work for canada post. They are an advertising delivery company above all else (junk mail). Letter mail remains high in big cities , mostly forms of welfare cheques the average person doesnt know exist, to the mass influx of new immigrants. Hopefully a conservative government can get in to build more community mailboxes, or the company may need to split in 2 (parcel company/advertising company).", "likes": 4}, {"author": "@roberttaylor3594", "comment": "Re Netflix:  prime is starting to run ads soon\u2026 which one can avoid for an additional $2.99 a month\u2026~$30 a year, so about a 30% increase over last years Prime membership cost.  30%!?!?!!!!!", "likes": 4}, {"author": "@willkeen5010", "comment": "Thanks for the update Marc. I love the railways and hope to see a dividend increase in CP stock as I\u2019m a shareholder. We have had great growth over the last decade, but it would be nice to see dividends come up in comparison to CN. Look forward to the next upload \ud83d\ude4f", "likes": 1}]