[{"author": "@beaviswealth", "comment": "\ud83d\udcc8Join The Investing Academy \ud83c\udde8\ud83c\udde6 \u27a4 https://bit.ly/theinvestingacademy \n\ud83d\udcf1Download Blossom Social (See My Exact Portfolio & Trades) \u27a4 https://getblossom.page.link/brandon\\", "likes": 0}, {"author": "@ADobbin1", "comment": "I really think everyone needs to stop using statistics to figure out how things are going. Start using dollars and cents. The average wage is about 45k a year and most people get around 1500 a year increase but the cost of living is going up by around 2k a year. We are reaching the point where the cost of living exceeds most peoples pay checks. So I don't care that the inflation rate is only 3.8%. It costs me at least 6k dollars a year most this year than it did last year while due to declines in customer demands my pay is down nearly 400 dollars a month. So effectively my pay has declined between 15 and 20% while cost of living has gone up by 3.8%. And frankly I'm paying about 15% more for the same food I was buying last year so yeah I don't for a second believe inflation is only 3.8%.", "likes": 0}, {"author": "@jasonstupak4535", "comment": "Watched and liked, thanks Marc!", "likes": 0}, {"author": "@darynduliba3413", "comment": "Essentially, without Trudeau\u2019s incompetence, we would be close to the 2% target inflation rate and have lower interest rates.", "likes": 0}, {"author": "@constantinkwiatkowski1940", "comment": "So sad another it increade more Money to Pay", "likes": 0}, {"author": "@1FrenchConnection1", "comment": "Thanks you for sharing your expertise! Happy Canada Day \ud83c\udf89!", "likes": 0}, {"author": "@momo35444", "comment": "great video, thanks Marc", "likes": 0}, {"author": "@MegsCarpentry-lovedogs", "comment": "Thoroughly enjoy your presentations Marc.  Also the group live done earlier this week could not have been as successful and interesting without you being present.....our opinion of course. \u263a       I commented to friends watching that you are like the keel of the ship, keeping things reasonable and intelligent.  You are doing a great job and continue to be so helpful to so many of us...cheers from MegCarpentry/lovedogs, Atlantic Canada\ud83d\ude0a\ud83c\udde8\ud83c\udde6", "likes": 1}, {"author": "@GrieverRing", "comment": "I really like these videos. You\u2019re one of the only Canada/financial news channels I know about. Keep it up!", "likes": 1}, {"author": "@ardentenquirer8573", "comment": "Numerous economists argue convincingly that interest rates must surpass inflation rates to prevent mal-investment. The prospect of witnessing real interest rates below 2% in the future appears bleak at best, as it would likely occur only in the event of a severe economic calamity or disaster. Your thoughts?", "likes": 0}, {"author": "@ardentenquirer8573", "comment": "Many economists strongly assert that a 2% inflation target is excessively high and, in the long run, it poses significant problems. The fundamental purpose of studying economics revolves around acquiring the knowledge required to uphold stability and sustainability. Numerous economists have successfully demonstrated that inflation stems from a monetary issue, namely an excessive amount of money or liquidity in the economy. Undoubtedly, temporary price increases can result from supply shocks, as evidenced by the aftermath of every hurricane that affects the United States. Persistently attributing inflation solely to supply shocks unmistakably highlights a glaring failure in government policy, as it signifies a failure to maintain stability and sustainability.  EXCELLENT VIDEO KEEP THEM COMING*** a few points to ponder", "likes": 0}, {"author": "@roberttaylor3594", "comment": "Big Box stores were probably the WORST place to go during covid, as far as infection danger goes.  probably safer at mom and pop down the corner...who were probably closed, unfortunately...", "likes": 0}, {"author": "@roberttaylor3594", "comment": "I wonder what the ATD earnings vs 2019 were?  pre covid might be more relevant than anything up to summer 2022 or so.", "likes": 0}, {"author": "@tonyboss4291", "comment": "Haven't watched much of your videos but I'm starting to love them. Perfect timing and informative information. I'm a beginner investor and I love your content.", "likes": 1}, {"author": "@KM-sr9cc", "comment": "We keep hearing that Inflation is going down but we actually don't see any changes of relief in our daily lives.\r\nFood prices are not coming down.\r\nTaxes are not coming down.\r\nGas prices are not coming down.\r\nRents are not coming down.\r\nHome prices are not coming down.\r\nPrices of goods and services are not coming down.\r\nNothing is coming down, in fact, everything is going up and up.\r\n\r\nThese inflation numbers released by BoC are just the numbers for the rich,  in fact, they do not reflect the lives of working-class Canadians at all.\r\nThe middle class in Canada is getting wiped out by BoC's mismanagement of the monetary policies for the past 2 decades. (Destroying the value of the Canadian dollar, cutting the rates to record low and insanely printing money in 100s of billions). \r\n\r\nInstead of releasing these numbers, people want to see the results & improvement in their lives, not just talk and talk by policymakers at BoC.\r\n\r\n\"National Emergency\" should be declared for \"Canada's Housing Crisis\".\r\nForeign investors in Canada are controlling high stakes in Canadian Residential and Commercial Real Estate, Mining, Heavy Industries, Transportation, Agriculture, and Farming, Telecommunications, National Media (Newspapers, Radio, and TV stations) and now entering into Canadian Politics by interfering in and colluding in Canada's Federal & Provincial ELECTIONS to undermine our values and democratic process. \r\n\"Canada's Housing Crisis\" is just one of the many crises created by these FOREIGN INVADERS, (foreign governments and their agents) who are pouring in $Billions to control the country, and our politicians are auctioning the country and its resources for higher bids.\r\nThe Housing Crisis must be a priority for our government to resolve, if not it will have SERIOUS and DEVASTATING Social, Economic, and Political  Consequences for Canada as we are witnessing today; sharp & sudden rise in Mass Protests, Riots, Strikes, Unrest, Poverty, Crimes, Violent Crimes, Shootings, Inequality and Social Injustice, Tent Cities, etc.\r\n\r\nThe housing crisis in Canada must be addressed seriously, ONCE and FOR ALL, and as soon as possible.\r\nThe housing crisis should also be categorized as a \"National Emergency\" and a \"National Security Threat\" to the country's security and stability and not just an economic or market downturn.", "likes": 1}, {"author": "@CoveredCallETFInvesting", "comment": "Good point regarding high inflation year over year. Skews the data when 2022 inflation was reaching its peak around this time last year. Not out of the woods yet. Wait and see.", "likes": 1}, {"author": "@DanMurray-ql3rv", "comment": "Thanks for these reports, Marc. Your observations are always astute, a highlight of my day!\n\nI also equally appreciate your monthly observations on market direction. Haven\u2019t missed a single one and have learned a lot through you. \n\nGreetings from Downtown Van.", "likes": 6}, {"author": "@spacebarwasd9782", "comment": "No wonder the self checkouts are sometimes longer lineups than cash lol", "likes": 0}, {"author": "@cloudedjourney", "comment": "Nice news about ATD love a Canadian success story. Not sure I agree with them buying back shares I\u2019d rather they use that cash to expand", "likes": 1}, {"author": "@sdhsfbrules", "comment": "I\u2019ve owned ATD for over 10 years. Great synergies and growth over their acquisitions in that period.  Dare to Succeed is a nice book going over the company\u2019s history.", "likes": 1}, {"author": "@salim5158", "comment": "So the raising of interest rates which is supposed to bring inflation down is causing mortgage interest cost to go higher which in turn makes inflation go up??  Fantastic!", "likes": 0}, {"author": "@TheTttooom", "comment": "Great video, appreciate all the references and information. Really love those vids, keep it up !  Quick clarification for ATD, the increase in dividend mentioned is in reference to one that was already announced about 6 months ago, no new increases have been announced for the upcoming dividend. Was really hoping for the company to slip up so I can add to my position, but it has been firing on all cylinders.", "likes": 1}, {"author": "@chrisskyllas1309", "comment": "Really Marc? Inflation surge in early 2022 due to the Russian invasion? I think most respected economists agree that it is largely due to all the QE increasing the money supply in the market and central banks sleeping at the wheel thinking the inflationary signs in late 2021 were transitory.", "likes": 0}, {"author": "@MountainFinance", "comment": "Hi Marc, still loving the news and your fancy new overlays \ud83d\ude42", "likes": 2}, {"author": "@ThorTheOdinSon", "comment": "Loved the CPI breakdown. I love meet Kevin\u2019s videos for fallowing the fed in the US. We need a channel like his for Canadians!", "likes": 4}, {"author": "@MPIronmanJC", "comment": "I think it would really help if you put a graphic up when stating figures like financials or CPI rates", "likes": 7}, {"author": "@oldglory2765", "comment": "Hi, would be nice to add timestamp but nice video", "likes": 2}, {"author": "@evadeanu1", "comment": "Thanks Marc", "likes": 0}, {"author": "@ardenbolton5992", "comment": "Great summary, Thanks.", "likes": 0}, {"author": "@nadmak9093", "comment": "Thanks for the great update!! \ud83d\udc4d", "likes": 0}, {"author": "@marvinpham5180", "comment": "First again", "likes": 1}]