[{"author": "@beaviswealth", "comment": "\ud83d\udcc8\ud83d\udcda Join The Investing Academy \u27a4 https://bit.ly/theinvestingacademy", "likes": 5}, {"author": "@brandoncbh", "comment": "Do you have any videos about your opinion on the 15% withholding tax for US investments that pay dividends? Is it still a good idea to buy US investments when that withholding tax will apply? Maybe a video about the pros and cons and how you choose to go about it. Thanks", "likes": 0}, {"author": "@johnathanpotts4357", "comment": "Damn, just made re-think my portfolio or future buys. Thank you", "likes": 0}, {"author": "@SayawanKapatiran", "comment": "Can you share info re: tax implications in buying US fund (ZSP)", "likes": 0}, {"author": "@titchglover2601", "comment": "where do I find a list of the etfs? how do I buy etfs on questrade? i want to invest in them i just dont know where to locate them.", "likes": 0}, {"author": "@bunmigab-opadokun3295", "comment": "Very educative! I learnt so much . Thank you Brandon\u2026!", "likes": 0}, {"author": "@Igor-en8gp", "comment": "If i buy us stock and us dolar become worthless, what's happen then?", "likes": 0}, {"author": "@therealfeedmetal", "comment": "So etf... i make 6% but they take an easy 3%. No i would be making about 2-2.5% on my capital. Still weak.", "likes": 0}, {"author": "@omeedzarabi", "comment": "Hey Brandon, great video! What's the difference between the VFV ETF & VOO ETF because they both track the S&P 500 index.", "likes": 2}, {"author": "@etboily", "comment": "I just love the ZBAL etf from BMO. Just an absolute unit of ETF when it comes to diversification. It has everything including bond and equity from Canada/U.S/Emerging Markets/Developpement Market/Small-Mid-Big Cap companies etc...\n\nSimply the best all around ETF", "likes": 1}, {"author": "@mahirhaque1801", "comment": "This is great material for beginners but I wouldn't exactly call it an \"ultimate guide\". Brandon my folks were planning to retire during the gfc and if they hadn't help gold and bonds just owing the snp they would have been down like 50% of their retirement savings. As Keynes said everything is transitory and we all die. Better not to die half as rich.", "likes": 0}, {"author": "@exposingproxystalkingorgan4164", "comment": "ETF are like putting your stock market into an average. The average stock market return is around 10% profit per year over a long term period. Only investing in real estate, stock market, fractional share artwork market will be able to keep up with inflation. Only holding cash is trash as inflation lower purchasing power.", "likes": 7}, {"author": "@sxd1002", "comment": "Hi\nQuestion\nLet say I have etf with 10% apple\nIf apple goes up 100%\nMy etf will gain 10% \nBut I see some etf don\u2019t budge \nSo how it\u2019s work could I have value on my etf over time or it\u2019s just dividende", "likes": 0}, {"author": "@vancityfoolery", "comment": "You explained this well - thanks! \ud83e\udd17", "likes": 0}, {"author": "@tammymcintee9762", "comment": "So happy I found You! \u263a\ufe0f I know nothing about investing. It makes me overwhelmed and I didnt know where to start... so I never did.  I watched this video and now have a good understanding and feel confident to move forward in learning and investing. Thank You \ud83d\ude42", "likes": 6}, {"author": "@Chessbox09", "comment": "Excellent breakdown, and very well articulated.  Thank you very much.", "likes": 4}, {"author": "@thegreekgardener9343", "comment": "Love all your videos, as a new investor you break everything down perfectly \nThank you", "likes": 12}, {"author": "@TronicFuzz", "comment": "Just subscribed, The exact kind of info I was looking for!!", "likes": 2}, {"author": "@AttitudeIndicator", "comment": "I just wanna die", "likes": 0}, {"author": "@stephaniely5357", "comment": "What's the difference between buying an ETF that replicates for example the S&P 500 from Vanguard vs Blackrock vs BMO, etc?", "likes": 2}, {"author": "@AndroidCovenant", "comment": "What about a fund like ZEQT / ZGRO which is a bundle of ETFs which makes it even easier to choose between ETFs", "likes": 5}, {"author": "@florendogomezcasuga7043", "comment": "Want a diversified portfolio.\nBuy VFV, SPGI, BRK.B, QQQ/VGT, SPY", "likes": 0}, {"author": "@idapodrug2634", "comment": "Hi Brandon. I just want to say that I really enjoy your videos. You do a great job of explaining everything. I was wondering if you own any real estate for generating income like a rental property? Is it okay to have all our savings invested in stocks?", "likes": 2}, {"author": "@robertz7294", "comment": "All I have right now are Tesla shares, I think these ETF's would bring me a bit of balance.  I am tempted.  Cheers.", "likes": 0}, {"author": "@millereats5836", "comment": "Great video\ud83d\udc4c\ud83c\udffe\ud83d\udc4c\ud83c\udffe\ud83d\udc4c\ud83c\udffe", "likes": 0}, {"author": "@user-hw9go9nu5s", "comment": "You lost me at sponsored by BMO", "likes": 4}, {"author": "@Rediens1", "comment": "Excellent explanation Brandon", "likes": 0}, {"author": "@ervandolfo", "comment": "BMO now offers an all-in-one equity ETF for even more simplicity. ZEQT has Canadian, American and international (both developed and emerging) stocks. Other choices include VEQT (Vanguard) and XEQT (BlackRock). Thought I should mention them, they are awesome products.\n\nEdit: Well, technically they hold other ETFs that hold the stocks, but the end result is the same.", "likes": 6}, {"author": "@acdatz6222", "comment": "Great video. I hold 3 of BMO's ETFs in my portfolio. All do very well.", "likes": 3}, {"author": "@garyExposMtl", "comment": "I was expecting a section on how taxes work with ETFs?  Is it just like another stock?  Only the capital gains tax needs to be paid when you sell but if you own it for 30 years, you pay no taxes during that time?", "likes": 1}, {"author": "@kimverheyde5334", "comment": "Could you pls include cons of owing an ETF.  I loved the video for the pro side but for us newbies to make build the best portfolios we should be aware of both sides of the coin.  Thx Brandon.  Love your channel!", "likes": 3}, {"author": "@sandeeptanjore1253", "comment": "An interesting video", "likes": 0}, {"author": "@JungleEddie", "comment": "VUN or VFV for US exposure? I am looking for 10% buy in for my RRSP. I have 10% XIC and the rest in Blue Chip Canadian Stocks (RY, TD, BAM.A, FTS, CNR).", "likes": 0}, {"author": "@SimonStormFrigon", "comment": "Looks like someone is stepping up their game... love it Brandon!", "likes": 5}, {"author": "@MountainFinance", "comment": "I have always been of the opinion that the BMO ETFs are some of the better managed funds out there. Definitely some great options.", "likes": 0}, {"author": "@ab.4425", "comment": "Great video Brandon!! Thank you so much!!", "likes": 0}, {"author": "@lyndanickerson1373", "comment": "It's funny ETF in the cellular business is an Early Termination Fee.", "likes": 0}, {"author": "@magician2242", "comment": "Very nice, high quality, great information video  10/10", "likes": 1}, {"author": "@rogeliomontenegro8259", "comment": "I know a few etfs that holds multiple individual etfs\ud83d\ude00", "likes": 2}, {"author": "@ItsBurnahMan", "comment": "i like the baskets lololol", "likes": 0}, {"author": "@jimwu8532", "comment": "very posh, nice video mate!  Taking a break for quality and it shows!", "likes": 0}, {"author": "@captainCanuck96", "comment": "What's your thoughts on VFV ETF?", "likes": 1}, {"author": "@krismcfarlane6495", "comment": "Great video\n\ud83c\udde8\ud83c\udde6", "likes": 0}, {"author": "@TeamThapaVlog", "comment": "I love watching all the videos you and your team uploaded it gives me a lot of ideas on how I can improve myself in handling my own investment. THANK YOU SO MUCH!", "likes": 1}, {"author": "@fhuzpatch", "comment": "Question: are there Capital Gains effects in Canada even without selling your ETF? Since the ETF contains stocks that are being bought and sold, do we (as holders) have to figure out the capital gains on the ETF at the end of the year even when we're not selling the ETF itself? When I'm asking this, I'm directing it to a regular trading account and NOT TFSA or RSP (or RESP) since those are all collectively calculated (or not calculated for TFSA) when removing cash from the fund and not during trades directly. Note proper spellings ... eh? eh? eh?", "likes": 0}, {"author": "@brenthogg4684", "comment": "Question for you, might even be video worthy \ud83e\udd37\ud83c\udffc\u200d\u2642\ufe0f So over the last couple of weeks I\u2019ve been using norbert's gambit to transfer Canadian to USD inside my TFSA in order to avoid exchange rates. My question is, how does USD effect contribution limits when it is deposited or withdrawn from a TFSA? Also, are there any issues with currency gains made inside a TFSA?", "likes": 1}, {"author": "@cutiecatboy", "comment": "wow did you get a graphic designer? the visuals on this video are amazing! so cool to see bmo sponsoring this video too, i always use bmos for my etfs and i even have a small part of my portfolio dedicated to the bmo stock itself! really cool to see you coming up with all of these high quality videos, it's almost hard to believe we're getting this for free! :)", "likes": 3}, {"author": "@Adrian-cn5rk", "comment": "Production quality going \u2b06\ufe0f", "likes": 1}, {"author": "@CaseyBurnsInvesting", "comment": "Don\u2019t call the application for a federal student loan a FASFA", "likes": 0}, {"author": "@briguys_adventures", "comment": "Are we going back to the basics bud ???", "likes": 1}]