[{"author": "@shutterspeednetwork1754", "comment": "informative information Brandon", "likes": 0}, {"author": "@XInfinity2024", "comment": "Even though its past the enter date, would it be ok for the people that entered the challenge to reinvest their dividend stocks or is just invest that amount and what ever it pays out that can't be reinvested?", "likes": 0}, {"author": "@dkpalta6064", "comment": "Hey Brandon, I am here in Vancouver too, why don't we meet each other and have a cup of coffee while discussing on stock market goals of each others?", "likes": 0}, {"author": "@rebeccam2", "comment": "I MISSED IT! :(", "likes": 0}, {"author": "@GenoNow", "comment": ":( missed the entry deadline", "likes": 0}, {"author": "@vsherpa3", "comment": "FB, TSLA, BABA, TEAM, DIS \ud83d\udc4d", "likes": 0}, {"author": "@grahamfrick9894", "comment": "Hey Brandon, love the content especially the stock market weekly reviews. My 5 stocks are ROKU,BA,AMD,TSLA, and AMZN.", "likes": 0}, {"author": "@republicofdividends4489", "comment": "My picks are TSLA, FB, DIS, MMM, ET", "likes": 0}, {"author": "@remedywithin", "comment": "I\u2019m in! My stock are heavy tech but maybe I\u2019ll win... If so I\u2019ll purchase that rather expensive guitar and play it while it ages. Much like a good portfolio should and hopefully it\u2019ll sound better in ten years.", "likes": 0}, {"author": "@CalmingSoundCloud", "comment": "TSLA, FB, AAPL, BYND, UBER", "likes": 0}, {"author": "@moneymotivation587", "comment": "awesome idea Brandon looking forward to it!", "likes": 0}, {"author": "@Momofoku", "comment": "Hi brandon - are etfs and mutual funds included?:)", "likes": 0}, {"author": "@deoxyde", "comment": "Hey Brandon, I deeply thank you for this channel. I recently discovered it, and have been watching all your stuff non-stop. I'm a university student, but I feel like I missed out a lot! I'm appalled at how much of this information would have been relevant to me during high school.", "likes": 0}, {"author": "@ryandickson5566", "comment": "Hey this will be fun to watch over the year. I'm new to this wrold just found you jan 2 2020. And you have made it so much eayer to understand what tfas. And rrsp. And the different between  bonds  and stocks and the other  stuff you  have talked about thanks for your help.", "likes": 0}, {"author": "@shirleyoandasan7832", "comment": "My picks Tesla, Microsoft, Nvdia , Avon, and meet group.", "likes": 0}, {"author": "@investingwithjeffyt", "comment": "Very cool idea to whoever suggested it. Good choice to go with it Brandon, this should keep folks engaged! :)", "likes": 1}, {"author": "@ZackTessier", "comment": "LOL I submitted my 5, a couple of them being small cap penny stocks one of them being INPX which is up over 200% today !!! If only challenge started yesterday \ud83d\ude02\ud83d\ude02\ud83d\ude2b", "likes": 0}, {"author": "@leonardmilord8352", "comment": "Hey Brandon here are my picks:  GDOT; CRWD; TWLO; INMD; and CDAY.TO... May the odds ever be in my favor ;)", "likes": 0}, {"author": "@11Alisher", "comment": "This going be very interesting ! Will international people also available to participate ?", "likes": 0}, {"author": "@saeedkanuga8374", "comment": "Great idea", "likes": 0}, {"author": "@jjbuckner", "comment": "Freaking love this idea!", "likes": 0}, {"author": "@ahmedteaima8947", "comment": "AXU,SIL,USA,FR,SVM betting big on Silver stocks", "likes": 1}, {"author": "@lenad175", "comment": "Hi Brandon, I entered. Just want to say your videos are very helpful and informative. I especially like the monthly stocks to buy videos!", "likes": 0}, {"author": "@scottscriticalmass", "comment": "I love this idea Brandon!!! \u00a0Also love the disclaimer... I know for me, most if not all picks will be higher risk, higher potential reward stocks.  Haven't decided on my picks, but they'll all be stocks I already hold.  Why?  If I win, in theory, it should mean my 2020 real life return was pretty darned good.  This will allow me to pay my winning's forward, meaning I'll commit now to donate 100% of my winnings to charity (1/2 each to a charity of your choosing and 1/2 to a charity of my choosing).  Not saying $500 'each' in case there's a tie.  :-)  Game on my friend!!", "likes": 1}, {"author": "@annyhilario5943", "comment": "PETS, INMD, BYND, V, BA", "likes": 0}, {"author": "@luisdemetrio3053", "comment": "Could I include bonds and commodities?", "likes": 0}, {"author": "@GenZInvestor", "comment": "Great Idea Man! Got to do some thinking before I submit my choices", "likes": 1}, {"author": "@paulcheung8828", "comment": "Hi, my 2020 selection  is LMT, GNTX, PFE, TXN, NVDA", "likes": 1}, {"author": "@seanlynch8869", "comment": "Love the idea Brandon just wondering can we pick OTC stocks?", "likes": 2}, {"author": "@cosmoshan1", "comment": "BIDU, BZUN, MOMO, JD, MPNGF. All in on China !", "likes": 0}, {"author": "@advenvilla", "comment": "The best canadian finance channel. Also love this idea! \ud83d\udc4c\ud83d\udc4c", "likes": 3}, {"author": "@dmitriykolesnik2641", "comment": "Cool challenge idea and great videos, keep going ! Happy investing in a New Year!", "likes": 1}, {"author": "@moose383", "comment": "At&t (F), Oxydental Petroleum (OXY), coca cola(KO), visa (V), Cisco (CSCO)", "likes": 0}, {"author": "@wolfofdubai", "comment": "\u201cFailure is an option here. If things are not failing, you are not innovating enough.\u201d\n\n*ELON MUSK*", "likes": 5}, {"author": "@BrainSurg101", "comment": "Love this idea! Thanks for opening it up to everyone, great prize as an incentive.", "likes": 3}, {"author": "@rwolhar", "comment": "Went pretty speculative on this one. If I win, I will buy $1000 worth of your top pick for 2021.", "likes": 1}, {"author": "@fernandodiaz8258", "comment": "This is my selection: TSLA, UBER, LULU, SHOP, DIS \ud83d\udc4d", "likes": 3}, {"author": "@cynthia8111", "comment": "Hey Brandon, I'm very new to investing (I don't know much) and I was wondering what do you recommend for me on Questrade. \nLet's say if I have to invest 10k, is it better if I choose a portfolio or directly on ETFs!\nThanks x \ud83c\udde8\ud83c\udde6", "likes": 1}, {"author": "@NickPeitsch", "comment": "That's an awesome challenge! \n\n\nEveryone is bound to win with good picks :)", "likes": 5}, {"author": "@Phakaday", "comment": "Hmmm.... very cool!!!", "likes": 1}, {"author": "@Kevin_Street", "comment": "Wow, that's a really neat idea! Sounds like a fun contest.", "likes": 1}, {"author": "@mindsinmotion2825", "comment": "This is exciting and I already know my 5 stocks. My the best investor win.", "likes": 3}, {"author": "@AdmiralFlapPlap", "comment": "Here we go: SOXL, TECL, FAS, CURE, EDC", "likes": 1}, {"author": "@shanesherman908", "comment": "Just entered. This is gona be a cool experiment. Thanks brandon for all your videos. Have learnt alot from you!", "likes": 2}, {"author": "@citizenoftheyearCC", "comment": "Who else is going to buy mostly Tesla?", "likes": 3}, {"author": "@GenExDividendInvestor", "comment": "Haha awesome!  I just shared this video in a discord with 350+ investors in it :)", "likes": 7}, {"author": "@HiddenFreedom", "comment": "I'll have to think about this one and see if I'll participate.", "likes": 4}, {"author": "@chrisbouchard4780", "comment": "As a Canadian follower... We really need alot more Canadian stocks ideas etc  particularly as an example decision making with US stocks with exchange rates.... Calculating etc. Ratio of more Canadian to US stocks also resp trading for my daughter", "likes": 2}, {"author": "@CaseyBurnsInvesting", "comment": "BA, BYND, TSLA, XOM, SPG", "likes": 2}, {"author": "@chrisbouchard4780", "comment": "Yay. Your back!", "likes": 1}, {"author": "@HarutoLIVE", "comment": "Nice Video, it would be nice if you could make a video about ACB or about the general MJ Market, it will interest many people.", "likes": 2}, {"author": "@frazzledhaloz3184", "comment": "Lol MO, ABBV, VZ, KO and UL.....HAPPY NEW YEAR!", "likes": 2}, {"author": "@steveantonioni", "comment": "Congrats on 30k subs! Really great idea man - also very important disclaimer you made. But for the challenge I'd have to go with VFV.TO ;) mwahaha", "likes": 1}, {"author": "@frazzledhaloz3184", "comment": "It would be interesting to see!", "likes": 1}, {"author": "@beaviswealth", "comment": "*Happy Holidays everyone! :D* What do you think of the Portfolio Off Challenge for 2020? Submit your entries here (until January 6, 2020) - *Update:* Submission period is now closed! \n\n\ud83d\udcc8\ud83d\udcda As always, if you're a beginner to the Stock Market and you're looking for a step-by-step blueprint on how to get started... Find out more about our Investing Academy here - http://bit.ly/InvestingAcademy.", "likes": 8}]