[{"author": "@beaviswealth", "comment": "Join our FREE Facebook Group here (Investing For Beginners Canada) - https://www.facebook.com/groups/1169354633252700/\n\n\ud83d\udcc8\ud83d\udcda As always, if you're a beginner to the Stock Market in Canada and you're looking for a step-by-step blueprint on how to get started... Find out more about our Investing Academy here - https://bit.ly/theinvestingacademy", "likes": 9}, {"author": "@christiantinoco7039", "comment": "Greetings from Peru.", "likes": 0}, {"author": "@Tandemfun10", "comment": "I own TD & CM and I'm not worried at all", "likes": 0}, {"author": "@digital-rain", "comment": "What are your thoughts on ZEB? (BMO's Canadian banks ETF)", "likes": 0}, {"author": "@ross4452", "comment": "Financials are always a good buy, the central banks and the gov't will never let them fail. They can't allow it to happen, we've seen it many times. They are always bailed out if needed. It would be anarchy if the banks failed and money would be useless anyway. The gov't knows it.", "likes": 0}, {"author": "@aladdin8372", "comment": "canadian bank havnt cut thier dividend since 200 years so.. i invest in and hope they wont cut for a little virus they didnt even cut it in the second war and first war.. why would they cut for a virus lol", "likes": 0}, {"author": "@ColtonLoberg", "comment": "so glad you stopped asking for subscribers right of the batt", "likes": 0}, {"author": "@ardellgough", "comment": "My largest position is TD, I  also hold BMO and I bought CIBC near the bottom. I'm way over weighted in Financials in my portfolio because Canada is socialist and the banks are an oligopoly with heavy regulations.  I'll hold these for decades, collect my dividends and not lose a wink of sleep regardless if the share price goes up or down.", "likes": 1}, {"author": "@attrzz", "comment": "Could you look into NSP (Naturally Splendid) on TSX?", "likes": 0}, {"author": "@jayfinance7463", "comment": "Great content, Brandon! Do you invest personally in European markets too? Taking into consideration commercial banks as well? Thanks! :)", "likes": 0}, {"author": "@arjea03", "comment": "They made it through world wars", "likes": 1}, {"author": "@prygler", "comment": "What is the best platform for a danish guy to buy Canadian stocks such as Canadian banks?", "likes": 0}, {"author": "@ragghul12", "comment": "Is endbridge worth investing in right now?", "likes": 0}, {"author": "@amandastanley182", "comment": "Well relying on luck can be favorable to most of us in the trading industry and can also bring you down back to nothing. \n So Iearned these three first important things to be considered\n : 1.do not trade with money you cannot afford to loose okay \n 2. Record all trading activities, profit and loss margins which you'll learn \n3.  Then very important always consult an expert in the field to checkmate your level of improvement Michael Marcus is recommended for he made me my first million dollars, with his auto trading robot.", "likes": 2}, {"author": "@CommandoMaster", "comment": "Growth stocks will yield a higher return on investment over a longer period of time than bank stocks even with their dividends. Bank stocks are regarded as low risk, but also low reward. Right now it's tempting to buy them at a discount price, but idk how the next few months will be for all companies, so holding onto some extra cash might be a good idea.", "likes": 2}, {"author": "@miguelcanales5373", "comment": "hi, a question what happens if 1 option contract. expires in Questrader the broker closes the position automatically or the position remains open and I have to close it.", "likes": 0}, {"author": "@dropd4thewin", "comment": "disclaimer: past performance (even back to the 1800s) may not reflect future returns, especially given a pandemic and all time high levels of government money printing", "likes": 0}, {"author": "@davidlegare5021", "comment": "Any thoughts on Steve Eisman's position on shorting RBC and CIBC?", "likes": 0}, {"author": "@HB-lx3wv", "comment": "Hi Brandon, BPY.un\nIts commercial properties, do you think its a good idea considering where we are right now with the rent relief programs?\nThanks", "likes": 1}, {"author": "@OutdoorMike04", "comment": "Hello,\n\nWhat's the best flatform for long term investing?", "likes": 0}, {"author": "@karolinrose", "comment": "Most of my portfolio is in the Canadian bank stocks. By far the best income stocks out there in my opinion, a must for any portfolio. I'm 25 and I plan to hold onto my bank stocks until retirement. Earnings is right around the corner for all of them. I'll definitely be sitting patient to see how the earnings affect the stock price before I buy some more shares. TD is probably my favourite - I bank with them so I'm biased, but I like how much U.S. exposure they have, and how little they depend on energy/oil loans - too risky and volatile for me. Dividend cuts are definitely not a concern for me with bank stocks, these are solid lifelong investments.", "likes": 1}, {"author": "@CorgiCA", "comment": "I prefer ZEB and ZWB", "likes": 0}, {"author": "@first.or.better", "comment": "Hey Brandon, could you comment on the recent Birkshire/Buffet conference, and give your opinion on the fact that he is currently not investing in any stocks whatsoever, even though he has $137B in cash sitting.\nThanks", "likes": 0}, {"author": "@Keon994", "comment": "What about the rise of crypto? How will that effect the Canadian Banking Oligopoly?", "likes": 0}, {"author": "@harkiratskaler5855", "comment": "Hi Brandon,\n\nWhat are your thoughts on Gold stocks right now ?", "likes": 1}, {"author": "@dandansfu", "comment": "used to work at one of the FI.  all I can say is if bank ever run the government. not only we will have surplus every year. no waste money like government with crazy benefits and ppl never worry about lose jobs or ppl move up coz of seniority not coz of skills", "likes": 0}, {"author": "@kevinunterieser797", "comment": "I\u2019m showing TD.TO dividend at 0.79 cents CAD. Where did you get $2.00+ at? \ud83e\uddd0\nUnless you mean it as an annual payment?", "likes": 0}, {"author": "@xXGurgleXx", "comment": "Thoughts on Eq bank?", "likes": 0}, {"author": "@3rjc11", "comment": "Just subbed. Solid breakdown, agree that cad banks dividends are probably safe. That said, with energy getting crushed it\u2019s likely their earnings will be impacted more than its peers in the US, as Canadian banks have a high degree of commercial and investment banking exposure to EP. either way, I\u2019m perpetually long cad banks.", "likes": 0}, {"author": "@7031995", "comment": "Can you still make a good return in mutual funds through a bank or would it be better to invest directly??", "likes": 1}, {"author": "@investingwiththomas4809", "comment": "Hi Brandon! What gear are you using for your video? Thanks", "likes": 0}, {"author": "@frankdejong6652", "comment": "Td and Scotia going strong", "likes": 0}, {"author": "@taylorbirch2466", "comment": "I don't think the questrade $50 in commision free trades link is working? I clicked and when i went to open an account it said \"This is not a valid promo code. Please review and re-enter\". Halp. Also thanks for the great video! Learning as much as I can in these crazy days.", "likes": 1}, {"author": "@canad1anadventure", "comment": "BMO has so much cash", "likes": 1}, {"author": "@Kawhisexual", "comment": "let me get this straight\nWe are about to head into the biggest financial crisis in history\nand you are preaching that people should throw their money into sinking ship by investing in banks that will have difficulty collect debts? when loans are banks' biggest income source?\nare you out of your mind?", "likes": 0}, {"author": "@michaelhamilton-piercy6703", "comment": "The CDN bank charts are not constructive... they are guilty until proven innocent in my camp. \nLook at their exposure to high and risky debt in the energy sector...  \nThe government will need to step in and provide liquidity.", "likes": 0}, {"author": "@alisaad679", "comment": "Hey Brandon, you said in one of your earlier videos that you started investing when you were 16, I am around that age and was wondering what brokerage and setups you used. I think i am going to ask my dad to open and account for me on questrade, but I know that the commission fees will eat up a chunk of my earnings. Do you have any advice for a young Canadian investor? I know that its alot easier in America where they have UGMA accounts and no commission fees but it is what it is and I want to have some input from someone like you. Thanks", "likes": 0}, {"author": "@winoo8542", "comment": "Hi Could you please speak a little bit slow? I do understand for a presenter. It is hard to break the habit when you pick up the flow. But sometimes I am listening only to audio. Thanks for educating us. It is very helpful.", "likes": 0}, {"author": "@donaldmaule7824", "comment": "TD and the rest of the big canadian banks have all been growing their dividends as their stock price appreciates...they all like to keep the dividend yield in the 4% range. Now the stock prices have declined such that the yield is closer to 6%. If earnings decline I would not be surprised to see the dividend adjusted to return to that magic 4% yield...and I would be ok with that.", "likes": 0}, {"author": "@lizardsalt4098", "comment": "Guys you get two free stocks both up to $1400 value with webull\nhttps://act.webull.com/i/OU9xIrMiLm2k/qhy/", "likes": 0}, {"author": "@edenharayo4195", "comment": "Hi Brandon, any recommendation for a brokerage that lets us invest outside of US & Canada? Thanks", "likes": 0}, {"author": "@harkiratskaler5855", "comment": "With feds printing more dollars and leading to inflation or dollars being devalued, What would happen to stock investments ?", "likes": 0}, {"author": "@NickPeitsch", "comment": "I doubt the Canadian banks will cut their dividends! These are the top tier companies in the world and have EXCELLENT balance sheets. I\u2019ll always be a buyer of BNS and RBC. Great topic \ud83d\udc4d", "likes": 3}, {"author": "@Tykoon", "comment": "I put 15K on Suncor a week before the crash. Huge mistake. I\u2019m stuck with them now. If I sell I will loose big. I will definitely avoid energy stocks in the future.", "likes": 0}, {"author": "@busdriver3330", "comment": "Royal and TD are my favourites as well.  If they cut the dividend a bit it won't be the end of the world.  As long as the banks stay profitable we all win in the long run and when this is over they'll surely start raising their dividends again.  Hold on tight every one. It's gonna be a wild ride.", "likes": 0}, {"author": "@MrPaulreddick", "comment": "there is also an internal incentive, part of bank employee compensations is through stock, long term employees and especially the executives are counting on this source of income for retirement, the bank will try as hard as possible to keep up paying dividends, just my 2 cents", "likes": 0}, {"author": "@LucianoClassicalGuitar", "comment": "National Bank of Canada is underrated!", "likes": 0}, {"author": "@VictorEboa", "comment": "Great tutorial Brandon. Canadian Banking System is the best in the World. i invested in TD and RBC, i think RBC has been around for a longtime and their dividend seems to be permanent.  thanks for sharing with us, big thumbs up\n1. RBC\n2. TD\n3. BMO\n4. Scotia Bank", "likes": 15}, {"author": "@begley09", "comment": "Lol @goverment backing banks, you mean the tax payers :P.", "likes": 1}, {"author": "@marivicmaniego9176", "comment": "Hi can u guide me how can i start investing in the bank that pays dividends my bank is royal bank and how much for to start", "likes": 0}, {"author": "@josibart5774", "comment": "Ive had TD for a while . Have over 200 shares. Have seen two splits for this stock since owning it and have it on a DRip", "likes": 3}, {"author": "@crash7098", "comment": "Even though I invest in Canadian banks, and enjoy the dividends... doesn\u2019t it clearly show in your example that if the bank can pay out over 5 billion of their profits, they obviously charge too much for their fees. Ha", "likes": 0}, {"author": "@kristaylor7119", "comment": "Just bought 54 stocks of TD.", "likes": 0}, {"author": "@IIDannyBoyII", "comment": "im just trying to find the best time to buy some bank stocks anyone have any idea, im guessing and hoping with this dip it will go lower in the next few weeks any ideas on when to buy o and what brokerage do u typicaly use questtrade or weathlysimle i guess, i hope one day we can get robinhood", "likes": 0}, {"author": "@xo_kryptoknight4147", "comment": "Very interesting Brandon, where can I find those financial statements? Can I also find them for Index funds or Mutual Funds that contains stocks of these banks too? \n\nThanks again for the video!", "likes": 0}, {"author": "@George_Perez", "comment": "Great breakdown Brandon, but ended up selling most my dividends stock to buy more Tesla shares cause I just see them skyrocketing over the next couple of years especially if they are able to pull off robotaxis, that's when they will be approaching a trillion dollar valuation \ud83e\udd11\ud83d\udd25\ud83d\ude80", "likes": 10}, {"author": "@matthewjosiah", "comment": "I like TD because they could easily expand operations in the US in a big way!", "likes": 1}, {"author": "@Dj-uy1kp", "comment": "its time to buy!!!!!!! with a DRIP right now is a discount!!!!", "likes": 0}, {"author": "@H0CK3YB0YZ", "comment": "BMO has being paying a dividend since 1829. Canadian banks will never go away !", "likes": 6}, {"author": "@AlphaNews101", "comment": "Took position on BMO today as it dropped 5% !", "likes": 1}, {"author": "@reptilianskin", "comment": "I\u2019m of the opinion that Canadian banks will not cut their dividends. I have direct share ownership in 3 banks. And I also hold a dividend etf so I likely indirectly own all of them.", "likes": 0}, {"author": "@Ankit.Realtor", "comment": "Hi Brandon! I have been following your videos recently and found them interesting. Just want your expert comment on current situation of Air Canada stocks. Can you please provide some guidance on same?", "likes": 0}, {"author": "@noseymold9868", "comment": "Bought heavy into BMO. All banks are a buy, buy, buy. I\u2019m avoiding CIBC though just because of the high mortgage exposure.", "likes": 3}, {"author": "@jesuisbenoit", "comment": "Holding CIBC (CM.TO) now. Interested in Goos.", "likes": 3}, {"author": "@andrew15stewart", "comment": "Doubt banks will cut dividends. Lol we would have bigger fish to fry if they did this is not one of these situations. Banks are highly regulated by government and capital requirements are higher than 07/ 08 crisis. Dividend is safe!! BUY BUY BUY!!", "likes": 0}, {"author": "@mrkimchii3907", "comment": "Thank you for ur explanation! Im still waiting for td and bmo to dip.", "likes": 1}, {"author": "@jeanpauljeanpaul2530", "comment": "I bought all the big banks...don't buy the ETF, just buy the stocks directly, there safe.", "likes": 0}, {"author": "@ErnestoSanchez13", "comment": "Nice video!\nwhat's the name of the website where you see the TD info", "likes": 0}, {"author": "@niranmojo", "comment": "I Bought TD bank shares. Can\u2019t go wrong With Canada\u2019s second biggest bank. I wouldn\u2019t buy CIBC", "likes": 0}, {"author": "@robertmcmanus8465", "comment": "Keep in mind we are in a major debt crisis and banks are exposed to alot of risk right now with this global lock down. Major carnage when people and businesses start to default on their loans and mortgages. Not trying to sell doom porn just focused on the fundamentals and facts. With all the consumer and corporate debt a subtle raise of interest rates could also be crippling. Let the cycle play out and you'll see much better value. Canadian banks are by far the strongest banks though I would agree. I like TD BMO and RBC but I haven't bought stocks yet in any industry other than 2 gold stocks.", "likes": 0}, {"author": "@itsfunlol2205", "comment": "Hi sir,\nI am beginner. I am planning for air Canada and cineplex next week after earning call. I will keep upto next April 2021. What's your opinion. I have to wait for 2nd quarter or I can buy now. Thanks", "likes": 1}, {"author": "@rebeccam2", "comment": "BNS has the best dividend I can find.", "likes": 3}, {"author": "@TakashiNippon", "comment": "might as well do ZEB, the banks are so similar there really no one best Bank stocks.", "likes": 8}, {"author": "@WaysToWealth", "comment": "Great video - Canadian banks make up a significant amount of my portfolio. Low interest rates may not be the best for profitability in the short run, but safe payout ratio and great long term hold!", "likes": 1}, {"author": "@jolynliee833", "comment": "good stuff thx", "likes": 0}, {"author": "@familydinner1", "comment": "All my other trusted financial gurus are SCREAMING \"get to cash now!\" What do you think about that?  I'm going to set up a skype meeting with you soon.  I'm lost.", "likes": 3}, {"author": "@Domster19888", "comment": "Shit you know me, I'm a sucker for the big banks! \ud83d\ude02\ud83d\ude02\ud83d\ude02", "likes": 0}, {"author": "@Dave004", "comment": "I'd like to buy some TD at under $52 or so but who knows if it'll ever get back down that low with this market. I'd like one bank, one quality big cap (I have QSR for that) and one REIT (I have HR) for my holding long term dividend play. The rest I look for growth and don't care much about dividends.", "likes": 0}, {"author": "@turbofanlover", "comment": "Yeah, Canadian banks are fine...but I suspect that you will be able to get them a fair bit cheaper, later this year.", "likes": 1}, {"author": "@haumai8933", "comment": "Thanks for content Brando!", "likes": 0}, {"author": "@brianlevi4964", "comment": "You have perfect timing I was just thinking about buying them", "likes": 3}, {"author": "@anne-mariel3256", "comment": "Brandon what do you think of VFV? U had a video months ago about.  But for now would you buy more?", "likes": 1}, {"author": "@kingmiked", "comment": "Can't choose they all good. That's why my biggest position is ZEB. Got it to drip!", "likes": 10}, {"author": "@georgeemil3618", "comment": "A few years before the 2008 Financial Crisis, Canadian businesses were criticized internationally for not being aggressive enough.  Politically, the Official Opposition wanted to overhaul the Bank Act.  The Government looked into it but rejected the idea.  Good thing too.  The strict regulations under the Bank Act prevented Canadian banks from going into all those risky speculative investments that ultimately crashed the stock markets.  So even though Canadian banks and businesses did suffer the Financial Crisis, our banks didn't suffer as badly.", "likes": 0}, {"author": "@scottscriticalmass", "comment": "I've long felt the big Canadian banks are much-much-much better operators than their cousins below the border where I reside.  With the market at multi-year lows, I've been looking to increase my exposure to big banks.  The plan was to buy one U.S. bank and one in Canada.  TD is my favorite of the bunch, so I researched a bit and came away with a few concerns.\u00a0\n\u00a0\n1) Canadian's financial leverage exceeds prior high seen in 2007 & we know what happened soon thereafter.\u00a0\n2) The elevated housing market and the potential impact a falling housing market could have on the big banks.\n3) Challenges in the Energy market and its impact on the big banks (admittedly don't know TD's exposure yet).\n4) Not to mention the overall macro-economic concerns.\n\nWith all that said, I'm fairly certain Toronto Dominion will weather the storm and come out the other side of this recession just fine, if not even stronger.  I expect TD will keep the dividend streak alive as well, assuming of course the broader economy doesn't take a deeper dive than expected in which case who the hell knows.  \n\nI haven't purchased shares yet, but watching closely for now.\n\nBTW... The U.S. bank I landed on was Wells Fargo (WFC).  They've underperformed the other big banks over the past few years and deservedly so.  I like their new CEO however and think he can right the ship in a big way.  Average price on WFC is in the $27's and currently have about 50% of desired position size.  Likely won't buy more unless I'm able to do so <$25.  I like it, but don't love it.\n\nPart of the reason for my hesitance in buy TD or going bigger in WFC is my already large exposure to the Finance sector.  I've long held AXP, BLK, BR, BRK/B, MA, SCHW & V and have no plans on selling any of the holdings.\n\nWell done as always Brandon.  Thanks!  Be well...", "likes": 0}, {"author": "@theintelligentinvestor-per5790", "comment": "I've been following every newsletter and every analyst's opinion about the big Canadian banks and all the information that I found points that they are going to do well during this crisis. Also, the dividends are going to be safe. So nothing to worry about.", "likes": 0}, {"author": "@VinTruckingJourney", "comment": "Bought TD today \ud83d\ude02", "likes": 1}, {"author": "@kingkang6877", "comment": "I wish I understood more clearly why Steve Eisman is SHORT the Canadian banks.  He didn't name them but he said \"pick any of 'em\"", "likes": 2}, {"author": "@jim8072", "comment": "I personally believe that National Bank outperforms the big 5. Worth a look for any Canadian investor.", "likes": 3}, {"author": "@anne-mariel3256", "comment": "Bought BMO & TD last week", "likes": 2}, {"author": "@outworkthework", "comment": "Very timely video. Thanks for covering the topic", "likes": 0}, {"author": "@j.milleraabamsc9400", "comment": "There aren't any significant signs that banks will need to cut dividends, based on how the Fed is stepping in.  That said,  not that I believe anything will alter the destiny of whether or not dividends payments will be issued, there is reason to check up on the banks in June.", "likes": 0}, {"author": "@GriffinMilks", "comment": "Canadian Bank Stocks are solid investments all around. Considering most of their balance sheets, I'd be surprised to see them cut dividends dramatically such as Husky haha. Great video Brandon!", "likes": 55}, {"author": "@jonisbon1", "comment": "What website do you use to analyze the financial statements? thanks", "likes": 0}, {"author": "@muddywatersbookshelf7758", "comment": "Like you, I think Cdn banks are still a reliable option.  Plus, they are well regulated by government so long term we are confident in them.  We just bought some stocks in CDN banks.  You raise good points about the low interest rates though...", "likes": 0}, {"author": "@ARP39", "comment": "Started trading today with TD stocks", "likes": 3}, {"author": "@juandavidmunevar2586", "comment": "What are the two big bank stocks that you own?", "likes": 0}, {"author": "@benefitnessstudio2702", "comment": "Do ENB next please!", "likes": 23}, {"author": "@CaseyBurnsInvesting", "comment": "6:00 love me some safe TD dividends.", "likes": 5}, {"author": "@mechengineer4life", "comment": "The best thing about Canadian bank for me is that they have not been as risky as in the United States which is why they did not have the kind of house crash we did because they did not leverage as much and maintained much stricter lending standards. Only thing that sucks for me being in the USA is that each trade much higher commission fee", "likes": 1}, {"author": "@landondereus6317", "comment": "Hey Brandon! I loved the video. I have actually invested in some shares previously and created a YouTube channel as well to give some advice to others who are starting on the stock market. I am posting a video on my channel it will be up within the next ten. If you'd like to take a look at the video, my channel is \"Landon DeReus\". I would love some feedback and support so don't forget to hit that subscribe button and turn on your notifications so that you know when I upload a new video. Enjoy!", "likes": 0}, {"author": "@MarcLetourneau", "comment": "I totally agree banks will be fine long term! However, if negative interest rates become more prominent in North America, I think they'll have a tougher time than they have in the past. European banks haven't faired well since negative rates started over there.", "likes": 0}, {"author": "@JJ-fd2ob", "comment": "Thanks for this - at the top of my mind right now as well!", "likes": 1}, {"author": "@shivams6494", "comment": "I put 2000 in bmo and td just yesterday and now I\u2019m down 3.5%\ud83d\ude2d\ud83d\ude2d\ud83d\ude2d, I keeping it in for the long term tho so I\u2019m not that worried", "likes": 6}, {"author": "@ondawok", "comment": "Let's play some cod!", "likes": 1}, {"author": "@mechengineer4life", "comment": "Only partway through video, but always remember as a US trader that you usually have to pay more commission and a fee to buy foreign stocks if they are ADR. That being said, banks get so much central bank support that unless they receive a bail out with terms that they cannot pay dividends, you are likely not at risk of losing dividend like the big durable goods makers and industrial companies that have lots of maintenance and fixed costs", "likes": 1}, {"author": "@MichaelGordonFinance", "comment": "There is always a risk that dividends can be cut.  I think that is one of the dangers of focusing exclusively on the dividends, because often times those will disappear.", "likes": 0}, {"author": "@chrisjones9041", "comment": "*the stocks i bought today*\nCanadian Tire \nCanada Goose\nCanadian Natural Resources", "likes": 7}, {"author": "@The_Millennial_Investor", "comment": "I own JPM WFC and DFS. All have kept their dividends so far. I think it's a good sign for now.", "likes": 5}, {"author": "@ThinkMoneyBenny", "comment": "Haven't Seen A Cut From CHASE & WFC here in U.S so I'm glad about that.\nGot Paid Today By JPM \ud83c\udf40", "likes": 3}, {"author": "@welditful", "comment": "One question, did those banks pay dividends in the great depression?", "likes": 0}, {"author": "@TheEntrepreneurChannel", "comment": "I think by the end of the year tons of dividends will be slashed along with stock prices! Time will tell though.", "likes": 3}, {"author": "@SuperVinhy", "comment": "First one! Keep it up Bb! - Edited: Second one! Aha", "likes": 2}, {"author": "@welditful", "comment": "I've been buying VDY based on the fact that it's bank and financial services heavy.", "likes": 9}, {"author": "@beaviswealth", "comment": "Join our FREE Facebook Group here (Investing For Beginners Canada) - https://www.facebook.com/groups/1169354633252700/\n\n\ud83d\udcc8\ud83d\udcda As always, if you're a beginner to the Stock Market in Canada and you're looking for a step-by-step blueprint on how to get started... Find out more about our Investing Academy here - https://bit.ly/theinvestingacademy", "likes": 9}]