[{"author": "@beaviswealth", "comment": "Get some free some up bonuses with the links below! Thanks for watching! :) \n\n\u25ba Questrade Online Brokerage (Get $50 in commission-free trades) - https://www.questrade.com/campaigns/qbaffl50t102?refid=ayiice9l \n\u25ba Wealthsimple Trade ($10 cash bonus when you deposit $100 or more) - http://wealthsimple.sjv.io/zQ1d6\n\u25ba Wealthsimple Invest Robo-Advisor (Receive a $50 sign up bonus) - http://wealthsimple.sjv.io/7AO7Y\n\n\ud83d\udcc8\ud83d\udcda As always, if you're a beginner to the Stock Market in Canada and you're looking for a step-by-step blueprint on how to get started... Find out more about our Investing Academy here - https://bit.ly/theinvestingacademy", "likes": 34}, {"author": "@roundaroundplaces", "comment": "Hello Brandon, very well said , however i don't know if you miss something or maybe its on your another vlog is the option that if you can automate the payment from your bank to the broker wether its bi-weekly or monthly and the broker will automatically trade for you. i.e  cibc bank will put some amount/s to your chosen broker and then setting up an automation inside your apps broker to put money on stocks you've chosen. im new at your vlog, i would appreciate if you will do a video/s for this and if there's one pls let me know the link. Thanks and more power to your Channel", "likes": 0}, {"author": "@tidy", "comment": "I moved to Questrade and I regret my decision. When you purchase US stock with Canadian funds they don't convert the currency until the end of the business day. This means you could get stuck with a bad rate. Once they convert the currency they don't show you online how much the conversion rate was. They told me you have to call them to ask. Very bad online brokerage! My PIN for my account has not worked since day one.", "likes": 0}, {"author": "@JC-by6cl", "comment": "With no commissions how does Wealthsimple Trade make money?", "likes": 0}, {"author": "@chiang-linsiao", "comment": "In Questrade, buying ETFs is not totally free. They charge ECN which can amount to quite a god sum if you are buying 1000 shares or more and selling those 1000 plus shares can cost upto $13 to $14, which is way more than their maximum of $9.95.\n  in Wealthsimple, there is a serious flaw in not having a \"Modify order\" button next to \"Cancel Order\" button; this entails unnecessary loss of time canceling the order and waiting for a minimum of 3-4 minutes before putting in a fresh order.", "likes": 0}, {"author": "@user-ur8fn7un1d", "comment": "Is the money in wealthsimple trade insuranced like quetatrade?", "likes": 0}, {"author": "@mariejouberthe2862", "comment": "Thank you so much for the info.", "likes": 0}, {"author": "@robwells230", "comment": "I changed from Scotia Itrade to National Bank Direct Brokerage because itrade was charging me 7 times more for an option trade and almost one percent more for margin interest rate.\n   I am completely happy at NBTD.\nNo commission trades, cheaper margin interest, and lower options fees.\n\nBest customer service as well", "likes": 0}, {"author": "@dahdahpoe4662", "comment": "What\u2019s the difference between Wealthsimple vs Wealthsimple trade?", "likes": 0}, {"author": "@okggokstore681", "comment": "An important warning, never invest with BMO Bank. A bank that defrauds investors. I did 180 transactions, I paid $1,800 in commission, and lost money. One of the best banks, 0 Desjardins commission. So far I have done more than 3000 transactions $0", "likes": 0}, {"author": "@stopdictatornow8698", "comment": "I\u2019m in invested on BMO platform investorline how do I get off this platform and into wealth simple or something else. Tried of all the fees InvestorLine continues to charge!! Thanks for your feedback", "likes": 0}, {"author": "@FennecDigitalArt", "comment": "Wealthsimple trade is by far the best platform for newbies in my humble opinion, no commissions on Canadian stocks and ETF's, no minimum deposit required to get started (you can literally start with 20$, that's what I did), learn and move forward, slowly but surely.", "likes": 0}, {"author": "@mhaddadi", "comment": "Useless information, you missed best and cheapest broker, Interactive Broker.TD direct Think or Swim  is the best for Option trading and backtesting.Also classify by trading product like Stock,Futures,Options.Some broker are good for certain product.", "likes": 0}, {"author": "@nurlanakhmetov", "comment": "Thank you Brandon for this comprehensive review of the Canadian investing platforms", "likes": 0}, {"author": "@paulpowers1698", "comment": "Every Canadian should know about your site I just found it and I am excited to see more", "likes": 0}, {"author": "@vanessameneghelliarantesvi6922", "comment": "I've downloaded the WealthSimple app but I was expecting to see the word Trade in it, so I am not sure which one I'm working with... Could you please comment on that? Thank you.", "likes": 0}, {"author": "@vanessameneghelliarantesvi6922", "comment": "Thank you so much for this video Brandon. It's helping me a lot to make sense of how to invest in Canada.", "likes": 1}, {"author": "@user-wj8co5rg8k", "comment": "Hi Brandon. Nice video. How about Interactive brokers? Compare it with questrade and wealthsimple, please.", "likes": 1}, {"author": "@kimdongsaeng8946", "comment": "Hi, I'm looking to invest and was about to create an account with wealthsimple whether it's the trade or not, however i do read a lot of bad reviews on it. Did anyone have major issues with the website or app? please let me know. Thank you", "likes": 0}, {"author": "@gurenchamp", "comment": "Questrade has ended their quarterly inactivity fee.\n\nI was a bit panicked when I first watched this, because I had already set up with Questrade.", "likes": 0}, {"author": "@RobAbela", "comment": "Brandon what was the free online portfolio tracking site you recommended?", "likes": 0}, {"author": "@krissy.x", "comment": "So questrade is only good for quick trades, not long term dividends investments?", "likes": 0}, {"author": "@jamegrabham9992", "comment": "Thanks, Brandon...I ran into your YT account just recently (with your Dad)...warms my heart...I really enjoy...I too use QT...who do you use for your watchlist and research, please...JG", "likes": 0}, {"author": "@bradhaaf4749", "comment": "I'm more worried about % than flat fees I don't care if it's 5 or $10 per trade, in 20 years when I go to take it out I don't get hit with % on a $5,000,000 I've saved which will cost me a thousand times more than any fee..  say I was going to put in 1 mill for 10 yr at which time I expect the Canadian dollar to be worth a lot less than US as we've electrified and oil has crashed, which one is best for bringing that money back from the USD stocks I've invested in ?", "likes": 2}, {"author": "@mikewestern9925", "comment": "if i have a lira  at TD in mutual funds and transfer it to TDDI would DRIP be considered as activity so i dont pay inactive fee's", "likes": 0}, {"author": "@BlondeMeledy", "comment": "Great overview! Highly appreciate!", "likes": 0}, {"author": "@jeffreyng5685", "comment": "I will use IB simply because I invest in US stocks and their exchange rate is the best, not to mention the low commission rates.", "likes": 0}, {"author": "@prisulamauree", "comment": "Is it better to transfer for rrsp from a brokage company or the bank ?", "likes": 1}, {"author": "@JSB-2Z-2K", "comment": "Thank you Brandon, I really needed this video. Here I was as a noob thinking bank brokerage was the best idea \ud83d\ude02\nI agree wealth simple for mobile only and questrade sound the best. Although questrade sounds good only for ETF investing, and Wealth simple being only for mobile is really not a good thing (if your phone gets stolen or breaks) And did they fix the tax only accounts allowed on their platform? If not, what would the tax fees look like for example?", "likes": 0}, {"author": "@Siwashable", "comment": "i don't get how Robo-advisors are still around with Asset Allocation ETFs", "likes": 2}, {"author": "@Siwashable", "comment": "TD e-series funds are free to buy and sell, btw... and they are good", "likes": 1}, {"author": "@Siwashable", "comment": "National Bank has removed fees/commissions", "likes": 1}, {"author": "@jo-annguthur7314", "comment": "Love the video. Found it very helpful. Could you consider offering a video to explain the qu\u2019estrade managed portion? Like how much do they charge is it cheaper than brokers?", "likes": 1}, {"author": "@brianhill2676", "comment": "Hey Brandon.  Can I buy fractional shares in Questrade?  I am thinking if buying fractional shares in Tesla  Amazon and google.   Or should I just put that money into VFV?  I have wealth simple account fir my tfsa Canadian portfolio and Questrade fir my US tfsa", "likes": 2}, {"author": "@danolinski7466", "comment": "Thanks man, it was helpful", "likes": 1}, {"author": "@lusinhauk", "comment": "HI Brandon Can use Quest Trade to buy stockes in USA?? Like amazon , google, tesla,etc??", "likes": 2}, {"author": "@browngeeson7377", "comment": "Good video Brandon, thank you!  This is my first time watching you - under advice from a longtime friend.  I'm a Non-Resident Canadian and for the last 7 year have invested through the TD Bank.  I'm a resident of Thailand.  Just this month the TD bank has advised me that I should liquidate/transfer out all of my investments with them otherwise they'll get frozen. Something about policy change....  Have you ever considered doing a video directed at Non-Resident Canadians?  I'm sure there are probably more than a few investors in the same boat as me.", "likes": 2}, {"author": "@Liplucky", "comment": "I agree with being deterred by investing using the bank platforms.  What platform would you suggest for investing in fixed income and GICs to avoid these huge fees?", "likes": 1}, {"author": "@terrywason", "comment": "What are your thoughts on Interactive Broker?", "likes": 1}, {"author": "@terrywason", "comment": "Does questrade allow option trading?", "likes": 0}, {"author": "@sebastienbouffard4105", "comment": "Don't know if you have mentioned it in another video since this one, but National Bank of Canada went commission free last month and Caisses Desjardins followed shortly after. I think it's just a matter of time until they all follow. NBC is a fully featured brokerage unlike Wealthsimple which is missing some features IMO.", "likes": 1}, {"author": "@RiceballRox", "comment": "I think for purchasing individual stocks you are correct, it doesn\u2019t make sense to use any of the banks, but if you are purchasing funds it shouldn\u2019t be determined by which institution is cheaper, but should compare different portfolio and portfolio management and see if the returns are better even with the fees..right? I purchased TD TSFA index funds, one is US capital which essentially more than doubled last year. By comparison the global index grew much less.. I guess what I mean is, if the global index was purchased for example, on wealth simple, it still cannot compare with the return on the TD portfolio. And I don\u2019t know if it is easy to replicate a portfolio.. do each institution and portfolio disclose which stocks are being held? \nDo you know any resources for such comparisons? Thanks. :) very happy to find your channel, learning a lot.", "likes": 1}, {"author": "@ShubhamSharma-un6wu", "comment": "Is it safe to Provide SIN to these apps?", "likes": 2}, {"author": "@scramman", "comment": "Hi.. love your videos. About to make a life choice . I have a question. The 0.5% management fee. How does that sound to you..is ita fair cost?\n\nDean", "likes": 0}, {"author": "@krispatel6856", "comment": "For Wealthsimple trade, is it possible to purchase ETFs as well?", "likes": 2}, {"author": "@williamrice5510", "comment": "I maintain that investing in stocks is still one of the very best means of doubling or holding your funds. Who thinks otherwise? Let\u2019s debate. Lol", "likes": 4}, {"author": "@maxinehenriq6438", "comment": "I think the major issue would be how to go about the profitable investments not only good platforms\nA good approach would ensures  profitable investments on these lucrative platforms", "likes": 2}, {"author": "@rafvan4697", "comment": "Wealthsimple all the way! :)", "likes": 0}, {"author": "@filb", "comment": "I am with both Questrade and Wealthsimple, Wealthsimple for the no commission stocks and Questrade for my ETF's...the best of both worlds.", "likes": 0}, {"author": "@vaitefudercaralho2734", "comment": "Buy & hold 0% fee what is the best?\nHow  to transfer cash to stock broker?", "likes": 0}, {"author": "@lucyyiu7292", "comment": "What do you think about TD goal assist which offer free ETF compare to Questrade and Wealth Simple?", "likes": 0}, {"author": "@lovedeepsingh4557", "comment": "What about WEBULL? In Canada", "likes": 1}, {"author": "@dhruvpatel8302", "comment": "Kindly inform me how to invest in mutual funds in canada ? From which discount brokerage or banks?", "likes": 0}, {"author": "@torontoBluejays87", "comment": "Thank you so much for all the free knowledge you post on your channel. As a new investor who wishes they started earlier and who wishes they TAUGHT US THIS IN SCHOOL! I am learning a lot. Cheers.", "likes": 0}, {"author": "@teresitabumolo6785", "comment": "God bless your heart of sharing your wisdom.   I  can understand you rather to any one else.   You're the best.", "likes": 0}, {"author": "@larrydennistv", "comment": "Amazing content finally found a Canadian based creator giving advice for Canadians new subscriber here..", "likes": 2}, {"author": "@enesyazici2373", "comment": "i could summarize all of this under 5 mins", "likes": 0}, {"author": "@roberttaylor3594", "comment": "Hey, what about Q trade?  I opened a wealth simple account...and will probably close it.  The features for analysis and comparisons and screeners in Q trade are worth it.  It gets consistently high ratings from reviewers.", "likes": 0}, {"author": "@ironlotus7371", "comment": "Hey new to investing. Is it true that wealthsimple only supports stocks and ETF's and not other assets like mutual funds, preferred shares or Canadian securities?", "likes": 0}, {"author": "@Q.Gillette", "comment": "Dy", "likes": 0}, {"author": "@user-xw4cv7be4r", "comment": "Hi Brandon.I\"d like to choose broker for buying some stocks and hold them for years,so inactivity fees for me are important.As I understood questrade allows avoid inactivity fees if my balance is more than 1000 $ or I need to have ready bought stocks for 1000$ to avoid inactivity fees.That is not really understanding for me.Thanks.", "likes": 0}, {"author": "@teamlapse4291", "comment": "Can you buy etf in wealth simple trade", "likes": 0}, {"author": "@Gayathri_Madipalli", "comment": "Thank you so much for the video. i was struggling to decide...", "likes": 1}, {"author": "@arpitap4859", "comment": "How much  brockrage questrade and WS charge in delivery order(long term stock Holding)?\nNot for day trading.", "likes": 1}, {"author": "@jorgebustamante1601", "comment": "i have wealtsimple trade on my cell and on my computer.", "likes": 1}, {"author": "@jorgebustamante1601", "comment": "what are the fees for buy and sell a stock with questrade ?   with wealth is 1.4% to buy and 1.3% to sell ( about 4%)", "likes": 1}, {"author": "@bethmoze", "comment": "Thanks for the video!For someone who has recently created a portfolio for TFSA & RRSP with a bank and wants to change to WealthSimple or Questrade, is that possible?Would your RRSP or TFSA be affected?Thanks!", "likes": 2}, {"author": "@rr-zm1qr", "comment": "wealthtrade  ask for your SIN number which means you will be financially dead person !!! and that was biggest parameter you forgot to mention", "likes": 1}, {"author": "@notravio", "comment": "As many say, Wealthsimple is not recommended for buying US stocks. You are better of with Questrade for that as you get to use the Norberts Gambit.", "likes": 1}, {"author": "@hawkinhim3918", "comment": "Do you get pre market or aftermarket with any?", "likes": 1}, {"author": "@jburns2964", "comment": "WHATS AN APP FOR CHELLPHONES?? I\u2019m always on the go and never have time to use my laptop!?!?!? PLEASE HELP ME", "likes": 0}, {"author": "@jburns2964", "comment": "What\u2019s a good app for cellphone? Especially when you\u2019re always on the go and never have time to use a laptop?", "likes": 0}, {"author": "@hillaryjasel", "comment": "Did anyboady knows if theres any broker in canda that allows buy fractional trades?", "likes": 1}, {"author": "@minhhuynh5392", "comment": "How could I become one of your team members?", "likes": 1}, {"author": "@curtneygrant2484", "comment": "Hey: Brandon what can you say about Canada trust platform Advance dashboard for 29$ monthly if the account is under 500.000", "likes": 1}, {"author": "@susanmcadam1700", "comment": "I use wealthsimple trade only on my desktop.", "likes": 1}, {"author": "@thomashorrigan8853", "comment": "Can someone please tell me which free trading accounts that you can buy the Crypto\u2019s & Canadian stocks from here in America. I\u2019ve made dozens of calls to no avail. Thank you Tom", "likes": 1}, {"author": "@MoeCamera", "comment": "Not sure why Robin Hood isn\u2019t available in Canada but it\u2019s available in Europe ... Canada is so behind on everything.", "likes": 2}, {"author": "@buttahz3", "comment": "Is think or swim basically advanced dashboard?", "likes": 1}, {"author": "@michaelvanna8982", "comment": "Can one shift from say wealthsimple trade to questrade or any?  Any issues moving this and that?", "likes": 2}, {"author": "@doubraperemini818", "comment": "This was surprisingly very educative", "likes": 0}, {"author": "@RajatTiwari-HabituallyHappy", "comment": "Awesome job Brandon...Very helpful presentation and delivery. You would know already but as of today (2/28/21) WealthSimple Trade also has a desktop version. I guess that brings it up a bit higher in the list :)", "likes": 0}, {"author": "@jungernaut1491", "comment": "Thank you Brandon! \n\nK.I.S.S: Keep It Super Simple.\n\nWealth Simple it is! And I'm OFF!", "likes": 0}, {"author": "@fabicooke", "comment": "Thanks for the video. Can I transfer what I have with CIBC Edge to wealthsimple?", "likes": 1}, {"author": "@macoyzcamp7912", "comment": "Really good knowledge you give us for a beginners or just planning to invest even a few cad dollars.thank you so much,,", "likes": 1}, {"author": "@kathrynallard1535", "comment": "What APP  can l buy fractional shares in canada ? Please and Thank you", "likes": 0}, {"author": "@explorewestcoast2021", "comment": "I\u2019m from the island just getting started and your videos have helped so much!", "likes": 3}, {"author": "@NuniGamer954", "comment": "Thanks for all infos!", "likes": 0}, {"author": "@benjaminnadeau7305", "comment": "Great video the info is so clear and concise thank you", "likes": 0}, {"author": "@ketangoyal469", "comment": "i wish you had explained wealthsimple without roboadvisor", "likes": 0}, {"author": "@SaskFisher", "comment": "So was it .01 / per share to buy or the 4.95 / per share to buy? Find that part misleading. That can add up a lot buying small 2.00 stocks. Or is it .01 per share up to the 4.95 and a min. so either 100 200 stocks or whatever it\u2019s still 4.95. Thanks!", "likes": 0}, {"author": "@georgemackenzie6845", "comment": "does questrade sell crytocurrency", "likes": 0}, {"author": "@tedchung4860", "comment": "Do you have the referral code for Wealthsimple? Somehow I signed it up without using your web link. but I can add referral code if you have. Thank you", "likes": 0}, {"author": "@Chowarmy953", "comment": "Hi im interested if you can give me your broker please", "likes": 0}, {"author": "@abdullahsameer8009", "comment": "Can I open an account with these brokerage accounts if I live outside Canada but am a Canadian citizen?", "likes": 0}, {"author": "@Sieteeight", "comment": "Thank you for this video. Do you know if one can transfer shares in kind from a bank to quest trade or WS ? Thank you", "likes": 0}, {"author": "@Sieteeight", "comment": "I don\u2019t recommend ITRADE they delayed trading from Dec.2020 to Feb2021", "likes": 0}, {"author": "@s.j9832", "comment": "Which website or app takes the least time to deposit your money I hate waiting 5 business days just to invest when sometimes I lose money not investing at a low", "likes": 0}, {"author": "@almontoya5703", "comment": "What about Qtrade?", "likes": 0}, {"author": "@xingyudong7984", "comment": "Can I open both accounts with wealthsimple trade and td webbroker at the same time ?", "likes": 0}, {"author": "@itsbeh-yah1711", "comment": "I'm starting to invest soon and this really helps! thanks so much!", "likes": 1}, {"author": "@duncanboucher5925", "comment": "How about using an iPad", "likes": 0}, {"author": "@mbeliv3763", "comment": "Someone can tell me what broker is best for after hour trade for canadien using us and cad money?", "likes": 1}, {"author": "@emmettjenner1872", "comment": "What about custodial accounts?", "likes": 0}, {"author": "@Sahbab11", "comment": "Questrade l0l go to their reddit before you even touch them", "likes": 0}, {"author": "@kelechiekeledo6208", "comment": "Hey Brandon, Quick one, if you chose the self-directed investing option on Questrade, are the capital gains going to be taxed? How do we mitigate that? Thanks for your help", "likes": 4}, {"author": "@johnb.8184", "comment": "Hi brandon if I use wealth simple,  how do I know if i should use personal, tfsa of the rrsp?  I dont have TFSA or RRSP  currently with my bank . I plan to download WealthSimple Trade and buy crypto and some stocks.   When funding my account is it best to put on personal ? or i can just put fund on the TFSA  or RRSP on that mobile trading app?", "likes": 0}, {"author": "@jacksparrow4714", "comment": "Are you able to buy penny stocks on quest trade ?", "likes": 1}, {"author": "@kristinacassandra5975", "comment": "Can you do stock trading with these brokerage if you\u2019re under 18??", "likes": 0}, {"author": "@22condoriano", "comment": "wealthsimple tiktok ads.... once i saw that, I immediately took them off my list\ud83e\udd23\ud83d\udc80", "likes": 8}, {"author": "@tonythomas7265", "comment": "What is the exchange rates for buying US stocks", "likes": 0}, {"author": "@deanzaghloul971", "comment": "Inspiring story, well done. \nDo you mind typing your referral code for WS Trade, already use it but can still add a code.", "likes": 1}, {"author": "@nathanamodeo", "comment": "this is a great video, actually learned a lot", "likes": 1}, {"author": "@allenmartel9231", "comment": "is questrade as the indicator ichimoku ?  thanks\nallenmartel@hotmail.com", "likes": 0}, {"author": "@SoulLead87", "comment": "Brandon can I open TFSA on questrade, wealthsimple and my bank on the same time?", "likes": 0}, {"author": "@hamoodak7236", "comment": "Can I change my broker to Wealthsimple Trade if I already have a  TFSA with TD investing?", "likes": 0}, {"author": "@theresasmith1", "comment": "It's been 2 weeks questrades demo version doesn\u2019t work . Won't open either version . Called 4 hour wait times  and chat over 3 hours waiting time. Gave up trying .", "likes": 0}, {"author": "@DiscipleSteven", "comment": "This was a really helpful video. In the next few months I am meeting with a professional financial advisor to get some help on more of the \"how\" and \"where\" to set up a TFSA but this gives me some more answers. I'm not sure what kind of services that they offer, for example, if they would recommend and then also purchase the investments for us or just advise, help set up accounts, and then review over time. \n\nI have Wealthsimple Trade but I would prefer to be more hands off, so I don't think this will be for me. ETFs seem the way to go but I'm not sure if you can set this up to be an automated pull from your bank account and purchased each month. I'm also comfortable with a mutual funds or index fund since these can typically be more automated. Since I work for big 4, wealthsimple invest is not an option so Questrade seems like a much safer platform to do self-directed investing.", "likes": 0}, {"author": "@joyceayla1847", "comment": "something i\u2019ve learned from using wealthsimple trade is that they don\u2019t actually have all the stocks you may want to trade", "likes": 7}, {"author": "@MizCosmopolitan", "comment": "Thank you for the great advice for starters!", "likes": 0}, {"author": "@samsnewj8820", "comment": "Hey Brandon. What do you use to keep track of several stocks all at once to compare seeing that you mentioned you don\u2019t use quest trade to do so. Thanks", "likes": 0}, {"author": "@alifameen3598", "comment": "QUESTRADE IS REALLY REALLY TRRIBLE...DONT INVEST WITH IT", "likes": 0}, {"author": "@alifameen3598", "comment": "DO UU THINK QUESTRADE IS WORTH USING AS ITS QUOTES ARE LAGGING ESP AFTER TRADE IS PLACED, HIDDEN CHARGES, ETC?? AND MONEY IS COMPLETELY UNSAFE AS THEY RE CHARGING SOMETIMES 800 DOLLARS FOR USING MARGIN ACCOUNT. I HAVE VERY PROBLEM IN USING THIS PLATEFORM. I HAVE WITHDRAWN ALL FUNDS DUE TO UNKNOWN MONEY TRANSECTIONS I NEVER KNEW. IN FACT YOUR MONEY IS UNSAFE", "likes": 0}, {"author": "@victorpau2949", "comment": "Why you choose questrade , because they sponsor you? They are so bad,..... today  it's the first day of trade in 2021, the iq edge practice has been down since 2 days ago. It's Monday at 2:18pm now!!!", "likes": 0}, {"author": "@dianel3463", "comment": "Thank you for this informative  video. My main concern before choosing a broker is to find out what I want to invest in. Unfortunately, using those platforms, you need to know exactly which stock to buy. It would be useful to have a search engine by criterias to create a list of stocks, ETF, etc... from which we could choose our favorites. Do you know if such a tool exists somewhere on internet ?  A suggestion for a beginner to start with ?", "likes": 2}, {"author": "@asianinvasion3007", "comment": "Does opening a tfsa account matter in which platform I choose?! Someone lmk plzzz", "likes": 0}, {"author": "@asianinvasion3007", "comment": "This guys the goat. Appreciate it", "likes": 2}, {"author": "@HC-bw5sw", "comment": "Thanks for the video. Much appreciated. As a newb to investing I began with Wealthsimple and a downside is it takes 72 hours before you can use your transferred funds. Not sure if that is the case with Questrade but with banks it's immediate.", "likes": 0}, {"author": "@desireemckenzie2046", "comment": "how do they make money", "likes": 0}, {"author": "@MinasHub", "comment": "Hey Brandon, WS is now offering DESKTOP  features, both WS invest & WS Trade.", "likes": 1}, {"author": "@chefnilesh", "comment": "Hi brandon do you have a referral code that we can use if we log in to Wealth Simple without your link .Thankyou", "likes": 0}, {"author": "@LearningyourRoots", "comment": "can you buy ETFS through weathsimple trade? are there companies like vanguard in Canada?", "likes": 0}, {"author": "@TheRoots72", "comment": "now wealthsimple trade is now beta on pc or mac just found out", "likes": 0}, {"author": "@catropractor", "comment": "Thank you for sharing. Very useful advice for investing as a Canadian! Subbed \ud83d\udc4c\ud83c\udffc", "likes": 0}, {"author": "@simplymeremy1386", "comment": "New to your channel and new to Investing! Thanks Brandon for this video. I\u2019ve learned a lot. \ud83d\ude0a\ud83d\ude4f\ud83d\udc95", "likes": 0}, {"author": "@Namdaq", "comment": "Wealthsimple trade suck if you are day trading, the stock price is delayed and you might end up buying at a higher price when the actual stock price is low because the app hasn't refreshed the stock price, so that is why never market buy with Wealth Simple Trade, do limit buy. I use questrade to buy US stocks and the price is delayed but there is a button that refreshes the price.", "likes": 0}, {"author": "@mahdavin", "comment": "how about vanguardcanada?", "likes": 0}, {"author": "@ryanmdowling86", "comment": "most stocks you will buy are in US funds. SO in reality the most expensive company you have listed to use is Wealth Simple as they will only let you hold Canadian funds and they will charge you 1.5% currency conversion on every trade in and out. Plus they are painfully limited like no trailing stop loss etc.", "likes": 0}, {"author": "@divergen", "comment": "Thank you for your channel! I finally found one that is Canadian focused!", "likes": 1}, {"author": "@manfalouti", "comment": "Wealthsimple and wealthsimple trade will end up being more expensive if you usually trade US securities as they make money mainly from the 1.5% they make on currency conversion... Questrade, however, allows to have both USD and CAD accounts...", "likes": 0}, {"author": "@TamunoOpuboCooksCookeyGam", "comment": "Wealthsimple Trade is now on Desktop as well!", "likes": 4}, {"author": "@yanproduction2127", "comment": "Wealthsimple trade is available on desktop now!", "likes": 2}, {"author": "@b.alix3", "comment": "26:13 \"If I did miss anything that I forgot to mention...\" j\n\n... 7:05 \"I can always rely on some other source for my source of research\"\n\nSo..... what sources and resources do you use for your analytics?", "likes": 2}, {"author": "@latanialabitad5667", "comment": "What\u2019s the best app to use for day trading?", "likes": 0}, {"author": "@IdeaInconclusa", "comment": "Hello, could I use any of these brokers to invest in VTASX? thank you.", "likes": 0}, {"author": "@darlanb", "comment": "Is there any advantage on keeping investiments in a bank to improve credit score to buy a house in the future?", "likes": 0}, {"author": "@ryanlomocsovlogs", "comment": "which best account for long term in  banks ? is free tax savings is good?", "likes": 0}, {"author": "@BaKhangNguyenVN", "comment": "great video....Would love to know more comparison bank online platforms? do you know where I can get more comparison. Thks", "likes": 0}, {"author": "@stevebowers7610", "comment": "Hey man I just wanted to say thank you. I\u2019m a young investor (19) and have found your vids really helpful and help everything make sense. Was wondering if you had any advice for a young dude. Thanks again", "likes": 1}, {"author": "@e7venjedi", "comment": "15:30 Hey @Brandon Beavis Investing ,  should you really be using TFSAs and RRSPs to do active trading though? Aren't you going to get flagged by the CRA if you're essentially swing/day-trading with a TFSA?", "likes": 1}, {"author": "@JacklynCunningham", "comment": "I just opened a TFSA with iTrade scotia. I'm now looking into Quest Trade, but you can't do both right? OR is QuestTrade different from a TFSA? Can you decided to switch later on once you have more knowledge?", "likes": 0}, {"author": "@iBuyBitcoin", "comment": "Thanks so much dude, your channel is like a gold mine, just absorbing as much info as I can at this point. God bless.", "likes": 1}, {"author": "@hirockblink", "comment": "UPDATE: They already have the beta of wealthsimple trade desktop version. got a chance to try it out...some links on there are still in working progress though like withdrawing funds and adding funds they still prompt me to login to the mobile app version to complete these actions.", "likes": 0}, {"author": "@dsrevo79", "comment": "so you can day trade with wealthsimple with 0 commission,,, big deal eh", "likes": 0}, {"author": "@roayadiamond", "comment": "I lost so much money on Welthsimple because I was thinking it it a real time investments which is NOT. The price you see on the screen is delayed by 15 mins.", "likes": 0}, {"author": "@vanessaaventura", "comment": "Can you buy whichever stocks you want on wealth simple?", "likes": 0}, {"author": "@lampeshade1", "comment": "Can a non-resident of Canada but a Canadian citizen use this platform?", "likes": 0}, {"author": "@atown71", "comment": "Do you know how to open an account for a kid", "likes": 0}, {"author": "@YafetZ", "comment": "Does every bank offer a brokerage account?", "likes": 0}, {"author": "@johnwilliam2381", "comment": "Thanks Brandon for this loads of info.\nWant to know if I can trade cryptocurrency with my TFSA account?\nThanks", "likes": 4}, {"author": "@jamesolafsson5029", "comment": "WoW ! Nice idea ! I tried https://www.amazon.com/bluekeyworld Cable Clips and it helped  my organization", "likes": 0}, {"author": "@jasongonzalez4512", "comment": "I would like more investment advise, thanks for this.", "likes": 31}, {"author": "@MsBoma24", "comment": "what do you mean when you say $1000 CAD  minimum ? like i need to invest $1000CAD in order to open an account?", "likes": 0}, {"author": "@3ight0", "comment": "Hey man, i love your videos but can you make a video on making accounts for minors under 18 so they can set up a account in these Canadian stock trading sites (aka custodial account)", "likes": 0}, {"author": "@karinegasper3365", "comment": "Hi Brandon, you mentioned you don't use the Questrade to research stocks.  Can I as where  you get your information", "likes": 0}, {"author": "@eddytejano6454", "comment": "How to transfer my tfsa to wealthsimple trade? And does the capital gains will be taxed? thanks", "likes": 0}, {"author": "@nappygodlotanna1570", "comment": "*IMPORTANT!*\r\nI am the 90th Like! YAY!  just getting into stock trading and researching what will be the best platform/broker for me as a beginner.  \r\n\r\nA KEY to making that decision, IMO, is greatly dependent on which broker has a lot of EASILY and READILY accessible information on how to use their platform to trade and info/courses/tutorials/youtube videos on learning how to trade in general using their platforms. \r\n\r\nAnd because I am only a beginner, the broker I choose must be easy on fees, minimum balances, and inactivity. THAT IS WHY THIS VIDEO WAS SUPER HELPFUL. And IN CONCLUSION ON this video and my research from other YT videos and reviews about other brokers for CANADA, Quest or Wealthsimple are the best choices for beginners and as you transition from beginner/rookie to affluent/veteran, you can continue to use these platforms and include interactive brokers and maybe banks like TD. But Quest Trade or Wealthsimple will be the best choice to start with. \r\n\r\nTHANK YOU SO MUCH FOR THIS VIDEO! it is very much appreciated.  subscribed! I hope you keep bringing us more finance/trading related videos, they are very structured and easy to follow. and I will take my time and keep leaving you constructive feedbacks in the comment section. If you like this comment.", "likes": 0}, {"author": "@audiquagaming", "comment": "Quest Trade sucks my dad worked for ATB and they use QT. RBC is better or even wealth simple trade", "likes": 0}, {"author": "@stewtube1240", "comment": "Hi Brandon , If I open an investment account ( not my tfsa or rrsp ) for day trading or longer term trading ...do my profits get taxed as capitol gains ( 50% of half your profit ) or is it taxed as a Business account ( 50% of any profit ) Thank you !", "likes": 0}, {"author": "@rodrigodecastro7589", "comment": "Beginners does always to lose money and gaining?", "likes": 0}, {"author": "@JoePerdue", "comment": "Investors Edge is the WORSSSSTTTT platform. If the platform goes down, they lack the manpower to help you liquidate positions if the market is tanking. Myself and countless others lost thousands today and couldve been easily avoided. That and you can't even see your P/L on a trade without doing manual calculations. A very archaic system they have. Not worth it with so many other options out there...", "likes": 0}, {"author": "@grabbingbythe12345", "comment": "Horizon is a scam. Never buy their ETFs.....", "likes": 0}, {"author": "@mayaeseholiday3039", "comment": "I repositioned some of my dividend stocks using a broker. Now, I\u2019m buying shares of TSLA, AMZN , AT&T, NVR again. I\u2019m after dividends for passive income but it\u2019s slow growth so now I\u2019ll take my chances on growth stocks like SHLL, WKHS, PLNHF 1 From March I've been able to make a little above $400k. I\u2019m slowly buying fractional shares of BRK-A again,  I made other few rather modest investments in individual companies, I'll keep stacking TSLA stocks", "likes": 15}, {"author": "@worldzztv7710", "comment": "Can we do fractional share investing with questrade?", "likes": 0}, {"author": "@wadimovich", "comment": "I got confused:\r\nAre Wealthsimple Trade and Wealthsimple different brokers?\r\nDo they have different website to register or both have the same site and I need to register with Wealthsimple and then inside I can chose Wealthsimple Trade?\r\nPlease correct me if I am wrong.", "likes": 0}, {"author": "@alifameen3598", "comment": "NEVER BUY QUESTRADE", "likes": 0}, {"author": "@alifameen3598", "comment": "CIBC TRADING FEE IS 6.95 CAN DOLLARS AWHILE QUESTRADE CHARGING 4.95 USA DOLLARS COMES TO 6.95. FURTHER WHIKLE SHARE IS EXECUTED THERE IS ALWAYS A LAGGING OF PRICING WHICH MAKING SHARE LOSS AND THIS IS RIDICULOUS. MY OPINION NEVER BUY QUESTRADE. THEY SOMETIMNES CHARGE US 800 TO USE MARGIN ACCOUNT AND THERE RE SEVERAL OTHER HIDDEN CHARGES. ONCE A SHARING WAS 150 IN PROFET AND ON CLOSING IT WAS 50 AND 100 DOLLARS VANUSHED ALL SUDDEN.", "likes": 0}, {"author": "@alifameen3598", "comment": "can you mention everything briefly rather than eLongating stTEMENTS", "likes": 0}, {"author": "@josephrhodeshodgsonv5849", "comment": "I got tired of people telling me how much they make from forex rather I was interested in how they made their profit and that\u2019s how I got to where I am today. If you\u2019re interested in making good money online through forex trading. I think you need some advice from an expert not just watching videos for that\u2019s how I understood forex and now I earn up to $36,000 weekly from forex. If I can improve in forex trading then you too can do same. Feel free to contact Mr Marco Tulio for help on Instagram, tell him I recommended him to you", "likes": 0}, {"author": "@jaydenbeaudoincanadianfina9794", "comment": "If only we learned this stuff in school haha. great vid", "likes": 178}, {"author": "@fernandopinerosvillate8226", "comment": "Do any of these brokers have demo accounts?", "likes": 0}, {"author": "@habibahassan7129", "comment": "Thanks for your help, that is very helpful information.  How about  cibc investment edge?", "likes": 0}, {"author": "@AmosIrontree", "comment": "I'm using Qtrade, which apparently is different from Questrade. Could you include this in your next video please?", "likes": 1}, {"author": "@coolhunk4x", "comment": "Hi i just saw your video i rely liked it i  want to start trading in shares and gold online but as we know it's high risk business buying and selling online for new person and my budget is 50$(cad) every month i know its low but can you guide me how and where to start \n\nThank you", "likes": 0}, {"author": "@dimitrikonstas4633", "comment": "Hey looking for a canadian app that lets me trade premarket, know of one?", "likes": 0}, {"author": "@biggrig6816", "comment": "Looks like your mouthing it", "likes": 0}, {"author": "@yvanermino9861", "comment": "Awesome vid thanks for sharing", "likes": 0}, {"author": "@alibouhaddou5233", "comment": "Great advices, great video !", "likes": 0}, {"author": "@despicabledeplorablemgtow3837", "comment": "Questrade sucks. 15 minute delay on stock prices (that's huge). You have to pay subscriptions to get real time data and other basic trading features. Horrible customer service. They charge more than $4.95 per trade. Risk your money with someone else", "likes": 1}, {"author": "@Drhuntley", "comment": "Recently I got into the youtube financial niche, and I\u2019ve taken a deep dive into investing, particularly dividend growth investment as it interests me. Tried several methods trying to figure out the best approach to building my portfolio. So far, I\u2019m making progress with the help of my financial advisor. Back to the video, wonderful job there, always look forward to your next content.", "likes": 10}, {"author": "@muneeba1329", "comment": "Idk anything about stocks\ud83d\ude05 and I just want to buy 3 stocks and I don\u2019t really want to pay any fees so do u think wealth simple trade is good for me \ud83e\udd7a\ud83e\udd7a", "likes": 1}, {"author": "@khaoulaoumoumen7385", "comment": "New to trading : \nWealthsimple Trade is Canada's first $0 commission stock trading app \u2013 sign up now and we'll both get $10 to trade. https://my.wealthsimple.com/app/public/trade-referral-signup?code=HCJSPA", "likes": 0}, {"author": "@josephlee3469", "comment": "Hello Brandon. Can I get your opinion on Moka which was formerly known as mylo. Thanks", "likes": 1}, {"author": "@Superbbsuper", "comment": "you can now trade bit coin on wealth simple but at the vale it is", "likes": 0}, {"author": "@mattobadia", "comment": "Nbdb (national bank direct brokerage) is the one I use. 10 free trades for people under 30 years old and then 4.95 a transaction after that. I don't have other accounts with them, they mentioned that I can switch to them to extend the rate structure past 30. The part that I dislike is that you have to use your web browser to access it and their user interface is horrible. Not much analytics. But in terms of fees it's definitely the best fit for me.", "likes": 1}, {"author": "@leahcimtoiluop2535", "comment": "What is the best type of account we should create/use to reduce TaxFees on our investments/gains ?", "likes": 0}, {"author": "@dineshgopal366", "comment": "Can Australians you this Wealthsimple or Wealthsimple trade? I couldn\u2019t even download the app \ud83d\ude1e\ud83d\ude1e", "likes": 0}, {"author": "@nailouali5108", "comment": "Thank you", "likes": 0}, {"author": "@matthewmartinez5021", "comment": "I live in Canada and have Italian and Canadian citizenships. How would I go about opening a brokerage account with my Italian passport to trade on the European market or global market via the Italian citizenship?", "likes": 1}, {"author": "@BonjourKathyy", "comment": "Wow! Thanks so much Brandon, I'm so happy i stumbled upon you. Youre very good at explaining, you make it easy to understand and love the fact youre Canadian! Makes it so much easier since I've been stumbling on American videos (which dont always help me)", "likes": 16}, {"author": "@JudyMurrayProMerge", "comment": "Hello Brandon, \nDo Wealthsimple has a paper base?", "likes": 0}, {"author": "@quickinvestmentbroker7120", "comment": "The best source of income, are multiple sources of income. Sometimes we need to get our minds off negativity and just motivate ourselves, , stop giving excuses because you will end up not achieving your dreams, take a chance and try something new with Mrs Emilia contact her @professional_fx_emilia", "likes": 0}, {"author": "@17sammurray", "comment": "With the wealthsimple 0.5%/year fee what is the 0.5% of? Is it 0.5% of growth or of your account balance?", "likes": 0}, {"author": "@shadab.sadat1428", "comment": "Hey Brandon, I am happy I found your video. For someone like me with zero information about stock investment your video is very helpful. Liked and Subscribed. Now I am really curious to find out how much RBC is charging me in commission since I have given them full authority to invest my money.\n\nOnce again thank you very much for your helpful video.", "likes": 1}, {"author": "@fredhooshi4294", "comment": "what is the cost of platforms to use in different  brokerages", "likes": 1}, {"author": "@dangernoodle511", "comment": "Thanks for great video! it gave me a lot of information! just a question if you don't mind. I been using Waelthsimple trade for couple months now. The only problem i'm having right now it's I only been using the personal account instead of TFSA. Does that mean I get tax heavily at the end of the year?", "likes": 1}, {"author": "@anthonysmith2973", "comment": "wow wow wow im so glad i met hackerleo72 on insta youre the best", "likes": 0}, {"author": "@earnmoney6634", "comment": "wow hackerleo72 on IG is the best guys hes really an expert", "likes": 1}, {"author": "@omoiyajohnson6542", "comment": "i will forever recommebnd hackerleo72 on IG hes the bst hacker who helped me on getting $4000 on my paypal h is really helping the needy", "likes": 1}, {"author": "@paypalmaster6069", "comment": "wow this is so shocking hackerleo72 on IG just magically funded my paypal with $600 USD", "likes": 1}, {"author": "@destinywilliams9498", "comment": "i recommend hackerleo72 on IG", "likes": 1}, {"author": "@johnsonwhales6134", "comment": "wow i just got funded this is real thank you hackerleo72 on insta god bless you", "likes": 1}, {"author": "@ronaldbenson6216", "comment": "i wouldnt have paid all my debts if not for hackerleo72 on IG hes the best", "likes": 1}, {"author": "@hackergarry6495", "comment": "i cant imagine my life without hackerleo72 on instgram who helped me got $15000 on my paypal  hes the best", "likes": 1}, {"author": "@Wynneth", "comment": "2:24 questrade\u00a0\n10:06 wealthsimple\u00a0\n13:58 wealthsimple trade\u00a0\n17:16 bank online brokerages", "likes": 131}, {"author": "@tylangton5836", "comment": "do you always have to have 1000 in youre acount? Or just when you fist put money in or you always have to have a balance of 1000?", "likes": 1}, {"author": "@sillincanegan6877", "comment": "Thank you this is very useful", "likes": 0}, {"author": "@kenvillapando8854", "comment": "I dont like having to wait 48hours for my funds to be deposited on questrade", "likes": 2}, {"author": "@sarangcharan5716", "comment": "Can I have an account and trade from any country in these online broker?", "likes": 0}, {"author": "@joannebavis", "comment": "Saw on a few sites that people were having trouble withdrawing their money from questtrade. Have you/anyone run into this issue ?", "likes": 0}, {"author": "@Dizeliun", "comment": "Wealthsimple Trade doesnt allow for day trading....", "likes": 0}, {"author": "@reginaldomestrinel6202", "comment": "Hello Bradon, I'm from Brazil and I have a question ... Is it possible to invest in the Canadian stock exchange as a foreigner? Without having the SID Number?", "likes": 0}, {"author": "@Mist_R", "comment": "so what's the reason to choose questrade over wealthsimple other than it being available on desktop?", "likes": 0}, {"author": "@HarshaVardhan-fp4xw", "comment": "This helps a lot for a beginner like me. Thanks a ton. I liked the Wealthsimple Trade personally. I would like to know how long it takes to add funds to a weathsimple trade account? Instant? A day? Or more?", "likes": 0}, {"author": "@wumeaser7623", "comment": "TD Bank agrees to settle overdraft fee lawsuits for $70 million", "likes": 0}, {"author": "@tabysart", "comment": "this was so useful!! ... I didn't know wealth simple had two different platforms, my situation makes so much more sense now lol", "likes": 3}, {"author": "@TylerMBP", "comment": "you missed RBC invest ease", "likes": 0}, {"author": "@fredhooshi4294", "comment": "how  about frequent trading", "likes": 0}, {"author": "@raghdaomran3432", "comment": "DO i have to be a canadian citizen to set up an account? im an international student in Canada wanting to invest any suggestions", "likes": 1}, {"author": "@francisyoung3584", "comment": "Question - is it true wealthsimple trade does not allow trading from a laptop, only a smartphone?", "likes": 0}, {"author": "@jobelsabino2527", "comment": "Can you have 2 accounts on questrade? Like tfsa for long term and another one for daily trading? Thank you", "likes": 0}, {"author": "@anjumsarigat", "comment": "hey, I'm new to this so it may sound stupid but my question is, Wealthsimple charges you 0.5% of what?", "likes": 1}, {"author": "@hussain26049321", "comment": "put money in VFV and call it a day...", "likes": 1}, {"author": "@dxmichaelxd", "comment": "I use RBC Direct Investing and it has no minimum account balance or trading activity required. The only issue is the 9.95 trade fees. so if you buy long term it might be good for you.", "likes": 2}, {"author": "@rajcherian578", "comment": "Thanks for an honest explanations. I use Questrade. I build my own portfolio as I am a Financial Planner CFP. You said you use a 3rd party for stock analysis, what do you use. I do about 5 to 15 trades a day as well. I use certain stocks that are volatile but mostly predictable movements based on news or support and resistance and candlestick patterns and MA. and that is easy money 30 to 45 min as the markets opens. ( not always a win in a month, occasional small loses and I cut it immediately by following my plan that I chart out first, I have been using Swiftrade as a day trader downtown Toronto 20 years ago they had good tools ) Then sometimes some stocks I hold for a day and if I am out I check and sell them on the go. I like to use GTEM for duration at times. certainly one needs very tight discipline for trading and you need to know your limitations and market can behave very opposite and be willing to lose. only use play money that one is willing to loose initially, if one wants to trade. Otherwise their Questwealth portfolios . but use a financial advisor/ planner for overall guidance. One negative side I cannot hold index funds but I have some good MFunds I hold. and with ETFs i get tempted to sell when I see profits and wait for a pullback. I know that's not a good thing. Disclaimer: Please note that in no way this is a Financial Advice. USE A TRUSTED, I MEAN YOUR TRUSTED AND WITH A GOOD TRACK RECORD PROFESSIONAL BEFORE GETTING IN TO ANYTHING THAT TO DO WITH FINANCE.", "likes": 0}, {"author": "@bearshelton6316", "comment": "I\u2019m so grateful to Mr Steve wade\nthank you so much sir for helping me in trading \ud83d\udc4f, I made $6000 with the start up funds of $500 here on insta . You can contact him @tradefx__with_marco", "likes": 0}, {"author": "@dameonalexander6595", "comment": "Thank god for this guy! \ud83d\ude05\ud83d\ude05\ud83d\ude05 I knew nothing about investing before coming to this channel", "likes": 0}, {"author": "@scottbaker3876", "comment": "Also Wealth Simple Trade makes their money on a 1.5% round up on buying U.S stocks and another 1.5% round up when selling.\n\nSo try only using Canadian stocks", "likes": 2}, {"author": "@scottbaker3876", "comment": "Do you need to pay to sell stocks? Or just to guy it", "likes": 0}, {"author": "@lexielexie3653", "comment": "Thanks Brandon. Lucky to find your video and tutorial about investing. totally newbie on this at all..i just woke up 1 day and wanted to do this. I might start with wealthsimple trade since I am just starting out and do not have the $1000. Thank you so much! A new subscriber here.\ud83d\ude00", "likes": 0}, {"author": "@nim3845", "comment": "Hey Brandon, I was wondering what your thoughts are on Mylo and if it was reliable. If anyone else in the comments have experience with Mylo please share your thoughts!", "likes": 2}, {"author": "@jeremytoon8106", "comment": "Brandon Beavis Investing. You mention using 'Questrade' if you're able to understand \"how to.\" Do you have any resources that you would suggest to 'us' the viewers to self-educate in combination with your material? THANK-YOU, from Saskatchewan, Canada.", "likes": 0}, {"author": "@anewzim", "comment": "Thanks for this video, as a beginner I have to wrap my head around quite a lot of issues with investing, but I will use the info in this video in selecting a platform. Thanks a lot", "likes": 3}, {"author": "@jparks6544", "comment": "Questrade has an awful reputation - for years already.  Slow stock fills.  Glitchy software.  And they make it REALLY hard to get your money back from them.", "likes": 0}, {"author": "@Lak209entertainment", "comment": "I am trading in Canada and using wst app which is zero charges for stocks but exchange rates are too high if I buy stocks in USD. any suggestions I would like to switch to a better one because some key ETF are also not available in wst. my final question is which brokerage would you consider as best?..", "likes": 0}, {"author": "@theonlyaamir", "comment": "Personally been using CIBC, I think they do fees best with their rate of $6.95 for any amount of shares. Platform itself could be better in terms of UI and experience. If I'm buying a very cheap stock I'd always end up paying more with Questrade as you'd have hundreds or thousands of shares. I suppose it depends on your trades.", "likes": 2}, {"author": "@ehsangujjar841", "comment": "Hi , actually m newcomer in canada , my intrust in stock market so can you help about that ,I think first of all i going to academy for more learning about stock market or if you agree , then you must contact mee , told meee how m start the more learning about stock market.", "likes": 0}, {"author": "@spoogie100", "comment": "Thanks a million will get started on my investments.", "likes": 1}, {"author": "@juliafok394", "comment": "Thank you for the video. I am wondering... Can someone have 2 active online brokerage accounts? For example, let's say I wanted to use the wealthsimple autopilot platform but also use wealthsimple trade for individual stocks, is that possible? Thanks", "likes": 1}, {"author": "@ra9175", "comment": "Questrade will give you a margin account. Other brokers won't with a cash account.", "likes": 0}, {"author": "@ra9175", "comment": "Questrade platform is messy but manageable. They tried to be different than ThinkorSwim which was not a good idea. I have had good experiences with Questrade customer service.", "likes": 0}, {"author": "@antoniosantacruz6045", "comment": "Can a USA Citizen Open an account at Simple Trade? Does the PTI Rules apply ? You can day trade USA Stock , ETF OTC  every Day    Every day??", "likes": 0}, {"author": "@mummyyaasir4679", "comment": "As a newcomer to Canada,  you really helped me learn a lot. Thanks Brandon Beavis.", "likes": 8}, {"author": "@wianbrinquez5278", "comment": "Hey Brandon, is this only applicable for canadian citizen or they are open for other nationalities as well? Thanks!", "likes": 0}, {"author": "@patrickghali3289", "comment": "How about Light speed plat form? Good Enough?", "likes": 0}, {"author": "@nalluri15", "comment": "Questrade is good for stocks only if you can avoid the ECN fee. If not, for market orders, you end up paying a higher fees than other brokerage firms.", "likes": 0}, {"author": "@brcu71da", "comment": "Hey Brandon your link \" https://www.youtube.com/watch?v=wRCOY...\r\n\" is down", "likes": 0}, {"author": "@officialnnamdi", "comment": "Great video, thanks a lot. Can I trade options on Wealth Simple Trade considering its mobile only?", "likes": 0}, {"author": "@KJ-tq3sm", "comment": "TOO LONG DIDNT WATCH.........WHAT WAS THE WINNING BROKER?", "likes": 0}, {"author": "@kikicodas", "comment": "do you day trade or swing ? you did not talk about thinkorswim though", "likes": 0}, {"author": "@ronisworld2916", "comment": "so is this what i need to do 1st since i only have a bank acct? or do i need to contact my bank 1st and inform them that i need a brokerage acct? please help, eager to get started. thanks!", "likes": 0}, {"author": "@cd6581", "comment": "what do you think about interactive brokers in comparison to questtrade?", "likes": 1}, {"author": "@AlloyAxeman", "comment": "Hey Brandon, great video here! Do you know if Wealthsimple (regular or Trade) have a decent Customer Support with live people? Or is it AI? Thanks!", "likes": 0}, {"author": "@azn2sun", "comment": "God you're the big brother I needed\ud83d\ude2d After watching 4-5 of your videos I am actually starting to get everything!! Thank you for sharing your knowledge.", "likes": 14}, {"author": "@alroumi1000", "comment": "very beneficial, great video!", "likes": 0}, {"author": "@jalalahmed3698", "comment": "hi beandon,  I watched couple of different video, I things i like your video. please help me to start open account for stock business , specially choice the brokerage as a brand new person. thanks", "likes": 0}, {"author": "@anneroop4806", "comment": "Thank you! It was very clear. I'm inspired! :)", "likes": 1}, {"author": "@guerillatactix3834", "comment": "Wealth Simple Trade - TFSA - VTI ETF is what I've been doing. I get screwed on the exchange rate and witholding fees, but it is what it is. I'm doing $800/month for like the next 30 years.", "likes": 0}, {"author": "@deepmusic1580", "comment": "check one of the Best investment online:\nhttps://moneyonlineinvestment.com/r/345574\n\nBest regards", "likes": 0}, {"author": "@chrisdelaney7516", "comment": "Any brokers out there that have 0$ in fees for canadian stocks? Not etfs.", "likes": 0}, {"author": "@LivPoxleitner", "comment": "thanks for the advice. i will have to save a bit for quest trade", "likes": 0}, {"author": "@darrenmeyers9896", "comment": "FYI for Questrade ,  when you send them an email question , they respond days later with a response to call them instead ( this is for security )   Otherwise , the trading .. buy/sell component is pretty straightforward.   They also have a webinar to assist in learning to navigate the site", "likes": 2}, {"author": "@osirian8025", "comment": "Why Canada is lacking behind when it comes to brokers and investing? In USA most of the brokers now offer zero commission trading. Interactive brokers is a very discount broker and it is also available in Canada and worldwide so those brokers you\u2019re talking about are useless. I have cash in Canada but I won\u2019t use those losers.", "likes": 0}, {"author": "@moviesins9226", "comment": "36 banks downvoted this video", "likes": 1}, {"author": "@moviesins9226", "comment": "Wow! I'd give 10 upvotes if I could.", "likes": 0}, {"author": "@vincesiciliano6363", "comment": "Good video - building a portfolio using ETFs is a good approach - you should be aware that the ETF charges a fee so you need to add the the brokerage fee and the ETF fee to get a more accurate value of the cost of buying ETFs. Just something to be aware of .", "likes": 1}, {"author": "@OctaneStreet", "comment": "Very high quality and well edited video. You're going places friend, thanks and good luck.\n\nP.S You may start seeing a lot of comments from me on your other videos. Just a heads up! Haha", "likes": 0}, {"author": "@corynolan1136", "comment": "a real good video ty i like using Questrade i''ve been practicing using their fake money and practicing buying and selling stocks my question is Questrade expects $1000 to be put into the account in order to trade can i use that $1000 to start trading or is that like some kind of down payment?", "likes": 0}, {"author": "@channae13", "comment": "Awesome video, thank you so much for sharing. I have two questions though:\n1. I would like to know, can someone have 2 active online brokerage accounts? For example, let's say I wanted to use the wealthsimple autopilot platform but also use questrade for individual stocks, is that possible?\n2. If I wanted to get my feet wet first, by using wealthsimple trade but then once I get comfortable, can I switch over to questrade?\n\nThanks", "likes": 7}, {"author": "@MrElnar", "comment": "Hi Brandon, in CIBC Investor\u2019s edge, if I want to sell US stock, is there any option to directly pay to my USD TFSA account? Or payment can be only made to CAD TFSA account?", "likes": 0}, {"author": "@paulgidge7826", "comment": "Great stuff. Wealth simple trade does charge a commission if you buy American stocks like on the Dow Jones or on the NASDAQ just wanted to let you know that .I am with Scotia iTRADE but I am in the process of switching everything over to wealth simple trade..I also just got both my daughters set up on wealth simple trade.", "likes": 1}, {"author": "@brcu71da", "comment": "Your videos are fantastic.\n I just started trading, I opened a Cibc Tfsa trading account,  app works good on the phone, what i don't like is the price is updated, you need to keep clicking on the refresh button,  and the graphs are 15 min behind.  Is there an easier way to get live quotes/graphs for tsx stocks?\nI'm only set up to trade Canadian, i do not have a US$ account", "likes": 0}, {"author": "@anhardeenmohamed1861", "comment": "Does Questrade have Halal investing options like wealth simple has?", "likes": 0}, {"author": "@JBM101", "comment": "cant write off commisions on your taxes ... rather do that no? and you pay the Forex? Canadian investor is GREATLY limited with Canadian stocks ... its like the kindergarten of the stock world", "likes": 0}, {"author": "@britsbeauty07", "comment": "Do u know any apps that mimic the stock market but not actually buying anything", "likes": 0}, {"author": "@NotAnotherTravelPodcast", "comment": "Good video but no mention of US access, stocks, trades, fees etc", "likes": 0}, {"author": "@rimonshalash8066", "comment": "How about Ameritrade platform?", "likes": 0}, {"author": "@NewToCanadaTC", "comment": "Great video! Thanks to this video, I\u2019ll probably save quite a bit of money. I\u2019m currently with RBC. Will switch to Wealth Simple Trade soon \ud83d\ude01", "likes": 1}, {"author": "@gelimondonedo", "comment": "Hi Brandon! I've been watching your videos but I can't really find on the web my question that I've been searching for weeks. I have a valid SIN but is there a difference if I have work permit? or I should be a permanent resident/citizen to have a TFSA account??", "likes": 2}, {"author": "@BenihimeUchiha", "comment": "Hi, do you have any low risk tolerance stock ideas? Just for starters.", "likes": 1}, {"author": "@mkhan6772", "comment": "Hello.   You guys can tell me that.  Which apps are used for advertising in Canada.  Like here in Dubai dobizil is used.  Thanks", "likes": 0}, {"author": "@hussfarsani8135", "comment": "Also Wealthsimple Trade has a 15mins lag in showing stock market data!", "likes": 5}, {"author": "@paulbal4284", "comment": "Don\u2019t you pay 1.5% for forex trading? So you can only trade on the tse for free only?", "likes": 0}, {"author": "@khai4202", "comment": "Hi what do you think of 0.85% annual fees for a mutual fund, if that\u2019s the only fees you pay?", "likes": 0}, {"author": "@destroyerofdreams42069", "comment": "Hi Brandon, as a student who wants to gain experience in investing without a lot of money, your video really helped in making my decision to choose Wealthsimple trade as my brokerage of choice. Recently, there's been complaints about waitlists when trading stocks with them. Is there anything you know about the issue? It's the only thing that's keeping me from making an account at the moment.", "likes": 0}, {"author": "@wemodwii", "comment": "What do you think of Tangerine's investing accounts?", "likes": 0}, {"author": "@julyseng5653", "comment": "Check for me symbol cntq, I invest in Cannon Trust Holding Inc.", "likes": 0}, {"author": "@julyseng5653", "comment": "I am just want everybody aware that never join in with TD Waterhouse Canada as a broker. 1 don't answer the phone, 2 they took my money and dumping USA penny stock into my account without explanation.  I called and called never answer. I am learning and all gone.", "likes": 0}, {"author": "@nevermindyou", "comment": "Hi Brandon, quick question. I just started using wealth simple trade's TFSA. I've been buying and selling consistently because the markets are so volatile right now and anything can happen. I'm afraid CRA will constitute this as a business the more I look into it. I didn't know I could also trade from a regular \"personal\" account which I will start using from now on. If I get taxed on my gains in my TFSA as a \"business\" this year but start using the \"personal\" account for my more frequent trades going forward.. will they continue to tax my TFSA's long term holds? Basically my question is, did I just ruin the tax shelter in my TFSA for the rest of my life?", "likes": 0}, {"author": "@ferdinandwilhelm8749", "comment": "Yes, buying US securities through Wealthsimple Trade is very expensive. You technically don't pay a transaction fee, but the exchange rate you're given equals a transaction cost of almost 2%. I just bought a few shares of a US company for $1,135 and essentially lost $20 due to the exchange rate. The simple non-intimidating layout doesn't make up for this bad exchange rate imo.", "likes": 7}, {"author": "@BeloAngeles", "comment": "I hope M1 finance is also available here in Canada.", "likes": 2}, {"author": "@ferdinandwilhelm8749", "comment": "great video, thank you", "likes": 0}, {"author": "@Bavubuka", "comment": "No Vanguard?", "likes": 0}, {"author": "@djayjp", "comment": "Brandon you need to always talk about currency conversion fees. Also I noticed wealth simple trade doesn't have some key ETFs, like IGV.", "likes": 2}, {"author": "@codcaptainswag", "comment": "Hey Brandon fantastic video! I have a question though: do you have any videos on the fees associated with buying US stocks and converting CAD - USD vs buying in CAD vs having a US account. I\u2019m so confused and I Im trying to learn by randomly throwing money into all options when trading. Or also anyone in the comments that may be able to help. It\u2019s just very confusing to me and I don\u2019t know where to begin to figure it all out", "likes": 3}, {"author": "@juwilliartcox4595", "comment": "Is the $4.95 fee when you buy and sell? so it would be $9.90 when you trade buy and sell one stock with Questrade?", "likes": 0}, {"author": "@serenela950", "comment": "Total beginner here... One question... If there is no commission fee in WS trade or Robinhood, why ppl still loose on day trade?? Like if I sell in a week or so n there is no commission fee, is there not more chances that I make some profit than loose??", "likes": 0}, {"author": "@ThatCircusShow", "comment": "I began investing on Wealth Simple Trade a few weeks ago. I was doing well after paper trading for some time. At market close on April 24th i was up 23% making up for all of my past months losses and then some. I had a solid exit plan. I lost my phone over that weekend, and with everything closed I must wait for a new one in the mail. \n\n\nMy portfolio performed well at Monday's open. By close some gains were lost... at today's close i was down 38%. Lost my phone, lost my profits. I can't sell until my new phone comes in.", "likes": 0}, {"author": "@roccodimiccio5199", "comment": "Missed RBC the biggest one", "likes": 0}, {"author": "@nasreddinemegrez6563", "comment": "Hi\nWhat do you think about TD E-Series funds?", "likes": 2}, {"author": "@first.or.better", "comment": "I setup a Wealthsimple Trade account just last night. Watching your video after the fact, I do not regret my decision whatsoever. I did my research and I am so happy I did my due diligence. Now I just need to wait for my funds to go through to begin building my portfolio. Thanks for the informative video.", "likes": 17}, {"author": "@vikijustin", "comment": "You ruined my 3 weeks..I watched your video and tried to open account with Questrade .. they were  holding my 20k plus for 2 weeks at the end I couldn\u2019t take it anymore now they will take 5-7 business days to return my money cus I can\u2019t work with a bullshit company like Questrade worst customer service  and my put my account on hold even after providing everything . I highly recommend not to waste time with Questrade ... Please don\u2019t guide wrongfully advice people just because you get 1-2k fr stupid companies like Questrade", "likes": 0}, {"author": "@andrewewen", "comment": "Do you know about CMC?, the commission is only the spread. I don't think you can have registered accounts though. The platform is beautifull, especially for technical and FX traders.", "likes": 0}, {"author": "@marienick2", "comment": "Hi Brandon,great video!\nI'd like to know if you can be on more than 1 platform. For instance I'd like to use wealthsimple for my kids and questrade for me.", "likes": 0}, {"author": "@jazealjames9636", "comment": "Hey Brandon question. I got a TFSA Account with CIBC. Opening another TFSA on Questrade, do you think that's a good option or I should void the one I have with CIBC and start with Questrade?", "likes": 4}, {"author": "@briah9120", "comment": "You are very well spoken for a young man.  \nThanks for the balanced unbiased perspective, very practical advice.", "likes": 4}, {"author": "@diannebradford5042", "comment": "Can Questrade and Simple Wealth trade be used for day trading?", "likes": 0}, {"author": "@kingshadd", "comment": "questade not good for day traders plus too much glitch not to mention hidden fees like ECN fees", "likes": 0}, {"author": "@joannamilligan689", "comment": "Hey Brandon. I'm completely new at this and so glad to have found you. Love your videos. My question is can you change trading companies later on if you become more savvy at this. Ie. From wealthsimple to wealthsimple trade? And if so, what are the penalties?", "likes": 10}, {"author": "@ritiksfilms", "comment": "wealth trade charges a 1.5% fee for trading us stocks.  That's $45 commission for a $3000 trade, that's crazy", "likes": 14}, {"author": "@XenoHere", "comment": "questrade now has no fx fees for registered accounts (i.e. if u have 500cad and buy 200$ US worth of stocks, their system over night will take the CAD required, convert your -200$ US balance to 0 by using ur CAD balance. All this without any fees on top of the current exchange rate. The FX conversion is a 0.0199 fee they usually take on margin accounts or non-registered ones.)", "likes": 0}, {"author": "@ahh3121768", "comment": "I'm switching from Wealthsimple to Questrade. I've waited more than 10 business days to get my account ready since I submitted all the documents and funded the minimum amount of $1000 CAD.\nI'm so excited to start investing on Questrade. But their team said that due to COVID-19, I should expect a longer wait time.\nKinda disappointed with the whole process of account opening. \ud83d\ude2d", "likes": 0}, {"author": "@joeldoxtator9804", "comment": "Questrade's software is so garbage though. I have had multiple problems with the software either failing to launch completely or completely screwing up more complex trade algorithms. Too buggy for me to use.", "likes": 0}, {"author": "@kutayberkuyanik6333", "comment": "Questtrade has 1.7 rating on play store", "likes": 0}, {"author": "@Nickgreek646", "comment": "Have you tried etoro? It offers fractional shares and copy trading service. Check it out .", "likes": 0}, {"author": "@TheWazup999", "comment": "What about thinkorswim canada?", "likes": 0}, {"author": "@sbrandol", "comment": "Awesome advice. Thank you!", "likes": 0}, {"author": "@aabbas84", "comment": "I suggest interactive broker. Thats your best bet.", "likes": 0}, {"author": "@kiwifrenchie6036", "comment": "can we use the american broker", "likes": 0}, {"author": "@littleone5814", "comment": "Hi Brandon..it's really good video..How do you deposit money in wealthsimple and how much time it takes to withdraw..", "likes": 0}, {"author": "@pratheekArakkal", "comment": "HEy Brandon! \n\n\nThank you for the great video. It exact time when i think about starting wealthsimple trade and already have my Questrade.  So I believe i can use my questrade  to buy ETF fund and use wealthsimple to buy stocks? DO you think that would be a great idea.?\nPlease let me know. \n\n\nThanks", "likes": 1}, {"author": "@juliansantella", "comment": "Very informative video thank you brother you earned a subscriber", "likes": 0}, {"author": "@kenyoung9256", "comment": "Do they have a history page from beginning of trading to present that can be printed out", "likes": 0}, {"author": "@nanheesong5354", "comment": "No Canada form", "likes": 0}, {"author": "@rgoudie", "comment": "Thank you, Brandon. This was very informative.", "likes": 0}, {"author": "@nityadas2707", "comment": "CIBC is the best compared to all as they charge 6.95 flat and no maintenance costs for TFSA. You can easily transfer funds in seconds. Wealthsimple is also a great platform with no commission for only Canadian stocks, they do charge 1.5% fee for buying U.S. stocks. They also take 3-5 business days to load funds which forces you to not participate in quick market downturns.", "likes": 0}, {"author": "@pwnpicturez", "comment": "why do you use quest trade over weath simple trade", "likes": 0}, {"author": "@TheMattyboy55555", "comment": "Could you cover Interactive Brokers please?", "likes": 0}, {"author": "@orhanceliloglu7229", "comment": "I am not Canadian and I am living in EU as an EU citizen. Can I still open one of these online accounts and start trading in TO market ?", "likes": 0}, {"author": "@Hananguyen.Realestate", "comment": "I ended up here as an investing beginner after watching numerous videos on Youtube and realised M1 fiance, Webull or even Robinhood are not available in Canada.  Thank you for the the helpful video though, it was really thoroughly.", "likes": 6}, {"author": "@exee1", "comment": "Back in last month's carnage, Wealthsimple was knocked out/ off line for A FEW DAYS!!!!!", "likes": 1}, {"author": "@OnTheSpurOfTheMoment", "comment": "Steer clear of all Banks. They are rogues.", "likes": 0}, {"author": "@AlonMPS", "comment": "Which broker do you recommend if I want to invest in a few foreign companies outside of the US and Canada?", "likes": 1}, {"author": "@georgeemil3618", "comment": "Those $9.95 commissions charged by the banks used to be $25 when I first started. Now, if you belong to a professional organization,  your organization might negotiate a reduced commission. I'm paying $6.95 per trade because of the Professional Engineers separate advocacy organization, OSPE. I've gotten used to these commissions by regulating purchases at $3000 to $4000 each investment just to keep the total commissions down to less than 1%.", "likes": 3}, {"author": "@newshot3191", "comment": "It took me a couple of days to realize Robinhood and Webull were for U.S \nIt pissed me off, since i like webull app  and these can not compare.", "likes": 0}, {"author": "@AlonMPS", "comment": "Thanks for the information, I shared it with my buddies. I\u2019ll give Wealthsimple Trade a try because I noticed that Questrade\u2019s app has gotten bad reviews..", "likes": 0}, {"author": "@guru-zj6dy", "comment": "hi i have question. if i open tfsa on questrade and then use tfsa money to buy stocks, can i do on quastrade", "likes": 0}, {"author": "@nicholassmith4918", "comment": "This was extremely helpful Brandon, thank you so much!! I will most likely be going with wealthsimple standard or the trade version, as I am very new and have little to no capital to start with. Thanks again!", "likes": 10}, {"author": "@Steven-wq8tx", "comment": "If I\u2019m planning to do dollar cost averaging each month with an ETF like VGRO and just leaving my money in there for years, would quest trade be the best option for me?", "likes": 0}, {"author": "@bradymer2240", "comment": "Thank you Brandon! One of the most helpful videos I've found out there", "likes": 2}, {"author": "@TheGamer-kv8iy", "comment": "can I still trade even if im not 18???", "likes": 1}, {"author": "@kareem5296", "comment": ".", "likes": 0}, {"author": "@VakmanCA", "comment": "You forgot the best : Interactive Brokers", "likes": 1}, {"author": "@tafrasbusiness897", "comment": "is questtrade real time data Brandon? nice video!", "likes": 2}, {"author": "@paperrug", "comment": "great video, but you should hide your account numbers in future videos haha", "likes": 0}, {"author": "@FranciscoHernandez-uo5cm", "comment": "THANKS BRANDON FOR YOUR ADVICE!", "likes": 0}, {"author": "@ramanan5u", "comment": "Can we able to trade Premarket trading? Thank you kindly", "likes": 0}, {"author": "@MrRooroo13", "comment": "Hey Brandon! Fellow novel investor from Vancouver here! I was just wondering, would you advise having two brokerage accounts? For example QT for free ETF purchases and desktop app, and WS Trade for free stock purchases. Also one question, can I but US stocks with WS Trade. Also are there strategies for Canadians looking to buy US stocks? Do we have to be weary of the dollar difference? Thanks for such detailed and informative videos, much love!", "likes": 0}, {"author": "@niceshot4563", "comment": "What do you think about Qtrade?", "likes": 0}, {"author": "@babyxkande", "comment": "I opened a tfsa with bmo last year and invested in a medium risk portfolio. It has grown steadily since then but I'm now trying to learn a little more about how I can invest smarter. I feel like doing this through bmo might not be very effective. But I'm not sure how to go from there. Do I withdraw from the bank and open an investing account with an online broker instead? Literally so confused but trying to learn more about this", "likes": 0}, {"author": "@frankchen1668", "comment": "Really, really, really sexy!  regards for Wealthsimple Trade", "likes": 0}, {"author": "@Ratbastard008", "comment": "Can you start with wealthsimpletrade then move you money to questetrade?", "likes": 0}, {"author": "@nawedahmed8168", "comment": "Another problem with WS Trade is that you can not trade all stocks, etfs, etc...the reason why I cancelled my account with them....", "likes": 1}, {"author": "@hugocataldo7415", "comment": "Great video bro..\nOne question.. do you use some trading platform linked with your Questrade Account? I\u2019m looking for a broker to day trading. Is Questrade good for that?", "likes": 0}, {"author": "@reptilianskin", "comment": "CIPF is a wonderful thing to have. Although there have not been brokerage failures in many years, it\u2019s a comfort to know your assets are protected up to $1 million dollars. In reality though, getting that money released to you would take several months at best. The conservative nature in me therefore finds comfort in the bank owed online brokerages. Because in addition to CIPF, you have your money in an institution that is most likely never to fail. And the online platform or mobile trading that you appreciate of your girlfriend, is what the budget of big banks can give you. I\u2019m not rich, but the minimums you discussed is not a let down. It\u2019s a graduation. Less than that, you might want to consider building up with index funds first. Then when you have more substantial net worth, switch to stock portfolio investing.", "likes": 0}, {"author": "@moc1759", "comment": "THANK YOU SO MUCH !!! this was so helpful I have started using Wealthsimple trade and its amazing...I didn't know of this before I came here so thanks once again", "likes": 0}, {"author": "@sachinruparelia", "comment": "Wealthsimple trade is great", "likes": 1}, {"author": "@romyvasir9249", "comment": "Please tell people that Wealthsimple trade every time you buy or sell USA stock they charge 15% currency exchange and I was paying $20 to buy $500 stock. Its sucks and they dont even tell u this. They stealing money", "likes": 1}, {"author": "@lovdeth", "comment": "i opened an account in questrade 2 days ago.. now, i wanted to delete my account so i can go on other platform.. is it possible to do that?", "likes": 0}, {"author": "@shanykumar2841", "comment": "I am a international student. I am interested in stock market and can I do stock trading or not? And what are the steps to start stock trading?", "likes": 0}, {"author": "@pavelsokov", "comment": "what do you think of interactive brokers?", "likes": 0}, {"author": "@rickys9388", "comment": "https://www.reddit.com/r/wallstreetbets/comments/frz0fp/my_broker_questrade_wants_me_to_sign_an_nda/", "likes": 1}, {"author": "@eternalfizzer", "comment": "Thanks for explaining your preferred platform for investing. Do you export your trades to an accounting program?\nI'm just looking to switch from CIBC IE (several reasons) but before I invest my time setting up and learning to use a new platform, one of the key features missing from IE is a way to export my transactions to my accounting program. I understand there's no set format (yet) for stock trades (bank transactions have ofx standard among other common formats). Even a csv file would do - I can train gnucash to recognize the file contents. Sadly IE only offers Excel <sic> which is not a secure format, i'd have to open in another program to convert to csv and that's too much time and effort.\n\nI'd like to know if you've found a method to integrate your financial activities.", "likes": 0}, {"author": "@elbluepatato", "comment": "What about webull?", "likes": 0}, {"author": "@elbluepatato", "comment": "Ahhh Why the heck dont we have robinhood...  Do we get a free stock when we sign up to wealthsimple trade.", "likes": 0}, {"author": "@MStar10", "comment": "Few negatives abt WS Trade for me : no margin account, not much support, and no web version just phone app. I still use it for no fees but just thought I'd mention those I experienced.", "likes": 4}, {"author": "@maaximumgame", "comment": "Can you buy index funds using wealthsimple trade", "likes": 0}, {"author": "@silkensoul2222", "comment": "If you really want to talk about DIY investing you missed the most important and largest broker and investment companies in Canada.", "likes": 0}, {"author": "@jlegresley", "comment": "These are ok for investing, but not for serious traders.  Do you know how we Canucks can get an account using LightSpeed, Laser, Sterling Pro?   PS I run an investment blog, but wrapping it up due to lack of interest:  https://www.facebook.com/groups/64628410663", "likes": 0}, {"author": "@harveynguyen7013", "comment": "Love your video Brandon, I'm totally new in trading here so it helped a ton. Anyway I have some question: what is the different between Stock, Options, Index? And what market does Quest Trade allow you to trade on? Again Thanks a bunch Brandon.", "likes": 0}, {"author": "@kaydenkwon5345", "comment": "Hey Brandon, thank you for your work\nSo, what if most of my asset is in USD, then, which brokerage would you consider as best?\nAlso, when you are considering converting currency into USD, what's your usual method of doing this?\nDo you just pay the 2% conversion fee? or Do you try to save some money by doing Norbert's Gambit?", "likes": 0}, {"author": "@juandudero2838", "comment": "Can you possibly pull out your RESP from the bank and put it on RESP DiY online financial flatforms? Is it going to affect the Government grant?", "likes": 1}, {"author": "@juandudero2838", "comment": "hey bro if you open up an resp on non-bank financial platforms do you still get the 20% match up grant from the government? And how to get it? Thanks in advance.", "likes": 1}, {"author": "@jason86ful", "comment": "I need US dollars to buy ETF S&P500 .........and i will invest it at least for 10 yrs......which broker would be good for me? :D", "likes": 0}, {"author": "@angelashin6422", "comment": "Good contents,  how about  the exchange fee  for Questrade?  I can not find any information through the website ...", "likes": 1}, {"author": "@Chat_gpt_", "comment": "Interactive broker , and Tradezero for best prices", "likes": 0}, {"author": "@AyyDee_7219", "comment": "What's the best platform for active trading of options in CDN$, is there CDN$ options that are liquid right now??\nHave been paper trading on TOS, but  CDN$ is Crushed right now so my Margin won't be above Minimum to even be able to make trades... (looking for advice and a good entry point)", "likes": 0}, {"author": "@Mr.TenCoppers", "comment": "Real investment opportunity. Stocks are taking a loss right now everyday. Guess what isnt? Best part is that you get to PAY YOURSELF FIRST! Proof pictures on hand. \nTencoppersinvesting.com", "likes": 0}, {"author": "@landonwickenberg412", "comment": "what about interactive brookers", "likes": 0}, {"author": "@The77xavier", "comment": "https://youtu.be/b1cDdulho2I", "likes": 0}, {"author": "@La_Verge", "comment": "hey, great vid\u00e9o. thank you so much for making it. Really helped me out to figure out which one I should use.\nI'd like your advice on the path I chose.\n\nI would start with an RRSP with wealthsimple trade and use the 0 fee to experience the canadian market. I believe they will change a lot in the future, let's hope for the better, that is why I would start with them.\n\nWhen I'll know a little bit more about all this, I'll open a TFSA with questrade and go deeper. Buying mostly ETFs but also the stocks that I really believe in.\n\nWould this be a good plan since I want to be mostly a dividend investor. I'm here for the very long term and I am motivated.\nAny other tips that you didn't mention in your latest videos is appreciated. Already watched most of them. keep up the good work", "likes": 2}, {"author": "@CW12190", "comment": "Great Content!!! super informative for beginners, and nice smile :D", "likes": 3}, {"author": "@yukonice-cream8623", "comment": "Any thoughts about RBC Investease? RBC Investease (if you want a simple all in one ETF and want to go with a Big Bank) has an annual fee of 0.5% (plus cost of ETF for a total of ~ 0.61%- 0.72%). That seems to be the current lowest cost 'set-it and forget it' options with traditional venues in Canada (and comparable costs to WealthSimple). With Questrade (a simple all in one ETF- like VGRO- costs about 0.25%). So obviously Questrade is cheaper but requires just a little more work. Still ... for a Big Bank (and only $150 to get started) it's not a bad option for those who don't want to dig a little deeper.", "likes": 1}, {"author": "@SkyDra9on", "comment": "Hey Brandon, It  looks like Questrade charges ECN fees. Does that ever effect you with additional costs? https://www.questrade.com/pricing/self-directed-commissions-plans-fees/transaction How much does your average trade cost? My Canadian bank charges less than $10 per trade all inclusive.", "likes": 0}, {"author": "@Will-uj7yu", "comment": "You forgot to mention wealthsimple trade charge you a 1.5% convertion fee each time you convert cad to usd and usd to cad. And they dont let you own usd in the account. Which mean if you buy a stock you lose 1.5% of your investment, and when you sell you also lose 1.5% for a total of 3%/stock. It may not sound like a lot but for me at least it is way cheaper to use questrade, which lets you own usd in your account and don't constently charge you convertion fees.", "likes": 0}, {"author": "@sakamoshikaka9939", "comment": "Hey, l know that in TFSA we can't trade because they might charge tax. How many or how much we can buy/sell?", "likes": 0}, {"author": "@Leo-bt4yz", "comment": "I like interactivebrokers. Low commissions", "likes": 2}, {"author": "@vyzetta", "comment": "Just starting to get a portfolio going. Subbed from Ottawa!", "likes": 2}, {"author": "@dkpalta6064", "comment": "Do you know what will happen if Wealth Simple goes bankrupt or shut down? How we can recover our money?", "likes": 0}, {"author": "@wendyjames284", "comment": "I'm trying to educate myself on DIY investing.  Is it a good idea to have 2 WealthSimple Accounts? Have a robo account to earn while I become more comfortable with the WealthSimple Trade option.  I figure I'll  still be earning instead of doing nothing at all", "likes": 0}, {"author": "@francoispourre5040", "comment": "Hi - Nice video - Congrats! You don't talk about IB interbroker?", "likes": 0}, {"author": "@ajps9532", "comment": "Hi! Great content!\nQ: Would you recommend investing on two different platforms? Say RBC Direct Investing and WS Trade?\nTIA!", "likes": 0}, {"author": "@atiyauthmani8516", "comment": "You forgot to mention that Wealthsimple also offer a 1) Socially responsible investment option (i.e. investing in ecologically responsible companies) as well as a 2) Halaal Portfolio which is an excellent way to attract your Muslim investors (1 Million+ Muslims living in Canada right now); and unline some of the other financial management firms, theirs is an actual Halaal portfolio (100% equity, interest-free investments)", "likes": 0}, {"author": "@jayc5332", "comment": "Hi Brandon. I have two question to ask. First off, for the inactivity fee, are you suppose to constantly be buying stocks, investments or rebalancing?  How do you avoid this? Also for the questrade 1 cent/share and the minimum of 4.95/ max 9.95, i don't get this. I know these are stupid questions but my mind isn't getting this lol.", "likes": 1}, {"author": "@lauracameron8159", "comment": "Can I move my RRSP + Lira into stocks without being penalized?  if so, what is the process?", "likes": 0}, {"author": "@janotnetto627", "comment": "Dude. You're good. Congrats for the channel.", "likes": 43}, {"author": "@matthewsilver5455", "comment": "What about Interactive Brokers. I have used QuestTrade, WealthBar, Wealthsimple and WealthsimpleTrade and my unquestionable preference is Interactive Brokers.", "likes": 6}, {"author": "@leocheng440", "comment": "why not even mention interactivebrokers?", "likes": 0}, {"author": "@DavidTran-hf3hn", "comment": "For wealth simple is there at USA TFSA account for USA stocks ?", "likes": 0}, {"author": "@silentai5274", "comment": "Thanks for the video. I have trade  account with TD. I think one good thing is that set min $100 auto deposit each month to TD trade account. It waived the quarter fee. It is easier help me to save a little money each month and currently only have little money to invest.", "likes": 1}, {"author": "@lI-tm2pn", "comment": "11:32 25k unread emails...", "likes": 14}, {"author": "@awesamvlogs", "comment": "I've commented here and there for the past year, but you are such a great resource for those who are starting out with trading. I've recommended you to all of my friends who are looking to start. Keep up the great work!", "likes": 39}, {"author": "@awesamvlogs", "comment": "Currently with TD, but looking into Questrade for ETFs!", "likes": 2}, {"author": "@kaybeluv", "comment": "Wealthsimple Trade app doesn\u2019t have all of the stocks available, so it\u2019s limited. Also, money has mysteriously appeared in my account a couple of times, so there are glitches. BUT yes it\u2019s a great platform for beginners otherwise...", "likes": 0}, {"author": "@zackarysajous7833", "comment": "Did you know for the 1.5% cost to buying us stocks with wealthsimple trade?", "likes": 0}, {"author": "@Dj-uy1kp", "comment": "Thanks again!!! Could u tell us what is the best app for a saving account ( 1.5% and up.) And also how much taxes do I have to pay on a saving account. THANKS!!", "likes": 0}, {"author": "@raymond2206", "comment": "brandon...what would u or shud I or anyone do now? if we have, let's say a majority of our holdings in TFSA....RRSP or just trading account with any one trading platform company we are with? what can we do about it??? thanks", "likes": 0}, {"author": "@frazzledhaloz3184", "comment": "Wow I am TD Ameritrade and those fees have been waved here, in the US. Just bought out by Charles Schwab", "likes": 4}, {"author": "@Billybobber47", "comment": "good video, was going to sign up for wealthsimple trade until i learned you cant hold USD and conversion fee is 1.5%.. doesn't seem worth it on top of mobile only app", "likes": 0}, {"author": "@scattysigue3604", "comment": "I have RBC Direct investing and it is really expensive. I started using wealthsimple invest and trade last year but most of my funds are still in RBC. Pros of wealthsimple trade is for a beginner like me, you can buy 1 stock without fees. Hope to transfer my RBC account in the near future \ud83d\ude02", "likes": 2}, {"author": "@jacksonmatysik8007", "comment": "Please do this for Germany", "likes": 1}, {"author": "@UniversalAbundanceLaws", "comment": "Hey, great content, I really like your way of clearly explaining all this stuff. Do you have any information on investing in gold bullion RRSPs through Questrade and/or Canadian Bullion? I\u2019m interested in buying gold and I also like the idea I can do so with the RRSPs tax saving benefits.", "likes": 0}, {"author": "@ZackTessier", "comment": "Wish Canada had Robin Hood", "likes": 4}, {"author": "@ZackTessier", "comment": "I like questrade for free ets\u2019s but they do charge major hidden fees for options trading and that killled questrade for me. Definitely not good for people who daytrade or trade options.", "likes": 0}, {"author": "@RaiyanaRR", "comment": "Video idea- buy recommended index funds using TD / other banks", "likes": 1}, {"author": "@familydinner1", "comment": "Do you like Wealth Bar?", "likes": 0}, {"author": "@MartinMcClellanGT", "comment": "As a Wealthsimple customer since October 2018 I couldn\u2019t be happier and Proud of myself for my decision to go with Wealthsimple Invest ! Easy to invest and auto invest the dividends on autopilot for the next 30 + years !", "likes": 20}, {"author": "@fs982", "comment": "Thanks, Brandon. There is Simple Tax link on Wealth Tax portal which is also a great resource for tax returns. I used them last year. very satisfied.", "likes": 3}, {"author": "@devbiol86", "comment": "Thanks so much for a great video.  It would be great if you had time to do a video to compare some of the other fees.  ie fees for transfering account, rrsp withdrawals (for home buyer plan), withdrawal fees for tfsa.", "likes": 8}, {"author": "@PatrickStar-et4xz", "comment": "I plan to use Wealthsimple trade (in a TFSA) and start off trading Canadian equities only just to see what it's like. My question is how do they make money off of this platform? It sounds too good to be true even after researching it", "likes": 4}, {"author": "@transformationfitness5385", "comment": "Love interactive brokers, the fees are way less then all the other brokers in Canada", "likes": 1}, {"author": "@huyduong5716", "comment": "Brandon you forget to mention, with wealth simple you are purchasing Canadian stocks, you can purchase US stocks but the conversion fee apply. Now if that if that stocks pays dividend in USD, it will automatically convert back to CAD, which will occur a conversion fee as well; when you want to use the dividend to buy more of that usd stock you have to pay the conversion fee again. If that issue is solved, where they have an usd and cad account where you money is automatically park when receive dividend without converting back and forth to incurred conversion fees, then it\u2019s really worth it.", "likes": 4}, {"author": "@smartsmaa", "comment": "Can we transfer from one brocker to the other?\n\nExample, After buying an etf from questrade, can i sell it on wealthsimple?", "likes": 1}, {"author": "@rebeccam2", "comment": "Wish you were sponsored by WealthSimple Trade cause I just signed up woo! 2020 is gonna be great!", "likes": 0}, {"author": "@f3wbs", "comment": "I'll probably use Questrade first and Wealthsimple Trade after. If I ever get 15k in my savings, I'll probably go for TD Direct Investing.", "likes": 1}, {"author": "@efs797", "comment": "Great update. \nI'm considering the merit of starting a fund in each of the 2 online brokers to observe which approach works better over time? E.G. 5K in Questrade self directed TFSA and 5K in Wealthsimple Roboadvisor TFSA.\n\nWhat do you think about this approach?", "likes": 2}, {"author": "@abrahamkk2218", "comment": "What about virtual brokers and interactive brokers?", "likes": 0}, {"author": "@Spudy-", "comment": "Awesome video, but I think a HUGE part you didn't metnion was that with WS Trade you can't hold USD in any accounts. Yes you can buy US stocks and ETF's but you pay the forex fee on both the buying of the USD and the selling when you sell your position. For investors looking to buy some US-listed equities, this is huge. I think this is a huge plus with Questrade as you pay the forex once but if you sell a US listed stock you can still keep the USD and buy something else in USD. A Canadian investor can only go so far with only CAD listed stocks.", "likes": 216}, {"author": "@contaminao2002", "comment": "The issue with WealthSimple Trade is that you can't hold USD in your account, so everytime you buy/sell you have to pay the conversion fee. With Questrade, you can hold your funds in USD. So if you buy US stocks, you can save money on conversion fees (which could be higher than the transaction fees Questrade charges).", "likes": 1}, {"author": "@dandredavis-taylor1418", "comment": "What are your thoughts on MYLO?", "likes": 2}, {"author": "@raymond2206", "comment": "scotiaitrade...terrible at $9.95/trade!!!!", "likes": 2}, {"author": "@jasonawakelin2926", "comment": "Wealthsimple takes 0.5% of what? Your total assets held with them, every year, no matter how much you gain or lose? I'm not understanding what exactly they are taking the money from.", "likes": 0}, {"author": "@devalraval007", "comment": "Too bad that TD being Canadian doesn't support Ameritrade/ThinkOrSwim in Canada", "likes": 20}, {"author": "@tomkillsall", "comment": "Awesome video! Thanks again", "likes": 1}, {"author": "@kid20777", "comment": "you didnt mention that wealthsimple trade actually has conversation fees", "likes": 5}, {"author": "@HamptonCollabs", "comment": "i was excited about wealthsimple trade unitl the mobile only.... I just bought a laptop", "likes": 3}, {"author": "@urielangel77", "comment": "Virtual Broker should be in this review I would love to hear your opinion on this one.", "likes": 1}, {"author": "@stevebrock8056", "comment": "Thanks for the Canadian content. Been trying to increase my financial knowledge and have subscribed to the channel. I've been trying to make the decision on which broker to use, so this video was helpful.", "likes": 17}, {"author": "@FPSEli", "comment": "Hey Brandon, really liking the content. It's nice to see a fellow Canadian, especially a millennial, providing investing info. I'm still in the research and learn phase but getting pretty close to starting to invest. Keep up the great work!", "likes": 4}, {"author": "@CaseyBurnsInvesting", "comment": "If I wasn\u2019t so into stock picking and reading about companies I\u2019d for sure index invest.", "likes": 0}, {"author": "@koolaidpuc", "comment": "This is awsome and useful info!", "likes": 6}, {"author": "@dandaan", "comment": "I am really tempted to move to Questrade. I do primarily US stock trade so would the cost $5(min) be USD or CAD? Also, how easy is it to deposit USD (money order) to TFSA without having to go over conversion?I do this with my TD right now and it takes time but can be done", "likes": 2}, {"author": "@wolfofdubai", "comment": "It great to see with more online brokers,\n\nthe consumer condition gets better and better!", "likes": 10}, {"author": "@CaseyBurnsInvesting", "comment": "Canada is getting hosed. At least you guys aren\u2019t going to war though \ud83e\udd37\ud83c\udffe\u200d\u2642\ufe0f", "likes": 0}, {"author": "@NickPeitsch", "comment": "I use Questrade! Just transferred from BMO investorline to reduce fees.\n\n\nBut Wealthsimple Trade is very enticing due to their \"zero fees\".", "likes": 1}, {"author": "@beaviswealth", "comment": "Get some free some up bonuses with the links below! Thanks for watching! :) \n\n\u25ba Questrade Online Brokerage (Get $50 in commission-free trades) - https://www.questrade.com/campaigns/qbaffl50t102?refid=ayiice9l \n\u25ba Wealthsimple Trade ($10 cash bonus when you deposit $100 or more) - http://wealthsimple.sjv.io/zQ1d6\n\u25ba Wealthsimple Invest Robo-Advisor (Receive a $50 sign up bonus) - http://wealthsimple.sjv.io/7AO7Y\n\n\ud83d\udcc8\ud83d\udcda As always, if you're a beginner to the Stock Market in Canada and you're looking for a step-by-step blueprint on how to get started... Find out more about our Investing Academy here - https://bit.ly/theinvestingacademy", "likes": 34}]