[{"author": "@mr.gregory6768", "comment": "This stock is a Dog since this video.  Lol  !", "likes": 0}, {"author": "@geoffreynewton4661", "comment": "Agree with you", "likes": 0}, {"author": "@roberttaylor3594", "comment": "I am currently thinking about buying some more of this stock...or should I say \"business'. So I searched ATD on YouTube for any current reviews and this one came up, which I see I commented on before!  They have an aggressive growth plan but looking back on the last 10 years, they grew at about the same rate of growth they are aiming for in the next 5.\n\nI had 40 shares for several years, sold them all to focus on other things with a better dividend...then the ATD price dipped below what I sold them for so it seemed like a good idea to buy, so I bought 20 shares...and now as of Nov 04 I wish I had bought more... but I stand behind my decision to go to other things with a better dividend when I sold because I was able to get back in at a better price.  I will NEVER sell this stock again, though!!", "likes": 1}, {"author": "@AxeCheeks", "comment": "My god this all sounds like jibberish to me", "likes": 1}, {"author": "@Rajesh210184", "comment": "Hi Bro, can I invest in Canadian market from India?", "likes": 0}, {"author": "@sibulelepapu7967", "comment": "Brandon or anyone in the comments: pls advise on which app/ broker (trusted)to use to start investing in the CSE? \n\nThanks.", "likes": 1}, {"author": "@AndreRoy506", "comment": "Don't pronouce the D  \ud83d\ude02", "likes": 0}, {"author": "@rain0344", "comment": "hola!!! Can you please talk about short-mid term money growth, say for a downpayment, pay off student debt or just buy something big", "likes": 0}, {"author": "@bellofigoitaliano5038", "comment": "RBC AND ENB hold 30 years , you win at life", "likes": 0}, {"author": "@danielledecaires4917", "comment": "Always great to watch your enthusiasm Brandon!!  I am currently doing your course with the Investment Academy and I find it very informative!!  Thank you!", "likes": 1}, {"author": "@RichAngus100", "comment": "I own ZWB a Canadian bank etf 7.6% pays 0.12 monthly. AI 7.42% monthly and am looking at Bmax 9.6% monthly payer.", "likes": 0}, {"author": "@kanelitwiniec", "comment": "I think Circle K purchased them. I don't see them around anymore in BC.", "likes": 0}, {"author": "@ScamSociety11_11", "comment": "1000 likes here", "likes": 0}, {"author": "@ecasareno", "comment": "any recommendation on under $20 companies?", "likes": 0}, {"author": "@valveman12", "comment": "I have both of these stocks, which are great for a long hold investing.  \nI'd like to mention another I've had for a while.\nDollar Store *DOL* has been an outstanding stock for me during the down times.  \nDOL has held up very well.", "likes": 1}, {"author": "@BonjourKathyy", "comment": "I really enjoy your videos! I started watching your videos back in 2020 when I wanted to start investing and you really have some great stocks! I listened and bought in some stocks you talked about with some of my own research, and i wish i invested more at the time! I love seeing the dividends im receiving and i always come to you for some great stocks. :)", "likes": 0}, {"author": "@adamg7377", "comment": "What\u2019s sad about couche tard is that it\u2019s literally making money off of tax payers these stores are located at low income regions and people that are not financially literate. You buy anything from a convenience store you\u2019re paying an extra for the convenience. It\u2019s unfortunate", "likes": 0}, {"author": "@GWAForUTBE", "comment": "Have you seen this yt ad ( only for Canadians) Elon Musk is offering, approved from from our president \nOnyx investments.  Is this real?? Scam.   Pls help", "likes": 0}, {"author": "@jolenethiessen118", "comment": "I had purchased ATD.B accidentally and it is now Delisted.  Just a learning experience or is there anyway to access those shares?", "likes": 0}, {"author": "@shaunanedelec2615", "comment": "My only concern with FTS is their high net debt and negative free cash flow.  As of quarter 3 22 they have 28.76 billion net debt, 342 million net income and -274 million free cash flow.  Not the worst but not the best either as per increasing their growth.  The dividend is great though.  What do you think about this??  Thanks :)", "likes": 3}, {"author": "@mikenolaf", "comment": "What does Fortis having a negative cashflow say about their financials?", "likes": 0}, {"author": "@zampej963", "comment": "just a simple thank you !", "likes": 0}, {"author": "@ramican9155", "comment": "Thanks!!!", "likes": 0}, {"author": "@theflowpowa42oshow", "comment": "past performance is no guarantee of future returns lil man", "likes": 10}, {"author": "@theflowpowa42oshow", "comment": "Hes beavis im butthead", "likes": 2}, {"author": "@CC-jy4gr", "comment": "Oo look another class on investing. If I had a dollar for everyone of those", "likes": 0}, {"author": "@UVERworld4Life", "comment": "So do you pick stocks base on valuations or do you just pick a few points, story tell a little and then stamp an approval on it? I get that these two are relatively safe companies that you can make a video on and likely won't fail to have such a click bait title so good work on that", "likes": 1}, {"author": "@stoic900", "comment": "Awesome video! A new subscriber and new to investing!", "likes": 0}, {"author": "@sherricooper5977", "comment": "Funny you never mentioned FAF, a Marijuana business thar Couche-Tard is involved in", "likes": 0}, {"author": "@bradmurphy3702", "comment": "Fortis is trading expense over 50$ a share, imo.", "likes": 0}, {"author": "@rockyrejex1247", "comment": "Great video. \n\nPlease do one on AQN :(", "likes": 3}, {"author": "@urayys", "comment": "What does Fortis do? would be good hear that too.", "likes": 0}, {"author": "@arigutman", "comment": "Great video, while I am not a Canadian dividend stock holder, I am here to support fellow DGI investors.. especially when 2023 will be a year for the books for us..", "likes": 2}, {"author": "@florendogomezcasuga7043", "comment": "atd was in talks to buy carrefour before. Didn\u2019t go through. But yes ATD, dollarama are recession proof. In regards to FTS, that\u2019s for sure no brainer stock. Electric bill is so expensive now, esp in BC", "likes": 0}, {"author": "@kelleyhaldorson209", "comment": "I own both of these!  ATD has been a learning experience for me but thankfully one that didn't hurt for a change(yet).  Fortis I bought too a couple years ago.  I built my portfolio to perform well in the current environment we are now having.  It was hard to see the high flying market and a bunch of slow growers like Fortis as my individual picks went.  But now I'm getting paid back with Dividends(puns intended).  I lost my way a bit during the fast climb and bought a few \"growth\" picks that have shrunk(learning hurts) but Fortis has been a sleep well at night pick.  Haven't given more than 2 thoughts to it since I bought it, thanks for letting me know its time to add again Brandon.  And always thanks for your video's.", "likes": 4}, {"author": "@frazerfreund8740", "comment": "Any chance you could do a video comparing Fortis vs. Canadian Utilities?", "likes": 1}, {"author": "@jacquesboutros3849", "comment": "Just a heads up, the d in Couche Tard is silent", "likes": 3}, {"author": "@BURGATRON", "comment": "Wow! I was swing trading Alimentation Couche tard. I still have a limit order for 47. It's insane it just ran up so high", "likes": 0}, {"author": "@chairmanmike5858", "comment": "I own them, I love them, buying more too !", "likes": 0}, {"author": "@mynamejefft", "comment": "Why not enbridge over fortis?", "likes": 1}, {"author": "@ranaritakh4337", "comment": "A big fan of ATD. Opened a position 2 years ago  flowing the carrefour debacle.  Great growth since.", "likes": 1}, {"author": "@Money_Man_Meech", "comment": "Brandon you have to say it with the French accent", "likes": 1}, {"author": "@currypablo", "comment": "Alimentaci\u00f3n couchetard, wouldn't buy it at this time. I am looking at Albertsons LLC(ACI-NYSE). A grocery/pharmacy chain in the USA, trading at its 52-week low and pays a higher dividend than Couchetard.", "likes": 1}, {"author": "@acdatz6222", "comment": "Fortis is a great pick. I really like Canadian Utilities also.", "likes": 0}, {"author": "@jessehamlin3420", "comment": "Love ATD.  Great pick Brandon.  FTS i scooped some up when it was way down a couple months ago but not a huge fan of utilities at my age (37).   Dollarama is another compounder that is absolutely killing it this year.", "likes": 0}, {"author": "@turbofanlover", "comment": "Been watching ATD for quite a while.  Dang stock just keeps rising.  Gonna need a pullback for me to take a position in it.  I won't buy it for the dividend, however.  It's all about that impressive and unrelenting (so far) price appreciation.  The dividend is just a nice little bonus.  As for FTS...I already have a full position that I built at significantly lower prices.  :)", "likes": 0}, {"author": "@newdeal_99", "comment": "I wouldn\u2019t mind a video with your dad comparing the big six banks. I noticed that BNS send to have gotten hit worse then RBC and TD and I am wondering if the technical data supports that or if BNS is a deal", "likes": 7}, {"author": "@miked1102", "comment": "Love Fortis!  I have owned Fortis for more than 10 years now.  Fortis is one of the oldest Corporations on the TSX and in business since the late 1800s.  They have been through WW I, the Great Depression, WW II, the financial crisis, etc.  They will be around for a very, very long time to come.  Just like BCE, Emera, Enbridge and Canadian Utilities, they are all in a heavily regulated industry and they can precisely forecast their Dividend payouts.  The past mentioned companies are some of my core holdings in my portfolio.", "likes": 6}, {"author": "@tsocanuck", "comment": "enb is giving out almost 7 percent on their dividends", "likes": 34}, {"author": "@alex217c", "comment": "I was eyeing on AQN when it dropped to around $14 but now it\u2019s even lower at $9.70. Over long term it looked like a safe dividend stock but it dropped quite a bit lately. Would you say it\u2019s at a good price to start buying in?", "likes": 7}, {"author": "@momo35444", "comment": "yeah, fortis for the long haul!!! love it\nthanks for the great video Brandon!!!", "likes": 1}, {"author": "@roberttaylor3594", "comment": "ATD is pretty good!  it has helped me learn about the relationship between the increase of the stock price, increase in the dividend and why a low dividend rate isn't necessarily a bad thing.  If I had bought ATD 5 years ago I bet my dividend rate would be very respectable.  I'm liking that car wash business...they make so much money you have to store it in a storage locker...or was that  a TV show? ;)  I should but Fortis on my list, for sure.  I guess I can't lump it with SU or PPL, etc. as a 'sector'.  I like your dividend yield trigger as a sign to consider buying.", "likes": 3}, {"author": "@CanadianDividendInvesting", "comment": "Awesome video Brandon! Thanks for sharing as always man!", "likes": 1}, {"author": "@andvfx", "comment": "Funny, this morning I was checking fortis. But decided finally to add on CM instead. Will keep checking on fortis", "likes": 1}, {"author": "@dominiquetheeasyminimalist", "comment": "Yup! I got Fortis last week as part of my foundation solid stocks with reasonable growth potential, while still paying dividends.", "likes": 7}, {"author": "@veeo987", "comment": "Honestly, both are interesting and I just added them on my watchlist. I feel like Fortis could fall further with falling oil prices and the upcoming recession, so I might adopt a wait and see approach on it. For ATD, I can't buy a stock that is at its peak ever price. But like you said, it's a very interesting one and I'll wait to see if its price can fall. I feel like it might hit a growth ceiling at some point because Couche Tard has grown a lot in the past few years and it might soon hit the time when it just pays out dividends and it grows modestly. I feel like a price fall is very possible with how much ATD has grown non-stop. Thanks for that analysis!", "likes": 11}, {"author": "@johnmailey943", "comment": "Brandon does your brother still work for the company?", "likes": 2}, {"author": "@PeteJDunn78", "comment": "Brandon is at it again! I am inspired by his channel. Brandon inspires me to continue my own investing channel.", "likes": 3}]