[{"author": "@beaviswealth", "comment": "For those that want to skip right into the video (start here) - 6:31\n\nThanks for watching! Let me know what you think of my top 5 dividend stocks :)\n\n\ud83d\udcc8\ud83d\udcda As always, if you're a beginner to the Stock Market in Canada and you're looking for a step-by-step blueprint on how to get started... Find out more about our Investing Academy here - https://bit.ly/theinvestingacademy", "likes": 24}, {"author": "@edwardr9782", "comment": "For Canadian investors, investing in Canadian paying dividend stocks offers a major tax advantage versus US or international dividends. Depending on your marginal tax rate, one could pay very little to no taxes on those paid dividends. As a result, I think that Canadian stocks should sit even higher in your preference list.", "likes": 0}, {"author": "@momo35444", "comment": "wow almost 2 years later, the kid was right lol!!! thanks for the awesome video. i am watching them all backwards, from most recent to oldest. its weird but super cool.", "likes": 0}, {"author": "@chrisevans7416", "comment": "FNF,FNIS,   bank of America , keybank, bmo, td, gwo, cu, atco,  enb ,", "likes": 0}, {"author": "@MAximax1986", "comment": "You have not quantified your reasons. I dont really understand. I did not get  why you like these stock over other companies? Yes they are big companies but much better companies in Canada for dividend. Overall did not like the video due to above reasons. I like seeing clear and measurable reasons when someone talks about money and stocks. Hope you start making better videos...", "likes": 0}, {"author": "@vipanpreetkaur4165", "comment": "Can you tell me how actually me can invest in dividends through simplewealth? \nIs it like we buy share for bell or fortis and after after or two month if we don\u2019t sell their shares they dividends or something else?", "likes": 0}, {"author": "@bathombre9739", "comment": "I didnt know McDonald's was around for hundreds of years, since the 1950s bud", "likes": 0}, {"author": "@MarioLuigi86", "comment": "So if I borrow money from loc to buy dividend stock that dividend can pay the interest?", "likes": 0}, {"author": "@carlrest6553", "comment": "Have owned Fortis for years.  Slow but steady.", "likes": 0}, {"author": "@djschelde", "comment": "Great video. I own KO and JNJ. Watching from Bangkok.", "likes": 0}, {"author": "@khanaviation7202", "comment": "Thoughts on ENB currently? I know it was mentioned in your honourables. :)", "likes": 0}, {"author": "@mbabcock111", "comment": "The irrelevance of dividends. \nhttps://youtu.be/f5j9v9dfinQ", "likes": 0}, {"author": "@frazzledhaloz3184", "comment": "Love KO, MO and UL.. my three favorites.....", "likes": 0}, {"author": "@winnieguan5937", "comment": "wondering what your thoughts on for abbvie?", "likes": 0}, {"author": "@xxIndridcold99xx", "comment": "Thank you, Brandon", "likes": 0}, {"author": "@edgardom.4003", "comment": "Such a clean cut, good looking kid. I can watch him talk over and over again.", "likes": 0}, {"author": "@patw.6567", "comment": "Im holding JNJ and definitely love utilities so Fortis is a buy i own Conedison and PEG", "likes": 0}, {"author": "@lastempire7302", "comment": "What is the justification for Canadian to invest in US dividend stocks or high div ETF and get slap with 15% withholding tax??", "likes": 0}, {"author": "@chongliu1181", "comment": "what about dividend option put\uff1fsomebody do it? I see some strategy", "likes": 0}, {"author": "@chongliu1181", "comment": "coco flo whr mpc vcx", "likes": 0}, {"author": "@amaetfacquodvis2450", "comment": "less blabla more facts pls", "likes": 0}, {"author": "@SpcKenny07", "comment": "Only idiots sell Tesla x12 by 2025", "likes": 0}, {"author": "@2B_or_not_2B", "comment": "P&G didn\u2019t end up falling 15-20% but instead it went up 20%+....not too shabby!", "likes": 2}, {"author": "@garrattearle4738", "comment": "how do you feel about aurora stock", "likes": 1}, {"author": "@Krogzaxants", "comment": "Just bought some JNJ 14 shares. For the longterm 20+ years. Want to add more shares soon.", "likes": 0}, {"author": "@audiostuff9065", "comment": "If he knew saying McDonalds has been around for 100s and 100s of years would fish in as many comments as it did then you bet he'll be throwing the idiot rod out into the water again.  Here fishies.", "likes": 0}, {"author": "@Sunil-he8xm", "comment": "I know it's just YouTube but more research needs to be done before taping.", "likes": 0}, {"author": "@orangachang", "comment": "where are you putting foreign dividend funds?  I am struggling on deciding on where to put foreign dividends....\nnon-registered account - tax drag, taxed in full less ~approx foreign withholding tax\nTFSA account - no foreign withholding allowed to write off against (lose 15% right away)\nRRSP - there is no 15% withholding but you are taxed on withdrawals\n\n\nAnything else to consider?", "likes": 0}, {"author": "@MrMarkCaudill", "comment": "Nice channel \ud83d\udc4d, dividends are great.", "likes": 1}, {"author": "@armande5603", "comment": "Hi what do you think about ETFs do you reccomend them to keep them long term such as vti or vym. Thnx in advance", "likes": 0}, {"author": "@ErickaWilliamsCC", "comment": "Thank you for sharing this video. I think good information you are putting out.", "likes": 0}, {"author": "@user-wu7ep9dh3y", "comment": "IF YOU DO INVEST ALL YOUR MONEY AT STOCK MARKET YOU WILL LOSE ALL YOUR MONEY. YOUR  IDEA IS NOT RIGHT.  RUNNING A COMPANY AND PAYING YOUR HIGH DIVIDEND IS EASY. SOME COMPANY ISSUE HUGE BONDS AND GOT FUTURE MONEY TO PAY HIGH DIVIDEND TO SHARES HOLD. HOWEVER SOME DAY IF THE COMPANY FINANCIAL GET PROBLEM IT WILL FILE CHAPTER 13. AND ALL YOUR MONEY AND YOUR HARD WORKING MONEY ALL YOUR LIFE WILL BE GONE ...", "likes": 0}, {"author": "@Simon-je7ko", "comment": "The Bell dividend is great. But I can't invest in a company that is not reliable. I would prefer to invest in Videotron.", "likes": 0}, {"author": "@user-wu7ep9dh3y", "comment": "DO NOT BUY ANY ETF REIT FUND .....ONLY BUY STOCK AND  BUY COMPANY...", "likes": 0}, {"author": "@user-wu7ep9dh3y", "comment": "I disagree your decision.  Winner and richer guys do not get dividend any stock because if you do so  you  have to pay high volume of money to IRS.  Do not take any dividend  and sell all your stocks before dividend  dat.  and you can buy more shares after dividend day.  Loser take dividend and pay tax to irs.   REMEMBER DO  NOT TAKE ANY DIVIDEND AT STOCK MARKET IN THE WORLD .....", "likes": 2}, {"author": "@zlatkoc7113", "comment": "ALL TIME TOP 5 by First Mustache", "likes": 0}, {"author": "@bugeypoli2256", "comment": "What do you think about Reits ? They have good dividends", "likes": 1}, {"author": "@aleubanks428", "comment": "McD has not been around for 100 n 100 years!", "likes": 1}, {"author": "@cy080808", "comment": "\ud83d\udc4f\ud83d\udc4f\ud83d\udc4f", "likes": 0}, {"author": "@Mark-763", "comment": "Mickey D's been around for 100's and 100's of years...that explains the $hitty burgers.", "likes": 0}, {"author": "@The3nlightened0ne", "comment": "pro tip.. but a high level summary in your description....", "likes": 1}, {"author": "@qaisarlancefx1246", "comment": "Great video Brandon. Thank you", "likes": 0}, {"author": "@FighterFlash", "comment": "The dividend aristocrat index only comprises 53 dividend stocks from the S&P 500.", "likes": 0}, {"author": "@deanlehman4723", "comment": "quad, cplp, bkcc, nok ,cuz ,", "likes": 0}, {"author": "@anomanderrake8693", "comment": "Mc Donalds has not been around for <<hundreds and hundreds of years>>  Brandon.  It was founded in 1955.  It may be a <<blue chip>> company but its also one the major one creating a powerful amount (blue chip?) of suffering to both animals and humans.  And has done so for how long?  I'll let you figure this one out.", "likes": 5}, {"author": "@paulsellssocal1924", "comment": "It would be great if you listed the stocks below the video.", "likes": 0}, {"author": "@carinaoliveira5850", "comment": "For Coca Cola you forgot to mention that they acquired Costa Coffee, (the Starbucks of Europe!) I think this can definitely increase their value over time and potentially introduce Costa Coffee in the U.S.", "likes": 12}, {"author": "@StefanIordan", "comment": "No AT&T ?", "likes": 2}, {"author": "@sethakira6221", "comment": "Thoughts on DOW after dupont split up?", "likes": 1}, {"author": "@FF2PM", "comment": "Brandon, what does it means when the government decide to freeze/increase interest rate. I know what they are as an independent thing but I dont know how they play into the market.\n\n\nthanks", "likes": 1}, {"author": "@Katmeisteradores", "comment": "Gotta love PG and J&J! Very stable during tough times...great video thanks for sharing your thoughts~!", "likes": 1}, {"author": "@TheEntrepreneurChannel", "comment": "I like KO and MCD currently!", "likes": 2}, {"author": "@cheryanathan", "comment": "Love your channel, I love that the way you tackle your topics are clear, concise and straight forward without compromising the contents. Every minute I spent sitting down to watch your vids are always worth it.  I'm new at investing and i found that your channel is very helpful for a beginner like me. I've been hooked but still finishing watching all your uploads. I hope one of these days, you make a video about SWING TRADING :)", "likes": 0}, {"author": "@drg4366", "comment": "Just bought 2 thousand shares of NLY dumb idea but who cares lol", "likes": 1}, {"author": "@TheDiomio", "comment": "Drink some water and eat your vitamins bro. You're looking drained lately", "likes": 0}, {"author": "@RescueAnimations", "comment": "You should've mentioned if these are monthly or quarterly.  I mean I know I can look it up . I'm just being picky.", "likes": 11}, {"author": "@tdusang2956", "comment": "Brandon do you invest in dividend paying reits at all?", "likes": 0}, {"author": "@tdusang2956", "comment": "bell has a very high payout ratio almost at 100%, wouldnt think this would be a company you would invest in", "likes": 1}, {"author": "@jessica2516", "comment": "Thanks for the video Brandon. Appreciate the Canadian recommendations. Keep it up! \ud83d\ude0a", "likes": 5}, {"author": "@StasTalksStocks", "comment": "Great picks as always Brandon!", "likes": 1}, {"author": "@desozdesozdertigirku7636", "comment": "I always take investing advice from teenagers because they are so smart at finances and stuff", "likes": 1}, {"author": "@deanoudhini7292", "comment": "Great video love those dividend videos!What about a Canadian National Railway!", "likes": 2}, {"author": "@scottscriticalmass", "comment": "Great video Brandon... Thanks for sharing your Top 5 Dividend Stocks of all-time.  I only own one of your 5 picks currently (JNJ).  I'll share my personal favorite holdings below as well.  Before doing so, couple things I want to mention.  I never invest in a company based on their dividend alone.  I first focus on companies with strong profitability metrics, positive trending moat and if a dividend payer one that looks sustainable and has a consistent history of rising.  Couldn't care less about current dividend, just focused on where I think the company and dividend will be a decade or more from now.  All things done right, you should see huge gains in both share price and dividends and the years go by.  So... What's on my list?\n\n(#5) DIS - Disney's current yield is only about 1.6%, but it's increased 17.5% on average over the past 5 years. \n(#4) BR - Broadridge Financial is a newer holding for me, paying only 1.9%, but averaging 15% increases of the past 5 years.  Really like this one going forward.\n(#3) SBUX - 2% payer today, but averaging 24% increase over the past 5 years.  My YoC is over 3% though\n(#2) JNJ - One of my longest holdings... Paying about 2.6% and only 6% average increase over past 5 years.  My YoC is about 9%, which makes it one of my personal all-time favorites).\n(#1) LOW - Another of my longest holdings... Paying only about 1.75%, but averaging close to 20% increases over the past 5 years.  As an added bonus, my YoC is over 12% and should only rise going forward given that LOW is a Dividend King having increased its payout for over 50 consecutive years.\n\nLooking out 10 years... I expect dividends and share price for all of the above to be significantly higher than today.  Top 5 honorable mentions for me include AMGN, BLK, CSCO, ENB and TGT.", "likes": 2}, {"author": "@brownieiverson2585", "comment": "ENBRIDGE", "likes": 0}, {"author": "@DejanMac", "comment": "hey amazing content i started a robinhood challenge series for 2019 recently !  your channel is doing very well ! good luck", "likes": 4}, {"author": "@johnd.rockefeller3304", "comment": "These picks are all right in my opinion.", "likes": 0}, {"author": "@wikifxcom6036", "comment": "I can\u2019t agree with you more.", "likes": 0}, {"author": "@wikifxcom6036", "comment": "I can\u2019t agree with you more.", "likes": 0}, {"author": "@amitanand5624", "comment": "Thanks Brandon, though I live in Canada, I\u2019m all in for US blue chip dividend stocks. Thanks for pointing Bell and Fortis. I\u2019ll keep an eye on these stocks. Keep these type of videos coming!", "likes": 4}, {"author": "@user-ne6gm8zq2k", "comment": "JNJ has 11,000+ cancer lawsuits , scary ...... \ud83d\udc7b", "likes": 3}, {"author": "@danielkariti8641", "comment": "I see a lot of value in AAPL MSFT DIS AMTD", "likes": 0}, {"author": "@theresegilbert5735", "comment": "good vid\u00e9o but your reasons for holding lack dearth.", "likes": 0}, {"author": "@DanyalRashid99", "comment": "What do you think about NRZ?", "likes": 0}, {"author": "@dandaan", "comment": "I would recommend VDY. High dividend etf for canadian market. Yield about at 5.\n4.5%. What you think Brandon?", "likes": 3}, {"author": "@PositiveInvesting", "comment": "Surprised no Canadians banks made the list! Good video Brandon!", "likes": 3}, {"author": "@serenityvan", "comment": "Great picks...My favourite Canadian Dividend pick would be EMERA", "likes": 0}, {"author": "@karolinrose", "comment": "As a Canadian, I tend to stay away from US dividend stocks because of the withholding tax. I love Canadian bank stocks, I own shares of all 5. Enbridge is one of my favourite dividend money makers. I've been eyeing to buy Shaw Communications for a while, a monthly dividend would definitely be nice, better for compounding!", "likes": 10}, {"author": "@InvestingRobinhoodInvestor", "comment": "Love JNJ, KO, and PG! Dividend stocks are great", "likes": 10}, {"author": "@panemanager", "comment": "\u201cHonorable... honorable.... mentions \ud83e\udd24 hahaha. Love the gif inserts on the vids man. \ud83d\ude02", "likes": 7}, {"author": "@nickfararis411", "comment": "Great video Thanks Brandon love the Dividend", "likes": 0}, {"author": "@angelaguirre8534", "comment": "McDonald\u2019s.. \u201chundreds\u201d of years you say? \ud83d\ude02 6:03", "likes": 7}, {"author": "@The_Millennial_Investor", "comment": "Dividend payments can be so helpful if you are a long term investor!", "likes": 3}, {"author": "@jjbuckner", "comment": "Excellent video Brandon!", "likes": 0}, {"author": "@the.daily.dollar", "comment": "love the video my fav dividend stock is ticker symbol O -Realty Income Corporation what about yours ?", "likes": 3}, {"author": "@scottmills524", "comment": "I really like fortis as well, as i\u2019m gonna buy as well", "likes": 8}, {"author": "@veeli1106", "comment": "Third...", "likes": 0}, {"author": "@nicholaspeitsch6160", "comment": "SECOND", "likes": 0}, {"author": "@AnishNothoo", "comment": "first :D", "likes": 0}]