[{"author": "@GhaneshDas", "comment": "Excellent work!", "likes": 0}, {"author": "@BradleyMaurice226", "comment": "The S&P 500 finished down 20% in 2022. This means long term investors have a great starting point in 2023. Here are 4 very popular ETF\u2019s: $VOO- S&P 500 fund $VTI- Total US stock market $QQQ- High growth, tech $SCHD- Growth + Dividends| I just tallied my dividends for the year;$167k Blessed and grateful, disciplined and focused.", "likes": 0}, {"author": "@BillJones-zg1cg", "comment": "The S&P 500 finished down 20% in 2022. This means long term investors have a great starting point in 2023. Here are 4 very popular ETF\u2019s: $VOO- S&P 500 fund $VTI- Total US stock market $QQQ- High growth, tech $SCHD- Growth + Dividends| I just tallied my dividends for the year;$167k Blessed and grateful, disciplined and focused.", "likes": 0}, {"author": "@MM-qv5lf", "comment": "Yeah, everybody  can wish the bottom has been reached, maybe in a fantasy land. Probably going to be a significant financial disaster and stock market crash to knock your socks off in the near future and you don 't have to be an expert to figure that one out.", "likes": 0}, {"author": "@benhaze1010", "comment": "I love this series! Please keep doing them. One remark: there are more indicators showing that the Canadian economy is in worse shape than the US one so I am a little concern your analysis is not reflective enough of the Canadian environment; the economy has been resilient greatly because of consumer purchases but the risk to the Canadian economy from the incredible consumer debt is much more significant to result in a marker crash here than in the US.", "likes": 0}, {"author": "@rookiemaquillage", "comment": "I think it\u2019s just going to be a short drop and I should have stocked up more.", "likes": 0}, {"author": "@hollywilliams7023", "comment": "Silly newb question. What happens when the market bottoms out? It just bounces back? Anything else to note?", "likes": 0}, {"author": "@thedevinefeelingill", "comment": "Great stuff once again, Marc\u2026thank you!\nEarnings start to get reported this month, would there be any virtue if every three quarters you added a seventh metric showing how many companies hit or beat their predicted earnings?\nKeep up the great work!", "likes": 0}, {"author": "@thomasc2680", "comment": "I think IWM finishes its daily wave 3 to ~164, wave 4 bounce to ~177, wave 5 drop to ~161, taking it to within pennies of its Monthly Wave 1 high, then starts its wave 5 monthly run higher, up to ATHs. So we\u2019re close to the bottom. Some more shake.", "likes": 0}, {"author": "@pinkhairblackman8141", "comment": "The channel name should be changed to Mark Beavis Investing lol", "likes": 6}, {"author": "@user-yr7ly5vq2g", "comment": "Thanks Marc for the update :)", "likes": 0}, {"author": "@franchase279", "comment": "Hi Marc, first off, I have thoroughly enjoyed this series, thank you for taking the time each month to look at these metrics.  What I am curious about but do not hear much about is how COVID has affected the job market and why we are seeing such resilience in it.  I believe there was such an increase in folks retiring sooner than they were planning on due to COVID that this is the reason for that resilience.  Baby boomers were supposed to be a huge job market adjustment without COVID but with COVID, there is just less people to do the work now.  Curious about your thoughts.  Thanks", "likes": 1}, {"author": "@scottscriticalmass", "comment": "It's been a while, but wanted to stop by and say hi and hope all is going well Marc... I especially enjoy this \"Has the Stock Market Bottomed\" series and this update delivered as usual.  As for my opinion on where things stand... I'm not as advanced in my analysis, so no strong opinion on a new low being reached, but I can say I've been feeling pretty bearish the past few months.  If time has taught me anything, it's that I'm almost always early with my calls.  We'll see how it goes this time, but I continue to be bearish, while acknowledging short term rallies always a possibility.  Heck, anything is possible at any time TBH.  \nBTW... I'll be sure to sign up for your newsletter.  Thanks!", "likes": 1}, {"author": "@spacebarwasd9782", "comment": "Could be caused by the housing market increasing the building speed.", "likes": 0}, {"author": "@user-dk9qw6xo8c", "comment": "Thanks Marc for the video, please bring one video comparing all these 6 matrix in a true bull market scenario as you promised before. Thanks,", "likes": 0}, {"author": "@MountainFinance", "comment": "I have been expecting more pain so the recent downturn is not that surprising. I want the bottom to be in but I just can't believe fully that it is in. Although, I think if we do have a bottom, it may exclude tech, they will drop but not to the lows they experienced last year.", "likes": 3}, {"author": "@momo35444", "comment": "as always... not what i want to hear, but good knowledge!! thanks Marc for the great video.", "likes": 0}, {"author": "@murraytown4", "comment": "Meanwhile my retirement goes sideways.", "likes": 5}, {"author": "@beaviswealth", "comment": "\ud83d\udcc8\ud83d\udcda Join The Investing Academy \u27a4 https://bit.ly/theinvestingacademy \r\n\r\nThe markets dropped a lot in September, but are they heading back to the lows they saw in late 2022?  This video reviews 6 indicators that might help you answer that question.\r\n\r\n\ud83d\udcf0 Join our weekly Newsletter Academy Pulse.  www.theinvestingacademy.ca/pulse\r\n-----------", "likes": 2}]