[{"author": "@beaviswealth", "comment": "\ud83d\udcc8\ud83d\udcda As always, if you're a beginner to the Stock Market in Canada and you're looking for a step-by-step blueprint on how to get started... Find out more about our Investing Academy here - https://bit.ly/theinvestingacademy\n\nLong one today....... Enjoy! (Don't forget to drop a like) :D", "likes": 5}, {"author": "@milhouse7145", "comment": "Let me guess Brandon owns Visa, Mastercard or Amex stock? \ud83d\ude1c", "likes": 0}, {"author": "@sxd1002", "comment": "Hi Brandon\nI would like a video about normal account \nMy question is when my Tsfa is full and is it better to put money on rrsp or normal account for retirement because you va le less money is the tax better on normal account or rrsp\nSeconde question for normal account we pay taxe when e sell or on dividende\nIf you don\u2019t sell I think you pay nothing\nIt would be great if you do a video on this topic\nThanks", "likes": 0}, {"author": "@sxd1002", "comment": "Hi Brandon\nI would like a video about normal account \nMy question is when my Tsfa is full and is it better to put money on rrsp or normal account for retirement because you va le less money is the tax better on normal account or rrsp\nSeconde question for normal account we pay taxe when e sell or on dividende\nIf you don\u2019t sell I think you pay nothing\nIt would be great if you do a video on this topic\nThanks", "likes": 0}, {"author": "@donmcleod2235", "comment": "\"Brandon's Rant\" on \"Stock Market Myths\": Knowledge only has value when it is shared. Well done Brandon! Bravo!!  :)", "likes": 0}, {"author": "@selectroses5708", "comment": "Getting some great info from the vids !", "likes": 0}, {"author": "@Wongoo", "comment": "I liked this format. It just feels more personal and feels a lot like real advice", "likes": 0}, {"author": "@gsxrgoddess6", "comment": "Very informative and enjoyable. Thanks.", "likes": 0}, {"author": "@lography6917", "comment": "Loved the long video format!", "likes": 0}, {"author": "@Pantomath.", "comment": "Sending a hello from across the pond.  Victoria  \ud83c\udde8\ud83c\udde6 girl here. Love your channel. \ud83d\udc4d\ud83d\udc4d\ud83d\udc4d", "likes": 0}, {"author": "@alaadekhili9229", "comment": "what's so crazy about investing in Tesla stock?", "likes": 0}, {"author": "@bernadettesanche", "comment": "Thanks for talking a bit on US stocks. Can you do a video about buying US stocks in CAD, vs having a USD account? Particularly if you have a humble amount invested where extange rate would make a difference. Thanks", "likes": 0}, {"author": "@xXkainhighwindXx", "comment": "Please do a video on Tax loss Havesting", "likes": 0}, {"author": "@zenexp", "comment": "Great video! I really needed to hear that US commission one especially!", "likes": 0}, {"author": "@momo35444", "comment": "great chat brandon!!! thats good advise about considering your losses too loosen the gains taxes!!", "likes": 0}, {"author": "@vtheb1299", "comment": "Great style and your stream of speech is very lucid. Tbh I'm severely allergic to most ppl reading from their screens. There's something special to hearing natural speech vs reading sth written, because we simply do not speak the way we write. P.S. your voice is beautiful.", "likes": 0}, {"author": "@madsmaria", "comment": "Thank you for this informative video!! I\u2019m a newbie so all your knowledge is greatly appreciated :)", "likes": 0}, {"author": "@kdusza30", "comment": "Great video ! Thank you", "likes": 0}, {"author": "@Sunhee515", "comment": "Hey Brandon, I learned a lot from the video, I think a mix of different kind of videos are great. Keep up the great work!!", "likes": 1}, {"author": "@paolosalazar9919", "comment": "You should make this a podcast, too long for youtube", "likes": 0}, {"author": "@moiafro", "comment": "Interesting to hear you don't buy very much energy stocks. I'm hesistant to buy for environmental reasons (most companies are not eco friendly so kinda drawing the line arbitrarily here) but also because I believe their days are numbered as climate change worsens we'll be forced to shift. Until they begin to move towards actualy renewables (not \"natural\" gas) I'm in doubt of there potential, this is likely getting my bias to deeply involved however I'd be interested to hear your rational to avoid energy companies, additionally how someone looking to work with ETFs do so since the assets are pre-packaged?", "likes": 0}, {"author": "@kayta5946", "comment": "love this style of vid. thanks :)", "likes": 0}, {"author": "@sweardesigns", "comment": "Great A+", "likes": 0}, {"author": "@jessehamlin3420", "comment": "Hi brandon, long time listener first time commenter - how about a video on investing vs paying off a mortgage?  What percentage would you go for each based on factors such as todays interest rates, current market price, age etc ?  I think you said you bought a house recently so maybe you have some thoughts on this?  Cheers", "likes": 0}, {"author": "@chrisevans7416", "comment": "Um Raytheon is in a class action suit  for false financials ,maybe not a good stock ??", "likes": 0}, {"author": "@daddimaterial7171", "comment": "lmao pain from naruto said that quote", "likes": 0}, {"author": "@invisiblediv", "comment": "Brandon thank you for the video. I am a single woman in my 60's who is learning about investing, and I find your videos are very helpful.", "likes": 0}, {"author": "@holyschmidt7893", "comment": "Trying to pick winning stocks usually fails. By tracking an index, we deliver higher returns automatically and we are able adjust your portfolio according to your investing time horizon, maximising growth and minimising risk. contact via email for more information: HolySchmid@consultant. com", "likes": 0}, {"author": "@mrki731", "comment": "Would love a video for Margin account and taxes!! Thank you!", "likes": 0}, {"author": "@mrki731", "comment": "You are so talented on so many level man! Stocks, amazing elocution and thought process, great videos... Really impressed!! 42yo here and not anywhere as well rounded as you!", "likes": 3}, {"author": "@Nurseinator", "comment": "Regarding myth #2 I started in the stock market 3 months ago and I'm 58 years old. Mind you I wish I started earlier but I'm already making money and re-investing the dividends. My retirement is looking better all the time. Good luck to everyone.", "likes": 0}, {"author": "@jimmbboe", "comment": "Flexibility with taxes - Absolutely! I once got hit with a big capital gain by a fund I was invested in. Was not amused!", "likes": 0}, {"author": "@kimmarquis6595", "comment": "I'm a new investor, and I liked the different format. It felt like a quick chat, like I was talking to a good friend about investment strategies and myths. You do a great job I learned a thing or two today. Positive vibes and factual discussions on your channel. As a new Canadian investor I appreciate the effort to your craft.", "likes": 0}, {"author": "@daylite34", "comment": "Yes please do a capital loss video! :)", "likes": 0}, {"author": "@rochester3", "comment": "I Use interactive brokers where i get 1 for 1 exchange rate for a flat 2 bucks", "likes": 0}, {"author": "@Commonmischief", "comment": "I actually got a WebuIll ad while watching this video", "likes": 0}, {"author": "@jordi5869", "comment": "I bought OVV March 26th and I made 350% to date with it. Hehehe", "likes": 1}, {"author": "@igorsolovev5658", "comment": "Cool vid. Keep it up", "likes": 0}, {"author": "@ryankoh9368", "comment": "Great video Brandon", "likes": 0}, {"author": "@m1r5g9", "comment": "Great format. Very educational. Thanks.", "likes": 0}, {"author": "@andrewmckenzie164", "comment": "Great video, thanks for the knowledge.", "likes": 0}, {"author": "@sajeeshp4492", "comment": "Hi brandon can you please suggest a good website for comparing multiple stock ratios and help fundamental analysis.", "likes": 0}, {"author": "@guerillatactix3834", "comment": "Damn, I really wanted to know about RRSPs considering I'm looking to max mine out with VTI in 2021", "likes": 0}, {"author": "@meroshango9603", "comment": "When we talking about \"beat the market\" for mutual funds are we talking about beating the S&P500 ???\n\nSide to that greattt greattt videoo", "likes": 0}, {"author": "@investingwiththomas4809", "comment": "Please do a video for unregistered accounts and taxes in depth!", "likes": 0}, {"author": "@nddy7556", "comment": "Love your videos! Curious about your thoughts on Vancouver company GDNP? I think it could be a good play given all the single-plastic legislations going into play soon", "likes": 0}, {"author": "@stefanberger2421", "comment": "Thanks for sharing all those great tips! Also for non-canadian \ud83d\ude03", "likes": 0}, {"author": "@ryanmccormick4899", "comment": "Hey shout out from Gold Coast Australia, I use the same strategy Brandon. Have many 'non core' somewhat speculative positions which are currently down but resisting the urge to add.", "likes": 0}, {"author": "@e7venjedi", "comment": "oooo love the intro music. Very slick.", "likes": 0}, {"author": "@pamipami7684", "comment": "Hi Brandon \nSorry this is on another topic which I think there is not enough information on.\n\nIn Canada. How can someone retire before 71 and live off of dividends from an RRSP investment account?\nIt would be helpful if you can make a video on this topic.\nThank you", "likes": 0}, {"author": "@shannonhildebrandt9992", "comment": "Made it that far:)", "likes": 0}, {"author": "@hugy", "comment": "Love that style of videos... would be great to have more or maybe a live session answering viewers questions?", "likes": 3}, {"author": "@iBuyBitcoin", "comment": "Love these type of videos. Very Informative and it really feels like your talking and engaging with your subscribers. Definitely make more of these types \ud83d\udcaf\ud83d\udcaf", "likes": 0}, {"author": "@johndough5365", "comment": "Love these kinds of videos bro! Keep up!", "likes": 0}, {"author": "@anne-mariel3256", "comment": "I love my US stock \u2764\ufe0f\u2764\ufe0f thx Brandon another great video.  You make us calm listening to your videos ...", "likes": 0}, {"author": "@henjer2150", "comment": "Another great video my friend. \nHey BRANDON can you do a video on different life insurance types??\nIf you are familiar with that thanks.", "likes": 1}, {"author": "@bimal9561", "comment": "Will be interesting if you do video on non registered A/c strategies.", "likes": 0}, {"author": "@locrian2561", "comment": "Brandon take a look at using an ETF like DLR and DLR.U to convert between US and CDN funds. This is a dual listed ETF (has both US and CDN versions). Once you buy it you can journal the shares to the other currency then sell. The only fees here are the commissions you'll pay buying and selling. Some brokers don't charge commissions on the buy/sell or both so you may be able to avoid this as well. I've been able to minimize my currency conversion slippage using this technique. The only drawback is the two day waiting period to sell once you buy so it requires some planning.", "likes": 0}, {"author": "@souper7469", "comment": "Remember there are 3 certainty in life. Death, taxes, and stock only going up.", "likes": 2}, {"author": "@johnjakobs6563", "comment": "Per today's Globe and Mail article \"As thousands of Canadians flock to day trading during lockdown, experts urge caution\", Wealthsimple themselves say \"the smartest way to grow your money long-term is to have a diversified, low-cost portfolio that tracks the market, contribute regularly, and stay the course.\".  In other words, invest in low cost broad market index ETFs.", "likes": 0}, {"author": "@cityhunterzxc1341", "comment": "Thanks for this video Brandon! Really love this kind of discussion and it\u2019s really informative and helpful especially for us beginners. Keep it up brother! Hope to run into you around Vancity \ud83d\ude01", "likes": 0}, {"author": "@DURRAKUKSI", "comment": "Can't really agree with the commission rate on US stocks. Of course a 2% exchange rate is nothing if you are up by 40%, but reality is that this is not always the case. You need to be up by a lot of % on US stocks to see some actual gains. \nIf you buy Tesla at 600$ and you sell it at 630$ , you will break even with the conversion rate", "likes": 0}, {"author": "@laylaabdi7231", "comment": "Great video! I work from home, so I just listen and work, almost like a podcast (well it is right? haha)", "likes": 0}, {"author": "@horaceschitte729", "comment": "Very informative as usual, but would very much like to hear your thoughts on BLACKBERRY please and thank you.", "likes": 0}, {"author": "@Jay-kq8rl", "comment": "Love the videos, very informative. \n\nCould you do a video that explains balance sheets please!", "likes": 0}, {"author": "@lilojhpau", "comment": "Please I wait for that video about margin accounts and tax \ud83d\ude0a thanks", "likes": 0}, {"author": "@piyushgaglani5255", "comment": "pl lecture concise and make it to the point and brief ...........u are very good overall", "likes": 0}, {"author": "@NotAnotherTravelPodcast", "comment": "making a decision based on \"I like\"  and \"I feel confident\" and \" was ok with\" sounds like a bit too much emotional investment for me! And FYI buying in the dips is NOT dollar-cost averaging!", "likes": 2}, {"author": "@nicholasstefanakis3955", "comment": "Can we talk about Canadian Forestry stocks in one of your videos?", "likes": 1}, {"author": "@Thrifty_05", "comment": "Love the raw video. Not every YouTuber would post a video like this. \n\nA RRSP video would be amazing. If possible would you be able to talk about delay deductions and if opening a RRSP for someone that is in their early 20s is a good idea?\n\nLastly, a video on the details about cash accounts would be amazing. I always share your TFSA videos to newbies because it covers the whole nine yards.", "likes": 0}, {"author": "@ronaldau4357", "comment": "Less editing and more spontaneous. But as a listener it feels more like a conversation than a presentation.\nI like it.\nHey less editing and prep work for you and still the same attention lol.\nKeep it up man.", "likes": 0}, {"author": "@tadbbq", "comment": "I have one question. I invest in cash account. I sold VSP in the 10% down and the same time I bough back VFV. The capital lost that filed, I can use it for the future capital gain. Will this work?", "likes": 0}, {"author": "@thefitzpatrickfam3623", "comment": "You should share about a bell curve and how it\u2019s normal to have some losses.", "likes": 0}, {"author": "@jroyle2000", "comment": "Great Videos Brandon, always easy to listen to, new Canadian investor here and  wondering if you would do a new video on Stock lingo. Calls... Puts...", "likes": 0}, {"author": "@cubbyceeks", "comment": "Hey Brandon, love you vids! Could you make a video about whats considered a good, diverse portfolio? I hear you mention this alot in vids & dont really know what this means \ud83d\ude02", "likes": 0}, {"author": "@ashatan4554", "comment": "BTW Ovintiv was the first stock I bought,  which was recommended by you just before the crash in March.  As luck would have it, I opened anTSFA to begin investing and by the time the paperwork was all don and I got onto WebBroker OVV had fallen to $4 per share from $28 at the time of your video a few weeks prior!  I did not invest much being my first stock but I made out okay \ud83d\ude0a", "likes": 1}, {"author": "@ashatan4554", "comment": "Curious what you think about the company Wish.  Came on today", "likes": 0}, {"author": "@ab.4425", "comment": "Great video Bud!! Thank you so much!!", "likes": 0}, {"author": "@Astral106", "comment": "Love this video\ud83d\ude04\ud83d\udc4d", "likes": 0}, {"author": "@kylechallis6861", "comment": "As a 21 year old student I\u2019m having difficulty understanding why you dislike Energy and REIT TSX investments. About 80% of my portfolio are in these sectors and my dividend yields average just under 8%. To me this seems like easy money, making about 4X what it would in a high interest savings account...", "likes": 0}, {"author": "@nalinilenhan6413", "comment": "I think you are financially well off,  and will not need  a supplement pension , (that is available for those who only get the government pension),  then  RRSP  is a good choice for the wealthy.", "likes": 0}, {"author": "@mattjohner3392", "comment": "Love this style of video, it feels like a conversation and not a lecture!", "likes": 9}, {"author": "@tariqjawan", "comment": "Hello Brandon: great video. In your opinion what is a decent price to get in at RTX? Also any comments on GEO?", "likes": 0}, {"author": "@cold2d", "comment": "have you made a video on what stocks are in your portfolio?", "likes": 4}, {"author": "@chickolat", "comment": "This was so good! Thank you! Please do more of these. I learned a lot and I'm also beginner but found this conversational style much easier to understand. Also please do the video on tax strategies, I'm definitely someone who falls under that category. I'm single and my income ranges from 135-220K so i dont have alot of 'tax shelter'...would love to know how margin accounts can be set up.", "likes": 0}, {"author": "@danzwku", "comment": "\"Don't miss the forest for the trees.\"", "likes": 2}, {"author": "@stevekelly2139", "comment": "so far you are doing great the same thing day in day out not good for me so the change is good", "likes": 0}, {"author": "@patrickboyer4688", "comment": "Good Video B,  you were the first to recommend BAM months ago in one of your videos and it has been great so far. The more I look into the company the more I like the management and direction.  You touch upon tax / TFSA - perhaps this would a good time to mention now is a good time for anyone to remove TFSA from their bank or funds since they'll get it back in a few weeks time.", "likes": 0}, {"author": "@paulsantori8920", "comment": "Myth number one is you shouldn't gamble more than you can afford to lose!", "likes": 3}, {"author": "@cookshackcuisinista", "comment": "Hi Brandon, I love your content, and the fact that you are just \"up close and personal\" not doing out-takes and re-takes.  I feel like you are conversing with me personally and few of the you-tubers possess this.  Keep up the good work!", "likes": 0}, {"author": "@mehtabsingh7000", "comment": "Appreciate it brandon!  I have almost 75% of my portfolio in energy sector\ud83d\ude05\ud83d\ude02", "likes": 4}, {"author": "@lucky247365", "comment": "Great video Brandon....I like the longer format content from time to time and you opening about your investing approaches.  \n\nThe only thing I didn't like is how you teased the myth about not Investing in RRSPs and then switched to index funds, as I found that myth was too similar to the preceding one.  I was really interested in hearing more about this RRSP myth so I'm hoping you can address it in your next video.", "likes": 0}, {"author": "@3axap87", "comment": "keep it coming man", "likes": 0}, {"author": "@payotimeRamsYT", "comment": "Love the open and honest conversation approach! Would love for you to talk about taxes and stocks !", "likes": 2}, {"author": "@matthewr4610", "comment": "Loved the video style. Would love to hear more about the opinion that RRSPs are bad.", "likes": 0}, {"author": "@Paraphane", "comment": "Hey Brandon, great video as always. However, would really like to see timestamps in your future videos for some of your longer videos so it\u2019s easier to go back to specific topics!", "likes": 31}, {"author": "@ajambor", "comment": "I enjoy the \"loose\" videos from time to time. Thanks Brandon.\nAlso  I would love to know your thoughts on Etsy, as I have been buying more of that lately.", "likes": 2}, {"author": "@esk8Kyle", "comment": "Brandon! Awesome style video... I liked it. Please make a rrsp master strategy. My parents have been telling me that too much rrsp will impact your $ you collect when you retire. My plan has been aggressively invest in my 40's and start drawing out rrsp in my 50's (hopefully I can I won't be needing to work full time). When I'm 67, and ready to technically \"retire\" and hope that amount in my RRSP will not be too much to impact my gov't pension. Is this comparable to your RRSP master plan?", "likes": 0}, {"author": "@JulianBocchinfuso", "comment": "I do like the sytle of video. just speed up making your point a little bit ;)", "likes": 0}, {"author": "@dduplis", "comment": "Hey Brandon, great video!!! Love the looseness. Double \ud83d\udc4d", "likes": 1}, {"author": "@xxGecko22xx", "comment": "Deep dive on Canadian taxes would be an awesome video!!", "likes": 21}, {"author": "@mrheygrr239", "comment": "I'm here", "likes": 0}, {"author": "@Erik-re8gi", "comment": "Should I invest U.S. stocks in an rrsp or tfsa? I live in Canada", "likes": 0}, {"author": "@kelsonmorris6369", "comment": "Can you realize a loss on a stock in December and rebuy the same stock on January1 ?", "likes": 0}, {"author": "@MrJamesDaniels", "comment": "Thanks for the video. The devil is in the details, in investing. Valuable pearls of wisdom. \u270c\ufe0f", "likes": 1}, {"author": "@mrtheaujla", "comment": "What are your comments on buying cineplex right now as vaccine came?", "likes": 0}, {"author": "@pandabear8142", "comment": "I loved this video,thanks a lot.", "likes": 0}, {"author": "@CrankingAllDay", "comment": "I don't agree with the foreign exchange free one. Markets perform 7 percent on average. If you own a stock for 1 year and sell you lose 4 percent plus transaction fees. Holding a stock for 3 years performing market, your performance may be down 19% compared to someone investing in the right currency. That stuff adds up quick.", "likes": 0}, {"author": "@maritimemetaldoc6812", "comment": "I just started buying stocks in August, been putting into my RRSP and TFSA for years and thats where the bulk of my investments go. For stocks i just started with 500 dollars and have put in around 100 every two weeks since. Sometimes more if I have the extra spending money. I have a mix of index and individual stocks and noticed my highest returns are all from individual stocks. the index haven't returned much at all. As a n00b I think my biggest mistakes so far is knowing when to sell. I think i been micromanaging my stocks too much and have sold when I should have held a few too many times. I found your channel back in August and have been watching your videos ever since. They been very helpful.  Question for a possible future video (if you didn't already) is when is a good time to sell?", "likes": 0}, {"author": "@michaels9170", "comment": "Kinda scary how my feet were already kicked up while drinking tea when Brandon told me to kick back and grab a snack ...!!!!!", "likes": 11}, {"author": "@tjd321654", "comment": "Hey Brandon, I really like this style of videos, it is intended to share, and with authenticity. \nThanks for share your thought process, it's concentrated advice from years of practice! Can't wait for your next video!\nCheers!", "likes": 1}, {"author": "@michealtaylor1228", "comment": "Always great content, liked the video style as well, thank you!", "likes": 0}, {"author": "@CritER2023", "comment": "\u201cDon\u2019t miss the forest for the trees.\u201d   That\u2019s effin brilliant!", "likes": 3}, {"author": "@CaseyBurnsInvesting", "comment": "Shout out to Brandon for not posting \u201cstock market crash 2021\u201d videos", "likes": 78}, {"author": "@DabloEscobud", "comment": "Appreciate you!", "likes": 0}, {"author": "@cy080808", "comment": "\ud83d\udc4f\ud83d\udc4f\ud83d\udc4f Thank you. Stay safe \ud83d\ude4f", "likes": 0}, {"author": "@FinanceAP", "comment": "Spittin facts!", "likes": 1}, {"author": "@21ZacDUDE", "comment": "I have to disagree, as the saying goes \"do not invest more then what you can afford to lose\" that saying is directly linked to how expensive your cost of living is. Do not invest money that you require to live. It's highly recommended by everyone to save 3-6 months of living expenses and not invest that. That's what the saying means maybe you misunderstood it.", "likes": 0}, {"author": "@carollshelby500", "comment": "Hey Brandon. I am a new investor. I am down about $250 in my TFSA. Can I write that off in my taxes?", "likes": 0}, {"author": "@scottscriticalmass", "comment": "Excellent conversation Brandon... I love how you started the conversation, core >vs< non-core positions.  I think a lot of people fail to differentiate between the two and make long term mistakes because of it.  Core positions should be 'built on' and 'built around' IMO.  My core positions always have sustainable competitive advantages (solid operating margins & free cash flow generators) and are industry leaders in sectors with long term secular tailwinds.  Companies I can see holding for decades to come, through good times and bad. \u00a0\n\nGreat overview of 'stock market myths' for Canadians as well.  BTW... I had no idea about the fees Canadians pay for buying U.S. listed shares.  \"Don't be penny-wise & pound foolish\" is excellent advice nonetheless. Good eye opener for a dude living below the border.  \n\nThe tax discussion was timely as well.  I know I'm holding off on rebalancing a few oversized positions until the New Year due to tax gains, that I'd rather push off for 15 months instead of paying this March.  If I had tax losses I was looking to take, I'd likely be trimming now.   \n\nThanks for sharing your knowledge as always!  Valuable lessons for all. \u00a0\nYour viewers should be better investors because of it.\nCheers Brandon...", "likes": 0}, {"author": "@YoutubeAddict23", "comment": "Love the content man. I listen to most of your videos at work and I have to say they are up to par with the audio side of things forsure. Keep it up and much love :)", "likes": 0}, {"author": "@screaminpotato", "comment": "Solid content but if I could make a recommendation... try to keep the videos to about 10 minutes and if you need to I would split them into multiple videos... like creating small \u201cseries\u201d. Shorter videos but more content.", "likes": 2}, {"author": "@danielsola2266", "comment": "An RRSP video would be awesome!", "likes": 2}, {"author": "@Rob-ob3sh", "comment": "Hey Brandon very good video. I like how you continue to provide useful information to help us learn. YouTube is getting brutal for all the youtubers taking sponsorship to promote companies.", "likes": 2}, {"author": "@mannyali8225", "comment": "That quote gave me serious Kung fu panda vibes that scene where the turtle dies looool so sad", "likes": 3}, {"author": "@samandeepthind2359", "comment": "Hi ,I have real matter stock and I am so down but not able find out if company\u2019s fundamentals changes.\nDo you think it\u2019s good long term investment or it has already its run up", "likes": 0}, {"author": "@michaeltanquiza8960", "comment": "Thanks Brandon. Very informative.", "likes": 2}, {"author": "@alfer9784", "comment": "\ud83d\udc4d\ud83d\udc4d", "likes": 1}, {"author": "@beatrizjumawan8884", "comment": "Yey new upload", "likes": 2}, {"author": "@beaviswealth", "comment": "\ud83d\udcc8\ud83d\udcda As always, if you're a beginner to the Stock Market in Canada and you're looking for a step-by-step blueprint on how to get started... Find out more about our Investing Academy here - https://bit.ly/theinvestingacademy\n\nLong one today....... Enjoy! (Don't forget to drop a like) :D", "likes": 5}]