[{"author": "@beaviswealth", "comment": "\ud83d\udce5 Subscribe to the Pulse Newsletter for Weekly Market News (FREE) \u27a4 https://www.theinvestingacademy.ca/pulse\r\n\r\nThe US Federal Reserve interest rate decision and new inflation (CPI) numbers are the lead stories today.\r\nAlso, Elon Musk and Tesla can't be having much fun over in Scandinavia, with lawsuits and strike action holding up production in those countries.\r\nAnd, are you ready for a 'war-era' housing program in Canada?\nLast on today's program, Google loses a lawsuit to Epic Games, and now they'll have to allow more access to competitors, like Epic's Fortnite.", "likes": 3}, {"author": "@Kevin_Street", "comment": "Thanks for the video!\n\nWe'll see about interest rates. All I know is my investments seem to be doing well at the moment, so maybe the market has decided that a cut is inevitable.", "likes": 0}, {"author": "@arthurdilascio3738", "comment": "Very informative as always! Thanks Marc!\nJust a suggestion, it would be great if the numbers were displayed in the video for a better understanding.", "likes": 0}, {"author": "@user-qn1sx1bo7w", "comment": "Tesla so basically they are not autonomous", "likes": 0}, {"author": "@refixed", "comment": "podcast subsribed\ud83d\udc4d", "likes": 0}, {"author": "@davdride4850", "comment": "Great up date Marc always", "likes": 0}, {"author": "@basil4072", "comment": "Love listening to all your update. Whatago!", "likes": 1}, {"author": "@eplyoung", "comment": "Thanks for the update!", "likes": 1}, {"author": "@Ritzoid", "comment": "If you check out Tesla's recent post on X, they have data (lots) to suggest their vehicles with autopilot engaged are 10x safer than the US average; one crash per 4.8M miles.\n\nAs far as the Swedish situation Elon has been pretty clear - if a union materializes internally by vote, the factory employees lose their bonus stock options.", "likes": 0}, {"author": "@roberttaylor3594", "comment": "7:00 I live in a small space now, and when I was a kid 2 adults, 2 kids, and two dogs lived in about 950ft with one bathroom...and it was plenty.  We had a giant yard though.", "likes": 1}, {"author": "@russellm5484", "comment": "Thanks Marc for the updates. As someone that renews their mortgage next Dec, I am keeping up on the interest rate discussion!", "likes": 1}]