[{"author": "@beaviswealth", "comment": "\ud83d\udcc8\ud83d\udcda As always, if you're a beginner to the Stock Market in Canada and you're looking for a step-by-step blueprint on how to get started... Find out more about our Investing Academy here - https://bit.ly/theinvestingacademy\n\nMore or less a brain vomit video today...! Messy... but I'm interested in hearing your thoughts! Leave a comment down below! Thanks for watching :)", "likes": 19}, {"author": "@juan.zuniga", "comment": "I think your approach of having cash ready to pump into the market makes perfect sense in these times.", "likes": 0}, {"author": "@thijss3677", "comment": "recently I bought a stock which is at its all time high, but de fundamentals were great and it look extremely undervalued (with a DCF and conservative numbers)", "likes": 0}, {"author": "@ThatDude925", "comment": "I am actually standing in the same position as you at around 15-20% cash right now. and will also continue investing regularly! I like that plan!", "likes": 0}, {"author": "@clarifyingquestions", "comment": "Electric vehicles are good for the environment - how so?  remember we went from paper ie clear cutting to plastic and now we are back to paper and sustainable forestry practices.  Electric vehicles require batteries YIKES that is about as environmentally friendly as plastic. Sheesh", "likes": 0}, {"author": "@jeungheehan2022", "comment": "I am a korean living in Manitoba  I was looking for Canadian stocks and I met you   English is difficult to listen to   Can you give korean subtitles for those who are interested but cannot speak English?   I think it will help me a lot", "likes": 0}, {"author": "@bradhaaf4749", "comment": "Tesla has more growth in 4-5+ markets while being priced as just a car company, going %100 tsla for 5-10 yr imo. Don't see anything innovative or exciting in Canadian market, more of a protective stance of existing business. Canada is not going to do well next 10yr.", "likes": 0}, {"author": "@speedlover271", "comment": "Well said ! I totally agree", "likes": 0}, {"author": "@LuizGNA", "comment": "Great video! Quick question, you mentioned you are going to keep the 10-15% in the TFSA and RRSP, but is it going to just stay there \"waiting for the crash\" or in some sort of safe investment?", "likes": 0}, {"author": "@fredfrond6148", "comment": "For the record anybody who buys Tesla because it is a manufacturer of Electric cars is an idiot.  Tesla, google and Baidu are in a huge battle to come out with the first self driving vehicle.  Nissan and Uber have dropped out.", "likes": 0}, {"author": "@hameedtalebi2351", "comment": "Dude, first think through about what you gonna discuss and then turn on the video.", "likes": 0}, {"author": "@reuben3077", "comment": "Smart", "likes": 0}, {"author": "@niclab47", "comment": "I think your knowledge is so impressive for only 25 years. I am only starting to gain finance knowledge as a senior and it's mind boggling but also interesting. I understand the 2008 market crash was because of subprime mortgages but what would cause the bubble to burst now? Would it be because of gov'ts printing money and would it be because of the transition from the $ to Bitcoin I think some gov'ts are contemplating centralized cryptocurrencies for our future? Making mistakes is a learning tool I think. You are way ahead of the game more so than most for sure. You must have very good genes & guidance.", "likes": 0}, {"author": "@HighFlyActionGuy", "comment": "I did months of research before putting money into the market for the first time this past month. I can honestly say based on everything I've learned and the results I'm having that I'm not very smart, no one else is very smart, and this is very easy. I'm just being safe picking stocks that are reliable and move slowly in any direction. I won't see massive returns but I'm resilient to change, getting dividends, and trending upwards. It honestly makes a savings account look risky in comparison. At least I'm not relying on a single bank to match inflation for me.", "likes": 0}, {"author": "@investingforlife4515", "comment": "I suppose my biggest concern moving through the market is the fragility of it. We are reaching record highs after record highs. You mentioned hoping for a crash and having available cash on hand to invest when the market does so. But you also mentioned 17 year timelines to return to previous highs. That's why investing feels so dangerous at this moment. I think the best course of action is to find a good balance of cash on hand and money invested, as I think it is highly unwise to pour all your money into such a inflated market.\n\nThanks for your input Brandon", "likes": 0}, {"author": "@toldenfr", "comment": "one rule : never sell at a loss.\nif the market crash, invest more to lower your average price of a stock.", "likes": 11}, {"author": "@aaronpete6810", "comment": "There is a lot of talk about a \u201cCanadian Debt Crisis\u201d, how can Canadians prepare?", "likes": 0}, {"author": "@nazirkabbani", "comment": "If you are worried about a crash, it means you invested money you can't lose. Revisit your strategy", "likes": 0}, {"author": "@wallstreetgoats5646", "comment": "great video, always be prepared for the rainy days. Have cash in your account and take profits accordingly. If the market goes the other way start buying puts. you can still win in the bear market.", "likes": 0}, {"author": "@christophermair3349", "comment": "Beavis and ButtHead. Bull on trigger factor.", "likes": 0}, {"author": "@slo1867", "comment": "Love your videos. They help me stay grounded. \ud83d\udc95\ud83d\udc95", "likes": 0}, {"author": "@kniknayme9865", "comment": "2021 will lack the Trump effect.  His tweets and stupid outbursts really caused some money making swings.", "likes": 0}, {"author": "@mcuten", "comment": "Thank you for for this video! This was really well thought out. I like the idea of pocketing some profits to boost your cash position. Key word: some :) You get the best of both worlds: participate in the heated market but don\u2019t risk absolutely everything by locking in those profits.", "likes": 0}, {"author": "@shadowalker2881", "comment": "i think exatly the same way.. when everyone make money get out. sold half a million worth of stock. been in the market for roundly 5 year and its just to good to be true.", "likes": 0}, {"author": "@annacao4743", "comment": "Great video Brandon! Would you be able to recommend some books to read (any from stocks to lifestyle). Also, congrats on the 100k! been here since 30k haha", "likes": 0}, {"author": "@jaimegalan6542", "comment": "hello first at all I like your videos ,second  which stock will be good to buy if the market crash , thanks", "likes": 0}, {"author": "@1BabyC1", "comment": "With all that has been said in this video, what would be your advice for someone who is looking to start their own self managed portfolio this year?", "likes": 2}, {"author": "@rowenaarenas2216", "comment": "If my TFSA or RESP is max out and I want to open a Questrade account and transfer $1,000 fund to TFSA & RESP, will I pay penalty?", "likes": 0}, {"author": "@GubeTube19", "comment": "Love your vids man. Congrats on 100k!!!!", "likes": 0}, {"author": "@pana_d", "comment": "Consider moving to IBKR as your broker if you're really anticipating a crash. If/when it does happen you could use really cheap margin <1.6% to BTFD along with your cash.", "likes": 0}, {"author": "@xXPinkPunisherXx", "comment": "Hey Brandon, just compared this video to your most recent where you touch on that you bought the filter for the microphone, I can honestly say its makes a difference.", "likes": 1}, {"author": "@leppard57", "comment": "On Tesla, next time try selling in stages. Sell a third when up a third, sell the next third when it's doubled, and ride the last third because it's free money", "likes": 2}, {"author": "@Captain_MonsterFart", "comment": "Your Tesla move wasn't a mistake. You made a thoughtful decision but it didn't go like you thought it would. You couldn't have known.", "likes": 0}, {"author": "@deanoudhini7292", "comment": "Great job! Good insight", "likes": 0}, {"author": "@ADobbin1", "comment": "I dont think governments will allow the market to crash until they are ready to switch currency systems. They will keep pumping it up with printed money. It should have crashed and stayed down for several years last march but governments pumped it back up with \"free\" money. They are still pumping money and so the market is back to record highs.", "likes": 0}, {"author": "@kodewerk", "comment": "It wasn\u2019t a mistake to sell Tesla. As you said, no one has a crystal ball. Your mistake was not buying back in once you recognized what was going on. Even then, you can\u2019t say it was a mistake. Maybe a regret, but not a mistake.", "likes": 0}, {"author": "@zyn6389", "comment": "Bonds?", "likes": 0}, {"author": "@craigarthur7599", "comment": "Interest rates are low and real estate is super high, I wonder what's going to happen in 5 years when these mortgages come back up for refinancing. How many people bought houses they can't afford?", "likes": 0}, {"author": "@monalacroix4174", "comment": "So young and so wise! Great content!", "likes": 0}, {"author": "@ronbatt756", "comment": "Taking a 36% profit in a short time is never a mistake.  (Tesla)  you did the correct thing. You traded with your brain.... not your emotions.   \ud83c\udde8\ud83c\udde6", "likes": 2}, {"author": "@vincentgiasson7551", "comment": "When you analyzed Microsoft stock performance during the early 2000s, you have to take into account that the company was targeted by antitrust legal action by the US and EU government. Both entities threaten to split the company and imposed massive fines. Both legal actions took years to settle. This was not good climate for investing in a great the company.", "likes": 3}, {"author": "@grantboucher9342", "comment": "invest in dividends paying stocks", "likes": 0}, {"author": "@dshiu89", "comment": "I always buy when it dips, if it dips more tmr, i just end up buying more. Ofc if you need the cash in a few weeks or in a years, you'd be in a pinch. Atleast let ur money roll for 5 or more years", "likes": 0}, {"author": "@Frenetic321", "comment": "Brilliant. Thank you!", "likes": 0}, {"author": "@adrianchong2754", "comment": "The hottest EV stock right now is for Solo a one seater designed for commuting. People are comparing it to Tesla. But there are a limited number of SINGLE people who need a ONE SEATER car. I think Solo sales will top out in a few years. I do not think Electro Mechanica iis a buy and hold forever stock.", "likes": 0}, {"author": "@adrianchong2754", "comment": "There was a mutual fund manager whose who when the stock doubles he sells half.\nWhen Bell Canada sold its R&D and phone division (forgot the name) it started at $10.\nWhen the stock rose to $20 this manager would sell half and let the rest run. He had just made his original investment and can not lose money. \nWhen the stock rose to $40 this manager would sell half and let the rest run. He just made a100% profit.\nWhen the stock rose to $80 this manager would sell half and let the rest run. He has made 200% profit.\nWhen the stock rose to $200 this manager would just sit and wait for $160.\nWhen the stock crashed to 98\u00c7 this manager would sell and close the account. But he still had 3X his original investment sitting in the bank.\nMost investors lost their shirts when the stock crashed.\nSimilarly when Brandon reached his sell date on Tesla he could sell 70% (make his original investment) then let the rest run, That way he does not lose money but get 30% of Tesla's rise.", "likes": 1}, {"author": "@collincollin7491", "comment": "Thank you for another good video.  I just left you a few questions on your other video, I'm looking forward for your answers.  \"22 stocks\"", "likes": 0}, {"author": "@edwardpersaud", "comment": "Microsoft, good but what about looking at their financials. Someones its whos in the hot seat. Balmer did nothing. No one liked him. Microsoft is in a better place now.", "likes": 0}, {"author": "@mariann.maxwell127", "comment": "With a good investment plan that ensures steady incomes without any doubts you can prepare for a well organized retirement. I started investing in stocks 3 years ago and so far, I am making a good yield on my dividend. I use a licensed full service broker who handles my investments and has helped me grow to a 6 figure portfolio. I love passive income...", "likes": 0}, {"author": "@jordi5869", "comment": "The bull market will continue until the pandemic is over and the hype for the continuing of life is over. At minimum 18-36 months. Don\u2019t let this scare u, just a warning rather.", "likes": 0}, {"author": "@Mr_Spock512", "comment": "I took some nice profits in November 2020, I'm currently sitting with 35% in cash, the rest is in bonds and utility stocks (defensive ETF) ... nice dividends. At 60 years old ... slow, steady and safe is what I'm going for although I usually have 10-15% in more speculative stocks.\n\nLike you I'm waiting for a market correction to deploy capital when some good stocks come back \"on sale\".", "likes": 0}, {"author": "@Mr_Spock512", "comment": "No one ever went poor taking profits.\nI also sold some stocks way too early in 2020 but over the years I have learned not to get too greedy ... past experiences have taught me that painful lesson. I also like to sleep well at night.\n\nRISK vs REWARD ... only you can determine what feels right for your own portfolio.", "likes": 0}, {"author": "@stocktalk1015", "comment": "hope you guys got in on gamestonk", "likes": 0}, {"author": "@shayminmilo6937", "comment": "Man youre exactly who I need. Toronto kid starting out my investment journey. Learned a lot from you bud thankss", "likes": 6}, {"author": "@stocktalk1015", "comment": "My biggest mistake in 2020 is not investing more during the crash in March", "likes": 6}, {"author": "@stocktalk1015", "comment": "Roaring 20s coming up", "likes": 1}, {"author": "@stocktalk1015", "comment": "GAMESTONK \ud83d\ude80\ud83d\ude80\ud83d\ude80\ud83d\ude80\ud83d\ude80 to the moon", "likes": 1}, {"author": "@dakshbhatt5191", "comment": "I bought tesla in 2018 !! Only two stocks at 233.82 usd And that was my first stick but I sold it very next week just because it went to 214 and now I regret.", "likes": 1}, {"author": "@harinal6134", "comment": "We watch your videos all the time, and I\u2019ve watched one that you mentioned two books to read for investing. One of them is The Intelligent Investor, but I forgot the other one. Could you please tell me what\u2019s the name of that book, thanks!", "likes": 0}, {"author": "@zchoicez", "comment": "Thanks Brandon! I've learnt much from u! so have my friends ~", "likes": 1}, {"author": "@brunoparada7404", "comment": "Thanks.", "likes": 0}, {"author": "@yubozhang9432", "comment": "Is buying mutual fund a better  choice than buying stocks?", "likes": 1}, {"author": "@reptilianskin", "comment": "Don\u2019t care about Tesla. I\u2019m a dividend stock investor. I remember the tech bubble. Buying high to sell higher was essentially what stupid money was doing. Tesla is very much reminiscent of that time.", "likes": 3}, {"author": "@romanmbwasi", "comment": "Your Tesla thing is just hindsight bias, its like regretting not putting your chips on black after the result is known, its hardly a mistake and one of the reasons why \"timing\" the market doesn't work out for most.", "likes": 0}, {"author": "@romanmbwasi", "comment": "Only when the tide goes out do you discover who's been swimming naked.", "likes": 0}, {"author": "@RydahMS4Life", "comment": "How many position you have on your portfolio ? im kinda struggling with 8-9 position , i have another job im not doing this full time so , i think im gonna drop to 4-5 position  , what you think ?", "likes": 0}, {"author": "@marxymarx717", "comment": "Hey bro, what do you think about blackberry? They\u2019re not just a phone company anymore", "likes": 1}, {"author": "@cirentXD", "comment": "You're right about it being too easy. I started Investing in mid-March 2020. With a  $10,000 portfolio, I was able to get it up to $18,000 as of yesterday. I'm worried about this and am considering just selling it all and placing my money in mutual funds and indexes with CIBC and just maxing out my TFSA every year and forgetting about individual stocks. However, I might just leave $2000 in my brokerage  account to play around with.", "likes": 1}, {"author": "@steaklover948", "comment": "Buy bitcoin", "likes": 1}, {"author": "@doctorludwig9754", "comment": "Oh, most definitely, you do. You do drag this on.", "likes": 0}, {"author": "@ryannicholson9212", "comment": "Don't be so hard on yourself with Tesla.  I put things like Ballard, Carvana and others that went up hundreds of percent while I bought things like CTC, BAM, CU, ACO, POW on the advice of others (ahem).  I am new to this and seemed to focus on all the long term, dividend stuff while I simply watched the growth stocks I was too skittish to buy blow-up.  Not to mention I laughed at Bitcoin in 2011 - 2013 and bought Silver.  That one hurts.", "likes": 0}, {"author": "@NN-cq3vj", "comment": "Having dry powder anytime!", "likes": 0}, {"author": "@JoeLouisPepsi", "comment": "The speculation on Tesla is not only about electric cars. It's also the Solarcity aspect and potential for expansion to HVAC", "likes": 0}, {"author": "@benhaze1010", "comment": "In my opinion one main reason why the stock market is so overvalued is the massive demand due to the dismal return from the fixed return investments. Although likely not going to change in the short term it will definitely help bursting the stock bubble when interest rates will gain a couple of points.", "likes": 0}, {"author": "@kevinklassen4328", "comment": "The correct answer is to hold stocks in companies that you believe in (Tesla?) for the long haul. Trying to time the market in the short term (selling Tesla when it's up  before it corrects) rarely works. You might see dips but overall you'll see bigger gains in the long term if you just hold ride the roller coaster.", "likes": 0}, {"author": "@remb714", "comment": "you're  the best :) :)", "likes": 1}, {"author": "@alexanderpoon6", "comment": "thoughts on NIO? Draftkings?", "likes": 1}, {"author": "@sasha-01", "comment": "What do u think about FCC for a position in EV?", "likes": 0}, {"author": "@MrBizteck", "comment": "Im old enough to remember the Teck bubble .....my advice ...watch the superbowl ... the year before the bang EVERY stuipid superbowl ad was a teck or stockbriker advert.   If you get..silly EV / Renewables adverts this year RUN!!!!!!", "likes": 4}, {"author": "@jacksonle1965", "comment": "Lmao.  You sold Tesla in the green that is all it matters.  I traded AMD at 2014 @ $2-3 per share.  Now 2021 AMD share @ $86 per share \ud83d\ude1e.   I agreed with you it seem too easy to make money in the market.  If you hear the news from the neighbours how much money they are making in the stock market ... too much hype in the media.  \n\nHappy new year\u2019s brother.", "likes": 1}, {"author": "@derekcox6531", "comment": "Brandon. It sounds to me like your 36% gain on Tesla was pretty good! It\u2019s easy in retrospect to say you should\u2019ve stayed in. Hindsight is often overrated.hindsight makes you think you were stupid,but what if Tesla crashed the day after you took your 36%? Then you\u2019d be a genius! \ud83e\udd23\n    People who don\u2019t have a plan to enter and exit at predetermined points,end up broke more often than not. If you own a company at 5% of your portfolio and suddenly find that it\u2019s 30%? It\u2019s time to sell!  Unless you truly are happy to have 1 stock taking up 30% of your portfolio ...I guess. I wouldn\u2019t personally take that kind of risk,but everyone is different.\ud83e\udd37\ud83c\udffb\u200d\u2642\ufe0f building wealth shouldn\u2019t be the same as going to Vegas. Wealth is built,not won in a day for the vast majority of people.", "likes": 0}, {"author": "@Mikey-vt3to", "comment": "Thanks Brandon, I appreciate your honesty and admitting your mistakes to us and helping us learn from mistakes you've made and hopefully we don't make the same mistake.  Thanks again...", "likes": 0}, {"author": "@bobbypols1096", "comment": "So with your knowledge and experience, you should be making a  killing.  You should be making money knowing the momentum and hype.  And you should be getting out.  As an investor, isn't the goal to making money? Not saying \"fundamentals!\",  when there are no fundamentals?  Why complain when your boat is lifted?  The problem with education is that it can confine you to thinking one way.  The better question is, how can you maximize your earnings in the current market while protecting your downside.  I've made great money, and trust me, I'm no great investor.  But I can not fight the direction of the market while taking profit and not getting greedy.  The only thing that will get you every time is greed.  Fyi - love Peter Lynch", "likes": 0}, {"author": "@summervibes9931", "comment": "I feel you man...i had TSLA at 220 pre split and sold 550s pre split in March cause of liquidity issues...if only i knew", "likes": 0}, {"author": "@7skeptic7", "comment": "What did you do immediately after the market corrected/crashed in March 2020?", "likes": 0}, {"author": "@anastasiab8173", "comment": "I agree there will be a correction sometime this year,  but don't know when. \nBtw, I sold my tsla very early too.\nGreat video!", "likes": 0}, {"author": "@Lcomm", "comment": "Great content! Are you doing another stock market contest this year?", "likes": 0}, {"author": "@isiirpriizz", "comment": "curious about your thoughts on growing Canadian tech companies for this year like well.to , lspd, and enghouse", "likes": 3}, {"author": "@hugosmith6776", "comment": "lol, amazon is a perfect example of what you're arguing.\n\nare you a trader or investor?", "likes": 1}, {"author": "@summercherry123", "comment": "\"if you're right too early, you can be wrong\" great quote Brandon! Selling Tesla too early was my mistake of 2020 too... learning to let it go was my lesson, we can't win it all", "likes": 8}, {"author": "@darianngo2508", "comment": "Great content! <3", "likes": 0}, {"author": "@bryanbaksh7564", "comment": "Hey Brandon, do you collaborate with authors who also share a similar passion about investing into the financial markets? I am a Canadian author and I published an ebook about investing into the financial markets. We have different investment styles, but I would love an opportunity to collaborate and share my perspectives about investing.", "likes": 2}, {"author": "@hsafti", "comment": "With all respect Tesla is not only about EVs. Solar power systems and storage plus autonumus driving are what gives Tesla momentum still. Also it would be nice to see the tech bubble curve corrected for inflation \ud83d\ude09", "likes": 0}, {"author": "@spencerlanctin7355", "comment": "yo this guy said nothing meaningful in 22 mins...", "likes": 0}, {"author": "@vtheb1299", "comment": "@13:14 that's why time IN the market is more important than timING the market. If you're planning for the long term it doesn't matter that it's overvalued or under for 5 or 10. Just rebalance once or twice a year and stay the course.", "likes": 0}, {"author": "@gvdinvesting7391", "comment": "Great video Brandon! Keep investing! There's never been a 30% crash in back to back years in the history of the stock market. We had one last year. I bet it will only be a 10 to 20% correction at most. We will see! In the year I've been investing, people have predicted a crash constantly, all year. Just dont put all your money in one stock and you'll be fine.", "likes": 0}, {"author": "@archsilber6482", "comment": "It's really hard to think about all the money you left on the table because an investment made a run. However, this can also be a learning opportunity and a way to flex your muscle by controlling your emotions and to stay on course with your plans/strategy. A profit is a profit. As you have mentioned a couple of times, timing the market is hard, but sticking with your plans means you're building habits. Otherwise, you may have to question whether you're truly investing or simply gambling. Experience is a great teacher, I'm sure you know what is best for you. Happy investing and all the best to everyone for 2021!", "likes": 0}, {"author": "@jasonm8017", "comment": "I\u2019ve convinced myself over the past 8-10 months that I\u2019m the smartest man alive! Thanks for the reality check. \ud83d\udc4d I\u2019m not that smart.", "likes": 12}, {"author": "@timw4369", "comment": "Yes we are in a bubble reality will wake up people to the real economy", "likes": 0}, {"author": "@kitnoCC", "comment": "Discovered you recently on the 10 things you didn't know about tfsa video. This is the 2nd video from you that I watch and once again, it provided me with so much value. Subbed!!!!", "likes": 3}, {"author": "@scottmills524", "comment": "I bought tesla at 230 pre-split, I took profit at 600 and 700 a share. The reason I sold it have more cash on the sidelines. Tesla went on a high run and was dwarfed all my other stocks. Dwarfing my \u201csafe stocks\u201d", "likes": 0}, {"author": "@p.a4162", "comment": "Hi! Brandon from Vancouver BC, just joined your Chanel. Very realistic at the same time it Sounds scary but we need to stay attentive. You video was very helpful as I have my money invested in NASDAC THANK YOU! It helps. Also I needed your advice & or suggestion for a good account in our city with whom I could discuss my financials with regards to stock market tax & etc since I\u2019m new to \ud83c\udde8\ud83c\udde6 \nThanks", "likes": 2}, {"author": "@investedinvestor2238", "comment": "Great message, Brandon.  I appreciate the honesty.  Like what you said, nobody has a crystal ball. No one can really tell what the future holds. \n\nI think the best lesson is to always know what you\u2019re investing in; understand the pros and cons; recognize the risk and find ways to mitigate it, if possible.  Also, do not invest in anything that you do not understand.", "likes": 0}, {"author": "@tediaxmonetize", "comment": "Love this graphic you found about new investors and phases !", "likes": 1}, {"author": "@cameshamckenzie5697", "comment": "Thank you Brandon for sharing your wisdom with us. Do you believe it would be an advantageous time for new beginner investors to start investing in the stock market. Knowing what you know now about not wanting to watch on the sidelines. Thanks!", "likes": 0}, {"author": "@saverg9769", "comment": "Thank YOU\ud83d\ude09", "likes": 1}, {"author": "@darwynkoch2572", "comment": "I made the same mistake. I bought 10 Tesla shares (pre split) for around $300 per share. When the spilt happened and the stock went up to $400 (post split), I sold it all. I took a nice % gain, but I kick myself for not hanging in there longer. Hind sight is 20-20", "likes": 1}, {"author": "@miccooo8929", "comment": "Yoooo Brandon I just want to thank you with all the knowledge you share with us viewers. Really love how you tell us the mistakes you make and by sharing those mistakes, us viewers learn from it as well. Keep up the good work!", "likes": 1}, {"author": "@ajflegar", "comment": "that quote by John Maynerd Kaynes is SO relevant right now!", "likes": 2}, {"author": "@Vincemdlix", "comment": "This is awesome Brandon! I will keep this in my mind to plan out my strategy for this year. Also, I just joined the investing academy and I know this will help me in the long run. \ud83d\ude4f\ud83d\udcaf\ud83c\udf33 #Plantingtheseed", "likes": 0}, {"author": "@deserttoads", "comment": "Great video.....thanks. Having typed that, you're breaking one of the major rules of 'investing'. As you mentioned, you/nor anyone else, has a crystal ball, to see the future, on where the markets are going. Taking a 36% gain on Tesla, was a good call. If you're going to be comfortable, investing/trading in the markets, you can't beat yourself up over the \"What ifs.\" I purchased FB when it first IPOd, at $30. All of the \"Professional Experts\", were saying that Twitter was the future and that FB wouldn't last.....so I sold it at the same price that I got in (...again $30). I haven't looked back on that mistake, because there are other opportunities to be had. Happy investing everyone......we can't win them all.", "likes": 2}, {"author": "@imbeaug74", "comment": "So should we sell everything and just wait for it to top?", "likes": 0}, {"author": "@AnthonyJRLyons", "comment": "Always a thumbs up, you run a great channel Brandon. I wish you the best for 2021", "likes": 2}, {"author": "@mdawg8770", "comment": "Holding cash and keeping it in the bank is the riskiest investment.", "likes": 0}, {"author": "@krusha666", "comment": "Personal feeling about this is that we will have a larger crash but also longer down the road the bubble will not fully form until the world is post covid ... it's not so much a bubble but a global inflation of the market with stimulus propping things up before the levee breaks", "likes": 1}, {"author": "@Alan-vq2vw", "comment": "recap: biggest mistake of 2020 is shorting Tesla Inc. and not buying enough Tesla Inc...", "likes": 0}, {"author": "@barrysiffredi4595", "comment": "Your Tesla trade: Hindsight is always 20/20", "likes": 0}, {"author": "@jacoMakeW", "comment": "Is hard to say what would happen in 2021, also hard to just watching people get easy money from stock, especially in this covid pendemic.", "likes": 0}, {"author": "@gorgeplo", "comment": "if it was only the dollar dying it would be a great time to invest \nbut there is more than meets the eye in this troubling time \n\nwhere can we store our profit (after riding the bull run) from never ending printing of money  (inflation) ?", "likes": 0}, {"author": "@ericharding92", "comment": "As always a great and informative talk", "likes": 0}, {"author": "@ericharding92", "comment": "sold my Couche Tarde after many years..it used to do quite well..moving on to other things", "likes": 0}, {"author": "@TemujinBC", "comment": "The difference between today and 20 years ago?  The US Government will now inject hundreds of billions of dollars to prop up the market and keep that bubble inflated!", "likes": 0}, {"author": "@ericharding92", "comment": "Regarding Tesla I did the same thing...invested 12000$ for  a moment,  got out and made 3000$ . 25% over a few months ..no regrets. You cant lose what you never had", "likes": 18}, {"author": "@mena88", "comment": "Let's say there is a massive correction and or a crash. Where would one put their cash/equivalent to earn a decent return with interest rates near zero and or negative in some cases, unprecedented money printing at least for the shortterm and potential hyperinflation in the longterm, structural shifts in the nature of work and technological disruption? Is it correct to assume that events will unfold much like the 99/00 when the economic and technological circumstances are apparently dramatically different?", "likes": 0}, {"author": "@tomaszantosiewicz5132", "comment": "Unlimited money printing won't allow any decline for many more years.", "likes": 1}, {"author": "@gush5465", "comment": "Brandon are you into Bitcoin?\ud83d\ude1c Is it a bubble or is it gonna keep climbing?", "likes": 0}, {"author": "@joshua_fry_speed9449", "comment": "I love your work. I am mid 50s and I feel like you should walk the millennials through the historic market crashes", "likes": 2}, {"author": "@raffaelepapes633", "comment": "the intelligent invester is a good starting book to read.What happens  to tesla when all major car companies  go electric.?Dont forget political climate with china right now, things could change  quickly. a good example also are cannabis stocks at early stages then major corrections came.Cant invest in fear but also have a defensive strategy.", "likes": 0}, {"author": "@jwebes", "comment": "I'm with you on this one. Going to stick with my investment plan but up my cash position to 20% which I determined is right for my current financial situation.", "likes": 0}, {"author": "@goonies101", "comment": "yea its going to crash like the housing market in ontario lmao", "likes": 1}, {"author": "@paulrondeau2517", "comment": "Great video - I enjoyed it. Would be great if you shared more about your actual portfolio, and which stocks you plan to trim. The more transparency, the better. We know you're not giving actual \"advice\" but it would be nice to see more of your plays in the market.", "likes": 0}, {"author": "@MrMCsquare100", "comment": "on your comparison to the tech bubble- correlation is not causation", "likes": 0}, {"author": "@gitpush3318", "comment": "Watching this video after being in the market for only a week. 35 and a father of 2, and I'm terrified that I got in at the very peak, and I only got down to go. Forgive me my child!", "likes": 4}, {"author": "@dynamolite", "comment": "Needed to hear this, nice vid", "likes": 0}, {"author": "@robertotomas", "comment": "I swore you were saying \u201ctime in the market beats time in the market\u201d ...you said it, then repeated it. And I couldn\u2019t hear it correctly :) I was like, \u201cWhat?!\u201d", "likes": 0}, {"author": "@four-pixels", "comment": "Congrats for the 100 k man ! looking forward to the milestone video !", "likes": 0}, {"author": "@owaisaa1188", "comment": "I think your message was very confusing. At one point you are saying keep cash with you for possible crash, and also make the most of this bull market where literally every stock you pick is making you a fortune. \n\nHaving a mindset of possible crash at anytime would actually prevent you making even SENSIBLE gains.", "likes": 0}, {"author": "@padamsandhu4127", "comment": "There is one big difference this time, money is super cheap to borrow, and with these low-interest rates, people wouldn't sell.", "likes": 0}, {"author": "@canadiandividendgrowthinve3213", "comment": "nice video brandon thanks for the tips", "likes": 0}, {"author": "@vasileweezy", "comment": "if your in your 20s or 30s and want to take risks, why would you invest in companies like walmart? why not growth stocks", "likes": 0}, {"author": "@timw4369", "comment": "Having seen every bubble and crash in the last 50 years we are in a huge bubble and timing the crash will be hard but it is coming  unless you have seen a crash you don't have a clue what you are talking about", "likes": 0}, {"author": "@qp9vp", "comment": "Carrier is in a way understandable. Upgrading airsystems will likely be a priority for a lot of companies and public agencies after the pandemic. Just as it will probably change how  office space is used and how much people  work from home. 200 % seems a little too much though.\n\nI think we will see slow growth for the corona winners 2021. They will need to grow into their evaluation. And I expect a correction. So I am  taking the time to downsize my portfolio to my favorites and building a cash position of 10 %... In other words, great minds think alike. ;)", "likes": 0}, {"author": "@blainebradley1833", "comment": "Never regret taking a profit!", "likes": 39}, {"author": "@canadoughfinance5331", "comment": "Thank you for helping me to start my own channel! Big inspiration", "likes": 1}, {"author": "@djayjp", "comment": "Still don't think TSLA is overvalued. Driving industry, annually, in just the US is worth nearly $1Tn USD. Only self driving company not reliant on very expensive, bulky, and high maintenance LIDAR and highly problematic static mapping (dependent on very limiting geofencing).", "likes": 0}, {"author": "@chickenlover5361", "comment": "yep thats me...im a noob investor that doing well at the moment. Very insightful thoughts.", "likes": 3}, {"author": "@martyes9563", "comment": "Hahahahahahaha!\n\n\n\n\nBrandon tells me something, I do it!", "likes": 0}, {"author": "@MonkeyDLucy", "comment": "Err... the market is a zero sum game. Making money in the market today is NOT easy (For the people who lost money). SOMEONE is losing money.", "likes": 0}, {"author": "@jeanpauljeanpaul2530", "comment": "Market goes up, I make money, market goes down, I\u2019ll make money, just later on. It makes no difference to me since I don\u2019t tie my happiness to my finances.", "likes": 54}, {"author": "@Tobi_Jones", "comment": "Electric vehicles are not better for the environment then modern gasoline cars, the batteries in EV cars are very environmentally hazardous", "likes": 0}, {"author": "@hansihettiarachchi7648", "comment": "Great video Brandon. Authentic and informative.", "likes": 0}, {"author": "@rob-time", "comment": "LOL, I did the same thing with TESLA and I made a little over $800!  Purchased in August and sold in January.", "likes": 0}, {"author": "@RondoRajon41", "comment": "what mic do you use?", "likes": 0}, {"author": "@MartinMcClellanGT", "comment": "Brandon needs to subscribe to Financial Education, Jeremy will make sure that you do not make that mistake from last year..", "likes": 0}, {"author": "@timszon", "comment": "Should we be selling?", "likes": 0}, {"author": "@IronG_TFT", "comment": "you may be correct but that doesn't mean you're right lol", "likes": 1}, {"author": "@dpachecomartins", "comment": "I know it\u2019s a beginner question. But we should put some stop loss triggers, to make sure we won\u2019t lose too much in case of a big deep, right?", "likes": 5}, {"author": "@chessdad182", "comment": "Interesting how Keynes was a great investor.  He made money even in down times.  I switched to a dividend investing strategy in late 2020 and am happy with this decision.", "likes": 0}, {"author": "@cb4354", "comment": "Its an ultra bull market. Right now anyone can make money. But stock market always balances out. Crash is coming so have some cash on hand and buy some great companies when they are on discount.", "likes": 1}, {"author": "@robinAlberta", "comment": "I like your videos, very informative.  \n\nSpeaking of the tech bubble. Mark Cuban, owner of the Dallas Mavericks, sold \"broadcast.com\" to Yahoo for 5.7 billion dollars.  5.7 BILLION DOLLARS.   \n\nShortly after the bubble crashed and to this day, if you look at broadcast.com, it links to a yahoo landing page ... to, essentially, nothing. Mark Cuban sold a url address for 5.7 billion dollars.  He sold \"air\" for almost 6 billion. \n\nThis shows the absolute foolishness and the inevitable crash of the tech bubble.", "likes": 0}, {"author": "@takpham1164", "comment": "Wow... you couldn't plan this video for any better time! The market's decided to take a dive today! =)))))", "likes": 1}, {"author": "@WrestlingOne", "comment": "Appreciate your honestly on Tesla!", "likes": 0}, {"author": "@joshuaguo1326", "comment": "You're only 25? Wow", "likes": 0}, {"author": "@CrankingAllDay", "comment": "Bro... Don't hate on HVAC hahaha", "likes": 0}, {"author": "@absiegert", "comment": "Thanks for the video Brandon!... what do you think about trimming from U.S index funds? I feel like taking profits from the S&P500 given the current high average PE is a good idea. Thoughts? Bonus question: would you trim from VFV or from VSP (kind of speculative, I know)?", "likes": 0}, {"author": "@MonsieurDee", "comment": "I don't think your mistake is a mistake. If you don't stand for nothing, you will fall for anything", "likes": 0}, {"author": "@Ngianimo", "comment": "Congratulations on hitting 100K subs\ud83c\udf89! Very well deserved", "likes": 0}, {"author": "@lillyjohn1573", "comment": "Brandon enjoyed your video , as say our decisions are relative to the time which is being taken.", "likes": 0}, {"author": "@sweardesigns", "comment": "Great", "likes": 0}, {"author": "@LoneWolf-yd4zn", "comment": "Hey Brandon you made some great points but the truth behind this bubble is millions of stock newbies are investing for the first time  and  they\u2019re cleaning up in cannabis ,Bitcoin,Psychedelics etc ahead of the institutional investors they are changing the stock market game wouldn\u2019t you agree.", "likes": 0}, {"author": "@paulsantori8920", "comment": "If you owned stocks before the crash you might not agree as many stocks are still below February highs. If you bought anything after the crash then you are a genius!!! Lol. Time to set aside some cash for the next dip, correction, crash....", "likes": 0}, {"author": "@sunburnttongue1759", "comment": "Right on man! Thank you for addressing this topic, I appreciate it!", "likes": 0}, {"author": "@mehtabsingh7000", "comment": "The same mistake I did in 2020, sold Tesla for 25% gain", "likes": 0}, {"author": "@DC-nj8kv", "comment": "Regarding your self analysis of losing money via selling your Tesla position too early, you can't lose what you never had. Resist \"mind gaming\" yourself. Ya know, coulda/shoulda/woulda will paralyze you.", "likes": 1}, {"author": "@itissrinivasan", "comment": "You couldn't be 25 and this mature !  Keep it up !", "likes": 0}, {"author": "@NicksTaxes", "comment": "Good insights!", "likes": 0}, {"author": "@mikeb5030", "comment": "Do a review on Ehang Holdings Brandon! Pioneer in drone transportation, logistics and emergency", "likes": 1}, {"author": "@alexisroy7768", "comment": "Hey Brandon ! Love the content , you\u2019re doing a great job. I think it would be interesting to see a video of how much you make money with your YouTube videos and if or how you invest that money ! Keep it up \ud83d\udc4d", "likes": 0}, {"author": "@Southwesterncannabis", "comment": "its not a mistake selling Tesla at 36% what you did was called a safe play I suggest you watch ziptrader on youtube he is all about swing trading  and not investing at all", "likes": 0}, {"author": "@ab.4425", "comment": "Great video buddy!! Thank you so much!!", "likes": 0}, {"author": "@pradeepdarji5407", "comment": "I can see CSC certificate on the wall and Peter Lynch book one up on wall street on the table", "likes": 0}, {"author": "@pradeepdarji5407", "comment": "I am on halfway this book, \ud83d\udc4c\ud83d\udc4c\u2665\ufe0f", "likes": 0}, {"author": "@pradeepdarji5407", "comment": "When tide goes away, then you got to know who were swimming naked.(current market scenario)", "likes": 0}, {"author": "@cutiecatboy", "comment": "Great video Brandon, as always, very insightful!", "likes": 1}, {"author": "@Kevin_Street", "comment": "Thanks for another really interesting video. I don't know what's going to happen, but I do have a few scattered thoughts...\n\n1. The market is no longer functioning properly as a prediction engine for the real economy. Right now there are so many overpriced stocks, there doesn't seem to be much connection remaining between the stock market and the real economy that's been hit hard by the pandemic. That certainly looks like an indication we're in a bubble.\r\n\n2. Interest rates are ridiculously low, and it seems they'll remain that way for a long time. Brandon, when I was your age interest rates were 7-10%. There were a lot of people (maybe a majority) who kept their money in the bank or in bonds because it was a risk free way to beat inflation. But all through the 21st century interest rates have been declining until they bottomed out at near zero. I don't know what this means, but it's really weird and seems important. Near as I can tell there are two big implications:\n\n2.1. Nobody puts their life savings in the bank anymore. You literally can't, because it would get eaten up by inflation. So there's a lot of money out there looking for a place to go. This is as true for billionaires and giant nations as it is for regular people.\n\n2.2 Governments can borrow a lot money without paying much interest. They're just starting to catch on to this.\n\n3. The biggest difference between what's happening now and the tech bubble (or the real estate bubble before 2008) is there's a massive amount of government intervention going on. Governments have learned that injecting huge amounts of cash into the economy works as a method of stimulus. They were hesitant to do much of this in previous downturns because of the risk of inflation, but 2008 taught them that market intervention in a time of low interest rates seems to be almost risk free. So all through 2020 governments all over the world have been stimulating the market like crazy, and it sure looks like this is going to continue into 2021. It's the only way to recovery quickly and get people back to work.\n\nSo there you have it. It sure looks like we're in a bubble, but market conditions are very different right now than they were in the past because of all the government stimulus. And behind it all are those low interest rates that are forcing everyone to be an investor while simultaneously making it really easy to borrow. How will it end? I've no idea. We're in uncharted waters here.", "likes": 1}, {"author": "@fredbergeron7997", "comment": "Good job on TSLA! I did the same thing. That's not a mistake that's making $$$. Don't look back and move ahead!", "likes": 0}, {"author": "@dianal8564", "comment": "Brandon, I absolutely feel your pain. In the midst of the brief market crash in March, I had to sell Tesla stock bcz I had to get the down payment for the house I was purchasing and you can imagine how I have felt ever since. Well I am living in this new home now and the home value has gone up somewhat (I live in ottawa) but still the bitter taste I have... thank you for sharing your pain!", "likes": 0}, {"author": "@Jaymzer", "comment": "Just discovered your channel today. I am relatively new to investing. I havent been able to stop watching. Liked and subbed, can't wait to see more. Keep up the great work.", "likes": 2}, {"author": "@michaellai2672", "comment": "Realize gain is not wrong \ud83e\udd37\u200d\u2642\ufe0f", "likes": 0}, {"author": "@reindeerpunisher", "comment": "I sold my telsa for 850 USD, hope I didnt make a mistake hehe", "likes": 0}, {"author": "@noseymold9868", "comment": "I saw a video on TikTok showing this portfolio that she could have 125M if she gets 20% every year for the next 42 years. Some people are in for a rude awakening.", "likes": 1}, {"author": "@Slimshady316", "comment": "Loving the lighting and background!", "likes": 0}, {"author": "@ausiinvestor", "comment": "Another great video Brandon thanks from Australia", "likes": 0}, {"author": "@jasonduster4721", "comment": "I started buying stocking in March 2020 after completing the investment course.  Everything I bought I have profited.  Mostly they were ETF, I am taking those gains and moving them into actually companies based on what the course has taught me and the other videos you have posted.  I wouldn't worry too much about selling Telsa early.  Everything happens for a reason.  I am reading that Blackberry has some interesting news and the stock is slowly raising again.   I am looking into whether Blackberry is a good buy at least in the short term.", "likes": 1}, {"author": "@kevinlegarrie7043", "comment": "Most of my stocks are recovery plays. I bought in when the prices were low. I do have some speculative plays like MindMed that I have done extremely well. I wouldn't have a problem if the market crashed at all. Worst case the market crashes I lose my gains break even or maybe I'll be in the red on a few companies. I just see red as another opportunity to lower my cost average and buy back in. But If your an investor that bought in at the peaks I would definitely start to think about takin some profit and putting some cash away to reinvest later. Honestly buying in at the current levels makes me nervous. You might do well with short term swing trades but investing long term at these high levels may not be a great idea at this point. Depends when you got into the market.", "likes": 0}, {"author": "@outta10network92", "comment": "Dollar cost average into bitcoin. Don\u2019t sell.", "likes": 2}, {"author": "@outta10network92", "comment": "Hey man. I was thinking of you talking about Twitter and Facebook\u2019s recent set back in the fall out of the American election and Trump being banned.", "likes": 0}, {"author": "@RoscoeB44", "comment": "Buffet also says it's impossible to time the market. I've also many times thought a stock would keep running, and then it didn't and I get stuck holding it.", "likes": 0}, {"author": "@jackseabrook7610", "comment": "This was a great video. 22 minutes of sound arguments and truths.", "likes": 0}, {"author": "@lucky247365", "comment": "Brandon, I gotta say that your mistake isn't a mistake.  You had your strategy and executed on it without your emotions directing your approach.  Sure in hindsight you could have made more, but as the saying goes, pigs get slaughtered...and too many people who ride on stocks until it is too late end up being nailed.  My advice is to take risk of what you're comfortable with, if one can't handle a stock falling back can't stomach a 20%+ decline, then they should sell their position according to their strategy.", "likes": 0}, {"author": "@Nivrad6Dmanindahouse", "comment": "I feel that markets will crash and we are overdue for some form of crash or downfall. It will be our day for the crash if it happens. :)", "likes": 0}, {"author": "@aswinyeoh8163", "comment": "You have Papa Jerome Powell as backup. As long as money printer goes Brrrrrr stonks only go up.\n\nOld school investing don't work anymore.\nWelcome to the new world.", "likes": 0}, {"author": "@forceforgood4669", "comment": "Can you be right too early when you cannot predict the future? I think not, as long as you are selling to capture gains, as opposed to selling in a panic. So when you go back in time to that decision point, you did well and you should never regret something you could not foresee.", "likes": 0}, {"author": "@tippin26", "comment": "Look back in history and watch what happens to mining stocks. I am picking up some great mining companies for cheap! Something to ponder!?", "likes": 0}, {"author": "@dbryant4", "comment": "Take your own advice and buy Tesla.  It's still going up. You will only become a good investor when you learn to trade without emotion.", "likes": 0}, {"author": "@kdelete4949", "comment": "BTW it did not take 17 years for the entire market to recover to pervious highs. I believe it took like 4 years after the dot crash. Invest in ETF and growth mutual funds vs individuals stocks.", "likes": 0}, {"author": "@saeedtoukhi2992", "comment": "Hi Brandon, thanks for all your videos. I am a beginner in the stock market and I've learned so much from your videos so far. I have a question, what is your opinion on BlackBerry?! do you think it's a good time to buy that?", "likes": 2}, {"author": "@markdavletshin5598", "comment": "Stock market is an bubble? How about the currency is in the bubble \ud83d\ude0b. It's not that stocks get more expensive,  it's the currency that gets you less assets, be it stocks or real estate.", "likes": 0}, {"author": "@ayshabrazeau5700", "comment": "Ur cute", "likes": 1}, {"author": "@kdelete4949", "comment": "Market usually crashes when people least expect it to. Shot it may not crash for like another 10 years. Just have a plan and invest consistently.", "likes": 1}, {"author": "@lekang8179", "comment": "The biggest difference between the current tech sector and the 2000 tech bubble is profitability. Back in 2000, those tech companies did not make money at all and a lot of ideas were far from realization, but current tech companies are making A LOT of money and their ideas are more realistic and achievable.", "likes": 0}, {"author": "@eagle.the.6ix430", "comment": "Can you do a portfolio update video for us all?", "likes": 1}, {"author": "@AndroidBugler", "comment": "No shame in a 36% gain. Anyone making fun of you is dumb money, IMO. Those are the people who will watch TSLA correct and will be crushed by their arrogance.", "likes": 2}, {"author": "@Phakaday", "comment": "Wrote a report about buying Apple stock back in 2001 for college. We didn't have the resources and knowledge to open up a brokerage account and invest back then. I didnt know anyone that played in stocks or even have a 401k.  Kids should consider themselves lucky with the knowledge at our finger tips now. No fee trades and instant profolio updates. I am old:( lol", "likes": 3}, {"author": "@carndacier", "comment": "Thanks for the video  Brandon. You got me \"back down\" on Earth when you said that everyone is a genius in a bull market. I feel like I predicted some good stocks (SPCE, VERY at 1.05$, EH at 11$). but might just be caused by the overconfidence.\n\nI find it harder and harder to buy shares that I feel so overvalued... I don't want to buy at the peak and hold for 17 years :D \n\nand DCA'ing is difficult in Canada on US stocks...\n\nAnyway, thanks for the vid, looking forward to the next one !", "likes": 1}, {"author": "@BusinessReportShow", "comment": "I've been owning Tesla since 2015...I chose a different strategy with Tesla and looked at it growing to a Ford/Toyota/GM type of company, so up or down, my thesis was to hold this even if I loss money.  That being said, I've started adding trailing stop losses over the last year as I agree with you, it is super overvalued and high right now.  That being said, you shouldn't be upset on a 36% return on a stock.  You made a big profit on a stock trade.  Keep up the content!  You've been an inspiration to me starting my channel.", "likes": 0}, {"author": "@InvestingWisely", "comment": "Good video my friend I invested through the dot com bubble and the way people were acting then is exactly how people are now. But I think it is worse now and the crash will be worse.\n\nWorking on a video on why I feel this way. But just wanted to say this is a great video, I have lost so much respect for many YTubers they are feeding the frenzy instead of saying what they know is true.", "likes": 0}, {"author": "@jo-annmacdonald", "comment": "Can you do a video regarding in trust investment accounts for minors?", "likes": 0}, {"author": "@bigcscards4332", "comment": "When you get a Brandon add on a Brandon video \ud83d\ude06", "likes": 0}, {"author": "@nighatnaqi6797", "comment": "Confusing\ud83e\udd2f keep investing , put money aside for a crash, pull back, sell & take profits,stay invested, crash coming soon, this overrated stock prices lasting a decade & what not\ud83e\udd2f", "likes": 0}, {"author": "@maximkolomiets4130", "comment": "Great video. I sold my FB when it reached $208 with 30% gain because I thought it\u2019s getting overvalued. The same lesson learned - do not sale the stock just because you think it\u2019s getting overvalued. I thought Tesla was overvalued at $300 pre-split and where it\u2019s now.", "likes": 6}, {"author": "@beckz4952", "comment": "I like these types of videos, it's almost like listening to a podcast. Thank you for posting.", "likes": 21}, {"author": "@cookshackcuisinista", "comment": "Wise man that you are!", "likes": 0}, {"author": "@joshua1608", "comment": "Differences 20 years ago not everyone had a computer in their hand", "likes": 37}, {"author": "@techinvesting8841", "comment": "I would have invested in Amazon and Microsoft in 2001.... but I was 8", "likes": 8}, {"author": "@albond11", "comment": "Being right, too early is my biggest fault as well, trigger happy for a good entry. When buying call options, it\u2019s death!", "likes": 0}, {"author": "@albond11", "comment": "Doubt if we\u2019ll get a crash,  just a healthy correction . Then normal returns will commence.", "likes": 1}, {"author": "@Slickpete83", "comment": "the US yield curve is not inverted so therefore no recession in the near term \n\nthe US treasury yield curve inverted in the fall of 2019 which predicted the Covid stock market sell off in early 2020, Yield  Curve Inversion has predicted every recession in the past.\n\nhttps://www.treasury.gov/resource-center/data-chart-center/interest-rates/pages/textview.aspx?data=yield", "likes": 2}, {"author": "@FinancialFutureGuideAlexCourt", "comment": "I see everyone talking about Couche Tard. Important to note that they will have to take on significant debt to make the acquisition as planned, however, they have previously turned around struggling companies. I think Couche Tard has definitely become a riskier play than before but with a strong management team, this is a good long-term play.", "likes": 6}, {"author": "@beatrizjumawan8884", "comment": "100,000 subs!!! WAY TO GO BRANDON AND TEAM! \ud83c\udf89\ud83c\udf89\ud83c\udf89", "likes": 12}, {"author": "@scottmills524", "comment": "Ive been cutting profit on a lot of stocks. But still buying telus and TD", "likes": 2}, {"author": "@nelfaria91", "comment": "Hey Brandon, great video.  Just wondering when are you going to do an update on results of your 2020 stock challenge?  Thanks and looking forward to the results.", "likes": 1}, {"author": "@bigcscards4332", "comment": "I\u2019m thinking about dumping all my shares to have cash on hand for when the bubble bursts. It\u2019s hard to do so knowing you can potential lose money but I think it\u2019s the safe play. Especially hard since I have bio shares that have been on such a run.", "likes": 1}, {"author": "@albond11", "comment": "Very true, rising tide lifts all boats. So many more people to markets and getting crazy awesome returns, and not realizing what\u2019s around the corner,  rude awakening. It happened to me before, and will happen again to many others. Euphoria is huge Red Flag, Tread Carefully \ud83e\udd1e\ud83c\udffc\ud83d\udcb0\ud83d\udcb0\ud83e\udd1e\ud83c\udffc", "likes": 0}, {"author": "@Willtopia", "comment": "Stock will only crash if there is something new to shake the market. The market already know that it is overpriced. Follow the trend and it Will be alright", "likes": 0}, {"author": "@arshaeskandari7462", "comment": "I hope it crashes so we can buy cheap \ud83d\udc4d", "likes": 1}, {"author": "@j.p.6228", "comment": "Congrats on 100k man!!!!", "likes": 9}, {"author": "@MrMelrays", "comment": "Trend is your friend till it ends. I remember after the dot com bubble nobody wanted to own shares. That is when you know it\u2019s the bottom.", "likes": 3}, {"author": "@21ZacDUDE", "comment": "Carrier is kind of an exception because it went up because covid people need clean air quality more now then ever. But I get your argument.", "likes": 0}, {"author": "@jagjitanand8008", "comment": "Another gem Brandon... thnx bro .. keep going .. cheers\ud83c\udf7b", "likes": 0}, {"author": "@johnkastelic8339", "comment": "Congrats on the 100k subscribers....love the Buffett reference and I believe he\u2019s been fading his positions to increase his cash on hand as well.  Good luck to getting the next 100k.", "likes": 0}, {"author": "@KelechIwuaba", "comment": "Learning to evolve with the time is very important. I am also learning that sometimes riding the wave for the market is more beneficial than being a contrarian for so long", "likes": 1}, {"author": "@hermandhillon6518", "comment": "We have mutual friends next time you're in the West end hit me up let's talk stocks", "likes": 0}, {"author": "@j.p.6228", "comment": "Appreciate the Tesla story buddy! We all been there... missing out on something. Maybe not that much but \ud83d\ude02 love this style video man, something I can listen to during the busy season work nights!", "likes": 2}, {"author": "@baodo7905", "comment": "So many people claim to admire Warren Buffett and then  proceed to do the exact opposite of what he does", "likes": 106}, {"author": "@Friday773", "comment": "Thanks Brandon. You offer wisdom way beyond your 25 years. You are an optimistic realist. I absorb your messages & feel confident we can change strategy to suit the circumstances, no matter what situations arise.  Cheers!", "likes": 1}, {"author": "@emanuelsoares3750", "comment": "Honestly, I haven't watched all your videos but of the ones I have? This might be your best. Really great advice that is being echoed by others on this platform. You don't have to like what you see, but you'd be foolish to not benefit from it.", "likes": 1}, {"author": "@PerfectPoint100", "comment": "When Biden starts closing business like Canada did the market will drop.", "likes": 1}, {"author": "@sumtang2502", "comment": "I am currently 75% in cash, would LOVE a crash, not selling any of the 25% at the moment. Is this decision right? I am owning just airlines, banks, xle, and tsla", "likes": 7}, {"author": "@bulgiriri", "comment": "What do you think about Couche tard stock is is a good buy now after the 10% drop? Thanks", "likes": 24}, {"author": "@RyanThomasWoods", "comment": "Loved this sit down off the cuff video\ud83d\udc4f\ud83c\udffb\ud83d\udc4f\ud83c\udffb", "likes": 1}, {"author": "@Victor-zu5bq", "comment": "Playing tesla is like playing hot potato with a grenade! You hope you can get rid of the stock before it goes boom. Don't blame you for taking a reasonable gain...", "likes": 6}, {"author": "@jershir7599", "comment": "Everyone thinks they can box until they get punched in the mouth.  Be careful out there!", "likes": 0}, {"author": "@kylechallis6861", "comment": "Invest in Energy! Big discounts, large dividends, and well below pre-pandemic levels. The best move for 2021 with overpriced tech stocks.", "likes": 4}, {"author": "@angelotoledo", "comment": "Congratulations on hitting 100K subs! :D", "likes": 1}, {"author": "@Steve_Takes", "comment": "Who's to say the bubble is confined to 2021?", "likes": 0}, {"author": "@RyanHarrisonYT", "comment": "Idk about you guys but I'd just be licking my chops if the market fell like it did back in the tech bubble days lol", "likes": 2}, {"author": "@gurpreetvirk7517", "comment": "great video brother, lot of help full info :)", "likes": 0}, {"author": "@Bondanalloy", "comment": "bb to the moon", "likes": 0}, {"author": "@shazmanu786", "comment": "Love the honest reflection that happens even during your video. Uncut is best!", "likes": 6}, {"author": "@FelipePereiraFP", "comment": "Great video! The market is too complex and that\u2019s why I don\u2019t try timing it. Instead I focus on finding valuable stocks.", "likes": 3}, {"author": "@Kavser", "comment": "I LOVE THIS!", "likes": 0}, {"author": "@Dave004", "comment": "Don't feel bad about selling Tesla. Its a spec stock. The valuation is a joke and anyone who says otherwise is crazy. At their current price they'd need to almost triple the sales of the highest selling car manufacturer in the world to justify their market cap. That would be 30 million cars per year, and Tesla sold a record 500,000 cars this year. So they'd have to go from 500k to 30 million units.....cmon, never gonna happen.", "likes": 11}, {"author": "@jamesbrock1883", "comment": "I feel if the riots in the US will be bad enough, the market could crash.", "likes": 1}, {"author": "@Montyy123", "comment": "interesting vid!", "likes": 0}, {"author": "@koolaidpuc", "comment": "Everyone is a genius in a bull market!", "likes": 138}, {"author": "@susanxyz", "comment": "I've been selling my positions for a couple of days, now I have 50% cash in my portfolio and I'm comfortable with it!", "likes": 1}, {"author": "@regisleclerc1447", "comment": "There are always deals on the market though. Look at couche-tard this week. Have you ever covered Couche-Tard stock Brandon?", "likes": 4}, {"author": "@huytran-hf6ts", "comment": "Profit is profit. get it and move on", "likes": 19}, {"author": "@regisleclerc1447", "comment": "Everyone thinks we are in a bubble...even my grandmother..so I'm very selectiv on my buys", "likes": 9}, {"author": "@davidwilson9976", "comment": "Pigs get slaughtered.", "likes": 0}, {"author": "@ghadi202X", "comment": "1.9 trillion of potential stimulus from Biden \nthe bubble isn't going to pop in 2021 maybe in 2022", "likes": 10}, {"author": "@beaviswealth", "comment": "\ud83d\udcc8\ud83d\udcda As always, if you're a beginner to the Stock Market in Canada and you're looking for a step-by-step blueprint on how to get started... Find out more about our Investing Academy here - https://bit.ly/theinvestingacademy\n\nMore or less a brain vomit video today...! Messy... but I'm interested in hearing your thoughts! Leave a comment down below! Thanks for watching :)", "likes": 19}, {"author": "@snaking5423", "comment": "It\u2019s always interesting to watch his videos \ud83d\ude01", "likes": 1}, {"author": "@michaeltanquiza8960", "comment": "Worth watching \ud83d\ude4c", "likes": 0}, {"author": "@f3wbs", "comment": "Just the type of vid I needed.", "likes": 2}]