[{"author": "@beaviswealth", "comment": "\ud83d\udcc8\ud83d\udcda Join The Investing Academy \u27a4 https://bit.ly/theinvestingacademy \r\n\nCheck out this Live Simulation of my Credit Score.  Find out what makes your score go up and down, with real life examples.  If you need to borrow money, take out a loan, apply for a mortgage.. these are the things you need to know.  Enjoy.", "likes": 2}, {"author": "@angelomartin6888", "comment": "Is there a negative impact on my credit score every time I check using my bank app?", "likes": 0}, {"author": "@ethanhernandez3211", "comment": "I am DOOMED.", "likes": 0}, {"author": "@mikeyoung7640", "comment": "What if you have no interest in getting a loan or anything you just want credit cards because of the rewards and you don\u2019t need a loan for anything at all? Also, how long does hard inquiries affect your chances ofgetting new credit cards?", "likes": 0}, {"author": "@justinpharand8454", "comment": "I closed a mostly worthless (to me) credit card recently. I've heard closing credit cards has a negative effect on credit score, it that true? I never missed payments or anything. Just switched to better cards.", "likes": 0}, {"author": "@xsrisky177", "comment": "i recently got a credit card and wanna learn how to properly gain score, how much of my limit (for me 2000 by default) should i use? should i ask for a higher amount to have a bigger buffer on what i spend versus  dont on the limit or should i leave it etc etc?", "likes": 0}, {"author": "@oduledamilola4703", "comment": "That you so much, this is helpful", "likes": 0}, {"author": "@albertalandlordswatch", "comment": "great video - thank you!", "likes": 0}, {"author": "@mattd2103", "comment": "Great video! Quick question: we recently paid off all revolving credit in our names, and now we're being dinged for not using any of our available balances. \ud83e\udd23\ud83d\ude44", "likes": 0}, {"author": "@jeanpineda8381", "comment": "Hello if I get my score in trans union is it affected for my credit score or lower my score pls advise tnx", "likes": 0}, {"author": "@momo35444", "comment": "great video marc. thanks for the knowledge. really appreciate it.", "likes": 0}, {"author": "@captainblando", "comment": "I think income will trump a  bad credit score", "likes": 0}, {"author": "@jayr8134", "comment": "Hi Marc, why would someone like you care so much about their credit scores? I mean you are 60 and retired, so you would've accumulated a decent nest egg and would be free of larger debts (otherwise who could retire). Isn't credit and credit score meant for people who would like to borrow at some point in time, so if you don't have such plans, then why care\ud83e\udd37", "likes": 1}, {"author": "@juanperez-gh8bl", "comment": "An important topic in any country, of course, Credit Score can help even in another place, if you've a good credit history, migration programs can work better. \n\"Un tema importante en cualquier pa\u00eds, por supuesto, el puntaje crediticio puede ayudar incluso en otro lugar, si tiene un buen historial crediticio, los programas de migraci\u00f3n pueden funcionar mejor.\"", "likes": 0}, {"author": "@deniselittle5558", "comment": "I have a few questions about this topic and hoping you might be able to answer.  What about applying for some form of credit, getting the credit, paying said credit, but the company does not report to the credit bureau's. Does it affect your credit differently than if they do report to the bureaus? I have a hit on my credit report showing they enquired on my credit and have paid off the purchase over 9 months but since they did not report to the bureaus has it affected my credit score negatively that there was an enquiry - does it make it look like I was rejected for that credit?  Another question I have - will it affect your score negatively, positively or neutrally if you pay your full balance before the credit card company reports to the bureaus each month - in other words they are always reporting a zero balance. Should you pay that balance right after they have reported rather than before? One more question: If you carried a largish balance for a couple months or more then suddenly paid it all off at once will this impact your credit score negatively or positively. Thank you for this video - it's nice to get this information from a reliable source.", "likes": 0}, {"author": "@Adrian-cn5rk", "comment": "Question, for your inactive credit cards, wouldn't the issuer close those accounts? Or do they remain usable indefinitely?", "likes": 0}, {"author": "@djayjp", "comment": "Records includes Consumer Proposals", "likes": 0}, {"author": "@djayjp", "comment": "Condo in Vancouver for $300k \ud83d\ude02", "likes": 0}, {"author": "@Slimshady316", "comment": "Loved this video! Can\u2019t wait for more personal finance videos from you, Marc.\ud83d\ude42What about opening multiple bank accounts? Does that impact credit score? I know a lot of people who open accounts for the promotions where they can earn $400-$500", "likes": 0}, {"author": "@Jimmy-vy8gy", "comment": "Thank you so much for making this video, Marc! As someone who doesn't have much financial literacy, these types of videos are REALLY helpful. \nI hope you & Brandon will/can do more of these types of videos.\nThank you again for always sharing your guys' knowledge with us \ud83d\ude4f\nI look forward to future videos \ud83e\udd70\ud83d\ude47\u200d\u2642\ufe0f", "likes": 4}, {"author": "@pwong0227", "comment": "This is a good info  video for new immigrants to build their score. Marc beat my score of 835 as I apply new credit cards to build my free aeroplan points.", "likes": 0}, {"author": "@ArmaniV03", "comment": "Great beginner guide, I would love more info on credit score related topics :)", "likes": 2}, {"author": "@gg2cool4u", "comment": "I love this BMO tool, thanks for demonstrating its flexibility and practicality when considering taking actions that may affect our scores!", "likes": 1}, {"author": "@roberttaylor3594", "comment": "that was very useful!  I miss a payment from time to time ( twice a year?) by accident, haven't missed 30 days for...a long time.  I will be more careful!", "likes": 0}, {"author": "@darrensmith6801", "comment": "Having an excellent credit score doesn't always get you the loan you need. My credit score is above 800, and I own my own business. Because I am a sole proprietor and do not own my home, I can't get a loan for anything.  I can get credit cards with high credit limits, but can't get a loan.", "likes": 9}]