[{"author": "@beaviswealth", "comment": "\ud83d\udcc8\ud83d\udcda\ud83c\udde8\ud83c\udde6 Join The Investing Academy Today - https://bit.ly/theinvestingacademy\n\nI hope you guys enjoy this 1-hour presentation from PPCIan. For those not subscribed to Ian's channel, you can do so here - https://www.youtube.com/channel/UCXtrYuGksGkkyls50lPWvYQ. Ian has also kindly shared the excel spreadsheet for download for those that want to follow along - https://www.dropbox.com/s/wvdtvlnfloshhry/PPC-Ian-Yield-On-Cost-Copyright-20220826.xlsx?dl=0\n\nLeave a big thumbs up on the video if you like dividend investing! Which do you prefer - high income or dividend growers? Leave a comment down below!", "likes": 6}, {"author": "@samuelhernandez2542", "comment": "Great video! Thank you :D", "likes": 0}, {"author": "@p.c.h.6721", "comment": "I thought the video was about showing why one strategy was better than the other, not about individual companies, personally I\u2019d never buy a company based dividends", "likes": 0}, {"author": "@thumperjr100", "comment": "This was fantastic, great content.", "likes": 1}, {"author": "@suemeechae", "comment": "To anyone considering subscribing to PPCIAN,  do it!  His analysis is outstanding, his thinking is super clear, and he makes it so accessible. As a long time subscriber on YT and Patreon I tell you he's worth it!", "likes": 2}, {"author": "@ItsBurnahMan", "comment": "brandon you let me know about ppcian and i love his channel. excited to watch this", "likes": 1}, {"author": "@aldocustomupholstery2853", "comment": "I\u2019m curious as to what happened to the $20/month academy subscription. Is that no longer a thing? On your site, when clicking on \u201cbecome a member\u201d all it does is takes me to an email phishing landing page to to watch a \u201cfree case study\u201d. A little cumbersome.", "likes": 1}, {"author": "@Andformerthingshavepassedaway", "comment": "Who wins, lol, how can we keep out portfolio growing at 2% a year? And take  5% in Dividends, thats it guys need a week a month off.", "likes": 1}, {"author": "@davidstenner3136", "comment": "I feel lucky that Ian was the first financial Youtuber that I found in march 2020, after watching tons of them Brandon and Ian are two that give out solid advice and info", "likes": 3}, {"author": "@solsa2024", "comment": "Great presentation Ian, thanks.  It certainly helps not only the student of The Investing Academy, but also occasional investor like me. As it was said, each person needs to figure out its goal before choosing the investment strategy.", "likes": 1}, {"author": "@DividendDiplomats", "comment": "Fantastic video.  Can we say both? :) In all seriousness, I like a portfolio that has a blend of high yield, low dividend growth stocks and low yield, high dividend growth stocks.", "likes": 2}, {"author": "@saigon9706", "comment": "Ian/Brandon, \n\nGreat video! As a PPC Ian Patreon member, I am glad to see Ian\u2019s hard work reaping the harvest!\n\nBen", "likes": 2}, {"author": "@OfficialMutey", "comment": "The rate of inflation and time value of money taken into consideration? \ud83e\udd14", "likes": 2}, {"author": "@zgreg427", "comment": "Dividend investors most ignorant.   Dividends paid out of retained earnings.   Zero change in wealth.   Stock price drops by payout.   So ignorant its scary.", "likes": 2}, {"author": "@brookybrookz2255", "comment": "And which column shows the quarterly payout?", "likes": 1}, {"author": "@brookybrookz2255", "comment": "Hey you see on the chart where it says divedend, is that the pay per share?", "likes": 1}, {"author": "@ppcian", "comment": "Brandon, thank you so much for your incredibly kind words!!! You are MY favorite YouTuber. It is always an honor to present in The Investing Academy. I am grateful for the opportunity. And, I am beyond excited that you decided to share this presentation here on YouTube. Thank you, my friend. I hope everyone enjoys the video!", "likes": 38}, {"author": "@brucecampbell208", "comment": "Excellent presentation.  Makes me want to spend the money on the Investing Academy.  The one thing I will say is that this assumes you are able to buy fractional shares which most Canadian brokers at least at this time do not allow to happen.  Still the concepts in here are excellent for any investor!", "likes": 5}]