[{"author": "@beaviswealth", "comment": "\ud83c\udf9fInvestor Social Vancouver Event Tickets - https://www.eventbrite.ca/e/investor-social-vancouver-tickets-627206661007\n\ud83d\udcc8Join The Investing Academy \ud83c\udde8\ud83c\udde6 \u27a4 https://bit.ly/theinvestingacademy \n\ud83d\udcf1Download Blossom Social (See My Exact Portfolio & Trades) \u27a4  https://getblossom.page.link/brandon\n\nMarc and I are so excited to meet the Vancouver subscriber gang!! Come out and show some in-person love!! :D The tickets are live and are selling out quickly - Get your hands on em while you can! Only 100 are available! See you on the 29th! \ud83d\udc4b\ud83c\udf7b", "likes": 1}, {"author": "@TomTom-ks2ol", "comment": "Why after almost 500 videos, you are not able to get the message across? That one would need your coaching? Why hide the price of your course?", "likes": 0}, {"author": "@Chessnut49", "comment": "This was fun to watch. Marc if you were a chess player, I would bet you love to play gambit. Remember the old saying \" Old age and treachery will always beat youth and skill\". \ud83d\ude02", "likes": 0}, {"author": "@stephanielanoislesage8823", "comment": "Thanks Marc for taking the time to compile the data, really enjoy thoses videos ! :)", "likes": 0}, {"author": "@carlosdavalos8465", "comment": "great video, insightful!", "likes": 0}, {"author": "@sebastienboulay4696", "comment": "Do you have any dates for Montreal and Toronto meeting ?", "likes": 0}, {"author": "@engelzman", "comment": "I love the stock battle videos, and this was a really fun video you did! Really cool to go back and reflect on wins and losses as all investors will have them. Now let\u2019s hope everyone doesn\u2019t start siding with Marc just because his track record \ud83d\ude02", "likes": 4}, {"author": "@juanperez-gh8bl", "comment": "Gran video, creo que muchos queremos este video. Claramente Marc suele seleccionar empresas bastante solidas con historial de dividendos fuertes; creo que son elecciones seguras, las de Brandon son buenas tambien, pero quiza con empresas que ser\u00eda mejor mantener mas tiempo para ver crecimiento. Por ejemplo BABA.\n\n\"Great video, I think many of us want this video. Clearly Marc tends to select fairly solid companies with strong dividend histories; I think they are safe choices, Brandon's are good too, but perhaps with those companies that it would be better to keep longer to see growth. For example BABA\"", "likes": 0}, {"author": "@terrylevine", "comment": "Brandon seems really thirsty. \ud83d\udc85\ud83c\udffd", "likes": 0}, {"author": "@CanadianDividendInvesting", "comment": "Awesome update Brandon! Awesome stuff!", "likes": 0}, {"author": "@canpin", "comment": "Can you please create portfolio profiles based on age or investing horizon. Thank you!", "likes": 0}, {"author": "@canpin", "comment": "Young= Intelligence\nMature= Wisdom\n\ud83e\uddd0", "likes": 1}, {"author": "@atio5491", "comment": "2021 feels so long ago but I know I watched these battles because I was here before Marc joined the channel. How time flies", "likes": 0}, {"author": "@eddy563", "comment": "I bought Costco after seeing your battle.. you prompt me to dig into it deeper. Cheers!", "likes": 0}, {"author": "@airtonnba3580", "comment": "Hello everyone, I'm looking to start a portfolio, however I don't know much about investments, but I realized that dividends would be a good start. I don't really know where to start, could you help me? This week I made my account at wealthsimple, is it a good option? What others would you recommend to someone just starting out? I found a lot of information that some say yes, others don't, but does the Canadian government really charge tax on dividends or not? All comments will be very welcome and I thank you all.", "likes": 0}, {"author": "@yannicknantel6284", "comment": "Nice Montr\u00e9al \ud83c\udf89", "likes": 0}, {"author": "@OfficialMutey", "comment": "This was fun to watch. Experience wins!!! \ud83d\ude05", "likes": 0}, {"author": "@andvfx", "comment": "Nice video! See you on the event in vancouver!", "likes": 0}, {"author": "@abubakarimtiaz2199", "comment": "Love watching you guys and stock battle videos!", "likes": 0}, {"author": "@momo35444", "comment": "what a great video. I loved it. very insightful!!! you guys are great together. good chemistry.", "likes": 0}, {"author": "@00deadmoney41", "comment": "Marc walloped the boy, not too surprising. Keep up the good vids Marc.", "likes": 0}, {"author": "@CrankingAllDay", "comment": "Where can I get calgary tickets?", "likes": 0}, {"author": "@cirentXD", "comment": "Didn't even know I could vote anywhere", "likes": 1}, {"author": "@MountainFinance", "comment": "Great job Marc, now Brandon has some motivation to find some hidden gems.", "likes": 1}, {"author": "@FrancescaCadhit", "comment": "Excited about the Toronto event!", "likes": 0}, {"author": "@mr.xernorus4026", "comment": "What to take from this video. Dont follow the mass, majority is often wrong.", "likes": 0}, {"author": "@wingmi12ster", "comment": "Maybe add a score for one year vs multiple years as well. Fun video!!", "likes": 0}, {"author": "@tsvetelinapeeva8796", "comment": "Can we get an update on CVS. I did great during the pandemic yet it lost all momentum. It will be interesting to compare what Mark brought as arguments back then and if they still stand strong dispite. Thank you", "likes": 0}, {"author": "@smallmj2886", "comment": "Um, Montreal and Toronto aren't on the East Coast.  It takes East Coasters hours to fly west to Toronto.", "likes": 1}, {"author": "@saifriyami4002", "comment": "You are impressive MARK.", "likes": 0}, {"author": "@deadroller", "comment": "great picks from Marc. For the most recent ones it is too early to tell, but let's see how they perform.", "likes": 0}, {"author": "@allangrace8662", "comment": "Do you have dates for the other cities you mentioned (including Toronto)?  Thanks.", "likes": 0}, {"author": "@InvestingRoofer", "comment": "Great video, keep Stock Battles videos coming!", "likes": 0}, {"author": "@ardentenquirer8573", "comment": "I voted with my money I bought  TRI and BATS  so you got a tie*** I did not have time to research any others \n\nBats is a save bet so I am letting it ride but TRI I am worried*** I do not trust any financial currently so lightening\n\nSo I enjoy your picks because it gives me something new to look at", "likes": 0}, {"author": "@AgnesPelletier", "comment": "I love the stock battles for the insights we get from your analyses. I would love it even more if the picks were based by sector, so the battle would be between companies within the same sector so we can understand better how sectors work (example: Utilities carrying debt, for example). Brandon: no matter whether you \"won\" or not, you always explained your theses behind your picks, which is really why we tune in for. You are still educating the masses, and that's great!", "likes": 4}, {"author": "@PP-nv3kd", "comment": "It was great fun watching it. Let's see how it rolls in few years..\n\nJust a suggestions - How about AI stocks to add in the mix...\n\nAs a young investor vouching for Brandon....", "likes": 0}, {"author": "@RG-gq3sh", "comment": "Great video.  Awesome to see the recap.", "likes": 0}, {"author": "@limerick6522", "comment": "Interesting video but 2 things are missing: 1- total returns for all your picks from the day you picked the stocks and today and 2- how do your total returns compare to the Can and US indexes.  Individual stock performance doesn\u2019t mean much if you don\u2019t compare it to the market during that same period. It\u2019s pretty hard to pick stocks and beat the index.", "likes": 1}, {"author": "@roberttaylor3594", "comment": "'Stock Battle's is one of my favourites.  Of all those, I wish I had bought some KOF after I saw the battle...I almost did, which counts in Horseshoes and hand grenades.", "likes": 0}, {"author": "@taehwahong5824", "comment": "So fun video. Thank you Marc and Brandon. Congrats Marc ha ha", "likes": 0}, {"author": "@Money_Man_Meech", "comment": "When for Montreal", "likes": 1}, {"author": "@derekcox6531", "comment": "Great episode guys.\ud83d\udc4d", "likes": 1}, {"author": "@jg-xx8oh", "comment": "What happened to Winnipeg", "likes": 0}, {"author": "@joeyh5325", "comment": "Great Video, and looking forward to watching stock picking battle again soon.", "likes": 0}, {"author": "@CosmicRevolution459", "comment": "Great video guys!", "likes": 0}, {"author": "@j-pletourneau6926", "comment": "Very entertaining and interesting! Thank you from Ontario!", "likes": 2}, {"author": "@dominiquetheeasyminimalist", "comment": "I was a Cisco voter \ud83d\ude01", "likes": 0}, {"author": "@gorfimus", "comment": "This was really fun! I'll be sure to start voting for future stock battles!", "likes": 4}, {"author": "@evadeanu1", "comment": "Such a great video, you two again!\nI see Brandon 1-2 hours daily as new student in The Investing Academy, although I am part of the mature generation, so I can\u2019t wait to meet you Marc and chat on May 29!", "likes": 0}, {"author": "@ajaysinghrathore51", "comment": "Good content!!", "likes": 0}, {"author": "@ec938", "comment": "Love the stock battle videos and great summary of the stock battles to date! This video really reinforces that everyone should be reviewing their stock picks and testing to see if their hypothesis was right at the time. Lots of lessons learned from practicing this regularly. Keep up the great work Brandon and Marc!", "likes": 4}, {"author": "@Joshua-zw7jl", "comment": "Can't wait to see you in Calgary!", "likes": 0}, {"author": "@BluebeardsWifeR6", "comment": "Toronto is pretty far from the east coast, should go to St. Johns", "likes": 2}]