[{"author": "@bergeronyb", "comment": "The way I see it, when all your signals will be yes it will be too late!", "likes": 1}, {"author": "@luvju85", "comment": "Hi Marc, big fan of you and this series but looking at the markets & the Fed today - I don't really see how/why the markets would go considerably down from here due to economic conditions which you also present using some of the many indicators (yes, there could be other surprising Geo-political triggers). \nAlso, the Market=the tech giants mainly which seem to overvalued right now riding on the AI wave. So, unless the AI wave settles down - I don't really see a big crash coming.\nHaving said that, I love the analysis and I hope it makes sense in the near future and we do see the No's come True.", "likes": 0}, {"author": "@saltydawg5489", "comment": "i only started investing a year or two ago, and ive watched some of your videos, usually once a month i see one pop up.  I watch them hoping that i will eventually understand what youre saying.  I still dont, but i realize that you do not draw any conclusions.  so i dont understand what youre saying and there isnt any take away at the end.  this isnt a criticism really..    im still young enough that i can hold my investments, i dont need to sell them yet, and i hope they will grow.  but i do try to wait till the market is down to buy my stocks, kinda feels like they are on sale..  and i hope that when i want to sell..  that the market will be high..  so heres my question.  what am i to take away from this video  are you actually telling people that these factors would tell you whether to sell or buy?", "likes": 0}, {"author": "@blackgrandpa7652", "comment": "Thanks for your thoughts on the current market situation we the north", "likes": 0}, {"author": "@winforyou4630", "comment": "Nice interpretation as I value your insights! Thanks.\n\nVIX: personally giving less weight now as 0DTE suppress small moves and short lived spikes now.", "likes": 0}, {"author": "@Azel247", "comment": "I'm curious why the recession typically comes after some of these metrics bump up.", "likes": 0}, {"author": "@terryslipp3148", "comment": "I so much appreciate your updates. As a relatively newbie investor in the markets, the updates give me a some perspective in this rather turbulent time. Thank you so much!", "likes": 4}, {"author": "@sachacadoret2757", "comment": "Tanks Marc!! \ud83d\udc4d Merci beaucoup \ud83d\udcb0\ud83d\udcb5\ud83d\udcb8\ud83d\udcb0", "likes": 0}, {"author": "@AceVenturaXii", "comment": "It always seems longer than a month between videos. Thats how much I look forward to these. Can hardly wait month to month!", "likes": 12}, {"author": "@momo35444", "comment": "thanks Marc. great video! always a pleasure to watch and get free knowledge from you.", "likes": 2}, {"author": "@spacebarwasd9782", "comment": "Once the interest rate goes back down that's when things start to turn around", "likes": 0}, {"author": "@Kevin_Street", "comment": "Thanks again for this video! I really enjoy your analysis of these economic indicators.", "likes": 8}, {"author": "@Tobi_Jones", "comment": "always appreciate the insight on these metrics", "likes": 4}, {"author": "@RyH10", "comment": "Thanks Marc. Im starting to think because we knew it was coming, we helped prevent a recession and in this case bailed out the fed. \ud83d\ude02", "likes": 0}, {"author": "@GrantPatriarca", "comment": "When I hear people talk about 2008, some say it took a long time for the market to crash even though there were signs at least a year before it was going to crash due to all the lending. In the meantime, the stock market kept going up similar to how it is going now. Do you simply think, we are in that stage of defiance? That although all the signs are leading to a market crash, we are just way too ahead and that is why people like me keep saying none of this makes sense \ud83d\ude05???", "likes": 3}, {"author": "@ardentenquirer8573", "comment": "YES, NO, MAYBE >>>>A wait and see game", "likes": 2}, {"author": "@tscape165", "comment": "I think there is more speculation than ever in the market\u2019s history today, propping the markets up artificially.  Gonna be a big correction when it happens.", "likes": 0}, {"author": "@Joej1871", "comment": "First!", "likes": 0}]