[{"author": "@beaviswealth", "comment": "\ud83d\udcc8\ud83d\udcda As always, if you're a beginner to the Stock Market in Canada and you're looking for a step-by-step blueprint on how to get started... Find out more about our Investing Academy here - https://bit.ly/theinvestingacademy\n\n\r\n\r\nThank you to Passiv for sponsoring today's video - https://passiv.com?ref=RGAMTXSUAM", "likes": 2}, {"author": "@sademurphy8886", "comment": "Hi", "likes": 0}, {"author": "@lecorb8825", "comment": "Great video, exellent quality of content.", "likes": 0}, {"author": "@alastairclarke", "comment": "Just saw this. We were in Manhattan last week and I was surprised to see so many TDs. They're all over the place! I didn't expect to see so many TD logos in NYC.", "likes": 0}, {"author": "@mano-spherered4852", "comment": "More plz", "likes": 0}, {"author": "@adriancaarolli", "comment": "Can you do a deep dive on BMO? I enjoy these deep dives you do!", "likes": 0}, {"author": "@House-fp4sg", "comment": "Thank you, how about Royal Bank", "likes": 0}, {"author": "@joeindo9174", "comment": "I'm 10 months late to the party , but I have to agree with all the other top comments. Deep dives like this are phenomenal. Hard to get this kind of info from other blogs/vids they are all shallow and quantitative.\nPlease make more for all the canadian juggernaughts. :D", "likes": 0}, {"author": "@marctrottier3732", "comment": "...yes please...maybe a top 20 blue chip canadian companies...minus TD of course...", "likes": 0}, {"author": "@kseniashepel9416", "comment": "What do you think of Alberta Treasury Branch and where do they sit i comparison to others", "likes": 0}, {"author": "@catherinedesilets8960", "comment": "As a complete newby that has no idea a lot of this terminology.. is there a way to directly invest into a bank as a safe bet (I\u2019m risk adverse & don\u2019t yet understand stocks) .. what do I call the stock if I want to put some TFSA funds directly into TD? Thanks", "likes": 0}, {"author": "@Dan-wg5gq", "comment": "It would be great to see a similar vid on the other canadian banks. I jabe recentley baught into scocia bank. I have been looking at Laurention bank it seems beaten down right now. But it may be a riskier investment . although if thex turn it around they jave in the past done much better. Thanks for the good information.", "likes": 0}, {"author": "@patassion", "comment": "Can you cover Bank of Nova Scotia", "likes": 0}, {"author": "@islandinfluence231", "comment": "Such a great dive in not only financials but acquisitions and potential liabilities! love this format., you're an OG. I would love to know your thoughts on the Canadian energy sector and a trusted energy company you may be a bit excited for. Thanks!", "likes": 0}, {"author": "@pamelakingwell2155", "comment": "Can you explain the BAIL IN that will devastate most people, please and thank you?", "likes": 0}, {"author": "@lindsaynavarro", "comment": "Really enjoyed this video! Thank-you Marc!", "likes": 0}, {"author": "@huyphamngoc4803", "comment": "Great deep dive! I would love to see other big Canadian banks especially Scotia or CIBC which own online banks like Tangerine and Simplii", "likes": 0}, {"author": "@BURGATRON", "comment": "I've never encountered DD's as detailed at this. Marc is definitely the greatest of all time at doing due diligence", "likes": 1}, {"author": "@achifeful", "comment": "Hi Brandon and Marc,\n\nThanks for the platform and the wealth of knowledge you two provide us. However I have a question with regards to Insured Retirement Plan (IRP), what are the benefits, risks and any recommendations on how to go about it? \n\nThanks", "likes": 1}, {"author": "@aliatoui8852", "comment": "Love these detailed videos Marc much appreciated. I would like to know more about BAM-A if possible and thank you so much.", "likes": 1}, {"author": "@engelzman", "comment": "Love the deep dives! Would be very interested in seeing a canadian telecom or utility.", "likes": 3}, {"author": "@jayr8134", "comment": "It's a great video idea Marc, like if we could know the long term prospects of some of these Canadian companies, like to see if they are a good long term buy or not.", "likes": 1}, {"author": "@briguys_adventures", "comment": "Thanks for the vidio I have been holding off on td due to the share price. Im looking at a 10 year buy and hold would it be wise to purchase the at 77.00 p/s  american equivalent and hold in rrsp ?", "likes": 1}, {"author": "@chadferreira6799", "comment": "Wow very impressed!!! This old veteran is a hard guy to impress, fact!!\nI thank mark and Brandon for these videos from the bottom of my heart \u2764\ufe0f.\nHad my phone call with Brandon sat March 5 2022. Great guy honest and very very transparent. I highly recommend this Chanel: wisdom for Informative information reguarding fianc\u00e9!!  \nMuch love and thanks you \nChad J Ferreira", "likes": 1}, {"author": "@scotttaylor3334", "comment": "Great show as always. \n\nI lived in the States for about 30 years, and have my 401k in TD Ameritrade. Is TD Ameritrade related at all to Toronto Dominion Bank? Where did they get the TD from?", "likes": 1}, {"author": "@NA-zn1bc", "comment": "Yes, please. How about CIBC bank for a deep dive. Thanks", "likes": 1}, {"author": "@TemujinBC", "comment": "This is the wholesome investing content I crave. Great stuff as always Marc!", "likes": 1}, {"author": "@pipus91", "comment": "Great video, I love Deep Dive! I would love you to do one on EIF - Exchange Income Corporation as I do not believe I ever saw someone do one on that stock. I personally own it and like it a lot, but I would like to hear your take on it. thanks", "likes": 2}, {"author": "@Nicolasdu5", "comment": "Jamieson wellness  JWEL", "likes": 1}, {"author": "@rosezarco6347", "comment": "Love watching all of your shows.  Can you please help me find a Canadian Wheat Stock.  I can't seem to zero in on what I am looking for.  thanks", "likes": 1}, {"author": "@juanperez-gh8bl", "comment": "Definitivamente en el futuro una de mis acciones ser\u00e1 TD para tener seguridad en el pago del dividendo, incre\u00edbles datos, no me siento capaz de sugerir una acci\u00f3n que no nombrar\u00e1 ya, pero si me intereso por alguna les contar\u00e9.\n\"Definitely in the future one of my stocks will be TD to have security in the payment of the dividend, incredible data, I don't feel capable of suggesting a stock that will not be named, but if I'm interested in one I'll tell you.\"", "likes": 1}, {"author": "@ItsBurnahMan", "comment": "scotia bank !", "likes": 1}, {"author": "@jaymather3546", "comment": "Yes. Keep them coming. I love them.   I assume Bell is next right? lol. Your Youtube Chanel reminds me so much of Rich Dad Poor Dad. lol  Its like Brandon is my friend and your his rich dad lol.", "likes": 1}, {"author": "@512Ryan", "comment": "This is the kind of video I want to see more of, great stuff!\nI'd like to see similar videos from other sectors.", "likes": 2}, {"author": "@helenguilbeault1197", "comment": "Really liked this \"deep dive\", would appreciate others like this on any Cdn. blue chip stock. Very very informative. Thank you.", "likes": 12}, {"author": "@bruce5895", "comment": "Pierre Pollievre who is the leader of the conservative party of Canada says that if he is Prime Minister that he will scrap the carbon tax and make life more affordable for Canadians and I agree because more taxes in the gov. pocket does not change the climate, technology does.", "likes": 2}, {"author": "@DabloEscobud", "comment": "More Deep Dives PLZ!", "likes": 1}, {"author": "@hamiltonmayers5510", "comment": "Awesome valuable content, would like to see Canadian brand ETFs companies deep dive .. like Hamilton or Horizon.", "likes": 1}, {"author": "@thegamingphile", "comment": "Would love a look at Telus!!", "likes": 2}, {"author": "@Stefan-od3us", "comment": "First time watching a deep dive video from you guys. Excellent video! Love the a scandal note at the end. It\u2019s really important to hear all aspects of a company.\n\nWould love to hear something like for Bell Canada", "likes": 1}, {"author": "@tapasya911", "comment": "Love this sir, can you please do a deep dive on Telus. Great content.", "likes": 4}, {"author": "@dtcrozier", "comment": "I would love a deeper dive into Gibson Energy! Great video!", "likes": 1}, {"author": "@BigGroupHug", "comment": "Mortgages are becoming less bank friendly.", "likes": 1}, {"author": "@Chinalife01", "comment": "Just subscribed this channel yesterday but it is really makes a worth.", "likes": 1}, {"author": "@kenchow8213", "comment": "Great video Marc.  Would love to see more deep dives in companies. How about Brookfield Asset Management (BAM)? One of Canada's biggest companies that most Canadians have never hear of and nearly 18% average annual return over the last 10 years.", "likes": 1}, {"author": "@RG-gq3sh", "comment": "Love the deeper dive content. This is what is missing on YouTube. Most other stuff out there is just a name of a company and \"it's going to blow up in the next 2-3 years\". This is a quality story. This channel never ceases to impress me with the variety of content.", "likes": 6}, {"author": "@chadferreira6799", "comment": "Yea great vid as always mark!!  \nHave you heard of NU ticker new bank in Spain apperently warren buffet sold all his visa stock to invest in this bank. As it will be the first bank to accept crypto currency\u2019s as legal tender. Mean while Charlie munger said crypto is like a verinal diease wow   But follow the $$$ I can\u2019t find this ticker symbol on WS\ud83e\udd14\ud83e\udd14and insite? Marc or Brandon.  Much love Saskatchewan Canada \ud83c\udde8\ud83c\udde6", "likes": 1}, {"author": "@donmcleod2235", "comment": "Wonderful presentation Marc! Well done. More of \"the same only different\" is welcome!  :)", "likes": 2}, {"author": "@ylevre3285", "comment": "I appreciate the deep dive. it would have been nice if you had at least said what the PEG ratio stood for (said the whole thing instead of just the acronym), yes to fully understand it i'll have to go google it anyways, but at least giving that small bit of detail is useful so i have some idea of what the ratio is about.", "likes": 1}, {"author": "@williamdedrick5095", "comment": "I would like to hear about smaller banks like Laurentian.", "likes": 1}, {"author": "@bhupinderbali2499", "comment": "Great video Mark, always looking forward to learn from you. We definitely want more videos like these..", "likes": 1}, {"author": "@thechriswrobelexperience1809", "comment": "Fantastic video! Well in depth!", "likes": 1}, {"author": "@MegaSnowman35", "comment": "Yes, if you could give us more on investing.\nThanks", "likes": 1}, {"author": "@taehwahong5824", "comment": "Another great dive into video. Would appreciate a  similar deep analysis into CNR as others mentioned. Thanks", "likes": 2}, {"author": "@terry8451", "comment": "Enjoyed this report as much as the the one you did on Enbridge Marc! Both are in my portfolio for the great dividends earned.", "likes": 1}, {"author": "@nitabennington", "comment": "Thank u so much for covering TD. I been eye in this company for quite some time. Would you be open to doing similar coverage on Scotia Bank and enbridge?", "likes": 2}, {"author": "@reddy4play61", "comment": "Good video. I\u2019d watch more of these", "likes": 1}, {"author": "@billrice1288", "comment": "Very helpful analysis.  A similar review of CNR and CP would be of interest to me.", "likes": 8}, {"author": "@khris5953", "comment": "Loves these big Canadian corporations series! Loved Enbridge and this one too!\nLooking forward to see more of these!", "likes": 5}, {"author": "@lukeyoung9839", "comment": "Love the deep dives on iconic Canadian companies! Bell, ticker BCE, would be a neat company to do a deep dive on.", "likes": 24}, {"author": "@desichick333", "comment": "Could you please do a detail look into cnr and cp ?", "likes": 9}, {"author": "@e5man4her", "comment": "Great video....how about similar deep dive into Railways....CP & CNR", "likes": 6}, {"author": "@dyingpentas", "comment": "I used all five Canadian banks in the past but I'm not so satisfied with TD and BNS's customer services. TD might be a profitable bank but for personal experience reason I don't wanna invest in it", "likes": 5}, {"author": "@web3tel", "comment": "great video, thank you.", "likes": 0}, {"author": "@MegsCarpentry-lovedogs", "comment": "From time to time these deep reviews are really great \ud83d\udcaf.  Good timing on TD because of their acquisition of Horizon in the USA. You asked about a company for you to consider reviewing, or a stock, I noticed that there is confusion about split corp stocks. Not all split corp stocks are created equal. There are some that have the ROC in the distribution and Capital gain and then there are others like Pdv and DFN that show and indication either on their website or on the previous years T slip that their dividends are Canadian eligible, so preferential tax treatment is involved.   Sometime in the next 10 yrs would you do one of your usual excellent presentations on how not all Split corps are created equal and compare DFN and PDV with \"the other\" split corps that are not as tax favourable?  Thanks Marc, stay safe", "likes": 0}, {"author": "@patrickboyer4688", "comment": "Great Video, TD is one of my largest holdings - but I am curious on your thoughts (being an older investor) with companies like sofi and paypal?", "likes": 1}, {"author": "@willkeen5010", "comment": "Love these detailed videos Marc. I suggest any Canadian blue chip companies, ie RBC, BCE, FTS. Thank you.", "likes": 20}, {"author": "@kirstenhunter125", "comment": "Great video, as always. Love the deep dive and would definitely like to see other videos like this on an array of companies in each sector.", "likes": 2}, {"author": "@leagueplays2100", "comment": "I definitely liked this video. Please do more", "likes": 1}, {"author": "@turbofanlover", "comment": "38 million Canadians now?!  I didn't know that there were that many of us, eh...lol.\n\nP.S.  TD has had a very good run.  I'd need more of a pullback before I'd add to my position.", "likes": 6}, {"author": "@runefifster", "comment": "Great video. Would be interested to hear one like this on Loblaw.", "likes": 2}, {"author": "@tianic", "comment": "I'm not sure I can tell the voice difference between these father and son without looking at who's speaking", "likes": 0}, {"author": "@twinblade63", "comment": "as an RBC employee, i take offense to this video", "likes": 6}, {"author": "@erictremblay9567", "comment": "Is it a good buy at this price after earnings today?", "likes": 1}, {"author": "@brianb6507", "comment": "I work at BMO and that proposed merger with BMO and RBC was a pivotal point in my career as it changed our department and I had to make a decision or take a severance package. I am still with BMO as I found a new position back in 1999 and have been with BMO for 36 years. Great video as always", "likes": 9}, {"author": "@ArunGupta-tc6fx", "comment": "Great work", "likes": 0}, {"author": "@marvinpham5180", "comment": "First", "likes": 1}]