[{"author": "@beaviswealth", "comment": "\ud83d\udcc8\ud83d\udcda As always, if you're a beginner to the Stock Market in Canada and you're looking for a step-by-step blueprint on how to get started... Find out more about our Investing Academy here - https://bit.ly/theinvestingacademy\n\nCheck out the FREE research tool INVRS: https://app.invrs.com/index.html#/signup?utm_campaign=Influencers&utm_source=2Brandon", "likes": 4}, {"author": "@cornflowertoile3026", "comment": "I would think as we pull out of the pandemic, people will be less inclined to smoke to relieve stress, so wouldn\u2019t that stock start to fall. Then again we may be heading into war but not as much money to spare in that case. Ya try to look on the bright side \ud83e\udd28", "likes": 0}, {"author": "@radiohead322", "comment": "Hey Brandon, I have a question about TSM. This is an international company, but it's on the NYSE... If I hold this in my RRSP do I still have to pay taxes on any dividend gains?", "likes": 0}, {"author": "@haroldcho4063", "comment": "backwoods.... nice.", "likes": 0}, {"author": "@BigGroupHug", "comment": "BTI got the Hedge Fund \"eye of sauron\" resulting in a steady purchase history.\nTake the money and run.", "likes": 1}, {"author": "@AnnaKe701", "comment": "Hey Brandon I have a question I hope you can answer for me.  The company I work for in Alberta has me in a DCPP which I believe they match up to 4%.  It is currently 100% in the BLK LP Index fund 2050.  What are your thoughts on this type of investment and should I make any changes?", "likes": 0}, {"author": "@user-zj6tv8el5w", "comment": "can you plz do a stock video on $TD. buy/sell/hold , crash coming?", "likes": 0}, {"author": "@jasonstupak4535", "comment": "Watched and liked, thanks Brandon!  Not interested in tobacco companies, but appreciate these videos.", "likes": 0}, {"author": "@arigutman", "comment": "Solid video, thank you for sharing - I am exciting about this upcoming week as I think there is more volatility to come and ultimately that presents buying opportunities across composites.. I have a handful of stocks I am targets for the shake up... DGI for the win!", "likes": 2}, {"author": "@elisabethlavoie7655", "comment": "Prefer that format!", "likes": 0}, {"author": "@g59490155", "comment": "I would factor in the geopolitical risk on this company, if there is ever a war between Taiwan and China, that would crush this company.", "likes": 0}, {"author": "@jotgolf69", "comment": "I like these videos. Dissecting potential buys very cool!", "likes": 0}, {"author": "@martinithechobit", "comment": "I just feel bad I miss the rocket on TSM. it rocketed to much.", "likes": 0}, {"author": "@BURGATRON", "comment": "I think tobacco companies are even riskier than TSM. Such high payout ratios and everyone's switching to vape. It doesn't seem sustainable.", "likes": 0}, {"author": "@maitrimodi8824", "comment": "Hi  brandon, I love you videos thank you fo sharing all the knowledge.\nWhat are your thoughts on google upcoming split and how to invest in splitting company?\nThank you.", "likes": 1}, {"author": "@j-pletourneau6926", "comment": "Why not NVIDIA instead of TSM? Great videos! Congratulations for your newborn!!! :)", "likes": 0}, {"author": "@roberttaylor3594", "comment": "TSM sounds interesting!...wjhat about ASML, who seems to be the 'only' manufacturer of the equipment companies like TSM uses to make their chips?  Not sure if that is right or not, but from what I can see it seems to be...", "likes": 0}, {"author": "@momo35444", "comment": "someone is changing things up. i like it. a little short term boost. awesome video brandon. congrats on the child!!! have some rest. we can wait a couple of months", "likes": 0}, {"author": "@crash7098", "comment": "How are you feeling about A&W Royalties?", "likes": 1}, {"author": "@wallyg8020", "comment": "Do you know some website you can use for fee to do  fundamentals analysis?", "likes": 0}, {"author": "@vasimpatel8454", "comment": "Hey Brandon thanks for sharing information about great stocks I have invested in PTC software company since August and don\u2019t know the stock isn\u2019t performing well. Should you consider this stock to buy any idea ?", "likes": 0}, {"author": "@badwifiop", "comment": "love the content. but can we talk about how many tabs were open when the video started? :O lol", "likes": 0}, {"author": "@RaphaelRowley", "comment": "What is your overall investing philosophy? Would you say it\u2019s more so value investing?", "likes": 0}, {"author": "@fomalhaut4", "comment": "Investors need to factor in the withholding tax for non-US foreign dividends. It can be higher than the typical 15% for US companies, and not exempt even in a RRSP account. For example, there is a 21% withholding tax on the dividend of TSM whether in registered or non-registered account in Canada.", "likes": 5}, {"author": "@justinchong1136", "comment": "Morris Chang is a goat.", "likes": 0}, {"author": "@Nicolasdu5", "comment": "I like it when you talk about some less know company,\nWhat about \nPernod ricard, diageo or Brown foreman, they drop but maybe still expensive", "likes": 0}, {"author": "@Ilikeavocados123", "comment": "IMO, Taiwan is on the same level of risk as the chinese giants", "likes": 2}, {"author": "@kelleyhaldorson209", "comment": "TSM was one of my best picks when I started investing a year ago.  I liked that the US government was asking them to build a plant in Arizona for chip manufacturing for military security.  I have been considering selling them  as they are highly valued but they still meet my investing thesis for them and provide a great international diversification.  Thanks for the review!  I havn't checked them out for about a qtr.  I was a bit concerned about that earnings report in Jan. so I was watching what happened at that time.", "likes": 7}, {"author": "@yudara", "comment": "Thanks for the video, Brandon. What web platform do you use for the Investing Academy courses?", "likes": 0}, {"author": "@ourfinancialfuture9457", "comment": "For people who aren\u2019t comfortable with tobacco companies in their portfolios and still want international exposure Medtronic is looking attractive at the moment . By far has better metrics than it\u2019s competitors on PE ratios , Debt to equity and running a DFCF analysis . Has the highest gross margin amongst its major competitors above 50 million market cap at 68% . It\u2019s growing is revenue at a 6.69% growth rate and it\u2019s book value per share at a 10.44% growth rate which is also better than its competitors . It\u2019s also a dividend aristocrat increasing its dividend for the past 44 years which can\u2019t be said about its competitors . It\u2019s seen an increase in hedge funds purchases since 2019 from 1620 funds holding to 1970 funds holding in 2021.", "likes": 1}, {"author": "@IronChan23", "comment": "He\u2019s busy but still gives us great content! Take it easy \ud83d\udc4d", "likes": 4}, {"author": "@clarifyingquestions", "comment": "Have you been increasing your BABA position?", "likes": 0}, {"author": "@matty686801", "comment": "Make a video on Topicus, Telus International and Converge Technology Solutions", "likes": 2}]