[{"author": "@beaviswealth", "comment": "Join The Investing Academy \ud83c\udde8\ud83c\udde6 \u27a4 https://bit.ly/theinvestingacademy", "likes": 0}, {"author": "@rxgueplanet", "comment": "If you drink bud light, you're probably a chick \ud83d\udc7a", "likes": 0}, {"author": "@roberttaylor3594", "comment": "the AI genie is out of the bag.  Good luck with the safeguards!  Noam Chomsky had a good article on AI in ( I think) the NYT; 'intelligence' is kinda the wrong word.", "likes": 0}, {"author": "@roberttaylor3594", "comment": "I'd like to know what criteria triggered a bonus? I'm fine with raises; just for inflation if nothing else.  The BCGEU went to bat for wages for their members last year...what union represents the bankers and went to bat for them against the employer....oh, let me guess, that wasn't necessary because in that case, raises of 13% seems perfectly reasonable and were instituted by the employer, right? insert rolling eye emoji here.", "likes": 0}, {"author": "@Sarah1R1", "comment": "Love these reports, Mark. Thanks so much for doing them.", "likes": 1}, {"author": "@zyn6389", "comment": "Love this format", "likes": 0}, {"author": "@theultimaterental", "comment": "Great video Marc! By the way it\u2019s DeSantis not DeSantos lol but he\u2019s such a douche so mispronounce his name all you want :)", "likes": 0}, {"author": "@chrisskyllas1309", "comment": "Disney is another company that has shamefully neglected their shareholders.", "likes": 0}, {"author": "@evadeanu1", "comment": "Thanks Marc. Much appreciate the concise news.", "likes": 0}, {"author": "@user-yr7ly5vq2g", "comment": "Long live X - subsidiary of SPECTRE ;)  Thanks Marc for the updates.", "likes": 1}, {"author": "@ldd9672", "comment": "Bud light \ud83d\udc4e", "likes": 5}, {"author": "@Joej1871", "comment": "Great stuff Mark as always,  when's the next market bottom video set for release?", "likes": 0}, {"author": "@jayr8134", "comment": "Thank you Marc for doing this, you are the best, unbiased, concise & to the point", "likes": 6}, {"author": "@spacebarwasd9782", "comment": "Bank of Canada can go to hell... other businesses are struggling", "likes": 0}, {"author": "@MountainFinance", "comment": "I love these breakdowns Marc, keep them coming. Someone though should tell Elon that Disney is not about to sell him the X-Men.", "likes": 2}, {"author": "@ardentenquirer8573", "comment": "Great update  thanks", "likes": 0}, {"author": "@constantinkwiatkowski1940", "comment": "20 Million for what ? Doing some paper work and presentations? Omg no wonder we losing money", "likes": 0}, {"author": "@aelaan12", "comment": "Must be nice to laugh at us paupers if working for the BoC - I got exactly a 3% raise, which was wiped out instantly by the tax increases.  I was not aware that Mark Barrenechea was considered Canadian?  And PLEASE, can we all agree that these old people in the government have absolutely no idea what AI is.  It is in motion, you cannot stop it, not with any kind of fencing, ruling, or what not.  That ship has sailed a long time ago.", "likes": 0}, {"author": "@mugsymcmullen3622", "comment": "Very Interesting and informative.  Thank you for the updates.", "likes": 0}, {"author": "@derekcox6531", "comment": "Great update Marc! That AI stuff is crazy\u2026 I,for one, WELCOME our new robot overlords and just want to mention publicly here on the internet that it\u2019s Joe Biden who\u2019s trying to limit their benevolent plans humanity. \ud83e\udee3", "likes": 0}, {"author": "@marvinpham5180", "comment": "Hi", "likes": 0}]