[{"author": "@beaviswealth", "comment": "\ud83d\udcc8\ud83d\udcda As always, if you're a beginner to the Stock Market in Canada and you're looking for a step-by-step blueprint on how to get started... Find out more about our Investing Academy here - https://bit.ly/theinvestingacademy\n\nWhich pick do you like better? Let us know down below! Thanks for watching! :D", "likes": 4}, {"author": "@roberttaylor3594", "comment": "I clicked on this after watching the first \"quarterly report\", and a two year review shows that Costco was the right bet....and it also turned around very soon after this review in march 2021!   A review of past 'battles' would be interesting.\n\nthen as a comparison between 'low paying big companies\", I added ATD to me comparison chart and ATD does quite well!", "likes": 0}, {"author": "@see5840", "comment": "Great company! Great family! You are blessed to have such a Dad! God bless you both\ud83d\ude0a  I can see how much he cares about you!\ud83d\udc9a", "likes": 0}, {"author": "@krupapatel3973", "comment": "Costco was in my watch list for a while and I wanted to invest good amount of money so I waited. I had no doubt this is one of the most reliable companies to invest in. After watching this video, I pulled the trigger and bought at US$326. 3 weeks later its is $356 :) Great content. Mark is a winner here Brandon. (I will be buying FB in future)", "likes": 0}, {"author": "@jeromelebel9486", "comment": "Great content guys. Very relevant, clear and well explained, based datas and facts. I plan to initiate a position in FB with my next deposit. Both and great companies that are on my watchlist, but at the moment, FB has a very attractive valuation vs Costco that is still a little more expensive than historical valuation. Plus, I am underweight tech at the moment.", "likes": 0}, {"author": "@karenpack3713", "comment": "I prefer a company with sustainability and secured investment, not a hype. Most companies promise with high rate, yet they fail to accomplish anything but this company secures my investment and I\u2019ve been earning weekly profits in the platform for the past months and it's been a great experience so far.", "likes": 0}, {"author": "@tannerharcus8833", "comment": "your dad seems real wholesome", "likes": 0}, {"author": "@fernyang2540", "comment": "Could you explain why the 5 year average of Costco's PE is 26 times? From Morning Star it's 32.30.", "likes": 0}, {"author": "@philgregoire5362", "comment": "Love the channel! 1 question. Is there a avg number of stock someone should have in their portfolio? You guys have great recommendations but as I'm buying more, I'm wondering if I should continue to buy new stock or add to existing positions?\nThanks", "likes": 0}, {"author": "@shianegaylie1274", "comment": "Could you explain your opinion why Facebook is too unethical yet McDonald's and Raytheon are fine even though their products kill millions of people?", "likes": 0}, {"author": "@ididntdrinkthekool-aid4973", "comment": "I'd pick costco for it's dividend plus not a fan of Mark Zuckerberg", "likes": 1}, {"author": "@NatePolmateer", "comment": "Brandon really enjoy the wisdom of your Dad! Thanks for letting him on this!", "likes": 4}, {"author": "@juanlira7877", "comment": "Dad adds great value to the channel.  Looking forward to more of his analyses.", "likes": 0}, {"author": "@Theorychad99", "comment": "Thinks Facebook is unethical but buys RAYTHEON and Lockeed Martin lmfao. Bruh thats some contradictory ethics. All those companies are quite unethical", "likes": 0}, {"author": "@mananthakkar7902", "comment": "Fire and leaf", "likes": 0}, {"author": "@realone..", "comment": "HELP!! I'm a new investor. Invested in reitman losing a couple thousand should I hold or sell", "likes": 0}, {"author": "@Sam-ue4rv", "comment": "So niice father and son old and new.. same I like Phil Town and his daugter Danielle Town..", "likes": 0}, {"author": "@stevenmilburn4814", "comment": "Watching you two together is awesome stuff. I think you are onto something special.", "likes": 0}, {"author": "@irish9wolfhound", "comment": "Haha no way, Powell River represent! Watching from Ottawa now", "likes": 0}, {"author": "@MrDvellucci", "comment": "Costco all the way.", "likes": 0}, {"author": "@eddy563", "comment": "Thank you for the information. I actually picked up some Costco shares to start building my position. This company fell off my radar.. but this video reminded me of this gem. Costco has a big future in retail.. the concept is very attractive and has proved success over a number of years now. I like how Costco chooses their customers, they are volume driven and not margin driven. They have a long runway ahead of them in terms of geographic expansion and new customer acquisition, especially in the omnichannel.. we just have to keep a close eye on the balance sheet; the curse of retail is financial leverage, when they take on big debt to finance store and inventory growth, especially in the case of Costco, where margin is so slim which makes them vulnerable to debt interest rate. We should not look for dividend payout, they have to keep internally reinvesting their free cash flow... Good catch, thanks again! If I can recommend a company, I like Unilever.", "likes": 0}, {"author": "@chicoginalovenature1319", "comment": "Great to see the father & son tandem... you two, together are so worth tuning for. Thank you for the wealth of knowledge that you are sharing. I learned a lot in this video alone. And if I have lots of money now, I would get COSTCO, but since I\u2019m just a small time beginner playing in the stock market, I would invest in FACEBOOK to get my feet wet.", "likes": 0}, {"author": "@jeanibiuna", "comment": "What about shopfy? So pracey but it could go global now. What are your thoughts?", "likes": 0}, {"author": "@mikesch2922", "comment": "I'm with Mark and agree with Brandon. trying to wean off Facebook", "likes": 1}, {"author": "@gramonehundred", "comment": "can anyone suggest a good program to see live stock information for Canada. I have been looking at esignal but am wondering if there is a cheaper option available. Im mostly interested in the Canadian market for now. Thanks for any help.", "likes": 1}, {"author": "@bountifire", "comment": "I'm with Marc; don't say \"smash that like button\". It's a cringey hyperbole.", "likes": 1}, {"author": "@gsxrgoddess6", "comment": "Hey there boys... went with Costco... Have a great day!", "likes": 0}, {"author": "@MrMarlon123456", "comment": "Love the addition to your dad on the channel! He brings a great perspective especially for new and younger investors! Hope to see more of him !", "likes": 0}, {"author": "@patrickroux1574", "comment": "I\u2019m new so maybe I\u2019m looking at the wrong thing or something, but on wallmine it shows a 3.9% dividend yield on Costco. Why is that? It\u2019s like 0.85% everywhere else I\u2019ve seen including on questrade.", "likes": 1}, {"author": "@justingreenland950", "comment": "I feel that Facebook's total disregard for the privacy and data management of their consumers is helping to build a dystopia that I want no part in.  It's a strong buy, but much like the Oil giants I can't morally justify the investment personally.  :)", "likes": 0}, {"author": "@MythologySkate", "comment": "Also, I personally prefer defensive stocks.", "likes": 0}, {"author": "@MythologySkate", "comment": "Wow, your dad coming on board was an incredible idea for the channel. Very excited to see both of your views on some TSX stocks.", "likes": 0}, {"author": "@BambinoD", "comment": "I literally found this channel yesterday because I'm interested in starting to invest in stocks. I subbed and put the notis on because there is alot of great information here and you and your dad seem to have a ton of experience, my problem is I'm pretty illiterate when it comes to terms like dividend yeild and P/E ratios and percentages, takes me quite awhile to understand things like that, could you guys maybe make a video dumbing down these terms to make people like me understand them more?", "likes": 0}, {"author": "@martingoupil9574", "comment": "I would choose FB before COST.", "likes": 0}, {"author": "@joeldube3887", "comment": "What are your thoughts on Canadian Utilities at the moment? Down 29% over the last year today? On sale?", "likes": 0}, {"author": "@yoshedurston5340", "comment": "Vancouver represent \u270a\ud83c\udffc\u270a\ud83c\udffc\u270a\ud83c\udffc", "likes": 0}, {"author": "@nevillejames2200", "comment": "Great video. Your dad gives a different perspective. It would be good for both of you to comment on each other's stock pick. Thanks for the advice. I bought FB but looking at Costco. 1pt Brandon lol \ud83e\udd23", "likes": 0}, {"author": "@wackamack", "comment": "pick two big stocks, suggest them, get views....", "likes": 0}, {"author": "@boyu6421", "comment": "costco", "likes": 0}, {"author": "@lraugusto", "comment": "Side note: really nice of Marc wearing the Brandon Beavis Investing shirt. Shows a lot of appreciation for what Brandon built. And he delivered A LOT of value on his section of the video. Here's to a winning partnership \ud83c\udf7b", "likes": 0}, {"author": "@heylookitsnich", "comment": "Love the incorporation of indicators like RSI and MACD. Would love to see some more technical analysis too!", "likes": 0}, {"author": "@nickgiesinger8135", "comment": "Good job Dad!  I never really considered Costco but I will give them a look.  Not sure what you think of Split Share options, I would be interested to hear.", "likes": 0}, {"author": "@joshobrienbrixrealestategroup", "comment": "brandon you have not done a video review of RDSP. Thousands of canadians have this account and are struggling to use it", "likes": 0}, {"author": "@davidsmiottawa", "comment": "Costco for sure - -  Costco hasn't done much in online retailing - potential there!!!", "likes": 0}, {"author": "@sabergolzari2465", "comment": "Big welcome to Marc...great first project, Marc was very professional....great team work....would love to see you challenging each other's suggestions...Suggest Marc to do a whole Video on Portfolio layout & Management....Best of Luck.", "likes": 0}, {"author": "@Sieteeight", "comment": "I would love to listen to your opinion about Canadian blockchains such as : Hive Hut 8 ... thank you", "likes": 0}, {"author": "@Sieteeight", "comment": "Own FB will now look to own Costco. Thank you gentlemen.", "likes": 1}, {"author": "@pinkcandystripes", "comment": "Hi, I\u2019m new to investing and just watching as many videos as I can and reading as much as I can to learn. Can you (or a viewer) shed some light on what people mean by \u201cpicking mutual funds that beat the S & P 500\u201d? How do you find these funds? People seem to mention \u201cthere are lots out there\u201d but never actually list or share them lol. Thanks!", "likes": 0}, {"author": "@manisha7188", "comment": "Great duo! Keep these kind of videos coming\ud83d\udc4d", "likes": 0}, {"author": "@catterzwilson2919", "comment": "Brandon you have inspired me to start my own channel . Love what you do", "likes": 1}, {"author": "@xelica715", "comment": "thanks for another awesome video.", "likes": 0}, {"author": "@lopportuniste5947", "comment": "Love you Brandon but MAN! Your father's analysis on Costco is SOLID! His contribution to the show is amazing! He definitely needs to stay!", "likes": 0}, {"author": "@rowenapalomo3130", "comment": "Wow, great to see you both.. can't wait to see your next videos! If you have a newborn son, what investment in RESP you will choose if you plan to invest 300-600 a month?", "likes": 0}, {"author": "@dennis8801", "comment": "7:29 where do i find this tool? please its important", "likes": 0}, {"author": "@josephmunro7768", "comment": "Love to see it.", "likes": 0}, {"author": "@deanoudhini7292", "comment": "Good For you! I am no fan of FB as well and I need to mention another one Microsoft (Gates) who is in equal or worse standing in my world opinion. \nSometimes we need to choose ethics over $$$$\nGreat video otherwise!\nThanks", "likes": 0}, {"author": "@bruceliu7445", "comment": "Just open wealthsimple account and need a referral code from you please help thanks", "likes": 1}, {"author": "@juliendupont433", "comment": "Great stuff with ur dad!! It could be a video about his financial expertise!!", "likes": 0}, {"author": "@salesebps2572", "comment": "take a look at \"FANS\"  you  recommended ????!!", "likes": 1}, {"author": "@jslessard390", "comment": "Sorry Brandon, But the costco presentation win !\n\nA good financial analysis that project why the growth should continue moving forward with numbers and I was very happy to see Mark using technical Analysis to show when it is a good opportunity to jump in.", "likes": 0}, {"author": "@lorenville", "comment": "Love you together!", "likes": 0}, {"author": "@mikem6611", "comment": "Hes right I don't support fb and I'm q Melannial but u can't argue the charts and growth and stability u guess", "likes": 0}, {"author": "@TheMuscularSheep", "comment": "WE LOVE MARC", "likes": 0}, {"author": "@puretechnicalanalysis9841", "comment": "PFE, WMT, MRK, TTWO, CRM, QCOM, VTRS, NEE look tasty\ud83d\ude0b", "likes": 0}, {"author": "@johnclark8631", "comment": "I would be interested in both of you discussing ETF index funds. Which ones do you like for the current market situation. Would you buy them in USD or CAD (for example VOO vs VFV in my RRSP or LIRA) with the CAD doing somewhat better than the last few years. I know Brandon has done a video or 2 discussing this but Marc has many years of mutual fund experience so I would like to hear his point of view. Personally I am leaning to a slightly higher percentage of VYM due to its higher dividend and the types of companies as a bit of a hedge against a potential market correction or crash. What is your thoughts on this perspective as well?", "likes": 0}, {"author": "@makeitsimple0423", "comment": "When is the next video? Excited here \ud83d\ude1c can you analyze Loblaws? That\u2019s the one I\u2019m buying for my TFSA in this market. Thanks", "likes": 0}, {"author": "@Roaringrhino1234", "comment": "The addition of your dad, Marc, this channel has easily grown to being one of my favorites. I'm a young investor but can always appreciate value/defensive companies. Thank you for your insights, and keep up the great work!", "likes": 0}, {"author": "@mgmtlectures6749", "comment": "The Facebook play aint it chief", "likes": 0}, {"author": "@jacih.4292", "comment": "The safe bet...Costco for the long haul. FB is not for me though it's interesting to learn about. I'd love learn about Canadian companies that pay higher yield dividends.", "likes": 0}, {"author": "@nathanhatch9889", "comment": "What a team up! looking forward to more great content, Thank You!", "likes": 0}, {"author": "@ryankoh2606", "comment": "I like this version. It provide us with wider view. Good job to the Beavis team", "likes": 0}, {"author": "@Devan1191", "comment": "Really enjoyed seeing both of your analyses. Looking forward to seeing more in future episodes! Would you be able to share what resources you guys use to get your information on stocks and companies? I like your one video on stock researching and was hoping to see more.", "likes": 0}, {"author": "@hargrace", "comment": "If we buy US stocks in TFSA account do we need to pay taxes. Secondly which account should one buy US stocks in RRSP or TFSA", "likes": 0}, {"author": "@244lifekobe", "comment": "Loved your dads perspective and his detailed analysis!", "likes": 0}, {"author": "@PeaceKeeper347", "comment": "Costco is definitely a safe bet! I am definitely looking for more growth tho, so for me FB> Costco, but definitely will save up for more costco shares", "likes": 0}, {"author": "@nickbrah", "comment": "Both way too expensive for me", "likes": 0}, {"author": "@shirleycrosner6252", "comment": "You're both superb people  / but I'm just not a virtual reality person  - so I have to say - I greatly admire Costco  - for all the right reasons mentioned \ud83d\ude04", "likes": 0}, {"author": "@manvirdhaliwal3412", "comment": "I\u2019ll go with dad ... costco\ud83d\udcaf", "likes": 0}, {"author": "@PMI551", "comment": "More defensive stock picks would be great during a high inflationary period. Thanks.", "likes": 0}, {"author": "@DelpyKler", "comment": "Keep up the good work guys! This is by far my favorite investing channel!", "likes": 0}, {"author": "@archsilber6482", "comment": "When do we meet your mom, Brandon?", "likes": 0}, {"author": "@PMI551", "comment": "I\u2019m excited about this channel even more now.", "likes": 0}, {"author": "@MJ-up3lw", "comment": "With the crazy fact checking and censorship, I wouldn\u2019t invest in Facebook even tho their financials are good.", "likes": 0}, {"author": "@KV-fv4fs", "comment": "In your Q&A video, you mentioned that your dad opened an investment account for you at the age of 12. How did your dad do that? I thought that was/is impossible in Canada. Would love to do that for my sons too so they can get started at an early age too. Thx.", "likes": 0}, {"author": "@brandtholt2046", "comment": "Great video guys. Marc you were great", "likes": 0}, {"author": "@MrJamesDaniels", "comment": "Great video. Bring older, I prefer Marks pick since the sector that Costco lies in is more practical at this moment in time. However, Facebook being more of a Growth stock may be more relevant for the younger investors. As always it was an excellent presentation.", "likes": 0}, {"author": "@mingtu7187", "comment": "Marc bought me within 10sec when he started with costco. so, MARC 1, Brandon 0. haha", "likes": 1}, {"author": "@earlgalindo3576", "comment": "wow. been following you bro since I started investing last year. I've been sharing you videos too to some of my investor friends. Now that you teamed up with your dad, it makes it more worthwhile. Thank you for sharing the knowledge to you both.", "likes": 0}, {"author": "@megadethwok", "comment": "Brandon, back in March 2020 when I first opened my WST account I kinda didn't like your approach much and decided to follow just a couple of your hints and guess what? They were the ONLY ONES that actually paid off. NFI was a play you got me into and it has done awesome (up almost 200%) since. Tks for all the value you provide. I like the breakdown your dad put for Costco too. You guys are in for awesome doings, I'm pretty sure. Thanks and keep it up! Really appreciate your channel", "likes": 0}, {"author": "@rshim", "comment": "great to see that ur father joined ur channel. i been buying costco for the past 2weeks, good to see more exposure.", "likes": 1}, {"author": "@weirdapebeard4975", "comment": "Your Dad is natural. He's really enjoying himself!", "likes": 1}, {"author": "@SoultimacysPublicationHouseEtc", "comment": "I am a big fan of privacy I find both presentation are valid but still privacy is my concern thanks boys for Candain Content.", "likes": 0}, {"author": "@OscarHanzely", "comment": "I love Marc's summary, the experience and knowledge shows up in incredible presentation for sure! And I see Brandon is up to that par. You are a great duo for stock reviews and I think the channel will take off even more!", "likes": 0}, {"author": "@shishirkc5456", "comment": "Very good information from both of you.\nMark need to focus more on front camera, stop looking Brandon every 2 seconds. You still look nervous and need to work on your smile. Helping Mark to improve. I can see very soon that Mark will start his own YouTube Channel. Hope my comment will help. Good luck Mark for your next video. Costco wins.", "likes": 0}, {"author": "@KaliBlaz", "comment": "Your dad is dropping some serious knowledge, buy the man an extra \ud83c\udf99. And move to the side \ud83d\ude02 \nAs for Facebook, apple have announced that with the launch of The new gen phone 13,14...etc it will be more privacy oriented and will put an end to both google and Facebook\u2019s collecting and selling your info to advertisers which will hit these companies income, expect a huge loss as soon as apple announces the release of these new phones.", "likes": 2}, {"author": "@MohitSharma-pl2bh", "comment": "Subscribing for Marc.\nNice job guys!\nLove from Ottawa!", "likes": 0}, {"author": "@defineher", "comment": "I just got an ad for Brandon's channel before Brandon's video", "likes": 1}, {"author": "@BoringPeopleEnt", "comment": "Fantastic choice including your Dad in these videos.", "likes": 1}, {"author": "@tomnguyen8511", "comment": "Very useful video. Good job guys. Can't wait to see the next one !", "likes": 0}, {"author": "@sgoldan", "comment": "Costco!", "likes": 1}, {"author": "@delphi9611", "comment": "\ud83c\udde8\ud83c\udde6\ud83e\udd42", "likes": 0}, {"author": "@selenalou9186", "comment": "im jealous of your relationship with your father cherish this", "likes": 0}, {"author": "@RxMTB", "comment": "I'd choose Costco over FB. I really like what your dad adds to the videos! Great information, well presented and smooooth. Well done guys! I'm looking forward to the future of the channel!", "likes": 0}, {"author": "@magradwan2516", "comment": "Love seeing your dad with his deep stock analysis.  I think he will be of a great value to the channel! Thanks guys !", "likes": 0}, {"author": "@brucemillette367", "comment": "Brandon what a wonderful thing you have done for your Dad to allow him to join you on this wonderful adventure of YouTube, you sir are a true champion and I am sure your Dads heart is full of joy to be able to do these very educational videos for the mass with his Boy.. so very cool for both of you \u2026. anyways really supportive of this change and I think this will bring an interesting flare to your content... Mark I do have an idea for you on a solo video you might do and that would be you breaking down those charts you used a little more the RSI & MACD, maybe how you set them up and how you use them on a hand full of tickers. Thank you both", "likes": 0}, {"author": "@Kevin_Street", "comment": "Congratulations on your first joint video! The only comment I'd like to make for Mr. Beavis Sr. is to remember that most of us viewers know very little about finance, so it helps to give a a brief explanation of terms like RSI before using them. That way we feel like we learned something. It's clear that your experience and knowledge of this subject is way beyond the average YouTube presenter, but your audience is younger and more into things like memes. We get lost quickly. That said, with the graphs and slides and reasoned analysis this video beats the pants off some guy standing in front of a whiteboard. You guys are the real deal.\n\nAs for which one I'd pick... That's a good question! Facebook feels like the \"safer\" bet, in that tech is where most of the growth is. But Cosco inspires a great deal of loyalty in its customers, so money invested there is going to retain its value. Cosco isn't going anywhere, while Facebook could always be hit by new government laws like what's going on in Australia right now. Then there's the ethical aspect. I guess if I had to choose one of the two I'd go with Cosco, since it pays a dividend and there's nothing about free samples and cheap hotdogs that would make it hard for me to sleep at night.", "likes": 0}, {"author": "@mikidou99", "comment": "Great stuff guys!\nLove the dynamic and the concept!\n\nGreat content as always!\nI think if you guys find a way to be able to make that eye contact connect with each other when you \"look at each other\" (Maybe a screen you actually see ?) it ll be perfection!", "likes": 0}, {"author": "@montecrist", "comment": "I am going with Marc's selection on this one. Wondering if the team would be interested in doing a video about foreign stocks (besides the US) to keep in our watchlists.", "likes": 0}, {"author": "@gurusiva8608", "comment": "Both the people in the channel is very good for all. Thumps up", "likes": 1}, {"author": "@bonbonburnett", "comment": "Brandon - As always, I love your advice.  Just wanna welcome Mark and say that I loved his approach, considerations, explanations and the added chart info!  Looking forward to seeing more of you guys.", "likes": 0}, {"author": "@labrador1229", "comment": "Great job!", "likes": 0}, {"author": "@SteveWiafeBrown", "comment": "Marc brings a lot to the table. I really love this new format. Keep it up \u270c\ud83c\udffe", "likes": 0}, {"author": "@regisleclerc1447", "comment": "Love these videos...keep them coming!!!", "likes": 0}, {"author": "@BirdsR", "comment": "Sea Limited has been an excellent stock for me out of South East Asia. Ecommerce, Gaming ,Fintech and one of only 2 Companies in South east Asia Granted a Digital Banking license recently. Thanks. As always A Great Video.\ud83d\udc4d", "likes": 0}, {"author": "@tomcouch6451", "comment": "Your dad has made very good videos into very very good videos. Thanks guys. Really well done. Lots of info. in a tight,  concise fashion.\nTom", "likes": 0}, {"author": "@bucktaylor9178", "comment": "Like the fact u added your dad to the video\ud83d\udc4d\ud83c\udffe", "likes": 1}, {"author": "@Mezxxii", "comment": "Name a better duo... you can't.", "likes": 0}, {"author": "@MattaDubbOfficial", "comment": "Many people in my home town travel an hour or more to go to costco in the city monthly if not bi weekly !", "likes": 2}, {"author": "@pablocano5544", "comment": "I was literally looking into Costco this morning after their pull back. Definitely a great pick if it keeps dropping below P/E=30! Brandon I feel the same way about fb, it's tempting from the numbers side but I don't really support for what they stand either. I got to give this round to Marc. Great content guys, keep it up.", "likes": 0}, {"author": "@jcabral6231", "comment": "is dad on facebook", "likes": 0}, {"author": "@aDi1026", "comment": "I\u2019m loving dad\u2019s analysis!! Brings so much value to Brandon\u2019s channel :)", "likes": 1}, {"author": "@reneebell585", "comment": "Btw, your dad is a natural !", "likes": 0}, {"author": "@reneebell585", "comment": "Can your dad do a video for beginner investors a d recommend top 5 CDN stocks he would recommend for long term holds?", "likes": 1}, {"author": "@LifeofRichh", "comment": "Wow.. Just wow. Again, I've been a subscriber since March 2019, and just seeing this video. The very first stock pics with \"Dad,\" I already see such GROWTH and diversity in this channel. Mr. Beavis's presence really changes things. Beavis investing for the win! Keep it going Brandon and \"Dad\"", "likes": 0}, {"author": "@huntercleveland3037", "comment": "IVR good stock", "likes": 0}, {"author": "@TheDarkgusgus", "comment": "Holy crap that was an informatif video, really looking forward to hearing from a veteran!  Both stocks are really good ! True i've been a bit emotional about facebook and i wouldn't have bought it but the numbers are there. How did i never check Costco, huge opportunity right there. (Costco is one of the rare \"grocers\" that don't do minimum wage !) We love Costco ! :)", "likes": 0}, {"author": "@bryantlim5934", "comment": "Really enjoyed Mark's analysis. Keep it up! Also, interesting that the \"defensive\" pick has higher PE than the \"growth\" pick. At this point, FB seems like the value play here.", "likes": 0}, {"author": "@br0wnguy135", "comment": "Cool to have your dad here. Keep the channel name the same", "likes": 0}, {"author": "@user-rq6id3gh3n", "comment": "Hello: Informative new format. I really appreciate the balance of perspectives. Thanks again for helping viewers build understanding and insight :)", "likes": 1}, {"author": "@prt2151", "comment": "NIO NIO NIO NIO NIO!!!!!!!", "likes": 0}, {"author": "@Slimshady316", "comment": "I don't want to invest in individual stocks yet cuz I don't have enough money. I prefer to stick to etfs for now. Please make a video on US and CAD etfs for growth and dividend. Thank you \ud83d\ude42", "likes": 0}, {"author": "@zchoicez", "comment": "Brandon,  your  dad contributing is such a great addition ! I'm learning more!! Thank you :)  And I'm with Mark. Costco all the way for me ~", "likes": 0}, {"author": "@tennysonforster8412", "comment": "Marc I was wondering seen as I assume you\u2019ve been investing in American stocks for a while. Does the fluctuation of the Canadian dollar make a huge difference on your investments?", "likes": 0}, {"author": "@ThorTheOdinSon", "comment": "Facebook is about to get slammed with iphones new updates. FB is started to get a bad name. id re think this one.", "likes": 0}, {"author": "@tennysonforster8412", "comment": "Marcs a natural", "likes": 1}, {"author": "@hayleystapleton9270", "comment": "Love the father son duo! You guys should start a podcast!", "likes": 0}, {"author": "@carson1861", "comment": "Great video Brandon... your pa is a definite plus, plus to the punch and valued information/entertainment position of your youtube show. To both of you, please keep the vids coming. I really enjoy your dad's input and the experienced knowledge that he brings to the Brandon table. You guys are an awesome team. BTW, your pa wins the thumbs up on this one. NO FB for me but Costco was a great sell by your dad and is under my radar now.  Thank yu to yu both.", "likes": 0}, {"author": "@redhwanalfredo4312", "comment": "Love seeing your Dad with you and with that brilliant mind!", "likes": 1}, {"author": "@jesuisbenoit", "comment": "Currently have FB but also interested in buying COST too.", "likes": 0}, {"author": "@welditful", "comment": "Costco", "likes": 1}, {"author": "@suarezig1440", "comment": "Brandon, much love to your Dad \ud83d\udc9c What a moment to bring your Dad up on stage and share the fruits of your successful venture with him. That\u2019s what life is about. Stay Blessed \ud83d\udcaf", "likes": 1}, {"author": "@rosemcdonagh1700", "comment": "Hi \ud83d\ude4b\u200d\u2640\ufe0f dad, I am happy to see you today and thank you for your recommendation to by those stocks, but I already went with Nio and Tesla. I want you to post a video about today\u2019s down market for those two stock,\ud83d\udc94. Love you Branden your the best because you put the points on the letters and done.\ud83c\udf39", "likes": 1}, {"author": "@mcuten", "comment": "I'm liking Marc's pick personally. Reason being is to Marc's point at the end of the video, which is, \"in today's economic climate.\" Regarding the US specifically, I think it'll really depend on what The Fed and Treasury do about long-term bond yields. If they let the back end of the yield curve continue upward then I like Marc's pick b/c, from what I've been reading, high long-term bond yields are bad for tech/growth stocks and better for value stocks. One could argue that FB is a value play as well, however, I think it's still viewed as a tech stock and would follow suit. And, based off the above analysis, I like Costco b/c it does sound undervalued.\u00a0\n\nAt the same time, I'm new to all of this so wtf do I know LOL! Either way, great video, guys!", "likes": 0}, {"author": "@ec938", "comment": "Loved the metric / quantitative approach and competitor comparison that Marc took to defend his pick. Great job!", "likes": 0}, {"author": "@scottscriticalmass", "comment": "I was late responding to your \"Announcement\" video, so you probably missed my thoughts on Mark joining the channel.  With that in mind, congratulations to the both of you. \u00a0If you get a chance, please go back and take a look.  The adulation was a bit disturbing.  :)   Here's my quick thoughts on your picks.\n\nCostco - Absolutely my biggest miss from an investment standpoint!  Costco is my favorite place to shop, yet I don't own shares.  I owned years ago and sold for a very nice gain, but have missed out on a 3-bagger +/- since.  My stubbornness got the worse of me.  I will own COST again at some point.  I promise you that.  Best in class retailer IMO.\n\nFacebook - I can't argue with FB as an investment, but it's not a company I want in my portfolio for many of the same reasons you discussed Brandon. There's too many other companies I'd rather support thru my investment dollars.\n\nMy vote!  FB is the better value today, but my investment choice goes to Costco.\n\nCheers fellas!", "likes": 2}, {"author": "@zamran100", "comment": "I will go with Facebook.", "likes": 0}, {"author": "@marlenesenaratne5417", "comment": "Love the father son dynamic. It is so sweet it makes me miss my dad \ud83d\ude42\nI also would not invest in FB so I vote for Costco.", "likes": 0}, {"author": "@samuelrondeau3355", "comment": "Hi guys! I'm new to the channel and a new investor as well. So far, your videos are amazing \ud83d\udc4c I don't know if it's your kind of stock, but I'd really like to hear your thoughts about Empower Clinics (CBDT.CN). They look promising! Thanks guys, keep up the good work, you're amazing!", "likes": 0}, {"author": "@JDJDJDJDJDJDJDJDJDJD", "comment": "Thanks a lot for sharing!\nI'll add that MACD/RSI technique to my buying routine:D", "likes": 1}, {"author": "@AnotherBradGuy", "comment": "I agree with Brandon when it comes to Facebook. Not a fan of Zuckerberg or their service really, but there's no denying they have a hand in a ton of tech services that are widely used these days and there is no denying those growth numbers! \nI vote FB as the winner, even if I'd sooner invest in COST myself. \nLove having Marc's input as well, I'd never seen RSI compared against the MACD like that before. Great way to add context \ud83d\udc4d", "likes": 0}, {"author": "@djayjp", "comment": "PE ratio of FB! Wow never would've thought! Great buy", "likes": 1}, {"author": "@djayjp", "comment": "Father son combo, heartwarming!", "likes": 1}, {"author": "@O1Kanoby", "comment": "Nice having Marc with you Brandon, I like the addition of your dad to the channel. With Marc a different perspective on things will naturally occur as Im sure down the road you two will have contrasting opinions. I look forward to many more videos between you and your dad (Marc) keep up the good work.", "likes": 3}, {"author": "@chrisevans7416", "comment": "I don't buy it Costco's sales will go down in Canada as we come out of the pandemic , they have a monopoly right now and there dividend sucks ,Facebook and google will come under pressure to pay for news that they republish  it's happened in Australia and going to happen in Canada and other countries ,it has to happen for news to survive", "likes": 1}, {"author": "@Slingswivel", "comment": "Dad is great!!! bring that guy out more often!!!!!", "likes": 0}, {"author": "@Steven-wq8tx", "comment": "Nice I love value valuations. Your dads knowledge is gold. Can you guys suggest some Canadian stocks??", "likes": 0}, {"author": "@sunnysohi7376", "comment": "Great video, Now its more fun to see both of you together with different opinions. I would like to see  your dad to make fundamental analysis videos. Again you both awesome\ud83d\udc4d\ud83d\udc4d", "likes": 0}, {"author": "@sunnycrail7911", "comment": "Loved this video...thanks!", "likes": 0}, {"author": "@robertocutrupi361", "comment": "Hi guys enjoyed your video very much. Personally I\u2019d go with Costco. One Undervalued and great growth area for the company is there online commerce. I think it\u2019s an area where we don\u2019t talk about enough when it comes down to Costco and one that offered them a significant amount of growth potential.", "likes": 0}, {"author": "@momo35444", "comment": "hey guys, thanks for the advice. also, i hope you got your 25$ referal bonus from questrade. i was investing with my bank, but i wanted to use questrade and you convinced me.", "likes": 1}, {"author": "@braydenmartin4199", "comment": "Video Suggestion: do a contest and the winner gets a one on one with you and your father  for an hour. During the one on one you help the winner with their portfolio or answer their investment questions.", "likes": 2}, {"author": "@kurts3779", "comment": "Love the father & son dynamic here. Teaching us folks that grew up without a father a lot more than just investing for money.", "likes": 3}, {"author": "@Ernesto_Alvarez", "comment": "Facebook the social platform is on obvious decline, Instagram is doing OK but they stopped the innovation a while ago and now tiktok is about take the new generation of users. The changes made to whatsapp put them in a path they won't be able to recover. Privacy matters.\n\nOculus is their only really good and innovative product, sadly market isn't picking it up as they need to make it a significant source of income. I wouldn't buy Facebook stock anytime soon, even at a discount", "likes": 0}, {"author": "@rocelletiu7188", "comment": "What if my RSP andTFSA is at its limit, is it advisable to buy these u.s. stocks in my cash account on questrade.?", "likes": 0}, {"author": "@torontothegood", "comment": "I see this channel growing pretty significantly in 2021. There are no other channels out there in the financial community (that I know of) that have two perspectives from two different generations. And you see it in this video with Marc going with tried and true retail and the young gun going with the tech play. Huge value add, look forward to seeing more content.", "likes": 1}, {"author": "@hamedbozorgi4657", "comment": "Loved Marc's professionalism and his analysis of the indicators. It was great", "likes": 13}, {"author": "@DanyalRashid99", "comment": "The sentiment around facebook is just way too negative for me to buy it. Not as a stock but as a service. The amount of articles/celebrities/influencers crapping on facebook is so damn high. Also, every elementary and high schooler I know do not make facebook accounts. They would make instagram accounts but its only a matter of time before that platform runs its course as well, especially as the general facebook hate grows even stronger as its showing no signs of slowing down.", "likes": 0}, {"author": "@Tobi_Jones", "comment": "Facebook has a bad public image, no balance sheet can fix that", "likes": 0}, {"author": "@ericp901", "comment": "Wow, what pro. Love the input from both generations", "likes": 1}, {"author": "@patthi84", "comment": "Costco anytime with defensive strategy", "likes": 0}, {"author": "@conormehaffey", "comment": "Love Facebook", "likes": 0}, {"author": "@imSwiftehhhh", "comment": "Changing the channel name to Bevis Investing ?", "likes": 0}, {"author": "@lesliemcfarlane783", "comment": "Great to see you both working together.  I just started self directed  investing in my 50s in Canada. Growth and Dividend.  I'd love to hear your thoughts on making a good retirement portfolio. Thanks", "likes": 0}, {"author": "@paulvitella9655", "comment": "Awesome video guys! I\u2019d be going with Brandon\u2019s pick of FB", "likes": 0}, {"author": "@javiermontemayor3945", "comment": "I am a bit more conservative, so I like Costco", "likes": 0}, {"author": "@beximengineering7000", "comment": "Hi, I really appreciate the stock analysis you provide. I would like to see more videos of suggested stock portfolios ( suggestion on % of sectors that a portfolio should have).", "likes": 1}, {"author": "@Goredom-", "comment": "Bringing your dad on the show makes it even more interesting.  Nice move.  I just started investing and your channel is a great place for advices.  Thumbs up.", "likes": 4}, {"author": "@amynmerchant1326", "comment": "Sorry Brandon but I have to go with your dad on this one. My reason being I prefer dividend paying stocks. Great to see the both of you on the channel. Would love to see more of these videos.", "likes": 0}, {"author": "@michaelbujold1959", "comment": "Long time follower of the channel. Love seeing your dad there and appreciate his POV on a particular stock. I feel it\u2019s a good balance of old way  and new way of investing. Keep up the great videos and look forward to learning more", "likes": 0}, {"author": "@andvfx", "comment": "Your dad its an awesome addition! your content was already great, it just gets great\"er\". Congrats to both of you.  Could be interesting a broader view of someones portfolio. What will be a safe % allocated to stocks versus other investing options on different portfolios.", "likes": 1}, {"author": "@rheatudtud1205", "comment": "I love the tandem \u2764\ufe0f\ud83d\ude0d.  It was such a powerful collaboration.", "likes": 0}, {"author": "@luidymorais", "comment": "Enbridge might be a good case to analyze it. They\u2019ve announced their dividends will be paid based on their DCF. It would be a very educative video I guess.", "likes": 0}, {"author": "@Pierre20101", "comment": "The family on screen is winner BTW ! :-)", "likes": 0}, {"author": "@jamzyamzj733", "comment": "Your dad is a gem \ud83d\udc8e. Seems like a very knowledgeable and kind hearted person. Happy he\u2019s on the channel :)", "likes": 2}, {"author": "@Pierre20101", "comment": "Dear Brandon, \nHello, my name is Pierre and I live in Montreal! I recently discovered your channel and I love your perspective! Your explanations are very clear and simple and we feel your experience. The majority of my portfolio is at Manulife in Montreal QC. I am 70 years old and retired and started investing on my own on Wealthsimple for a month now. If you have any advice to give me, I am very open! Thanks for your time, \nPierre", "likes": 1}, {"author": "@EelamRudy", "comment": "costco..post more affortable stocks for beginers", "likes": 1}, {"author": "@voicesandvisions", "comment": "Your Dad is great, awesome analysis of Costco. Today, I learned how to use RSI + MACD together. Thanks", "likes": 1}, {"author": "@ctcamara", "comment": "I wish I had something in common with my father in order to be able to work in a project like you both! Good for you guys! \u2764\ufe0f", "likes": 0}, {"author": "@kelbee123", "comment": "Great video! \n\nWish you talk more about the legal and political concerns with FB operating in different countries and even in the US. And how that affects the overall valuation of FB.", "likes": 0}, {"author": "@MultiFreeman31", "comment": "can you each create portfolio of lets say 1000-10,000 CAD and see who will do better? or just general info on how the portfolio should look", "likes": 0}, {"author": "@WalkaroundTravel", "comment": "Hey Brandon, this reminds me of your other video of where you talk about stocks that you would like to own but are always too expensive.  Costco just never has been a bargain so I could never buy.  But great choices.  For me Microsoft and Apple would be my two picks, they are just great stocks and the PE\u2019s don\u2019t look overly costly to the market.", "likes": 0}, {"author": "@anocheceres", "comment": "Thanks for having your dad in the channel. Can we take advantage of him and tell us about his experience in volatile stock market? Thanks guys", "likes": 1}, {"author": "@baodo7905", "comment": "Facebook is crazy undervalued right now. Say what you want about the company but the Financials don't lie. They are pristine", "likes": 2}, {"author": "@Lopersen", "comment": "Costco", "likes": 0}, {"author": "@Ryan-kj7pq", "comment": "Love the content, I'd enjoy independent videos between you two aswell!", "likes": 0}, {"author": "@fernyang2540", "comment": "Love the idea of your dad joined you,  believe your dad will bring the valuable experience to more audience.  A 50 year old person has different interests than a 20 year old for sure.", "likes": 0}, {"author": "@mackvolvo9700", "comment": "Have fun Guys! Share more....", "likes": 0}, {"author": "@MrMelrays", "comment": "I\u2019ve owned Costco from 2003 great company but it\u2019s high on PE.  At the same time I thought it was expensive at $30 \ud83d\ude06.", "likes": 5}, {"author": "@WadenotSlade", "comment": "Love the channel gents! Would really like to hear you and your Dad's opinion on pyrogenesis and hpq silicon Inc. Keep it up guys!", "likes": 0}, {"author": "@fahadkhatri9440", "comment": "Hi, great video.\nWould you please do a video about buy, sell or neutral  analysis as per stock screening sites. Are these analysis reliable? In addition, there are changes in analysis hourly, daily, weekly....would appreciate if you could touch on this too. Thanks.", "likes": 0}, {"author": "@gairikroy515", "comment": "Hi Brandon, what do you think of SOLR.V?", "likes": 0}, {"author": "@AndrewLetendre", "comment": "Costco\u2019s growing at less than 9% a year trading at 30 times forward earnings.... I guess it\u2019s a \u201csafe\u201d stock , and granted it\u2019s a great business... but in a rational market with any reversion to mean, forward looking returns will probably be minuscule for Costco. I do agree that Facebook\u2019s a hell of a bargain right now though.", "likes": 7}, {"author": "@dyingpentas", "comment": "Please provide more ideas of defensive stocks, thanks!", "likes": 1}, {"author": "@mariefran9232", "comment": "Epic duo! Always been excited to see you two together in this channel and knowing this would be a regular sight, I'm feeling giddy :))", "likes": 0}, {"author": "@howedy", "comment": "Big DD", "likes": 0}, {"author": "@jbainbridge22", "comment": "I just don't trust FB or the management enough to ever invest in them regardless of the opportunity personally.  Glad to hear you feel the same.  :)\nI will have to give this round a tie I like the Marc pick but the stance Brandon took is a win also.", "likes": 7}, {"author": "@jakobgossmann-bond113", "comment": "I love having Marc added to the team.  I think he will add so much value and I'm excited to learn more from such an experienced financial man.", "likes": 4}, {"author": "@marys5091", "comment": "Thanks for sharing your thoughts about FB...I feel the same way about it.", "likes": 0}, {"author": "@Sharpieasatack", "comment": "Would love to hear your dad\u2019s suggestions for someone just starting out. Maybe what he\u2019d wish he could suggest to himself now that he\u2019s got so much experience. Thanks :)", "likes": 12}, {"author": "@HB-lx3wv", "comment": "I would\u2019ve bought Facebook but I see enormous regulations with their recent battles with governments.", "likes": 1}, {"author": "@neshajoshi3658", "comment": "I pick costco! Well done Daddy Beavis \ud83d\udc4f", "likes": 0}, {"author": "@HB-lx3wv", "comment": "Brandon, do you think CargoJet is a good buy right now with their recent pullback? I think a 3b valuation is a little steep", "likes": 1}, {"author": "@patrickboyer4688", "comment": "Great Combo...as someone who is in-between the two of you. I like the additional charts and technical aspects - extra tips and learning (RSI, MACD). Keep that up! It would also be good to see each of you argue the other's stock. What your Dad things of FB and Brandon of Cosco.", "likes": 7}, {"author": "@JL-ku7wo", "comment": "Great analysis from your father.  We should plan to get it when it dips.  As for facebook or instaface, even with solid fundamentals its a cancer according to Chamath.  If you are not going to own it yourself, and not a big fan of it, don\u2019t recommended it.  Recommend it only if you truly believe in it and want to own it.", "likes": 0}, {"author": "@pebbIe5", "comment": "YEA GO TEAM BEAVIS. Love you guys. Smashed that like button and subbed. (You still gotta tell your dad to say \"smash that like button\")", "likes": 1}, {"author": "@donjoseph6203", "comment": "why do you dislike mark?", "likes": 0}, {"author": "@ceonz", "comment": "FB is so undervalued IMO", "likes": 0}, {"author": "@itsfaithyyy", "comment": "Definitely love having Marc on the channel! Great job Beavis Fam (yes, including Jesse) :D", "likes": 0}, {"author": "@todaystopicsnews5667", "comment": "Costco", "likes": 1}, {"author": "@nikolasbutler", "comment": "Hey man, love the videos. Any chance you could do a video on dividends in TFSA? I have a really good pension and don't need to invest in RSP but would love to get a bit of passive income through TFSA. Thanks, keep up the good content!", "likes": 0}, {"author": "@foozy74rich", "comment": "Really like the Dad add on these videos. Started gaining interest since GME made the news and now very interested in all this knowledge. You are in my top 3 ! Keep it up", "likes": 1}, {"author": "@cantonpop", "comment": "I love having you two giving these educational talks!! Thanks from Vancouver!!", "likes": 1}, {"author": "@jwebes", "comment": "Just bought some more FB today myself.", "likes": 0}, {"author": "@AndroidBugler", "comment": "As a millennial. it's kind of ironic, I'll go with the boomer pick and I'd go with Costco.\nI'd like Marc's thoughts on the things that the younger generation gravitate towards like the Reddit fueled frenzy in stocks like GME, AMC, etc. or the rise recent rise of crypto.\nAlso on crypto, his thoughts on the merits of the technical analysis of crypto currencies.", "likes": 0}, {"author": "@CaramelSauce24", "comment": "I\u2019m never buying Fb. Such a greedy company. $61B in cash but not giving away dividends?", "likes": 1}, {"author": "@sangavisivapalan2062", "comment": "Awesome video Dad & Brandon - both are great picks! Question for Dad, what changes did you make to your investment style as your net worth grew overtime?", "likes": 0}, {"author": "@ntonio2372", "comment": "Facebook aint it, Im definitely with costco on this one!", "likes": 0}, {"author": "@yoweh10", "comment": "Between these two stocks I'd go with Costco.  I just can't do FB.  I have an issue with the brand and despite being a money maker, raking it in hand over fist, IMO, FB operates very sketchy & don't think I could ever own it.  I'm a customer of Costco and trust the brand.", "likes": 0}, {"author": "@gattovagabondo14", "comment": "I like Costco better than FB - interesting you brought up their cash position, wouldn't that be an area of concern? As in, despite the fact that the opportunities in tech are endless, they are sitting on idle cash - why has it not been deployed to a growth project already?", "likes": 0}, {"author": "@duffporteous1039", "comment": "Can I vote for both of you? I like Marc's pick  BUT I agree with and applaud Brandon's rationale for \"voting with his wallet?\" I also can't buy a bully even if it is a good money decision!", "likes": 0}, {"author": "@vvolfflovv", "comment": "Love both of these as long term compounders.", "likes": 0}, {"author": "@FinancialFutureGuideAlexCourt", "comment": "Great pick for your Dad, loved his bullish thesis and valuation. Looking forward to more! \ud83d\udd25\ud83d\udc4c", "likes": 3}, {"author": "@drx604", "comment": "As a small business owner I do have some reservations about investing in costco.  I haven't owned a costco membership in a long time for those reasons as well.  That being said, both seem good buys based on how you both presented the information.", "likes": 0}, {"author": "@dougjohns5115", "comment": "I vote Costco...", "likes": 0}, {"author": "@saadamiens", "comment": "is it allowed to buy with the tfsa american stocks ?", "likes": 0}, {"author": "@talwar19870", "comment": "Great to see the killer duo on the channel :) ....would be great to see video on your portfolio though.", "likes": 0}, {"author": "@SatyajeetShinde", "comment": "Facebook would be my pick ...", "likes": 0}, {"author": "@bsmith1", "comment": "Marc seems like a natural and comes off as quite genuine and I think any feedback could dampen that. So I would say keep doing what your doing.\n\nAlso I would take Costco over FB at this point in my investing career simply because I'm adding a more solid foundation to my portfolio before branching out into growth stocks and companies more prone to disruption.", "likes": 0}, {"author": "@pranavpatel5237", "comment": "I would say experience will win over experiment. \ud83d\ude00really enjoyed content but your dad has edge over in terms of energy and experience.", "likes": 0}, {"author": "@estellest-jean3408", "comment": "This is nice, I like your dad, things like GME should be out and this is base on facts -- Nice", "likes": 0}, {"author": "@nealbrooker4295", "comment": "Do you guys disagree on stocks to buy ever?  Might be interesting to see a video if you do, and why", "likes": 0}, {"author": "@lucky247365", "comment": "By the way...I would choose COST if I had to choose between the two.", "likes": 0}, {"author": "@Uzwel", "comment": "A question that I ask myself when I see the price of those stock is, is it worth it to buy those stock if I have let's say 2000$ that i can spare or is it better to go to the into the 10 ~ 20$ stocks?", "likes": 1}, {"author": "@lucky247365", "comment": "Congratulations on your first official Beavis tag team video.  I love the pride that your dad shows when he watches you talk.", "likes": 0}, {"author": "@dandaan", "comment": "Hey Brandon great Vid as always. Longtime viewer of the channel. Can you guys do a spinoff video regarding housing market in Vancouver area? I am relocating there in a few months. Late 20s, got into us stock just about when you started YT. Thought I was doing good till I realized couldn't afford a even tiniest house in Burnaby area \ud83d\ude40", "likes": 0}, {"author": "@soccerdav1", "comment": "Love having Marc on the video already!!!", "likes": 0}, {"author": "@jasonduster4721", "comment": "I would have to go with Dad on this one.   Costco is the better choice if I had to choose between Facebook and Costco.", "likes": 0}, {"author": "@Uzwel", "comment": "I mean Facebook is also defensive Imo, in the sens that even with this pandemic everyone is using Instagram and Facebook the same if not more than usual \ud83e\udd14", "likes": 2}, {"author": "@lorainewood7288", "comment": "welcome dad", "likes": 0}, {"author": "@sheilarementizoofficial7862", "comment": "Glad your dad having with u .. best mentor ..", "likes": 0}, {"author": "@dakshbhatt5191", "comment": "Your dad was totally amazing man!!", "likes": 0}, {"author": "@AlpineDividends", "comment": "Costco's revenue per square foot is 3 times higher than Walmart because their shelves are 3 times taller", "likes": 18}, {"author": "@BrentRoss", "comment": "This channel was good before. Now it\u2019s in my top 10", "likes": 0}, {"author": "@pinkcandystripes", "comment": "Would love to see a video on passive income/dividend stocks to add to my TFSA", "likes": 1}, {"author": "@beatrizjumawan8884", "comment": "I bought Costco after watching this \ud83e\udd23", "likes": 0}, {"author": "@kaceyjones7694", "comment": "Because the majority of your viewers are new investors or inexperienced investors.\n\nYou should have your dad do a video to explain his technical analysis, more import the language that comes with it.\n\nI understand it up I\u2019m going to bet the majority of your viewers do not.\n\nOver all, I  like his addition to the videos.", "likes": 0}, {"author": "@JozefLewitzky", "comment": "LOVE the deeper, technical analysis by Marc. A bit of it went over my head, but I'm learning, and Costco seems like a fantastic defensive play on multiple fronts (good value on the dip, less likely to crash hard on a market crash). Great dynamic!", "likes": 5}, {"author": "@turbofanlover", "comment": "Marc's a natural at this.  Good presentation, good info.  Oh, you were OK too, Brandon.  ;)", "likes": 51}, {"author": "@biomolecologo", "comment": "I really like your fundamental analysis of the different stocks, especially the complementarity of growth vs. value stocks!", "likes": 3}, {"author": "@shayminmilo6937", "comment": "daddy is great, ur father is great too", "likes": 1}, {"author": "@scottjessup5036", "comment": "Great video guys!! Really enjoyed your new employees take Brandon. Keep up the great work guys.", "likes": 0}, {"author": "@krisshouldice8311", "comment": "Love having you both on here! I'd say both of those companies are hard for me to buy. I don't like FB for all of the reasons you mentioned and it's hard for me to buy Costco knowing how much they destroy small locally owned businesses, especially up here in Canada. Same goes for Walmart. I'm constantly feeling conflicted between buying purely to make cash and buying my conscious. I recently bought Innergex and although it made me feel good, the stock in tanking at the moment! Ha!!! Can't win!", "likes": 0}, {"author": "@kylesluchinski9528", "comment": "I love this partnership already! \ud83d\udc4c\ud83d\udc4c I would go with Costco, although both are great companies to invest in. I don't own either in my portfolio, but Costco has always been on my radar", "likes": 0}, {"author": "@Wavyyyaf", "comment": "Facebook > Costco. Given its current valuation I\u2019ll take Facebook but I love Costco as a business as well.", "likes": 4}, {"author": "@stevenwall3604", "comment": "Your dad is a great addition to the channel. Looking forward to watching this channel continue to grow.", "likes": 13}, {"author": "@roymurray8782", "comment": "Costco for the safe bet! What\u2019s your thoughts on the airlines for some growth options.", "likes": 0}, {"author": "@missmary7777", "comment": "I like the thought of both costco and facebook. Growing up in small towns, I did not know costco was even a thing, however, facebook, I always knew was a thing. My votes in facebook only for this reason. What are your thoughts on the XEQT fund and SU .TO?", "likes": 0}, {"author": "@jamesj9864", "comment": "i like the young man old man agresive vs defensive investments point of view..more pls", "likes": 0}, {"author": "@ab.4425", "comment": "Good picks!!  Both good stock personally I'm not a big fan of Facebook but the numbers speak for themselves.  Great team work and I hope many more videos will come, it would be a good idea to make a video of the mistakes and advice that your father could give us from all his years of experience, what to do and what not to do to be a better investor and what advice he could give us to get the best out of the market!!", "likes": 0}, {"author": "@dennishowell3795", "comment": "I am more of a dividend investor, so i will go with your father COSCO.", "likes": 0}, {"author": "@CandaceMountain", "comment": "I usually choose defensive over growth lol.", "likes": 0}, {"author": "@guidodelgiudice5", "comment": "Just wow", "likes": 0}, {"author": "@grantboucher9342", "comment": "need cdn for my tsfa", "likes": 0}, {"author": "@pikwitoneier", "comment": "Congrats on the new duo!\nAs for the topic of the possible name change, \nI would keep it as is atm. Rebranding to \"Beavis Investing\" might be a play worth keeping in the back pocket for a future endeavour.", "likes": 2}, {"author": "@beatrizjumawan8884", "comment": "This is amazing!!! I love the MACD and RSI addition. I used these with my Philippine Stocks trading. Looking forward for more knowledge \ud83d\udd25", "likes": 1}, {"author": "@evanjones1847", "comment": "Mark, what was one of you larger mistakes you\u2019ve made or one of the biggest lessons you\u2019ve learned throughout your investing career?", "likes": 8}, {"author": "@usaidbarlas9296", "comment": "Facebook is a big no.", "likes": 0}, {"author": "@naveylidder3078", "comment": "Mark For PM 2023", "likes": 0}, {"author": "@xXgoodguy67Xx", "comment": "love that!", "likes": 0}, {"author": "@raypayys", "comment": "Great stuff guys!", "likes": 0}, {"author": "@badwifiop", "comment": "What are your thoughts on Canadian utilities? CU on TSX", "likes": 0}, {"author": "@Rob-ob3sh", "comment": "The concern I have with Costco will be the retention rate will possibly fall due to unemployment rates on the rise in North America.  I\u2019ve also seen product repackaging decreasing product size and the prices in the stores increase to levels that you can get most items at the same price at Walmart with no membership fees.  I like Walmart  and just noticed Costco raised the minimum wage to $16 as this may push Costco down further. Thanks great video.", "likes": 0}, {"author": "@fredericlarose2614", "comment": "wow so cool video .i m ont the costco side even if i m a dividen investor .for now i dont buy my stock that price because i need to increase my montly income fast now ..maybe next year ..good job boy s   . peace    fred from montreal", "likes": 0}, {"author": "@AndyinMTL", "comment": "I'm with Dad on this one!  Costco> FB", "likes": 44}, {"author": "@arileszebbar4331", "comment": "Dad knows best: I'll go with Costco and keep some dry powder to jump on FB if we enter a bear market phase. Good job to both of you for educating Canadians. What a great achievement to be working with his son and have this beautiful complicity. \ud83d\udcaa\ud83c\udffc\ud83d\ude4f", "likes": 12}, {"author": "@GubeTube19", "comment": "Could you or your dad give a detailed breakdown video of getting licensed in Canada? There are many options (PFP, CFP, CFA, Etc.) and I would like to know all of the different factors to consider, your personal experiences, and any big things to consider for getting licensed! I was looking through courses on CSI and I noticed the different certifications also require some years of work experience. How does one go about getting this work experience without a certification? Awesome video Brandon!!", "likes": 2}, {"author": "@InvestorAmy", "comment": "Thoughts on Canadian cannabis stock TGOD? (.35/share)", "likes": 0}, {"author": "@priyalata7592", "comment": "Costco over Facebook. Costco is reliable and social media like fashion always changes. The only way Facebook can keep up is continue to innovate or buy out other platforms that have potential. Personally the amount of ads Facebook puts deters me from using it and over the years I\u2019ve come to like either texting or hanging out in person or using Reddit. Facebook\u2019s challenge is getting the next generations to go on their platform year after year", "likes": 0}, {"author": "@amc7615", "comment": "my pick is Dropbox led by Drew Houston!!", "likes": 0}, {"author": "@tadbbq", "comment": "Hit the \"like\" before watching. Nice video. your Dad is more conservative investor and you is a aggressive young investor. I like to know both conservative and aggressive stock picks. I will not own Costco because I am working at Costco. Costco is a really good company. Really member focus and manage labor cost at down time( cut hours recently, LOL ). FB really depends on how Apple deal wth the privacy, I will pay a bit more attention to it since it will have an impact on FB ad revenue", "likes": 0}, {"author": "@ewaste9658", "comment": "Dream Team! \nCongrats", "likes": 0}, {"author": "@ryanreid8608", "comment": "Great Channel but could you do some more \"affordable\" stocks", "likes": 39}, {"author": "@Eclipto14", "comment": "Dads know best", "likes": 0}, {"author": "@johndini1523", "comment": "Would love to hear about your dad\u2019s experiences investing during the global financial crisis", "likes": 143}, {"author": "@williamhum7552", "comment": "Love having your dad on the channel!", "likes": 33}, {"author": "@beaviswealth", "comment": "\ud83d\udcc8\ud83d\udcda As always, if you're a beginner to the Stock Market in Canada and you're looking for a step-by-step blueprint on how to get started... Find out more about our Investing Academy here - https://bit.ly/theinvestingacademy\n\nWhich pick do you like better? Let us know down below! Thanks for watching! :D", "likes": 4}, {"author": "@NamasteCanadaNCTV", "comment": "\ud83d\ude07", "likes": 0}]