[{"author": "@beaviswealth", "comment": "\ud83d\udcc8\ud83d\udcda As always, if you're a beginner to the Stock Market and you're looking for a step-by-step blueprint on how to get started... Find out more about our Investing Academy here - http://bit.ly/InvestingAcademy.", "likes": 20}, {"author": "@mynameissam77", "comment": "Correct me if I\u2019m wrong but stocks do not compound. \n\nYou don\u2019t get returns on your returns. \n\nYour investment in a stock can only appreciate or depreciate in value.\n\nI\u2019ve looked at my stock portfolio and the percentage gained is calculated from my initial investment which then provides me with my daily return. \n\nIf there is compounding occurring, please explain how?", "likes": 0}, {"author": "@vidya014", "comment": "Brandon\n\nThe direction of value investing is actually aiming for \"compounding interest\".\n\nCompounding interest is actually talking about compounding dividend. \n\nA growth stock which consistently pay dividends, consists of \u201cIntrinsic Value Compounding\u201d and \u201cDividend Compounding\u201d.\n\nRather than saying \u201cIntrinsic Value Compounding\u201d is being invented, i would say that \u201cIntrinsic Value Compounding\u201d is rather a discovery of a buried compounding inherited in a consistently growing stock.\n\nNobody knows there is so called \u201cintrinsic value compouding\u201d except Buffett, Munger and Li Lu. I am very sure about this argument.\n\nIf you want to have a breakthrough in the new value investing, i suggest you start to do research on \u201cIntrinsic Value Compounding\".\n\nLogic and reasoning are utmost important.\n\nHope you found the way to reveal the right formula of \u201cIntrinsic Value Compounding\u201d.\n\nCheers", "likes": 0}, {"author": "@rajvo7406", "comment": "7% adjusted for inflation?", "likes": 0}, {"author": "@albertoromo5123", "comment": "What\u2019s the best place to invest into mutual funds \nThere\u2019s no videos on YouTube where someone shows how to do it \n\nLike is there a website ,somewhere i have to call, an app??\nThere is not one video of someone going step by step to explain the process of picking one out. And how to compare mutual funds", "likes": 0}, {"author": "@phuminplace_nanhotel6015", "comment": "you got me confuse I thought compound interest is once get interest from initial investment you bring that to reinvest over and over like double down", "likes": 0}, {"author": "@lreddy101", "comment": "in stocks is this where lets say you invest in tesla and you are sitting at a profit of say 500usd. is compounding where you take the 500 dollar profit and reinvest it back into the stock at where the stock price is sitting? or is it simply putting more money into the same stock consistently.", "likes": 0}, {"author": "@Paul-gx9wr", "comment": "Times have changed now anyway if you try going door to door to sell anything the chances are you will run into total dick heads that have no intention of paying, and i certaintly would not let my kid do it, there is far too many paedophile about.", "likes": 0}, {"author": "@Paul-gx9wr", "comment": "If it was so easy then stuff like this would be part of your education, schools tell you nothing about stockmarkets and ways you can become rich, the truth is you will always have hurdles thrown at you to try and make you pannic, it is happening now with bit coin they are trying to pump and dump the market to scare all the new investors and make them cash out.", "likes": 0}, {"author": "@soju69jinro", "comment": "i love compound interest. I preach it to my friends, who only invests in NFTs and short term profits.\nI'm making $120 dollars a month, by allowing my money to make profits for me.", "likes": 0}, {"author": "@deepeshchetwani6250", "comment": "He knew about compounding at the age of 10 \ud83d\ude02\ud83d\ude02", "likes": 0}, {"author": "@stoneycreekstorm7287", "comment": "Can you recommend a good Warren Buffet book?", "likes": 0}, {"author": "@jillianhorsley5985", "comment": "It's worthless if it's fiat.", "likes": 0}, {"author": "@rich3222", "comment": "The issue with your model is no one wants the millions in thier 70's and 80's we want it in out 30's 40's and 50's so the only way to do that is to risk take initially then get safer in orfer to skip years.Im 30 and have $10,000 I would not swap places with warren and be in me 70's with 50 billion", "likes": 0}, {"author": "@jimwhittaker5028", "comment": "Dividends will make you RICH ! $$$$$  Buy quality and hold on for the ride.", "likes": 0}, {"author": "@khawarasif5212", "comment": "https://youtu.be/8L3XhESPC4A", "likes": 0}, {"author": "@KhawarAsif-TCHRBATD", "comment": "https://www.youtube.com/channel/UCU-18grOAA30RLjTa-3yXhw", "likes": 0}, {"author": "@SchoolofPersonalFinance", "comment": "Financial education is where it is at!!", "likes": 3}, {"author": "@urielreyes7509", "comment": "Great video thanks for the valuable info!", "likes": 0}, {"author": "@briandsouza5718", "comment": "And Kylie Jenner just became younest billionaire without any compound interest thing. \n\nIt's such an irony.", "likes": 1}, {"author": "@legendslightningsteel2024", "comment": "Man everyone here worrying about money but never think about how short life is. Just enjoy family & friends all these rich people aren\u2019t happy they  don\u2019t care about money either they\u2019re hardwired to be creative. They\u2019re simply being themselves creative individuals. That\u2019s why they\u2019re so good at what they do. The universe is so complex that there has to be an afterlife.  Be a good human & invest in yourself, family, having a great time on this planet because it\u2019s so beautiful & most importantly invest in the afterlife. Good luck to everyone I wish you guys the very best!", "likes": 1}, {"author": "@vsatishkumar4900", "comment": "i cant find a bank with over 10 years of tenure time wtf", "likes": 0}, {"author": "@Feex92", "comment": "One of the rare people in the world that is unimagnably rich, yet so liked by many.", "likes": 1}, {"author": "@TheInfamousHoreldo", "comment": "The rice thing just explains how numbers can exponentiate, to be clear.", "likes": 0}, {"author": "@lewisroxar3948", "comment": "So I can only be rich when I\u2019m old and wrinkly", "likes": 1}, {"author": "@InCircle", "comment": "Can you give an example.. How does compound interest works in terms of stocks ? Example will make it more clear. Thanks.", "likes": 2}, {"author": "@patmarco2251", "comment": "People give money to Buffett in his Berkshire stock and get zero dividend for many decades of compounding and he gets a large percentage of that money for himself - no one, I repeat no one else is set up like that! Look it up - read the terrible truth about Buffett on Quora app", "likes": 0}, {"author": "@phill4430", "comment": "now u will never know what i said", "likes": 0}, {"author": "@ericschmitz03", "comment": "I'm glad that I'm entering the world of investing now when I'm 16 and not 26. Those 10 years will make a huge difference in the long run!", "likes": 13}, {"author": "@rlyehdate", "comment": "Hey. I don't need inspiration. I need instruction. Please help me with this.\n\n\nI'm on eToro with the Cysec regulation so I can invest on real assets. \n\nNow, how do I apply the compound interest? \n\nLet's say I want to perfom a 6% monthly earning. Do I open a stock for $100 and when it comes to $106 I close it up and reopen it with a value of $106 or do I open a new operation for a value of $106 without closing up the first one?\nPlease have in mind that the minimum value that I can deposit on a stock at eToro it's $50.\nWould really appreciate if you clarify this for me.", "likes": 1}, {"author": "@vilmospalik1480", "comment": "3billion = small", "likes": 0}, {"author": "@pierce1234567891", "comment": "Crazy how this guy monetizes warren quotes and clips from his OWN DOCUMENTARY", "likes": 2}, {"author": "@lucasschrader7942", "comment": "I\u2019m 15 and I\u2019m about to start", "likes": 1}, {"author": "@AmanAman-ri9kk", "comment": "This isn\u2019t gonna help me on my test but ok", "likes": 0}, {"author": "@dvsxavier", "comment": "It should be noted GEICO, the insurance company was instrumental to his success.  It gave Mr. Buffett access to liquidity (high volume of cash) in which to invest with", "likes": 0}, {"author": "@VP-wt5dv", "comment": "He\u2019s also donated a lot of his wealth", "likes": 1}, {"author": "@sukomabawls", "comment": "its never too late to get started with your investment. robinhood is giving away a free stock to new accounts may as well claim it https://join.robinhood.com/austinv834", "likes": 0}, {"author": "@mattkubal446", "comment": "What? Is this a joke? Just invest in an index fund and magically get 7% return? Get your head out your ass, if you were guaranteed those kind of rates people would only invest in index funds. And looking at how they have tanked now your example is total bullshit. Buffet got rich investing carefully in the right companies.", "likes": 0}, {"author": "@AP-qu8sl", "comment": "That old guy knows what he\u2019s talking about. I predict he\u2019s going to be rich one day", "likes": 53}, {"author": "@VictorL8", "comment": "He shouldnt have used warren buffets net worth for the graph he stoped investing for himself slong time ago he should use berkshire hathaway instead whoch is the company buffet own and invests with cause his net worth is also based on the value of his corporatiob", "likes": 0}, {"author": "@VictorL8", "comment": "Not 1 billionare daytrader\nAround half the billionares are long term investors", "likes": 0}, {"author": "@luvomahlasela383", "comment": "https://bitmaxtrading.net/?ref=Lowkeymajorkey\n\n\nThat's a link to a 8% coumpound interest daily\n\n\nDon't abuse it though, invest for 3 days then withdraw and reinvest again", "likes": 0}, {"author": "@Oceansta", "comment": "This is an over-simplification. You haven't accounted for inflation in your chart.", "likes": 4}, {"author": "@djschelde", "comment": "Do you reinvest the dividend in the same stock?", "likes": 0}, {"author": "@WilsonSilvaPT23", "comment": "Let tell you one thing, economic crisis/ recession happens every 10 years, that graphic at 3:22 its not realistic. And people wants be millionaire before the age of 40, not at 80. You have to enjoy the money pal! Better die poor and live like a king, than die like a king and live like a poor", "likes": 0}, {"author": "@xxIndridcold99xx", "comment": "Thank you , Brandon. Because of you, I\u2019ve invested in GIS.", "likes": 1}, {"author": "@felixfox5806", "comment": "Im more excited to find a penny or two on the floor than finding a note. It's true what you laser focus on will compound automatically", "likes": 1}, {"author": "@stevenbrill4902", "comment": "money just for the sake of making money creates more poverty while these guys sits and holds  it  preventing the growth of our country", "likes": 0}, {"author": "@robertkubis2799", "comment": "So many negative minds here. Think about it, you don't need to make few millions to enjoy your money. Instead, make in your life time 50-100 K, and I think that's enough as a supplement to your income.", "likes": 1}, {"author": "@craftingretired", "comment": "Compounding is good if you get interest every week", "likes": 1}, {"author": "@investingthelike111", "comment": "Compound interest works for your grandkids.  You\u2019re too old to enjoy it", "likes": 0}, {"author": "@user-dn5mc5rc6k", "comment": "\u3161\ucc9c\uc8fc\ub294 \uc0ac\ud574\uc138\uacc4\uc758 \uc9c0\uad6c\uc11d\ud0c4\uae30 \uc9c4\uc8fc\uac15\uac00\uc758 \uc601\ud1a0\ub294 \ub3d9\u3161\uc11c\ub85c \uc774\ub9cc\ub9ac/8.000km ,~ \ub0a8\u3161\ubd81\uc73c\ub85c \uc624\ub9cc\ub9ac/20,000km \uac00 \uc9c4\uc8fc\uac15\uac00\n\u3161\uc6b0\uc8fc\uac15\uac00\u3161\uc131\uac15\uc528\uc885\uc790\uc758 \uc601\ud1a0\uc774\ub2e4 \u318d\uc774\uac83\uc774  \uc77c\uc2e0\ucc3d\uc870\uc8fc \ud558\ub098\ub2d8\u3161\uac15\uc99d\uc0b0/(\ubb34\uadf9\ub300\ub3c4)~\uc5fc\uc81c\uc2e0\ub18d\uc528 /(\ud0dc\uadf9\uc9c0\ub3c4)\n~ \uac15\uc8fc\ud6a8/(\uc0bc\ud0dc\uadf9\uc9c0\ub3c4)\uc774\ub2e4 \uc774\uc0bc\uc790\uac00 \uc6b0\uc8fc\ucc3d\uc138\uae30\uc758 \ubfcc\ub9ac\ubcf8\uc6d0 \uc774\ub2c8\ub77c \u318d\n\n\ud0dc\ucd08\uc758 \uc131\uc528\uc885\uc790\uc744 \ud37c\ud2b8\ub9b0\uc790\uac00 \uc5fc\uc81c\uc2e0\ub18d\uc528\uc774\uc624\u3161\u318d\uc2e0\ub18d\uc528\uac00 \uc911\uad6d\uc758 \ud0c1\ub85d\uc8fc\ubcc0\uc758 \uac15\uc218\uc9c0\uc5ed\uc5d0\uc11c \ucc3d\uc528\uac1c\uba85\uc790\uc774\uc790 \u3161\ud0c1\ub85d\uc73c\ub85c \uc131\u3161\uc131\uc8fc \u3161\uace0\uc528\uc131\uc528\u3161\uace0\uc8fc\ubabd\u3161\uace0\uad6c\ub7ec\u3161\uace0\uc8fc\ubabd\ud6c4\ucc98\uc778 \uc18c\uc11c\ub108\uac00 \ubc31\uc81c\uac74\uad6d\uc790\uc774\ub2e4 \ud55c\ubbfc\uc871\uc758 \ubfcc\ub9ac\ub294 \uc9c4\uc8fc\uac15\uac00\uc758 \ud6c4\uc190\ub4e4\uc774\ub2e4 \u318d\uc2e0\ub18d\uc528\ub85c \ubd80\ud130 274\ud788\uc774\uc624\u3161\ud558\ub098\ub77c\u318d\uc0c1\ub098\ub77c\u318d\uc740\ub098\ub77c\u3161\uc8fc\ub098\ub77c\uc758 \uace0\ub9ac\uc871\uc774   \uc694\uc784\uae08\u3161\uc21c\uc784\uae08\u3161\ucc9c\ub3c4\uc0ac\uc0c1\u318d\ucc9c\uba85\uc0ac\uc0c1\u318d\ucc9c\ub9ac\uc774\uce58\ub85c\uc11c \ub3c4\uc815\uc815\uce58 \uc6b4\uc655 \u318d\ubb34\uc655\u3161 540\u3161 \ubaa8\ub4e0 \uad8c\ub825\uc740 9\uc218\uac00 \uad8c\ub825\uc758 \ubfcc\ub9ac\ubcf8\uc6d0\uc774\ub2e4 \u318d\u318d \uc9c4\uc8fc\uac15\uac00\uc758 \ucc3d\uc138\uae30\uc5ed\uc0ac\uc758 \ubfcc\ub9ac\ubcf8\uc6d0\uc774\ub2e4 \n\n\ud55c\ubbfc\uc871\uc758 \uc5b4\uc6d0\uc124\uc774\ub780\u318d\ub7ec\uc2dc\uc544 \ubd81\ubc29\uacc4\uc5f4\uc758 \ubc14\uc774\uce7c\ud638\uc218/(\uc9c0\uad6c\uc790\uad81)\ub85c \uc54c\ub09c\uc2e0\uc73c\ub85c \ucc3d\uc870\ub41c \uc0dd\uba85\uc774 \ub0a8\ud558\ud558\uc5ec \uc911\uad6d\uc758  \uc5fc\uc81c\ud658\uc6d0  \ubfcc\ub9ac\uc6d0\uc190\uc778 \ubaa8\ub450\uac00 \uc131\uac15\uc528\uc885\uc790\uc774\ub2e4\u318d\uce58\uc6b0\ucc9c\ud669\ub3c4 \uac15\uac00\uc774\ub2e4\n \ud6c4\uc190\uc774 \ub2e8\uad70\ud55c\ubc30\uac80\uc528\uc774\ub2e4  \u318d\uac15\uac00\uc758 \ud6c4\uc190\ub3c4 \uac15\uac00\uc758 \ud6c4\uc190\uc774\ub2e4  \ud55c\uad6d\uc758 \uc0bc\uad6d\uc5ed\uc0ac\uc758 \ubfcc\ub9ac\uc6d0\uc190\uc774 \uc9c4\uc8fc\uac15\uac00\uc758 \ud6c4\uc190\uc774\ub2e4  \u318d\uc6b0\uc8fc\ub294 \uc9c4\uc8fc\uac15\uac00\uac00 \ucc3d\uc138\uae30 \uc5ed\uc0ac\ubfcc\ub9ac\ubcf8\uc6d0\uc774\ub2e4", "likes": 0}, {"author": "@user-dn5mc5rc6k", "comment": "Ok\ucd08\uccad\u3161", "likes": 0}, {"author": "@user-dn5mc5rc6k", "comment": "Power  oppa  world  govrnment   goundation  copyright  oppa 49 ea  ok", "likes": 0}, {"author": "@user-dn5mc5rc6k", "comment": "\ucd08\uccad\ubbf8\ud305 \u3161ok", "likes": 0}, {"author": "@PedalTheGlobe", "comment": "Here is something long term investors don't consider.  What is the opportunity cost in terms of quality of life?  One could potentially have more fun with $10k at 30 years old than they could with $300k at 80 years old.  What if they are bedridden, senile, or dead at that age?  Also, this doesn't factor inflation and $300k in 50 years will buy one much less.  Investment is great, but don't forget to have fun in life along the way.", "likes": 0}, {"author": "@joaom.4944", "comment": "My total average return after inflation is 8% through mutual funds.  Is it good?", "likes": 0}, {"author": "@mitchdg5303", "comment": "Investing in a stock isn\u2019t compound interest. You aren\u2019t getting interest. Your investment value is reliant on the stock price. Unless the stock price is rising exponentially", "likes": 1}, {"author": "@alcaldealer8515", "comment": "#$@* mcsally and grahm your both full of shit!", "likes": 1}, {"author": "@YoutubeBrand", "comment": "Warren is a true marvel.", "likes": 0}, {"author": "@FlickSh0tt", "comment": "how does inflation, tax and market crashes affect the returns?", "likes": 0}, {"author": "@mikedaniels3009", "comment": "You totally LEFT OUT the KEY to compound interest: dividend reinvestment and the secrets of using leverage such as Shelby Davis, who I believe was on a par with, or even bigger than Warren Buffet. JMHO", "likes": 4}, {"author": "@firstlast3507", "comment": "In England we can't afford food so saving money is not the first thing we think about", "likes": 0}, {"author": "@luisbecerra8152", "comment": "Warren buffet began when the stock market was in its infancy. We are in a stock bubble. Invest in crypto instead.", "likes": 3}, {"author": "@dillonb9648", "comment": "Between 43 & 44 he lost $15M?", "likes": 2}, {"author": "@Mr19811985", "comment": "Very nicely explained", "likes": 0}, {"author": "@joec.5009", "comment": "my biggest beef is that what's the money for when you are old and grey?  for your kids? what if you don't have any?\n\n\nthat's why i want to be rich now, not when i'm 75.   and to do that i just can't do 7% return.  i gotta have 20%+ return every year.  and that's why i'm riding tesla stock to the moon.\n\n\n- brought to you buy tesla long around the world.", "likes": 1}, {"author": "@abu6ayyar1010", "comment": "Thanks for the video man, I want to ask about the dividends it should be re-invested to take the advantage of  the compound interest or not necessarily?", "likes": 1}, {"author": "@justinmilner8", "comment": "Wtf is up with the x axis on that graph", "likes": 0}, {"author": "@hiteshlalwani8039", "comment": "Compounding would be GREAT, If the male life expectancy of my country was above 55. :(", "likes": 14}, {"author": "@NoobMachiavelli", "comment": "What are those books in the Background?????", "likes": 1}, {"author": "@TickleFN", "comment": "I do love when the year has 3650 days in it, outstanding\n\n\n3:46", "likes": 3}, {"author": "@SOUBHAGYA96", "comment": "Age 24", "likes": 0}, {"author": "@PSYCHOV3N0M", "comment": "Is it too late to pour money into AMD???", "likes": 1}, {"author": "@vijaysathya1326", "comment": "long term is good", "likes": 1}, {"author": "@carlostexeira8020", "comment": "Go to hell son of bitch.", "likes": 0}, {"author": "@Recension", "comment": "Lol I already know what compound investing is I just like to hear billionaires talk", "likes": 64}, {"author": "@alexanderchenf1", "comment": "A company\u2019s growth rate becomes slower and steadier over time though.", "likes": 5}, {"author": "@follcatala", "comment": "What if you invested in Nikkei your 10.000 at the peak of the bubble?", "likes": 0}, {"author": "@josejose-sw6uf", "comment": "how you like compund chicken fry rice? no vegetables", "likes": 0}, {"author": "@edisonkenny12", "comment": "Hi Brandon,do you have any idea about Indonesian to invest in stock market?", "likes": 0}, {"author": "@nicholaswhite7351", "comment": "Too good to be true!", "likes": 1}, {"author": "@gdal3", "comment": "Where did you take this clip from?", "likes": 0}, {"author": "@entrex7596", "comment": "you dont want the money at age of 70 because you dont know if you gonna live that long", "likes": 4}, {"author": "@karlerlandsson2515", "comment": "So true!", "likes": 0}, {"author": "@bryanhoffman8441", "comment": "Compound interest would be great if you weren\u2019t waiting until you are 80 to reap the benefits of the retirement fund.", "likes": 3}, {"author": "@billkohler1277", "comment": "So what is the best way to get compound interest?? Reinvest the dividends??", "likes": 3}, {"author": "@chrism7275", "comment": "Here\u2019s the problem is you\u2019re making assumptions there will be a positive rate of return which is outrageous. There are no more promised rate of returns any more because there is no longer a cost to capital in the world. So many investors are fools because they work on the premise that just because the sp had a nice return last year that it will continue to do so. Look at the market indexes in the early part of the century where markets traded side ways for 40 years or so only problem is at least in those times you could get a real rate of return for your capital on bonds. It dosnt exist any more and government has literally destroyed the current financial system. I will stick to gold for the simple fact that equity\u2019s are way overvalued and holding my money in a money market or a bond is promising my self to take a hair cut on buying power. At least with gold I\u2019m not promised to take that haircut and gold reacts well when confidence is being lost. Negative interest rates is a loss in confidence.", "likes": 2}, {"author": "@prasenjeetbiswas9504", "comment": "Hii I am from India and I am 18 years old I investing on mutual fund every month 500 rupis", "likes": 0}, {"author": "@maguilla", "comment": "If you vote against President Donald Trump in November you\u2019re voting against your compound interest.", "likes": 3}, {"author": "@steve410", "comment": "Hey brandon. I have a 401k and a roth ira. What fund(s) would you put in a 401k and what fund(s) would you put in a roth ira?", "likes": 0}, {"author": "@forever_golfer1981", "comment": "He just buys whatever is on his coffee table.....literally.", "likes": 1}, {"author": "@brunomanco7529", "comment": "My best stocks were bought a bit after 2009. A timber company and a electric utility (I bought more but are the highest yielders). The first now gives my a 25% dividend. The second about 11% (before taxes an commissions).", "likes": 0}, {"author": "@pavankumar-md3bk", "comment": "There is only one Warren buffet , and millions who lost wealth in stock market. There is no transparency in business now. Everything compromised", "likes": 0}, {"author": "@ArmandTRobotson", "comment": "The humble billionaire....\nHe never shows off..\nHe never gives himself too much credit ....\nHe's realistic ...not a reality show freak....and that's why you gotta respect him...he earned it.... together with his billions...", "likes": 95}, {"author": "@Metheeruetaichetcharoen", "comment": "Compound dividend is the best", "likes": 0}, {"author": "@LifeWithBrandon", "comment": "compound interest is amazing! just showed my portfolio and how powerful it is in my most recent video. passive income all the way :)", "likes": 9}, {"author": "@SOUBHAGYA96", "comment": "8th Wonder of world compound interest \ud83d\ude4f\ud83d\ude4f\ud83d\ude4f", "likes": 2}, {"author": "@hymansahak181", "comment": "Most people don\u2019t have excess money to throw into the market for compound investing. Most people also want to live the best years of their lives (30-55). What\u2019s the point of this if the curve steepens really after 30-40 years anyway. You want to give up living life fully in your prime to be old and rich?", "likes": 1}, {"author": "@anonymousubiquitous3295", "comment": "His wealth is not as simple as it looks. He has to juggle opm. I gave thumbs up.", "likes": 1}, {"author": "@HustleUniversityAlumi", "comment": "Back on the investment wagon now that I saw this.", "likes": 13}, {"author": "@mewahonline5369", "comment": "Where can i get my money into the stock market every month and also reinvest and dividends? Is there an app? Or is there a company i can call?", "likes": 0}, {"author": "@landofloss6075", "comment": "This is great but I'm wondering about inflation. According to Business Insider $1 million will be worth $309,000 in 50 years.", "likes": 3}, {"author": "@sachinrajeev44", "comment": "Warren Buffet said \"Most people are broke because everyone wants to get rich quick\"", "likes": 386}, {"author": "@kamleshsanghavi8349", "comment": "V good concept of compounding but life mai 1000 mai se 999 growth ki bat krte hai 1 capital bacha k GROWTH ki bat kr te hai, respected sir BANSS rahe ga too BANSURI\ud83c\udfbabajegi na?? 'siir salamt to paghdii aanek' My experience is:-  stock mkt mai 999 LEGENDS Y TEACHING ABOUT BANSURI OR PAGHDI? So v love \ud83d\ude0d our capital 1st and then growth,dosto naya zamana aayega dekh na, YE SUB LEGENDS ko bhii capital bacha k GROWTH ki bat kr ni padegi dekh na,", "likes": 1}, {"author": "@bkaellner", "comment": "Nice video. I encourage anyone just getting started in investing to track down investors who have earned more than 7% per year and study their methods! The higher your rate of return, the less time you need to achieve the same exponential growth in wealth.", "likes": 9}, {"author": "@jonasmjx", "comment": "But what about inflation? The return on investment from the compound interest is weakend by the compound of the inflation? it's the relativ buying power thats matter?", "likes": 4}, {"author": "@mrityunjayahiremath3951", "comment": "*2^63", "likes": 1}, {"author": "@samsonbreed6049", "comment": "If it were that easy... there would be several..several Warren Buffets in the world. Your just rehearsing script\"", "likes": 1}, {"author": "@beaviswealth", "comment": "\ud83d\udcc8\ud83d\udcda As always, if you're a beginner to the Stock Market and you're looking for a step-by-step blueprint on how to get started... Find out more about our Investing Academy here - http://bit.ly/InvestingAcademy.", "likes": 20}, {"author": "@tiendoan1333", "comment": "He engaged in child labor, which is banned in today's society.", "likes": 0}, {"author": "@11Alisher", "comment": "So many of my friends just don't wanna play the long game through compounding and want to get rich overnight, it is so annoying !!! Going show this video so they come to there sense", "likes": 1}, {"author": "@monte21228", "comment": "Looking at this graft ... at 26yrs old he had a 140k.  In 4 years he had a million dollars.  That's not compounding. I dont know what it is. But its not compounding.", "likes": 119}, {"author": "@myjourney2financialfreedom91", "comment": "Compounding sure is the key along with consistent savings", "likes": 12}, {"author": "@Fuji_Investments", "comment": "Got to love cryptocurrency. That compound is amazing!", "likes": 3}, {"author": "@nancyguo01", "comment": "Hi  Brandon ,Thank you for the this video, I love it, I have a questions, when comes to retirement lets after 30 years of commanding, I understand there is 4% of rules of taking the money out monthly/yearly, but at the market down time, if you take the 4%, how would this number works? Thank you", "likes": 6}, {"author": "@familymanwheeling1305", "comment": "I am missing something PLEASE HELP!!   Where does the interest from a stock come from besides dividends?  You say 7% annually.  If price grows 7% every year but you don\u2019t sell, what compounds?  It does not sound like it but do you sell the stock every year to get the gains then buy again to reinvest and compound the initial investment plus the gains?", "likes": 9}, {"author": "@dimmysimmy1236", "comment": "Yeet", "likes": 2}, {"author": "@thesplynter8426", "comment": "Bu bu but but bitcoin", "likes": 1}, {"author": "@queenejames8279", "comment": "Dope", "likes": 1}, {"author": "@Jose-lc6nj", "comment": "Warren buffets is a genius but he also was in the right place in the right moment do people really think that the market can go up forever? Everything has a limit", "likes": 0}, {"author": "@CryptoRide", "comment": "Great video, brother.", "likes": 6}, {"author": "@AlAmin-qh7qt", "comment": "that old guy is a sea of knowledge", "likes": 80}, {"author": "@RealLifeMoney", "comment": "Without a doubt the 8th wonder of the world from the Oracle himself \ud83d\ude4c", "likes": 27}, {"author": "@CryptoJeremy", "comment": "BITCONEEEEEEEEEECT!!!!!", "likes": 2}, {"author": "@DeparturesCapital", "comment": "Long term lets go!!!", "likes": 3}, {"author": "@tdusang2956", "comment": "ive always been told by the banks compound interest makes more sense from mutual funds and investing in stocks even etfs are only capital gains and dividends. is there any truth to this or is there technically no difference between investing in mutual funds vs etfs? after all banks are starting to offer more passively managed mutual funds to provide lower mer's, whats your opinion?", "likes": 2}, {"author": "@veeli1106", "comment": "It's like you have something against trading...", "likes": 3}, {"author": "@scottscriticalmass", "comment": "Great motivator Brandon... The power of compounding is quite simply, brilliant. Probably a good idea to remind your subs of this once every few months or so.  Think about this for a minute folks... How long will it take you to grow your portfolio to 10-times its current size?  Quite a while right.  Then consider this...  Once you get there, it will only take a double from there to grow by the same amount again.  Not nearly so imposing to think about.  Cheers...", "likes": 13}, {"author": "@baz1000", "comment": "Does this concept only work with dividend stocks? What about growth stocks that dont pay a dividend?", "likes": 7}, {"author": "@WorldPrestige", "comment": "Compounding is the best \ud83e\udd23\ud83e\udd23\ud83e\udd23", "likes": 21}]