[{"author": "@beaviswealth", "comment": "\ud83d\udcc8\ud83d\udcda As always, if you're a beginner to the Stock Market in Canada and you're looking for a step-by-step blueprint on how to get started... Find out more about our Investing Academy here - https://bit.ly/theinvestingacademy\n\nThank you everyone for the kind wishes! :)", "likes": 8}, {"author": "@edwardmacnab354", "comment": "if you only have one house it is best to pay it off early for security purposes . Any real estate investment after that is obviously not going to be paid off as that would be self defeating", "likes": 0}, {"author": "@didtoknan8128", "comment": "So the canada bank interest rate is now at 4.75% and the stock market is not really great ... did you change your mind ?", "likes": 0}, {"author": "@thegrindmcoc7966", "comment": "Did you change you plan once interest rates jumped? Or just have to stick it out cause stocks also dropped?", "likes": 0}, {"author": "@simplelife2967", "comment": "Would be interesting to hear what is the rate of those variable mortgages now. Probably more than 5.5%. This would change the game completely.\nPeople who up for renewal this year are desperate when they see around 6% rates. This is the time when an advise to pay the debt off faster would be a good one.", "likes": 0}, {"author": "@2020Bookworm", "comment": "Doesn't the bank fine you if you pay off your mortgage early?", "likes": 1}, {"author": "@davidjang6538", "comment": "Congrats, on your child, \ud83c\udf89 new viewer, from Fraser Valley, BC. Best of luck", "likes": 0}, {"author": "@Bravasia855", "comment": "I can see the video was recorded 9 months ago, when rates were quoet low. What are your thoughts on the current mortgage rate scenario? Would you pay the mortgage or invest the same amount?", "likes": 0}, {"author": "@dariroch", "comment": "I chose to put quite a bit on my mortgage to get my debt servicing level to an acceptable level to be able to open a HELOC then we slowed our mortgage payments down and invested more.", "likes": 0}, {"author": "@nevillejames2200", "comment": "Congrats on your new baby. Happy to you and your family", "likes": 0}, {"author": "@alishah5403", "comment": "Absolute rubbish - Being rent/mortgage free should be everyone's top priority all over the world", "likes": 0}, {"author": "@lxlim", "comment": "Congrats Brandon! I'm in the middle of this dilemma at the moment, but the situation is a bit different. I left my job and income will be coming in from selling properties then later from investment portfolio (nest-egg). The mortgage in question is currently 200K @1.48%. I am also getting a lump sum from a sale of a condo. I have 3 options, 1 pay off mortgage, invest the rest and draw down 50K/year, 2 invest all and draw down 62K/year the additional 12K is the mortgage payment, 3 refinance the mortgage back up to 400/600K, plus invest all proceeds and drawing down 74/86K/year to pay the higher mortgage amount. So you see, the higher the mortgage amount, the higher I have to draw down annually from the investment to pay up the mortgage itself. Does it still make sense to keep the mortgage or to pay it off, or go to the complete opposite and borrow even more? Thanks!", "likes": 0}, {"author": "@aureadejesus3545", "comment": "Congratulations!", "likes": 0}, {"author": "@jennychoi8885", "comment": "Congtatulation", "likes": 0}, {"author": "@turolifetv590", "comment": "Congrats for new baby. God bless always.", "likes": 0}, {"author": "@Carol8693", "comment": "Aaaah baby girl :)  have you fallen in love with her yet ? what is her name ?", "likes": 0}, {"author": "@joyousjohnson7358", "comment": "Congrats and best wishes Brandon!  Blessings!!!", "likes": 0}, {"author": "@brexit9279", "comment": "Pay your mortgage\u2026", "likes": 0}, {"author": "@bobbysetia_com", "comment": "Appreciate the Video Brandon.  Is your investing course just about Stocks ? I was thinking using a Dollar-cost averaging (DCA) investment strategy. I am interested to learn more about the blended investing between stocks / home / insurance / business ... and where I should focus depending on my current situation and goals..", "likes": 0}, {"author": "@TwinworldGameReviews", "comment": "2 words... Smith Manoeuvre! This lets you do both at once.", "likes": 0}, {"author": "@Orielle1000", "comment": "My husband and I are planning to pay off our mortgage this year and then focus on investing next. We just love the peace of mind of not having debts especially duriing this time of uncertainty.\ud83d\ude0a", "likes": 0}, {"author": "@OfficialMutey", "comment": "Congrats Brandon.. Having a child is an awesome feeling.", "likes": 0}, {"author": "@regisleclerc1447", "comment": "Congrats Brandon!!", "likes": 0}, {"author": "@littleninjai222", "comment": "Congratulations on your baby, Brandon! Did you already start at TFSA for your baby? I put a $1000 for each child as soon as they were born and when I got a SIN # and then subsequently maximized the minimal amount monthly required to get the max grant match from the gov't. :)", "likes": 0}, {"author": "@miriamolino1511", "comment": "Congrats on your new baby!", "likes": 0}, {"author": "@davidchen5661", "comment": "Hi Brandon, congratulations \ud83d\udc4f!", "likes": 0}, {"author": "@DizzyT19", "comment": "Congratulations Brandon! I recently purchased a home in Burnaby and I have been contemplating making lump sum mortgage payments vs. investing into the market. After giving it a ton of thought and research, I'll be doing a combination of both. After maxing out my TFSA & RRSP, making a lump sum payment, and continuing to invest in my registered and non-registered accounts", "likes": 0}, {"author": "@radhouanjebeniani3614", "comment": "Congrats Brandon! such a blessing ey!", "likes": 0}, {"author": "@logictomus", "comment": "I think this approach presented is not exactly accurate in the present times. You did not take into account current inflation rate and it's relation to the interest rate. For now in Canada inflation rate is around 6% what additionally depreciate the Dept. Investing into stock we got just what we invested. I personally like commodities what always grow in high inflation environment. I think everything should be correlated the inflation rate and it's prediction for future,  because this change perspective.", "likes": 0}, {"author": "@shockout1", "comment": "Congratulations.  Have a kid is the best.", "likes": 0}, {"author": "@shireentalaat7679", "comment": "Please make a video about Smith maneuver method \nWhat is your opinion and how home owners can make mortgage payments tax deductible \nCongratulations to your family", "likes": 0}, {"author": "@Pip1024.", "comment": "Congratulations Brandon and wifey to the new angel in your family. Good bless", "likes": 0}, {"author": "@DependantDaughter", "comment": "I have learned so much!! Thank you", "likes": 0}, {"author": "@lifeasweknowit500", "comment": "Congratulations to your new bundle of joy!\ud83c\udf89\ud83c\udf08\ud83e\udd42", "likes": 0}, {"author": "@lifeasweknowit500", "comment": "Congratulations Brandon and to your wife for your new bundle of joy!\u2764\ufe0f\u2764\ufe0f\u2764\ufe0f", "likes": 0}, {"author": "@anne-mariel3256", "comment": "Same my rate is 1%", "likes": 0}, {"author": "@Alan-ck6fg", "comment": "because I have 1.3%", "likes": 0}, {"author": "@davidwilson9976", "comment": "Paying off your mortgage made sense when interest rates were 7% plus. Having grown up with high interest rates, paying off your mortgage was drilled in your head, but times are different.", "likes": 1}, {"author": "@barwickbeau", "comment": "CONGRATULATIONS on the baby girl! I have four kids so I know what you're going through lol.", "likes": 0}, {"author": "@robertflorian5970", "comment": "Congrats!  Btw you cam do both.. pay down your mortgage and invest in stock market. Smith Manoeuvre is very powerful strategy", "likes": 0}, {"author": "@KV-fv4fs", "comment": "Congrats with the baby. As a value investor and with many value stocks leaning more towards being overvalued at this time, it makes more sense for me to put more money towards my mortgage since I think gains in the value stock market will be low in the near future. If the market would correct, I may consider doing the opposite if the values stock become more attractive to buy.", "likes": 0}, {"author": "@glenf4115", "comment": "I totally agree that money does feel like it's locked into a house, like Brian Preston says \"you can't eat a house\".", "likes": 0}, {"author": "@perchristiansen6822", "comment": "Congratulations on becoming a parent, it will be amazing\ud83d\ude00", "likes": 1}, {"author": "@tameemahossain63", "comment": "Welcome to parent hood. Congrats to new mom and dad", "likes": 0}, {"author": "@deepdhaliwal1700", "comment": "One of the most valuable video man \ud83d\udc4d\ud83c\udffb", "likes": 0}, {"author": "@stephennichol3620", "comment": "For the first couple years we would do the double up payment to pay our mortgage faster.  Now we just pay the regular payment so we can invest more.", "likes": 0}, {"author": "@canpin", "comment": "Congrats! Mabuhay!", "likes": 0}, {"author": "@taehwahong5824", "comment": "Congrats on being a dad \ud83e\udd70", "likes": 0}, {"author": "@kdouglas4387", "comment": "Congrats Brandon and wife on your new baby! Sure money makes the world go round but family time is priceless. Take your time with your family, we\u2019ll be here when you\u2019re back.", "likes": 0}, {"author": "@dchrysostom", "comment": "Congrats", "likes": 0}, {"author": "@ab.4425", "comment": "Great video buddy!! Congratulations Brandon!!", "likes": 1}, {"author": "@IWatchAndLearn", "comment": "Congratulations Brandon.", "likes": 1}, {"author": "@paulcarman269", "comment": "Paid off my house in Alberta at the age of 32.  Yes I may have made more in the long run but investing but it gives me so much more peace and now I have extra $ allocated to go into the stock market now that I don\u2019t have a mortgage payment!", "likes": 3}, {"author": "@russellm5484", "comment": "My plan is to max out TFSA, then RRSP, then when those are both full, then start putting money towards mortgage. Got atleast 5-6 years before I can max out my RRSP, so will be around 40 years of age. Will be a good time to start knocking down the mortgage with extra payments. Yes the interest saved won't be as much, but thinking more time and money in the stock market will be better for the TFSA and RRSP.", "likes": 1}, {"author": "@Rob-ob3sh", "comment": "Paid off my mortgage and it feels great.", "likes": 3}, {"author": "@jessehamlin3420", "comment": "congrats brandon!  been waiting for this video.  i started off paying down mortgage fast but my opinion has changed over time and ive throttled the mortgage all the way down and use most of it for investments.  although paying down debt feels good, it can sometimes be stressful if you put every penny you have into the mortgage and unexpected expenses come up.  thats also a benefit of not going gangbusters on the mortgage and having extra cashflow each month for stocks or other expenses.  interested to hear marcs take on it as well!", "likes": 0}, {"author": "@JulianBocchinfuso", "comment": "Congratulations on your daughter man!!! Amazing. Also, what a great topic for the video.", "likes": 0}, {"author": "@samirbenabbou7629", "comment": "congrats man", "likes": 0}, {"author": "@jasonduster4721", "comment": "Congratulations Brandon.  Your daughter is also a type of investment.  A future employee of Brandon Beavis Investing :)", "likes": 0}, {"author": "@CanadianDividendInvesting", "comment": "Interesting point of view, thanks for sharing! Congrats on the new kid!", "likes": 1}, {"author": "@zamran100", "comment": "Congrats Brendon", "likes": 0}, {"author": "@vigneshwarthulasirangan2323", "comment": "Congrats Brandon", "likes": 0}, {"author": "@roberttaylor3594", "comment": "Hey, congratulations!  Good luck with the sleep!  Kids sure help with understanding one\u2019s parents a lot better, aside from all the new \u201c prime directive\u201d for the next few decades.", "likes": 0}, {"author": "@pxl6188", "comment": "congratulations\uff01\uff01\uff01", "likes": 0}, {"author": "@smallmj2886", "comment": "Congrats on the new baby.  Everything is forever changed when you become a father.  Take lots of time off to spend with the family.  It is the most important thing.\n\nI never thought that my mortgage weighed on me until after I paid it off.  Now I feel an incredible peace of mind because I am living debt free.", "likes": 1}, {"author": "@cheynebest7028", "comment": "Congratulations Brandon! \ud83d\udc76\ud83c\udf89 I absolutely agree with you to focus on growing your stock portfolio over paying off your mortgage early. The interest saved off your mortgage is nice but when that same sum can be put to work for you in the stock market rather then the bank over time the difference can be shocking.Yes real-estate is a safe and more stable investment but the stock market will outgrow real-estate substantially over time. The liquidity is also a very nice trade off. The process of buying/selling a property is substantially more stressful. Cheers and hope you learn to sleep fast!", "likes": 1}, {"author": "@momo35444", "comment": "good luck brandon. kids are great. take all the time you need. cant wait for marcs response to this :)", "likes": 0}, {"author": "@garyw561", "comment": "I\u2019ve always done both (invest TFSA/RSP & lump sum payment on mortgage).\r\nMy rule has always been to invest in RSP and use the Tax refund to pay down the mortgage.\r\nI personally like the feeling of paying down debt, as you won\u2019t be financially free until the mortgage is gone.", "likes": 15}, {"author": "@yankyravi", "comment": "Congrats on the new baby", "likes": 0}, {"author": "@GG-dp4jo", "comment": "Congratulations to both of you!!", "likes": 1}, {"author": "@lography6917", "comment": "Congratulations!!!", "likes": 1}, {"author": "@MayerKyle", "comment": "Congrats!!!! I became a dad 5 months ago. It's totally life changing and you're going to be great at it. I decided that using a variable rate but then adjusting my payment to what I would have paid for a fixed rate made sense for me. If rates went up, I could always lower my payment amount (and fortunately, they went down). That sole change took me from 25 years to 17 years amortization. I also have saved around 10K in interest so far based on the rate staying lower than my hypothetical fixed rate, which was 1% higher at the time. Mathematically it might not make sense to pay down the mortgage faster, but it feels awesome to see that kind of progress...especially if you are paying no more than you would have been on a fixed rate and you can lock in at any time. It's a bit riskier (especially as rates can't really go lower right now) but it has worked out for me so far, without eating into investment $$$$$.", "likes": 1}, {"author": "@SV-du2pf", "comment": "Congratulations to you and your wife.", "likes": 0}, {"author": "@Po101080", "comment": "Congrats Brandon, and exceptionally good advice. Really appreciated you breaking down your thought process logically.", "likes": 0}, {"author": "@glancegha1733", "comment": "Why not do both?  Why not let the government help pay down your mortgage?  This is exactly why financial advisors are golden.", "likes": 0}, {"author": "@jasonalexander5249", "comment": "Congratulations Brandon!!!!!!", "likes": 1}, {"author": "@AtharAfzal", "comment": "Congrats!  Sleep cycle is bad for the first 2-3 months - so you'll be stronger as you become more efficient in sleep. \n\nInteresting topic to discuss! Being middle aged - I do try to take advantage of variable rate mortgages and try to pay it off faster to lower the monthly expense burden.  I do try to factor in 1 or 2 additional interest payments in my monthly mortgage costs to help alleviate any interest rate increaes.  I've always felt that one should have the primary home paid for in complete as that is your biggest security.", "likes": 1}, {"author": "@anwarmaru1523", "comment": "Congrats Brandon\ud83d\udc4b", "likes": 0}, {"author": "@michaeltanquiza8960", "comment": "Congratulations to you and your wife bro Brandon. By the way such a great video.", "likes": 0}, {"author": "@sergelbergeron", "comment": "Congratulations on your family.  Also i liked the end part where you explain, the healthy debt vs unhealthy debt, but also the liquidity aspect of the home vs the home.  Very well explained. TY", "likes": 1}, {"author": "@fordtough9553", "comment": "Great video, Brandon! Just subbed.", "likes": 0}, {"author": "@sinist4r_gr1n14", "comment": "Congratulations Brandon, will be the best experience of your life.", "likes": 1}, {"author": "@cb4354", "comment": "DO NOT pay off your mortgage early with these low interest rates. So much better putting that extra money into an S and P etf", "likes": 0}, {"author": "@evaldaska6541", "comment": "Hi Brandon, Congratulations on your baby!!\nI see you got Variable mortgage rate for both mortgages, I do also have most of my mortgages at variable rate, but considering moving some more to fixed rate. What are your thoughts on this? (I am in Canada too)", "likes": 3}, {"author": "@nelsonw1267", "comment": "Congratulations Brandon!", "likes": 0}, {"author": "@ItsBurnahMan", "comment": "not a home owner yet (toronto lol) but this was some good insight man", "likes": 0}, {"author": "@JohnMin719", "comment": "Congratulations buddy. What a way to start 2022! By the way, it cracks me up every time I see the ending where you say \"I will see you in the next video\" and then smile awkwardly afterwards (Marc does this also). Have a good weekend.", "likes": 1}, {"author": "@eliepl9", "comment": "It depends, based on my experience I paid my house mortgage in 2 years and half (at age of 29), now I am 30 and completly debt free for the rest of my life and goddamn this feeling is awesome, this feeling can't be bought !!! Just chilling and investing now.", "likes": 1}, {"author": "@cirentXD", "comment": "Congratulations on becoming a father! How old are you?", "likes": 0}, {"author": "@jesterbalahadia8063", "comment": "Hey Brandon, thank you so much for this video as I am currently on the same boat. Do you have plans on posting more videos about investing in real estate?", "likes": 0}, {"author": "@seejay2951", "comment": "Congratulation!!", "likes": 0}, {"author": "@suenlamng", "comment": "Congratulations, Brandon! Enjoy the chaotic but sweet moments!", "likes": 2}, {"author": "@ptsb5a", "comment": "Thanks so much for taking the time to post this video Brandon.  I cannot imagine how your time is being divided between your family and your audience.  For me, I've managed to nuke some bad debt and free up some cash..  I've got about $90K in unused RRSP contribution space so I'm focusing on that.  With a $27830 contribution limit it will take me a while to close that $90K gap.  Between my employer investing for me through payroll deductions and investing on my own I'm contributing close to $40K a year into my RRSP and $6K into my TFSA.  I'm using the tax refund to smash my mortgage.  At 4:18 in the video, your example shows a Balance at end of term difference of $67K.  That's got to be worth something as far as Net Worth goes.  I see it as not owing less on my home but owning more of my home.  So, for me, that's my goal.  If I can manage to keep on track, my 18 year $310K mortgage, taken out in 2020, will be paid in full about 8 years from now.  I'm looking forward to it.  Apparently the grass in the yard feels better under your feet when you own it outright!", "likes": 6}, {"author": "@ItsBurnahMan", "comment": "totally understandable if the channel\u2019s inactive man, congratulations on becoming a father !!", "likes": 1}, {"author": "@KlondikeSkunk", "comment": "Congratulations \ud83c\udf89 Enjoy every moment, even the hard ones.  Time goes sooooo fast from here on.", "likes": 2}, {"author": "@xyzok2715", "comment": "Very useful video \ud83d\udcaf", "likes": 0}, {"author": "@crystalcraig", "comment": "Congratulations. How exciting.", "likes": 0}, {"author": "@ninod3020", "comment": "That being said, take all the time you need. Support your wife as best as you can and just be there for each other. Lean on each other for support. You guys got this! \n\nAwesome video by the way. In a similar boat with the dilemma of paying down mortgage vs investments. But the numbers speak for itself. Invest and you can always pay down the mortgage with the returns later down the line. While you build that awesome equity. I live in BC as well, and our property value appreciated by 300K in less than 6 months. Hard to beat that investment.", "likes": 4}, {"author": "@andvfx", "comment": "Congrats Brandon!  I took the decision to pay down the mortgage as fast as possible. I like to have at least 30% in cash considering the high levels the stock market its trading.  This money will go in to GICs, but GICs are giving less than my mortgage interest rate, so I am doubling down on mortgage payments instead.  (Having the TFSA and RRSP maxed out in the stock market). At the end give be more peace of mind.", "likes": 0}, {"author": "@ninod3020", "comment": "Congrats on the new baby. It\u2019s a game changer when you become a parent. It\u2019s going to be a roller coaster of emotions and challenges, but it\u2019s all so worth it. Things might seem rough at times, but I promise you it\u2019ll get better (as a dad of two young boys ages 1 and 3). Your kid will be everything to you and gives you a greater sense of purpose in life.", "likes": 15}, {"author": "@rudykatwaroo8260", "comment": "Congrats on your new bundle of joy!!!", "likes": 0}, {"author": "@flow2tech", "comment": "Theres something mentally freeing about getting rid of the burden of a mortgage tho...", "likes": 21}, {"author": "@emmanueljoseph5288", "comment": "Awesome news to start the video! Congrats Brandon!", "likes": 1}, {"author": "@308bar", "comment": "Congrats Brandon!  Enjoy these days with your new baby as they are the best.  With rising interest rates coming I think paying off the mortgage is a benefit for those who haven't had much time in the market to invest especially with the higher home prices in Vancouver.  That being said the TFSA and investing have helped us cut our mortgage down significantly.   Luckily enough we've been pushing hard to pay off our Mortgage and will have it paid off in 5 yrs with 20+ years before retirement.  Instead of the usual 25 years, we've cut our payment down by ~7 years.  GLTA.", "likes": 5}, {"author": "@jagjitparhar214", "comment": "Congrats on the baby! We are personally paying down our mortgage. Not big on debt. But to each their own. After the mortgage is paid off we can aggressively invest in the market.", "likes": 2}, {"author": "@justincosplay", "comment": "congrats!!!! enjoy this time before they start talking back to you!!!! - agree with you on not paying down the mortgage. though you might want to think about paying it off slightly before the term is up in 25 or 30 yrs. when we get older depending on your type of job you might be forced out or can't work because of some unexpected injury so paying it off faster in the last 10 years would be advantageous while you're still earning a high income.", "likes": 2}, {"author": "@gowsikanperinparajah6583", "comment": "Congrats Brandon", "likes": 0}, {"author": "@theabstract4936", "comment": "Thoughts on VFV?", "likes": 0}, {"author": "@denism.6167", "comment": "Congratulations on baby wonderful part of life.", "likes": 0}, {"author": "@agonzales5813", "comment": "Congrats hope you get more sleep soon", "likes": 0}, {"author": "@ghvimmigrationservices4110", "comment": "Congratulations Brandon and the first one to watch this video I\u2019m so honoured thank you so much for all your great videos thank you", "likes": 0}, {"author": "@mandeepriar6260", "comment": "Omg! Congratulations Brandon! So happy for you. Take time off and enjoy this amazing time with family.", "likes": 4}, {"author": "@ghvimmigrationservices4110", "comment": "Congratulations Brandon!! I\u2019m the first one to watch this video \u2764\ufe0f\u2764\ufe0f\u2764\ufe0f thank you so much for the content!", "likes": 0}, {"author": "@beaviswealth", "comment": "\ud83d\udcc8\ud83d\udcda As always, if you're a beginner to the Stock Market in Canada and you're looking for a step-by-step blueprint on how to get started... Find out more about our Investing Academy here - https://bit.ly/theinvestingacademy\n\nThank you everyone for the kind wishes! :)", "likes": 8}]