[{"author": "@beaviswealth", "comment": "\ud83d\udcc8\ud83d\udcda As always, if you're a beginner to the Stock Market and you're looking for a step-by-step blueprint on how to get started... Find out more about our Investing Academy here - https://bit.ly/theinvestingacademy\n\nWhat are you thoughts on Tesla stock? Leave a comment down below. Thanks for watching! :D", "likes": 9}, {"author": "@HondaS2000kid", "comment": "Yikes. I\u2019ll be back in 7 years", "likes": 0}, {"author": "@tonylizzy4781", "comment": "This video doesn\u2019t age well, especially on nicola", "likes": 0}, {"author": "@Xmukherjee", "comment": "Today I see TSLA crashing. I invested in the past but I have sold off, thinking of some accounting scam going on.", "likes": 0}, {"author": "@alkhemist95", "comment": "This is hilarious cause of where Tsla is now.", "likes": 1}, {"author": "@guenthermichaels5303", "comment": "You might want to rethink this video..Any investor worth their salt has allocations for high risk..I call this my Casino account..\nIt includes  Tesla which I bought 100@ $200.\nNow its 500 @ +$800\nIt includes NIO\nbought 16,000 over 1.5 years @ average cost $4.16..\nTrillium Therapeutics \n20,000 @ .62\nNow worth  $18.\nI have others...but I never exceed 20% of my  holdings for these stocks....\nYou might want to look at CPPinvestments holdings..for more information...\nTheir complete portfolios are online..\nIncludes Tesla, and $4Billion in Tencent which owns 15% of Nio and 5% of Tesla\nOther  Public pensions,\nare online as well...some of the best portfolio mgrs. In the world..", "likes": 0}, {"author": "@tonyeshkavarian4239", "comment": "what do you think about tesla now?", "likes": 0}, {"author": "@beacoley8758", "comment": "Tesla is $880 per share now dam", "likes": 0}, {"author": "@RoyalBeast17", "comment": "Make a new one about tesla please!", "likes": 0}, {"author": "@juansebastianosorio6060", "comment": "Tesla is at 597 right now..\ud83d\ude15", "likes": 1}, {"author": "@EB-mu9ex", "comment": "Tesla all time high. Bitcoin all time high. Coke, McDonald\u2019s where you at????? Guys don\u2019t listen to him. He don\u2019t know how to invest in innovative companies. But if you wanna retire comfortably at 65 then take his advice.", "likes": 2}, {"author": "@jasonstupak4535", "comment": "This video isn't aging well \ud83d\ude09.  Tesla on S&P 500!  All the best Brandon.  Just had to come by for some fun.  Still appreciate your channel, and your common sense investing style.", "likes": 2}, {"author": "@jonatanlacroixgosselin5258", "comment": "Maybe it's true that people can make money short term with stocks like Tesla, but I prefer the long term safe approach for my own sanity. I already constantly check my portfolio through my phone I can't imagine if I had volatile stocks.", "likes": 0}, {"author": "@EB-mu9ex", "comment": "I feel like this guy has trauma from bitcoin and Tesla. Sure his \"safe pick\" stocks are not as volatile but investing in the oil industry and banks may not be a good idea especially when in the next 25 years they'll probably be obsolete.  This isn't the 1980s, value investing isn't like how it was before, the oil industry and banks are being disrupted in a major way. Internet has changed the way information spreads and how society uses it. People are becoming more aware and informed about the world. Before electricity was used in houses, people were afraid of the idea because they thought their house would explode. When someone visualized the idea of everyone owning a car and that there would be paved roads that we could drive on, they were laughed at. This is your classic example of someone who doesn't believe in the future. I don't know how this guy doesn't see the future outlook of cutting emissions, green friendly companies and the problems with banks. New fintech are making banks look outdated as banks are not keeping up with the times.  You can already see China is the largest user of fintech and most of the population don't even use a bank. And he's calling Tesla speculative... It has a solid balance sheet, it has a real product, they are profitable. And don't get me started with saying it's because of CO2 credits because Tesla is more than a car company.Comparing Tesla to Nio? C'mon.. Tesla is 5+ years ahead in the EV market.. Nio, and legacy companies like VW , Ford are losing tons of money  trying to compete in the EV market with Tesla as they are also trying to convert to EV. It's sad how young this guy is and not taking risks in which Tesla doesn't even look like a risky investment at all. Just depends what price you enter at. Which can apply to basically any company you invest in. If you invest in TD at $75 and it's ATH is $75, then it drops down to $60 how many years do you think you'll recover your gains till they finally hit $75 again if ever. How many times have we seen Tesla drop 10%-20% then suddenly go back up again soon after.  I wish you the best of luck with Coke,TD, and Enbridge.", "likes": 10}, {"author": "@InvestingforGenerations", "comment": "Great video. Just took a view on the Tesla and the value in my latest video . It's mind blowing. Check it out.", "likes": 0}, {"author": "@johnnylee8194", "comment": "dunno know what crack your smoking to think someone your age and probably education or lack thereof think you are worthy to give investment advise.", "likes": 3}, {"author": "@nhl304", "comment": "You\u2019re getting so buff these days! Nice quarantine body. You should do one shirtless for us", "likes": 1}, {"author": "@leodileo", "comment": "Dude you're literally my twin!! Everything you've said and principles to investing is what I've been saying to my colleagues. Tesla is so overvalued. Nice to see another Canadian investor crushing the game\ud83e\udd19\n\nKeep up the awesome content!", "likes": 0}, {"author": "@mdawg8770", "comment": "Amazon was looked at as a speculation for years. It made me a millionaire, these are generational companies.   Good luck keeping your money in td bank and enbridge.  I'll continue to bet on innovation", "likes": 7}, {"author": "@holec0591", "comment": "100% looks like Crypto and Cannabis all over again.", "likes": 0}, {"author": "@gabrielmaciel4656", "comment": "Amazing video! Tesla fan, not an investor! \ud83d\udc4d\ud83c\udffb  Let\u2019s not forget Graham\u2019s strategies!", "likes": 1}, {"author": "@Jlindss", "comment": "how do you feel about BNS.to? i also invest in TD..but BNS is only around $55  per share atm", "likes": 1}, {"author": "@jaykim6734", "comment": "I appreciate your honest feedback.   Thank you!!!!!!!   Wish we all heard this sooner.  Especially, for those of us left holding the bag.   Still think they are a solid company, but too much hype at this point.", "likes": 2}, {"author": "@urielangel77", "comment": "Amazing Advice as always Brandon.. I agree and disagree at the same time I am in a constant debate with myself regarding Tesla and the market. I have been a Tesla bull for about 8 years now long before I knew anything about the stock market or Investing. I just see so much promise in the company and I love there innovation. In my opinion it is one of those companies that comes along once in a lifetime. So I really don't see how you can put a valuation to that I truly believe in the long run they will be one of the top 3 companies in the world. With that what really scares me is that I think allot of people are pouring into this company because of hype and are not true believers in the company so that will cause allot of panic selling and buying. Its a scary stock to own short term and I do believe the prices for the stock at this time is not justified, Its totally irrational. however I heard a quote saying the market can remain irrational longer that you can be rational. I do truly trust what you say it makes total sense and you know the market 100 times better that I ever will  so this was a well needed Video for me.. Thanks again", "likes": 2}, {"author": "@helloken", "comment": "Love your videos man. You are so level headed with good fundamental understanding of how the market behaves. I'm not saying you're gonna perform like Buffet, but you don't need to. I love hearing your thoughts and I found myself agreeing with you out loud when you mentioned Tesla now reminds you of Bitcoin in 2017.", "likes": 1}, {"author": "@hammadatta3437", "comment": "TSLA is not a company my friend it's an Idea and invention !! He is doing good for the World !! appreciate him !! Elon is one of the geniuses !!", "likes": 1}, {"author": "@meroshango9603", "comment": "I dont mind at all videos as long as this one when you are making such analisis base on your experience, such great work your are doing men, keep going\n\nThanks for share with us", "likes": 1}, {"author": "@chessdad182", "comment": "I sold all my Tesla stock at $500.  Keeping the money in cash and dividend payers.", "likes": 1}, {"author": "@jasonstupak4535", "comment": "Thanks for the video Brandon.  For me some of these growth stocks do have a place in my portfolio.  I've seen some great growth that I've been able to scale down and reinvest into good dividend stocks.  It kind of bugs me a bit that a stock like Tesla will see growth of 600%, but then only hear from YouTubers when it falls 20-30%.  This correction was well overdue, and may continue yet for awhile since we were headed into bubble territory. It doesn't mean the fundamentals of a company are flawed.  Corrections are healthy and needed.  Thanks for the continued videos though.  They are appreciated and I watch every one!", "likes": 3}, {"author": "@morgandavies7898", "comment": "You just stopped me from taking on a second mortgage to buy the #tesla #dip", "likes": 1}, {"author": "@timminore2126", "comment": "I think it depends on how long you plan to be invested in it. If you want short term profits then I agree, get out. Probably at peak. But if you plan to hold it for the next decade and believe there will be lots of ups and downs but that it will be worth much more in ten years, then I would continue holding it like I am. Using the bitcoin analogy you used, Brandon, December 2017 was the peak at almost 20k. It fell to 6k the next year. Definitely was time to sell at 20k, in retrospect. But there are people that never sold because they believe in ten years it will be much higher than 20k. And I think it will be.", "likes": 3}, {"author": "@jeewoonjonathanha", "comment": "Totally agree. Seems like most experienced investors are saying the same thing while all these brand new retail investors keep stressing one or two positive points to justify their speculative tendencies", "likes": 1}, {"author": "@jerrylee3887", "comment": "NKLA is scam.", "likes": 2}, {"author": "@jerrylee3887", "comment": "The Weak hands should not be buying securities. Bonds or GIC's is the name of the game for newbies.", "likes": 1}, {"author": "@BenWest88", "comment": "I just started investing this year and clearly should have invested in Tesla earlier. I'm a long term investor, not in it for short term gains. The price shot out of control really fast. I know buying the stock shortly after the split was a bad idea as it technically doesnt change the evaluation, but I wanted to get invested in Tesla, slowly, a little bit at a time now that the stock is more affordable (not that its a better buy). I plan to dollar cost average my way down until it hits bottom again. I dont expect to make profit for 3-5 years and I'm okay with that. \n\nPersonally, given all the aspects to Tesla's business, Musk's vision, the headstart they have on EV and solar tech, the infrastructure they have built, and the desperate need for a switch from fossil fuel transportation, I think Tesla will be one of the 5 biggest global companies within 10 years. Musk is on a mission. Just like Gates and Bezos. It's just a matter of time before Tesla starts making massive annual profits. \n\nBefore the split, Ark Invest analysts predicted Tesla would hit $15k in the next 5-7 years. Adjusted for the split that's still $3k per share. Even at these prices that would mean a 700-800% ROI. That's only one analysis, but they aren't the only one's with predictions like that.\n\nThe majority of my portfolio is focused on reliable dividend stocks but I wanted a bit more exposure to growth stocks and love what Tesla is doing, always have. Just didnt know how to invest or I would have gotten in years ago. That said, everyone needs a little excitement in their life, gonna enjoy the Tesla rollercoaster \ud83c\udfa2 \n\nAm I  crazy? Lol\n\nGreat video Brandon, keep em coming!", "likes": 2}, {"author": "@gilbertbilodeau", "comment": "What's your take on Ark Invest and their ETF's like ARKK?", "likes": 3}, {"author": "@Rob-ob3sh", "comment": "Tesla is not just a car maker and price will be back up to $800 to $1000 .  Brandon do you feel CTAS is overvalued? I\u2019m seriously wanting to buy CTAS . Branden thanks for your great videos and information you put out daily .", "likes": 3}, {"author": "@CrankingAllDay", "comment": "Tesla sucks lol... Those hype stock is such a scam.... Someone will always lose", "likes": 0}, {"author": "@ross4452", "comment": "Tesla needs a ton of government subsidies and special tax breaks each year to continue to operate. It can't come anywhere close to standing on its on two feet. Maybe one day It can, but I agree with Brandon, its a speculative company at this point. Its got a cool story and everything but its over valued for the underlying fundamentals. If the stock dropped 50% id consider buying", "likes": 1}, {"author": "@madmaxcote", "comment": "For long term, this could be a really great stock but you have to live with some risk & volatility", "likes": 7}, {"author": "@Caseslayers", "comment": "The hardest thing to do is to wait on the sidelines. I love how to draw comparisons to the MJ craze, and the Crypto pump and then dump. Really  Hard not to FOMO but it Definitely feels like a bubble or a \"craze\" with the stocks at the moment. Thanks for the info !", "likes": 1}, {"author": "@joshspeed", "comment": "I agree. Musk is too old to be a wonder child,  his politics are bad, and he has been through vast immoral amounts of cash. Not a fan of this dude at all.", "likes": 1}, {"author": "@mehtabsingh7000", "comment": "I made the same mistake, exactly the opposite of Golden rule.", "likes": 1}, {"author": "@vvolfflovv", "comment": "I feel the same way.  While these boring story value companies including Canadian banks could still go down with the ship if all the speculative momentum turns negative again, I still prefer these companies for the most part because I am getting something for my money.  I often kick myself for not jumping on hype trains when I saw them leaving the station but I have learned from this and am not chasing them as there will always be new opportunities in that regard.", "likes": 1}, {"author": "@begley09", "comment": "I'm sitting 60/40 split with my number 1 position being TD. I welcome a downturn as I've been itching to use my cash in the tech sector but not at these prices.", "likes": 1}, {"author": "@CharleeWayne", "comment": "Do you think a portfolio should any speculative stocks? If so, how much percent?", "likes": 2}, {"author": "@begley09", "comment": "Brandon what do you think of Shopify? Felt like it was in a bubble.", "likes": 1}, {"author": "@jasonfanclub4267", "comment": "Tesla stock is the new Bitcoin", "likes": 0}, {"author": "@jasonfanclub4267", "comment": "Tesla is still overrated", "likes": 1}, {"author": "@Ryedor", "comment": "Space X  ...hmmmm ... now that's where the future is.   I'd be interested in buying into that venture ... if I could.  C'mon Elon , go public .   Mars ... not cars !   lol", "likes": 1}, {"author": "@ecuasteelo", "comment": "Brandon you are the equilibrium in the vast hype investing channels out there. Great quality and knowledgeable content sir. Always look forward to your videos.", "likes": 3}, {"author": "@Steve_Takes", "comment": "The only people hurt the most are bandwagon investors.. All the original Tesla investors are all the way up! I think this is a recency overreaction video.", "likes": 0}, {"author": "@jagjitanand8008", "comment": "Great video as always Brandon... cheers \ud83c\udf7b", "likes": 1}, {"author": "@tony-persuasionsecrets3363", "comment": "Like your vids Brandon!", "likes": 5}, {"author": "@JH-pj8nw", "comment": "I think a lot of people look at Tesla and just see Elon Musk. So they connect Tesla with SpaceX, Neuralink, CureVac, and all the politicians and well known people he has connections with. I tried riding the wave a bit. Gained a bunch then lost a bunch more. It's too volatile for me to deal with right now lol.", "likes": 2}, {"author": "@gush5465", "comment": "Agree with you 100% regarding tesla , great product but overvalued company.", "likes": 2}, {"author": "@yewut", "comment": "chuckled when you mentioned TD as an example haha", "likes": 1}, {"author": "@mattclarke9788", "comment": "Dude your Td stock looks like the Telus stock right now on the graph. I feel like I will buy both now. Thanks", "likes": 2}, {"author": "@CCPFitness", "comment": "I like the open thought and for sure looking at todays revenue the company is valued very highly for the amount of revenue they bring in but compared to some of the companies you are comparing them to, Tesla is actually profitable. Not just profitable but with multiple growing revenue segments. Either way, it'll be interesting to see how it involves and people need to decide if they want to be part of that or not.", "likes": 1}, {"author": "@Aroq_", "comment": "Hey  Brandon what you think about ARK invest etf ?", "likes": 1}, {"author": "@BA-kp1us", "comment": "Completely agree. \n\nTesla is one of the most promising companies in the world and...\n\nTheir share price is due for a massive correction - eg wouldn\u2019t be surprised to see it at $200s in 8-10 months. \n\nThey have an 1,100 PE....anything North of 25 is imo becoming speculative and they are 44x that....like hey I am maybe interested in stocks at even 100-300 PE with a promising story or those that are earlier in their life cycle that are that high but 1,100....for a company that is 17 years old - this isn\u2019t a new startup.\n\nThe Toyota example is best, Tesla has a higher market cap and Toyota sells 30x more cars then they do. While Tesla bears promise, no market sees a shift in consumer demand that would have Tesla selling more cars than Toyota anytime soon. And combustion won\u2019t suddenly go to 0 so the market there will exist even if it\u2019s just service which helps the incumbents (smart of Nikola to partner with a big incumbent) \n\nYou can argue that Apple or Amazon were similar in the past - they weren\u2019t....the stock price never divorced from reality at the rate Tesla\u2019s is. There were times where they were 400-500PE....never 1,100....this is a bubble and I feel sorry for those that thought this was the golden ticket get rich quick scheme - no such thing exists that\u2019s legal. Tesla at this point is a gamble/arbitrage day trading stock not an investment and...\n\nTesla is one of the most promising companies in the world. \n\nBoth can be true at the same time!", "likes": 11}, {"author": "@anne-mariel3256", "comment": "Brandon what would be safe long term buys....TD...what else?", "likes": 1}, {"author": "@stevegreer1963", "comment": "Brandon, I always enjoy your videos and insight.  Since you are from Canada, what do you think about REI-UN.TO as a turn around and long term investment with a +10% dividend?  Before the pandemic, it seemed super stable and looks like a good opportunity.  Thanks.", "likes": 2}, {"author": "@Kai-um8oy", "comment": "I love you man, you always say what I wanna hear!", "likes": 2}, {"author": "@sppecie2sppecie283", "comment": "Thank you, Brandon", "likes": 1}, {"author": "@paulsantori8920", "comment": "Agreed! Can you do a video on Apple since it's split/correction?", "likes": 2}, {"author": "@MonkeyDLucy", "comment": "i humbly disagree. Was amazon a bubble? You cannot say something is a bubble because of the chart. Should you be cautious? yes. Is it a bubble? I don't think so. It's unfortunate there's so much hype or 'hotness' or noise with Tesla, which makes potential investors miss-out on a great opportunity. The risk-reward ratio for Tesla is a no-brainer. Invest safe everyone!", "likes": 1}, {"author": "@esk8Kyle", "comment": "Brandon good advice! I'm long on tesla so dips like this I would pick up more shares. Swing traders + day traders can get burned", "likes": 2}, {"author": "@tahirgriffinguendogan1569", "comment": "I think as Steve Eisman said Tesla has become a cult. How can you value a company that generates 0 revenue at 48x TTM. I do not think that Tesla will ever be a viable company. If you look at Jaguar, BMW, AUDI, MERCEDES BENZ, GM, FORD, and many other companies are all making electric vehicles. Some of them are going to have an electric model of every car in their class. Tesla cannot compete with companies like this in the long run. Mercedes for example still has much offset because if electric sales are not good they still have the combustion engine side of the business. Not just that but there are billions of combustion engine cars on the road currently that will continue to need service well into the future which drives part demand for thus companies also. Also Telsa has nothing propitary about it. There is no moat around the business as Warren Buffet would say.  The most important issue is I believe Telsa needs cash. Thus is why they are unloading 5 billion dollars worth of shares ATM. I think they are unloading that 5 billion dollars of its own stock, because it needs to store that in the bank and record it onto its balance sheet. What is more ridiculous. At the current market cap. Tesla is worth more than honda, toyota, gm,daimler, bmw, and nissan combined. If Teslas stock was to double from here tesla market cap would be larger than all the worlds manufacturers combined. To put it into context what that would be saying is that 50% of all cars sold in the world would be telsas (based on market cap). I just really do not understand how people and investors can fail to realize this.", "likes": 1}, {"author": "@venkuutube", "comment": "Tesla is a great company no questions about it. But that is only half of the investment thesis. Right price is the second half of my investment strategy. That is where I have concerns with TESLA. MSFT is a classic example, It is a wonderful company but took 15 years to scale back to its peak.", "likes": 2}, {"author": "@marytouch2915", "comment": "Good saying Brandon!\nThanks for sharing the thought! \ud83d\ude0a", "likes": 1}, {"author": "@Zenbeau", "comment": "Hey Brandon so you're saying its okay to buy right now (at this small dip the market has made due to tech stocks falling) AS LONG as you buy little? (For example buying S&P 500 ETF) because a bubble might be bursting and we should wait and see if stocks can go even lower, and then we can buy big?", "likes": 1}, {"author": "@absiegert", "comment": "There isn't a YouTube channel  with better content than this one on Canadian and U.S stock markets. Thanks man, I really appreciate everything I've learned from you.", "likes": 2}, {"author": "@apjoy6947", "comment": "Thanks Brandon for your insights. Could you please share your perspective on Applied Materials (AMAT) in any of your future videos?", "likes": 1}, {"author": "@danzwku", "comment": "some charts about TSLA\nhttps://hypercharts.co/tsla", "likes": 0}, {"author": "@dizhicks", "comment": "Thank you for saying what needs to be said. Honesty provides clarity and this should help people - If they're really listening - to slow down a little, re-evaluate and cautiously approach their next position. Thanks again.", "likes": 5}, {"author": "@Michael.design", "comment": "Couldnt agree more! A true Buffett disciple haha. Once you read the books on Warren Buffett it gets so much clearer. You invest because the company is likely to return more money in the future. Companies like Tesla and Shopify still have to prove they can earn money in a stable way. And second your margin of safety is important. However I do struggle with finding a balance in valuestocks and spec stocks. Like, I feel the urge to invest in the new Apple or Google. Do you never touch a stock without earnings?", "likes": 2}, {"author": "@FPSEli", "comment": "I don't remember how long ago this was, but I heard a clip of Elon Musk on an investor call. Someone had asked/complained to him about the stock and it's volatility and he basically told the person not to invest in Tesla because of how volatile it was if he wasn't ready to take on the risk.", "likes": 1}, {"author": "@FinancialFutureGuideAlexCourt", "comment": "Suncor is looking to have a tough time in the short term, but that balance sheet should allow them to come out the other side benefiting all investors greatly!", "likes": 4}, {"author": "@0121chuchurocket", "comment": "People invest in TSLA as if all the other ventures of Elon Musks (neurallink, boring company etc) were part of it.", "likes": 2}, {"author": "@Zerconce1", "comment": "What are you\u2019re thoughts on investing in TEC (TD Global Technology Leaders Index ETF)?", "likes": 1}, {"author": "@ADobbin1", "comment": "I think the tesla drop is just the people who bought at 30 selling off half their tesla stock to take some massive profit.", "likes": 1}, {"author": "@rhenzlemuel09", "comment": "What bubble? Its 85% up in 3 months.", "likes": 5}, {"author": "@histerlm123", "comment": "Thank you Brandon for your honest thoughts about Tesla. Love the videos. Cheers", "likes": 2}, {"author": "@ConorHildebrandt", "comment": "Valid points but Tesla is disruptor. That's where money is made. Banks stocks are so flat and so boring lol yah they're safe, but there really isn't any money to be made. Banking hasn't changed in a hundred years, it's not gonna start now. Amazon, Tesla, 5G, automation, clean energy. That's where you need to pay attention and put your money.", "likes": 8}, {"author": "@ab.4425", "comment": "Great video Brandon!! Thank you so much!!", "likes": 1}, {"author": "@thegreatestdao", "comment": "Brandon, you are a very honest guy! I like your insights!", "likes": 11}, {"author": "@turbofanlover", "comment": "Great vid, dude.  Great info/advice.  Totally agree.", "likes": 3}, {"author": "@thedungan3567", "comment": "Would it be a good idea to buy suncor now that its sub $20? Looks like a pretty sexy opportunity to me", "likes": 7}, {"author": "@tmmnago2722", "comment": "While I agree the valuation of Tesla stock is high today, i am a firm believer of Tesla. They are not just an automobile company. Compared to other legacy automakers, their sales went down 5% while every one else went down roughly 40% in Q2.  Because Tesla is a company that is not human resource intensive, they've weathered the 6 months pandemic. There is a growing demand for ev vehicles and they are ramping up in China, Germany, and Texas. They have huge moats in their software, battery, and energy sector. They are riped with innovation and are primed to disrupt several industries at once such as insurance, ridehailing, HVAC, and energy grid/storage. You are correct in not betting all our eggs in one basket and setting some cash aside for emergencies.\n\nCompared to 5-10 years from now, these stock will look like chump change.", "likes": 8}, {"author": "@notsteve1475", "comment": "Cheep shot flashing the weed smoking. Come on man you're Canadian!!", "likes": 1}, {"author": "@Tizou007", "comment": "Personally, I disagree. The same thing could\u2019ve been said about Apple in the early 2000\u2019s and if you were to not invest in them due to weak fundementals, and not taking into consideration their growth as well as innovation you would be disappointed in hindsight. I\u2019m not saying take your whole portfolio and invest in Tesla, but to miss out, on an innovative company like this one would be unfortunate. Again to each their own and I think what you had to say was very important. Especially for new investors buying into Tesla at highs. But, I do think over time as a long term growth stock, this company will have no issues.  But only time will tell.", "likes": 19}, {"author": "@canadianinvestor5682", "comment": "Great content as always! Happy that I controlled my FOMO!", "likes": 3}, {"author": "@diverse_insightt.o6499", "comment": "Day 4 trying to get rich off YouTube and live the dream please subscribe", "likes": 0}, {"author": "@yifanbi9951", "comment": "Very interesting perspective.\nTesla is disrupting a lot of different industries. \nOnly time will prove everything but for now, Tesla is projecting a lot of future growth.\nOne question for you Brandon, have you driven a Tesla or been in a Tesla before?", "likes": 5}, {"author": "@DividendCompass", "comment": "I love that you said what has to be said about Tesla. The fundamentals simply to NOT support the price. Therefore it's not an investment at this price. \ud83d\ude43", "likes": 16}]