[{"author": "@beaviswealth", "comment": "Did I miss anything? Be sure to leave a comment down below to help the others out - Thanks for watching! :D  (DON'T FORGET TO GIVE THIS VID A THUMBS UP!)\n\nSign up and receive bonuses using these links: \nQuestrade (Get $50 in commission-free trades) - https://www.questrade.com/campaigns/qbaffl50t102?refid=ayiice9l \nWealthsimple Trade ($25 cash bonus when you deposit $100 or more) - http://wealthsimple.sjv.io/zQ1d6\n\n\ud83d\udcc8\ud83d\udcda As always, if you're a beginner to the Stock Market in Canada and you're looking for a step-by-step blueprint on how to get started... Find out more about our Investing Academy here - https://bit.ly/theinvestingacademy", "likes": 13}, {"author": "@TalwinderDhillonTravels", "comment": "Should probably remove this video and upload a updated one.", "likes": 0}, {"author": "@GillyBean1978", "comment": "Daughter tried to get her free stocks for new Trade account following a referral, but she was denied. This is a scam.", "likes": 0}, {"author": "@kiwionarope", "comment": "The ETF purchases in Questrade are good for sure. But what about if I was to dollar cost average on stocks, I have cant really without having to pay a fee each time which really makes dollar cost averaging costly in the long run for the average investor who doesn't have allot of money.", "likes": 0}, {"author": "@diab748", "comment": "Time for an update. Weslthsimple announced PLUS. This changes things completely", "likes": 0}, {"author": "@peters.8023", "comment": "Quest trade sucks!  They charge you for everything!! and just wait until you need to withdrawal your money what a hassle!!! Do not use!!", "likes": 1}, {"author": "@kingfinessing6580", "comment": "Does Questrade support shib?", "likes": 0}, {"author": "@coltukkor", "comment": "Asides from fees what\u2019s the difference between a Robo-Advisor and a mutual fund?", "likes": 0}, {"author": "@hafsarahman7710", "comment": "How yo tranfer tfsa from Wealth simple to tfsa questrade", "likes": 0}, {"author": "@AmidalaEmma", "comment": "if the company (wealthsimple or questrade) goes down, do i lose all my money? Thats just what confuses me...", "likes": 0}, {"author": "@happycatzforever7511", "comment": "Wish I knew his net worth because some people just give all this advice but we really don\u2019t know how successful they really are", "likes": 0}, {"author": "@GuigaLourenco", "comment": "My main Issue with wealthsimple is the delay to deposit and withdrawal money. Sometimes it takes 3 or 4 days. This is so annoying. I already lose some good opportunities because of that.", "likes": 0}, {"author": "@gooni", "comment": "Stupid question - i have TFSA direct investing enabled with RBC - can i link my TFSA with WS as well or do i have to choose between RBC and WS?", "likes": 1}, {"author": "@zakryan2013", "comment": "Why would you compare Wealthsimples Roboadvisor with QuestTrade self-directed accounts? They aren't the same and your recommendation isn't for the brokerages, but the account types", "likes": 0}, {"author": "@maksymmaksym5930", "comment": "Thanks", "likes": 0}, {"author": "@CanadianMan1982", "comment": "Outdated info", "likes": 1}, {"author": "@downsouth1678", "comment": "Wealth simple has a cool layout and everything but the problem is that about 50 percent of the stocks are not available , I need to buy at least half of my stocks with my bank .....\nSo yeah it has a good potential for sure but for now you can't make serious investment since you cant buy most stocks", "likes": 0}, {"author": "@augustuseuropa410", "comment": "Cool video. Thanks for clarifying about the Questrade fees.", "likes": 1}, {"author": "@andrewrozhen513", "comment": "Why Questrade is considered a much better platform for American ETF\u2019s or stocks? It has a charging fees when you are selling stocks (wealthsimple doesn\u2019t) and it also has a higher commission fees (2%) then Wealthsimple (1.5%)?", "likes": 1}, {"author": "@48Drummer", "comment": "Is Questrade more feasible for trading US  Stocks and Wealthsimple for Canadian, doesnt Wealthsimple have a triple fee charge for all US stock trades?", "likes": 1}, {"author": "@enersha", "comment": "can you explain the 0.5% wealth simple fee? do i pay 0.5% on the cash volume that i trade? im not sure", "likes": 0}, {"author": "@MrDavidla66", "comment": "This is pretty old now. WS has improved quite a bit, still not the best but it does have a desktop site now. I'm going hold long term on WS! To the moon!!!", "likes": 0}, {"author": "@truhunk1", "comment": "So basically, if you do multiple trades per month, you would be better off with Wealthsimple.", "likes": 0}, {"author": "@preetkalia3526", "comment": "Is there any fees for TFSA account??", "likes": 0}, {"author": "@jaimealejandrogonzalezrodr6678", "comment": "Hello there, which of these platforms would you recommend for day trading (scalping CFDs , futures, etc) ? Great video !!", "likes": 0}, {"author": "@Pandii3", "comment": "In Australia, we have chess sponsored broker or a custodian broker. Do you guys have something similar in Canada or is it safe to assume that all investment platforms let you purchase securities in your name?", "likes": 0}, {"author": "@EmilSosnin", "comment": "I'm only using Wealthsimple right now but I think I'll have both in the future. Don't want to pay the conversion fees when investing with Wealthsimple.\n\nP.S. Someone give this man water lol", "likes": 0}, {"author": "@derekazyan9942", "comment": "Hello I was wondering if I could get some advice? I want to put 10,000 into Tesla stocks. What\u2019s the easiest and cheapest platform to do so? I hear quest trade and wealth simple yet some people say either or both apps are not that great \ud83e\udd37\u200d\u2642\ufe0f", "likes": 0}, {"author": "@tesfanaable", "comment": "There is no good quality brokers in Canada. Questrade is so frustrating to use when trading, excessive delays. All these brokers are good only if you are willing to go at snail\u2019s pace not so much for day trading.", "likes": 0}, {"author": "@Selflovingsoul", "comment": "You might want to link your updated video here because Wealth Simple does offer TFSA trade accounts now.", "likes": 4}, {"author": "@katjean7270", "comment": "thanks for sharing!!!", "likes": 1}, {"author": "@kayvonmotamed", "comment": "Wealthsimple >>> Questrade", "likes": 0}, {"author": "@sebastianszczepek3237", "comment": "I like the simplicity of wealth simple but I hate the delay and how they don\u2019t have all the stocks on the platform", "likes": 1}, {"author": "@NotAnotherTravelPodcast", "comment": "Many other videos, more recent videos say WS does offer TSFA and RRSP.... who is correct? does WS in Nov 2020 offer TSFA and RRSP? Cheers", "likes": 0}, {"author": "@ButtercupMaude", "comment": "Thanks, that was really helpful!", "likes": 0}, {"author": "@ilikeshroomgals", "comment": "Just stumbled on this video dont know if this has been brought up but you can open tfsa and rrsp with the trade platform.", "likes": 0}, {"author": "@Rob-ob3sh", "comment": "I\u2019m finding WS takes so long to have funds moved from bank and then wait for them to clear about 4 business days.", "likes": 7}, {"author": "@meghrajbilwani2526", "comment": "Interactive brokers Canada is the best platform for Canadians hands down..... you should do a video about that", "likes": 1}, {"author": "@asmodeus1234", "comment": "Wealthsimple is covering transfer fees as well (not limited time)", "likes": 3}, {"author": "@tomnguyen9092", "comment": "This article has an excellent explanation on ECN fees and how to avoid them if you want to: https://www.moneysense.ca/columns/understanding-ecn-fees. But it does suggest that you just accept these fees as a reasonable tradeoff for buying ETFs commission-free.", "likes": 0}, {"author": "@Kartikay619", "comment": "Anyone who can share a referral link?\nThanks!\nGreat Video man!!! Keep up the hard work", "likes": 1}, {"author": "@pimphand1982", "comment": "Why not use both platforms?", "likes": 1}, {"author": "@georgepintilie8647", "comment": "Great video dude just entering this crazy world of investments and you nailed it", "likes": 2}, {"author": "@begley09", "comment": "Wealthsimple 100%", "likes": 0}, {"author": "@freespinsinmyprofile2166", "comment": "0:19 Done For You Money Automatic Profit allstock.live/magick-money.php", "likes": 0}, {"author": "@chaixtea9045", "comment": "Wait I'm very confused with whether TFSA can be used for WealthSimple Trade or not? Could you clarify more about the differences between traditional webpage and Wealthsimple Trade ?", "likes": 0}, {"author": "@ryanwalshmusic5111", "comment": "I love the layout and how easy Wealthsimple Trade is, but love the lower cost for ETFs \ud83d\ude13 Only if Canada had Robinhood", "likes": 5}, {"author": "@larryfarrell6457", "comment": "I dont see a real time stock trading with wealth simple trade it is min 15min delay. Is there a good broke you suggest in canada with the real time.", "likes": 0}, {"author": "@jennifer1234500", "comment": "Can someone invite me to use a wealthsimple account?", "likes": 1}, {"author": "@oakalloy4187", "comment": "hey man, big fan of your channel. I'm completely new to investing and I'm thinking im going to go the wealth simple route. My question is that once I've completed there questionnaire and they've made my portfolio. am I able to later add to that portfolio by buying other stocks? or am I stuck with what they have chosen? thanks", "likes": 0}, {"author": "@Teamshmo", "comment": "Can I have both? I like the benefits of each and would like to open one of each and use them for different things", "likes": 0}, {"author": "@nonviolence_peace6012", "comment": "How safe is your money in wealthsimple?", "likes": 0}, {"author": "@santoshvishwanathan9426", "comment": "How to identify which is stock and which is a ETF index on trading platform", "likes": 0}, {"author": "@MAximax1986", "comment": "i like your explanation and the way you speak...", "likes": 0}, {"author": "@markbendanillo6554", "comment": "Is wealthsimple trade safe and your money is insured ?", "likes": 0}, {"author": "@InCircle", "comment": "Your videos is old . Now you can do TFSA ,etc in wealth simple trade.", "likes": 2}, {"author": "@Joeblogs15", "comment": "Hi brandon, \n\nMy name is omar and I came across your YouTube channel about investing. Myself and my wife has decided we wanted to venture in trading forex. With that said I have done a bit of studying but don\u2019t feel as comfortable to start doing my own trading. Would you be able to point me in a direction where I can chose a broker that has a minimum investment to start up and also one that I can use copy trade to conduct trade initial and learn as I go. \n\nKnowing that you are extremely busy with other issue, however I do hope you or one of your subscriber will be able to assist or point me in the right direction to allow myself and my family to begin our trading journey. \n\nThank you in advance.", "likes": 1}, {"author": "@RajMcBoss", "comment": "Hey man quick question ! Is the fee per month? or per year?", "likes": 0}, {"author": "@cliffallen7894", "comment": "Easy, Interactive Brokers. Questrade is a joke; expensive and with terrible customer service", "likes": 0}, {"author": "@amitv4385", "comment": "Which is better for Day Traders or Swing traders making  many transactions every month ?", "likes": 0}, {"author": "@halahshahin", "comment": "Great comparison, well explained and easy to understand. Thanks for sharing!!!", "likes": 0}, {"author": "@untitleds856", "comment": "thank you", "likes": 0}, {"author": "@user-fq2ce1bx6x", "comment": "Please make an update video to this \nthank you :)", "likes": 0}, {"author": "@832elf", "comment": "thank you so much for this great video\ud83d\ude0a  can you please do a video on the best 3 platforms for investors because i do not trade i want to buy and hold for a few years.  can't imagine paying ninety dollars per month on inactive fee with quest trade even though they are ranked highly! maybe will have to go with  big 5 Canadian banks? thanks so much and keep up the great work, you are an inspiration", "likes": 0}, {"author": "@salsworld9498", "comment": "sorry I'm confused, do you pay a commission when you sell your stock as well?", "likes": 1}, {"author": "@mbv4656", "comment": "Questrade is the worst broker ever, very poor customer service.... it has been more than 2 weeks that i'm waiting for my account to be approved ( Document check)...It's a new strategy from Questrade to confiscate Traders money and to take advantage of it as much as they can", "likes": 1}, {"author": "@kurts3779", "comment": "Considering Questrade but their reviews online are absolutely horrific and its giving me cold feet. Can you speak to this at all?", "likes": 0}, {"author": "@georgedelis647", "comment": "Super helpful", "likes": 0}, {"author": "@KseniyaKuzmina", "comment": "totally off topic but what\u2019s your background?", "likes": 0}, {"author": "@apoorvarora5107", "comment": "Hi\nPlease give advice\nWhich of the apps is better for day trading?\nWhich app supports option or forex trading?\nWhich app to consider while investing in US stocks keeping in mind the conversion rate?\nThankyou", "likes": 0}, {"author": "@gerarddeclerck3939", "comment": "Hi, a quick question: Are these two platforms only for Canadians?", "likes": 0}, {"author": "@Bigtycs", "comment": "Can someone who has done this that is successful right now comment on this", "likes": 0}, {"author": "@christinabalint5148", "comment": "Hi Brandon, thanks for making these lovely and informative videos. I wonder if you can recommend a low-cost online brokerage for expats (non-resident Canadian citizens).  I would like to do my own investments thus happy to use an online brokerage, but am not keen to get caught in a weird tax situation or jeopardize my non-resident status. I know that pickings are slim but if you know of anything, or have any advise for someone in this position, I'd really appreciate it. Thanks.", "likes": 1}, {"author": "@Coffewithsteve", "comment": "Is this platform good for daytrading", "likes": 0}, {"author": "@MGloriaRN", "comment": "which broker are you working with ? questrade? wealthsimple? banks?", "likes": 0}, {"author": "@kevins3547", "comment": "Thank you", "likes": 0}, {"author": "@jameswoelfle689", "comment": "Wealthsimple is by far the best platform to trade stocks on 0 commission on trades ....Forget about it \nI would never be up 24.6 % in less then 3 months if if I had to pay $10 per trade", "likes": 3}, {"author": "@justinchong1136", "comment": "Thanks for the video. Very informative.", "likes": 0}, {"author": "@MinnieOnCam", "comment": "I just opened a registered account with wealth simple trade I was able to open a RRSP and TFSA on their wealth simple trade", "likes": 6}, {"author": "@gustavorueda7404", "comment": "Great vid! Very clear and professional. Thanks for sharing. \ud83d\udc4d\ud83d\udc4d\ud83d\udc4d", "likes": 0}, {"author": "@madtrackk", "comment": "Any good SubReddits for Canadian brokers/investing?", "likes": 1}, {"author": "@mazenzrek5366", "comment": "I was reading the reviews. Guys you are concerning about the commission that the broker takes . It is nothing compared to the amount you have to pay to CRA ( 50 % of your profit ). If your net profit is $50,000 you have to pay $25000 tax !!!\nUnless if it is TFSA account but  I don't think that you can trade option strategies with TFSA account", "likes": 0}, {"author": "@m.morininvestor9920", "comment": "So if I open a Questrade account only to buy VEQT with my CELI, (tfsa) in french I am doing even better with the total fees ? (Better than robot advisor)", "likes": 1}, {"author": "@studiodenny5163", "comment": "Thanks for the info and helping me decide which platform to go with", "likes": 3}, {"author": "@jasminedones2827", "comment": "Hey Brandon, i fund my wealthsimple account, do i need to wait til the robo advisor do his job lol", "likes": 0}, {"author": "@hugosmith6776", "comment": "sniff: you smell like alliance.\n\ngreat videos young man.", "likes": 4}, {"author": "@abrahamkk2218", "comment": "IB is best.. <1$ for options and zero assignment fee.", "likes": 0}, {"author": "@111ryryalex111", "comment": "In questrade you can have minimum and lower than 1000$ in your account and still trade. but you'd have to pay the quaterly fees of 25 $", "likes": 0}, {"author": "@post2019", "comment": "Thank you for the time and effort. Excellent video", "likes": 0}, {"author": "@bryfrench8421", "comment": "Wealthsimple trade is better than Questrade because you don't pay $5.00-$10 commission to buy and to sell a stock EACH. That could be hundreds of dollars in commission over the long term.Tell me how much money you save in the long run? WS trade also DOES have TFSA. Wealthsimple trade will also have desktop access one day. Once Wealthsimple Trade adds more features they will have Questrade completely by the balls and this video will be history. Mark my word.", "likes": 3}, {"author": "@allanhussey1652", "comment": "TfSA is avliable for wealthsimple trade", "likes": 0}, {"author": "@Cornuts1000", "comment": "I tried Wealthsimple and their platform is not user friendly and very difficult to link your certain bank accounts to. Wealthsimple trade is even more difficult to use. I had a terrible experience trying to get help with their site. There was no way to deposit any TFSA money or RRSP money. Forget it. Weathsimple is too difficult to use and their customer service is severely lacking. Last bad thing is that it takes up to\u00a05 weeks for your money to be transferred from your bank to Wealthsimple. So if you are wanting to move cash into an investment account...you may end up buying in at the wrong time. That's brutal!!", "likes": 0}, {"author": "@markhunter4613", "comment": "hm.. WS ask additional 0.5% interest. at the beginning, not much money get out of your account but later, lack of info, maybe 30years later, it will take a lot. $1m for mer% + $4000 extra get out of your account every year.", "likes": 0}, {"author": "@markhunter4613", "comment": "I used to use qtrade but I opened questrade last week. I think questrade is better than qtrade even any others. also easy to start and use.", "likes": 0}, {"author": "@glenlee5963", "comment": "WS charge conversion fee twice when you buy and sell US stock and people buy again. which means triple times.. It kills your profit ...", "likes": 14}, {"author": "@karakulamus", "comment": "Could someone tell me the best platform for active option trader? I know Thinkorswim is the best but I can't open TD Direct Investing Account!\nthanks", "likes": 0}, {"author": "@begley09", "comment": "Just swapped to WS trading and love having no commission fees. I was with TD for 2 years and got sick of the commission fees- they defiantly add up. I am not a day trader so for me its not a problem to have a delay since I don't look at my portfolio every minute of the day.", "likes": 17}, {"author": "@begley09", "comment": "I have a buddy who was buying pot stocks and using Quest trade. He bought into OGI/ACB and was getting with ECN fees.", "likes": 0}, {"author": "@joshuainocencio6255", "comment": "Not anymoreeee. TD has 0 commission now hahah", "likes": 2}, {"author": "@TheZeeeee69", "comment": "If you are a day trader you get hit hard with commissions on Questrade platform", "likes": 0}, {"author": "@TheZeeeee69", "comment": "Now they have the Tax Free Saving account added ;)", "likes": 1}, {"author": "@impsquared", "comment": "thanks for this video! *fire*", "likes": 1}, {"author": "@AmaryNicolau", "comment": "What is the main difference between these brokers and traditional banks?", "likes": 0}, {"author": "@richardtoretto5337", "comment": "Hi Brandon, can international students in canada invest in the stock market?", "likes": 0}, {"author": "@valhimself2699", "comment": "Wealthsimple Trade does have an option to open a TFSA account now.", "likes": 53}, {"author": "@aalap03", "comment": "I see on questwealth, if I pay 8000 per year, with no initial deposit and growth portfolio for like 30 yrs then I can get max of 1M. Can this really happen? I dont have anyone to ask for their experience but what are your opinions. ?", "likes": 0}, {"author": "@hillfortherstudios2757", "comment": "This was very helpful. I used this video to make my decision. (I am dumping Tangerine and switching to Questrade!) I really appreciate your effort!", "likes": 1}, {"author": "@prayunceasingly2029", "comment": "Qtrade (not the same as questrade) makes a 2 investment minimum per quarter, and if the minimum isn't met they charge a 25 dollar fee.  So if questrade will cover the 100 dollars transfer fee.....hmm", "likes": 0}, {"author": "@FIREME", "comment": "Good video!", "likes": 0}, {"author": "@gabrielpichette7272", "comment": "Hi Brandon,\ncan i just deposit 1000$ in Questrade, get the free 50$ then withdraw the 1050$ to my bank account or do i have to trade it ?", "likes": 2}, {"author": "@ricedumpling604", "comment": "Not sure when WS Trade introduced it, but they have registered TFSA accounts now.", "likes": 125}, {"author": "@szabolcsdobi1677", "comment": "Maybe any European version for brokers?", "likes": 1}, {"author": "@johnwick1841", "comment": "So the annual fee for TFSA with wealthsimple... how exactly does that work? Is the fee withdrawn from what i invested into the TFSA account or withdrawn from my earnings?", "likes": 0}, {"author": "@MelodySorrow", "comment": "I changed my broker from WS to Questrade simply because it has very limited features. Portfolios are pretty much fixed and not flexible. It's good if you are beginners but people who want to buy individual stocks, WS is not the right platform.\n\nFor questrade you need to consider ECN fee as well. It's not significant per share but if you are buying penny stocks with large quantities that ECN fee can be very expensive...", "likes": 4}, {"author": "@kornshim", "comment": "wow I'm so glad i found this channel! my first time watching ur vid and its really informative and easy to understand. thank you for doing this! keep up the good work! :-)", "likes": 2}, {"author": "@MinnieOnCam", "comment": "Have you done a review of TD Direct Investing, I was on their introductory webinar but new to investing still just saving money and paying off debt,  also Tangerine I bank there and I see they have portfolios with ETFs companies I like", "likes": 4}, {"author": "@andrewdopaco5620", "comment": "Great video Brandon! Can you please make a video regarding the best Canadian credit cards? It would be a huge help to us Canadians and I\u2019m sure it would get a lot of views!", "likes": 36}, {"author": "@gush5465", "comment": "Thanks for the video Brandon ! I've been trying to contact questrade via e-mail since the time zone doesn't work out for me regarding opening two accounts for my kids 17 and 16 but so far they replied once after sending them about 3 e-mails :(", "likes": 2}, {"author": "@outworkthework", "comment": "I use both brokers. My Wealthsimple account is doing better right now (because one of my stock picks on QS is doing poorly but not a big deal and I will fix soon). I used the referral program to save first year of fees on WS. Both are good platforms. I am using both just to learn about Robo Investing and see if they can beat my picks. And they are :)", "likes": 3}, {"author": "@imadeddineaziez7585", "comment": "Thanks brandon for this excellent video. I think you forgot to cover Questwealth. Questrade's robo advisor.", "likes": 1}, {"author": "@Sam-rb1qk", "comment": "what is the charge to sell ETF'S on Questrade ?", "likes": 2}, {"author": "@MartinMcClellanGT", "comment": "Feel free to use my link at Wealthsimple: sign up now and get $10,000 managed for free for one year. https://wealthsimple.com/invite/QWUZMA", "likes": 0}, {"author": "@gabrielmoraes4516", "comment": "Awesome Video! Thanks for sharing!", "likes": 0}, {"author": "@JohnMaxTang", "comment": "Great video, well explained as always! What are your thoughts on QTrade Investor compared to QuestTrade? Would Qtrade Investor be more beneficial for young investors with no account minimums and no admin fees?", "likes": 3}, {"author": "@charlid-t7222", "comment": "!!", "likes": 0}, {"author": "@cajflow", "comment": "I love your videos! Started investing months ago with Questrade specifically because of the free ETFs option :)", "likes": 9}, {"author": "@felixking7951", "comment": "Will Questrade ever introduce the DRIP function to its platform? Is that in the pipes or off the table?", "likes": 1}, {"author": "@heisenburgarginine7799", "comment": "Currently using questrade for registered accounts and ws trade for everything in excess. \n\nI will say that since ws trade is still new, there may be issues with the interface. One time, it showed by balance incorectly (less than what it should be) so that was a bit concerning. It was resolved on its own in a few hours. Might be troubling for daytrading, but if you're doing longs, not that big of a problem.", "likes": 3}, {"author": "@hannesjohannes2281", "comment": "What append toe overnight fees", "likes": 0}, {"author": "@francescobarile8172", "comment": "awesome video exactly what i needed thx bro.  My only concern with questtrade is the inactivity fees. If i want to sit on my stocks  and my total equity is lets say 2000$ , i get clipped with 24$ fee every quarter. unless my account holds a total equity of  5000$. is 24$ a standard fee for inactivity ?  thx  brandon you killin it \ud83d\udc4a", "likes": 1}, {"author": "@Takoyakisan7", "comment": "Great video, i really like the summary comparison at the end.", "likes": 1}, {"author": "@NickPeitsch", "comment": "Just switched my BMO InvestorLine TFSA to Questrade and used your referral link :)", "likes": 4}, {"author": "@zetter4013", "comment": "I picked Questrade in January after watching your tutorial, thanks again, getting the Questrade account takes a little bit of time with sending your identification and bank account information but once your setup it\u2019s easy,been doing great on their and learning so much since then, looked into the Canadian securities after your video you made , looking to do it in the fall, hope you had a great Canada day and sorry about kawhi, lol", "likes": 6}, {"author": "@Domster19888", "comment": "Always look forward to the vids, great info!", "likes": 0}, {"author": "@dwhitaker67", "comment": "Nope well  done\ud83d\udc4d\ud83d\udc4d\ud83d\udc4d", "likes": 1}, {"author": "@beaviswealth", "comment": "Did I miss anything? Be sure to leave a comment down below to help the others out - Thanks for watching! :D  (DON'T FORGET TO GIVE THIS VID A THUMBS UP!)\n\nSign up and receive bonuses using these links: \nQuestrade (Get $50 in commission-free trades) - https://www.questrade.com/campaigns/qbaffl50t102?refid=ayiice9l \nWealthsimple Trade ($25 cash bonus when you deposit $100 or more) - http://wealthsimple.sjv.io/zQ1d6\n\n\ud83d\udcc8\ud83d\udcda As always, if you're a beginner to the Stock Market in Canada and you're looking for a step-by-step blueprint on how to get started... Find out more about our Investing Academy here - https://bit.ly/theinvestingacademy", "likes": 13}]