[{"author": "@beaviswealth", "comment": "\ud83d\udcc8\ud83d\udcda As always, if you're a beginner to the Stock Market in Canada and you're looking for a step-by-step blueprint on how to get started... Find out more about our Investing Academy here - https://bit.ly/theinvestingacademy\r\n\r\nAre Split Share Corporations the BEST source of high yield in Canada?  We'll answer that question in today's video.", "likes": 6}, {"author": "@bfuller6109", "comment": "It would be interesting to see the totals after you dripped your yields back into the fund and see what the long term outcomes were.", "likes": 0}, {"author": "@jeffreypascontent1969", "comment": "Thanks for the good objective video. I will look at the investing academy...", "likes": 0}, {"author": "@VicsGarage71", "comment": "One thing I was thinking was due to the greater yields, they can be used to cover expense on borrowed money and even pay the loan completely.. The risk of potentially losing your investment at wind up or dividend cuts may be to large though..", "likes": 0}, {"author": "@johnmcquaid7524", "comment": "Timely video today.\nIs it time for an update?", "likes": 0}, {"author": "@LorenaSmalley-bx5fz", "comment": "Fantastic video and nice to see you explaining things so thoroughly.  Subscribed and shared!", "likes": 0}, {"author": "@Tohamaalghirbia", "comment": "Excellent informative video. Thanks Marc:)", "likes": 0}, {"author": "@jasonhoffman9607", "comment": "Can you do an update on this video. Ens and what their latest offering has done to the share price and distribution?", "likes": 0}, {"author": "@Odysseus38", "comment": "DGS is getting hit hard....anyone wanna bump it back to 5$ a share so i can sell off \ud83d\ude02\ud83d\ude02\ud83d\ude02", "likes": 0}, {"author": "@theultimaterental", "comment": "This is the best explanation I've ever heard.", "likes": 0}, {"author": "@basseon", "comment": "I understood that for covered calls ETFs, the ROC is not really ROC. It's the premium generated from the premium that is used to rebalanced lost from previous years (which can be reported indefinitely) that is reclassified as ROC for tax purposes. It sounds like it's not the case for these slip-share by what you're saying. I still need confirmation about the ROC of covered calls ETFs. But in the end, it's the total return that matters (growth+reinvested dividends) and if you don't mind sacrificing 2%(ZEB vs ZWB for example) of total return because you prefer to have your profits right away without going through negative emotions coming with growth investing (will the market rise? I'm up, will the market go down and all those gains will be lost? When do I sell? I sold and made profit yeah! Oh no, if I had waited 6 more months I would have made so much more gain (regret)), then covered calls ETFs might be a good option. I'm still no convinced about slip share, but even in a passive income strategy, I would definitely keep my exposure to slip share to a maximum of 10 to 20%.", "likes": 0}, {"author": "@basseon", "comment": "If you are already comfortable with the growth style (so unrealized gains or gains just on paper) then you have to look at the total return (including distributions, usually reinvested but in the case of slit-share I'm not sure about reinvesting) of these titles. That's something a lot investing channels are omitting to do. You need the whole picture to compare, otherwise, just comparing market values will certainly be very discouraging for any title using covered calls and/or leverage.", "likes": 0}, {"author": "@ericoconnor7365", "comment": "Very well done, I am a swing trader in some of these and have done very well.\nAlthough I find this video perfect to try and explain to some I know as to why I don't hold these investments long term. Except of course the preferred shares, which I also own.\nOne thing I have never done is bought the split when first offered.", "likes": 0}, {"author": "@helenachase5627", "comment": "I think they are ponzi schemes", "likes": 0}, {"author": "@dru2099", "comment": "So if I use wealthsimple and add shares of something like this to my TFSA, do I have to worry about things like fees, taxes?", "likes": 0}, {"author": "@djayjp", "comment": "Sorry but: Marc > Brandon \ud83d\ude05", "likes": 0}, {"author": "@djayjp", "comment": "TR = good. NAV = crap lol", "likes": 0}, {"author": "@mattpherrill124", "comment": "How are the fees paid? Maybe I missed it", "likes": 0}, {"author": "@danielpicard3829", "comment": "Deep dive on the pro\u2019s and con\u2019s of investing in split share investments. Great analysis!", "likes": 0}, {"author": "@richardnault8066", "comment": "Thanks for th info on Split Share Corps. FYI - watch tapping/hitting the surface that the mic I on.", "likes": 0}, {"author": "@karlosm2730", "comment": "Thankyou for doing some of the research for me. I just found out about these funds and got interested. I learned that they are not for me .", "likes": 0}, {"author": "@bradv.1793", "comment": "Thank you as always for your educational videos. You and Brandon must be so proud of each other for all your success and for everything that you do for people. Just a quick question regarding your graphs that show the long term results for LBS and DFN since inception. Do those final total return numbers factor in the monthly compounding effect of the distributions ? Thank you.", "likes": 0}, {"author": "@davenani5058", "comment": "suitability is the key of everything", "likes": 0}, {"author": "@northshorehighlanders6167", "comment": "So, big keys would be looking at an SSC's holdings, history and seeing where the current stock price sits.  Sounds like this is a good time to take one like LBS seriously.    Don't know if I'll get a crack at ENS, though.  Though very close to NAV, chart makes it look a touch high, historically.  Thanks for the great attention to detail.  Never too much for making informed investment decisions.", "likes": 0}, {"author": "@Master-bp8pd", "comment": "Great analysis. Can you please explain the self-cannibalization of the covered call funds. My understanding is that due to fund mandate, once the call is exercised, the manager has to buy the same shares at higher price now. This slowly leads to consistant decline in value. Look at zwu for example. Am I missing anything?", "likes": 1}, {"author": "@owenkwong3358", "comment": "High yield has higher risks \nLiked \ud83d\udc4d Thanks \ud83d\udc4d", "likes": 0}, {"author": "@owenkwong3358", "comment": "Liked \ud83d\udc4d Thanks \nGreat analysis on the real estate income property compared to split corp \nHouse in ghetto location collecting higher rent income from tenants \nGreat channel \ud83d\udc4f", "likes": 0}, {"author": "@stockholmpublishings2937", "comment": "I think it's interesting how you talk about leverage.\nLiterally EVERY company out there use leverage and loans which can swing against them, at any time.\nDifference is, a split share fund doesn't have loans and liabilities.\n\nI would suggest that you do your research in regards to how many companies and banks lowered their dividend pay outs in the 08 crisis. A lot. Guess what good quality split funds did? They continued to pay the agreed %.", "likes": 1}, {"author": "@FxBrawler", "comment": "I can't find official confirmation that they can be placed into a tfsa. Can you confirm this?", "likes": 0}, {"author": "@MegsCarpentry-lovedogs", "comment": "Yes, the volatility allows you to still get paid from the income and buy more. The term date is only for the preferred shares and the managers say to not worry about any termination. The  termination date is for legal industry reasons and due to the preferred shares. It so rarely happens and not to worry about it if the split corp has strong blue chip companies.  Cover call strategy is like a hedge when there is volatility. Cover calls are most effective in a pull back market or a stable market environment.  Still effective on up swing though. Keep up the great work Marc. Make sure that people pay attention to the quality of the holdings. Quality holdings are KEY to selecting a successful low risk split corp or income fund. Cheers!", "likes": 4}, {"author": "@valveman12", "comment": "I like Split funds.  They take up 30% of my portfolio.  I believe Split Funds are great, as long as you don't take a huge position.", "likes": 0}, {"author": "@MegsCarpentry-lovedogs", "comment": "These are PERFECT for investors like myself who is a passive income investor. \ud83d\udc4dKeep that cash flow coming in on diversified investment vehicles. Of course I don't have ALL my stocks in split corps. Adrian recommends no more than 20%.  Sleep at night and think passive for part of your portfolio. \ud83d\udcaf LOVE Dfn and pdv...I am looking into RS now during this massive pullback and for a global income GDV. I learned a from experience as a passive investor and recently from Brandon and Marc's invited guest \"Adrian\" on Passive income investing youtube channel. We have Adam with Brandon and Marc and they have referenced Adrian as well. We are so fortunate as Canadians to have these 3 points of view. Its amazing! Its a gift that keeps on giving. I have subscribed to all 3 of your YT channels...great summary Marc!\ud83d\ude00\ud83c\udde8\ud83c\udde6", "likes": 6}, {"author": "@grantboucher2696", "comment": "great job but still love my splits as long as they are well into the black", "likes": 0}, {"author": "@julienwoodstock5546", "comment": "Split funds with a high unit NAV is great and these type of security are mainly for income investors so for me idc what the stock price is as long as I get my monthly payment I\u2019m happy", "likes": 0}, {"author": "@lw1405", "comment": "Marc- I've been looking at Split Shares as a possible investment and I really appreciate your measured approach. Thank you.", "likes": 0}, {"author": "@lyndanickerson1373", "comment": "I worked at Shaw Communications 9 year's ago they offered Split Shares to staff, unfortunately when leaving the company I wasn't able to keep my stock's", "likes": 0}, {"author": "@mslkable", "comment": "video looks great, what camera do you use?", "likes": 0}, {"author": "@paulabeattie8565", "comment": "Thank you so much, you just prevented a big mistake on my part.", "likes": 0}, {"author": "@jbahhadi", "comment": "Perfect", "likes": 0}, {"author": "@diverse_insightt.o6499", "comment": "Thank you Marc I have been trying to explain it to my friends for about a year but they never wanted to listen to me till I showed them your video, one thing I\u2019ve learned is to not waste my time. You can lead a horse to water but you can\u2019t make it drink", "likes": 0}, {"author": "@AmanBhimani", "comment": "Great content. Can you make another similar video about Call Option ETFs like ZWC, HYLD and HDIV?", "likes": 18}, {"author": "@anomanderrake8693", "comment": "What about the Preferred shared class of this example (LBS)?  Did they miss dividends also?  And, at the term of the mandate, did the people who invested in the prefered shares got their money back (redeemed)?  Thanks man :)", "likes": 0}, {"author": "@brianmcgrath5977", "comment": "Excellent content", "likes": 0}, {"author": "@debashisdey4111", "comment": "Great in-depth look; an education in due diligence by the way information is presented referencing documents from an actual example. A suggestion for future in-depth look in the same theme of passive income yields would be devote an episode on covered call ETFs. Such ETF's gain high yield today by giving up future upside. What I have not seen is a side-by-side comparison of like-for-like portfolio - one with only equities and the other with the same equities plus covered call. For example what is the difference in total return over long-term, say, over a 10-year period. Thanks in advance for your consideration.", "likes": 0}, {"author": "@kingdavig", "comment": "I have approximately 25% in split share...mainly SBC... I usually use the dividends to purchase other safer stocks and ETFs although I will add to SBC when it takes a dip", "likes": 1}, {"author": "@omarfadil1226", "comment": "I like your videos and you have become my main source of information when it comes to the stock market for past couple of months. Thanks.\nCan someone kindly explain how to know the spilt shares and which ones? some of them didn't offer the option while I quickly looked it on wealth simple trade for example while up watching the video? \nPS. I am a newbie in this barely a month or so.", "likes": 0}, {"author": "@lastempire7302", "comment": "IMO, preferred shares of the split fund corp are the perfect alternative for cash equivalent fixed income vehicle. \nLow volatility? \u2705\nHigh yield? \u2705\nFlexibility? \u2705 (especially for funds that pay monthly distribution)\nLiquidity? \u2705 (only for the popular funds)\nSafety? \u2705 (Class A = shield, Dividend = guarantee)\nCapital Efficiency? \u2705 (MER is 100% paid by Class A holders)\nTax Efficiency? \u2705 (Eligible dividends)\nDiversification? \u2705 and \u2611\ufe0f (The corp is basically a ETF)\n\nThe only downside is the $10 SP can generate pretty substantial transaction fees.", "likes": 0}, {"author": "@pwatom22", "comment": "Excellent explanation. Thank you.", "likes": 0}, {"author": "@MrDorf007", "comment": "This video is a MUST fro all investors who want to know how split share corporations work.", "likes": 0}, {"author": "@JK-rv9tp", "comment": "I found the split prefs attractive as a fixed income substitute.  I bought RS.PR.A because of nearly 20 dollars in NAV headroom over the prefs, and it pays 5 points.  Also FTN.PR.A because it also has ample headroom in NAV and pays 6.4 points.  The pref holder gets a pretty good yield for the safety level, and the A holder takes on the large majority of the risk, for maybe an extra 3 or 4 points.", "likes": 2}, {"author": "@jennychoi8885", "comment": "Very useful!!! Best info! Would u explain crypto divided next time? Please and thank u", "likes": 0}, {"author": "@carledwards7524", "comment": "Awesome video!!", "likes": 0}, {"author": "@tbagwarzonecampers5032", "comment": "his logic is flawed, split shares in most part act the same way most stocks act during a correction or market crash. Just look at the history of the dividends and pay attention to the buying Nav price. It was comical how little theses two know about stocks as a whole. But the saying goes. ( if you don't understand a stock don't buy it)", "likes": 1}, {"author": "@alwayspositive999", "comment": "Great video very nicely explained.  Thank u Marc", "likes": 0}, {"author": "@lsrasr158", "comment": "Excellent video.  I am a recent retiree and am looking to enhance my dividend income.  I have done some split corps and covered call investing such as ENS, DFN, ZWB, ZWK, etc.  Most of my portfolio is in value stocks like the big 6 Canadian banks, BCE, Telus, etc.  I am approaching the split corps with caution as you suggested and keeping a small % of my portfolio in them.  Keep us the good work.", "likes": 4}, {"author": "@mikep4869", "comment": "What a great explanation! - I thought I knew splits well, but.... If I follow correctly, DFN is trading at $8.26 (07 Feb 22).  If it remains here (under $10.00) when the fund unwinds, Class-A holders would receive no return of capital?", "likes": 2}, {"author": "@brianwightman2455", "comment": "How would split share corporations compare with EFT with modest leverage and covered call strategies like HCAL ?", "likes": 1}, {"author": "@althunder4269", "comment": "These split share companies raise additional capital to pay their common dividends by issuing new shares every year.  In 2021 DFN issued $150 million in new shares through three \"overnight offerings\" and some of that would go to paying dividends to commons. DFN does two or three overnight offerings every year.", "likes": 2}, {"author": "@rb13818", "comment": "I'm thinking of adding covered call split shares in my portfolio, this video helped allot", "likes": 0}, {"author": "@512Ryan", "comment": "This is the style of content I'm here for; more like this from Marc please!", "likes": 4}, {"author": "@siam9845", "comment": "Thank you for the excellent detailed information.  Fees are a big factor in my choice of investment, as they should be.   I don\u2019t think this is an investment for me.   I was drawn to the high dividend.", "likes": 0}, {"author": "@jainil16792", "comment": "Isn't LBS good on tax point of view in regular treding account as lot of income coming as ROC compared to XFN as income is coming from eligible dividend ??\nThanks for video.", "likes": 0}, {"author": "@zc2051", "comment": "Very good video....kudo!", "likes": 0}, {"author": "@LivingTheLifeRetired", "comment": "This was a superb video. There are a few vloggers that are really hyping these up. I\u2019ve always been concerned of the risks that you have clearly explained. Thanks.", "likes": 0}, {"author": "@micheleliboiron2409", "comment": "Very informative Mark ..\nI always enjoy & retain your application to share your knowledge & research better than many. Although I have opened accounts months ago...still have yet  to invest. Please Help....", "likes": 1}, {"author": "@DelpyKler", "comment": "Wow, super informative episode, as always! Thanks so much Marc!", "likes": 0}, {"author": "@Lawliet734", "comment": "Downturns always come without warning, but while split share funds are having their day in the sun, the phrase \"strike while the iron is hot\" applies.", "likes": 0}, {"author": "@flammablewater1755", "comment": "This was super helpful!", "likes": 0}, {"author": "@XIconic", "comment": "such a nice informative episode by Marc. The quality of education here beats what you get from a university lecture. It certainly changed by my view and optimism around the split corp class A share.", "likes": 4}, {"author": "@jacksonso3983", "comment": "Well explanation.", "likes": 0}, {"author": "@donmcleod2235", "comment": "Thanks for your detailed Explanation Marc. For me split share funds do not meet my investing style or objectives. For me value investing on one hand and growth investing on the other serve my investing objectives along with a third dividend component. My three core styles that have served me well. Thank you. :)", "likes": 0}, {"author": "@LadyLuck-iv2zd", "comment": "I have a question if you have time.  Knowing, and understanding the risks associated with split shares, if one is an income focused investor, would it be a good strategy to more heavily allocate into split shares up front to take advantage of the high yield, and then invest the dividends into less risky vehicles like closed end funds or covered call ETFs that have less risk and yield?  Again, this is assuming one\u2019s focus was on income, not growth.  Thanks for the great content!", "likes": 0}, {"author": "@angier2289", "comment": "My spidey senses were telling me SSCs aren\u2019t all that and a bag of chips, now I know for sure they aren\u2019t right for me. I\u2019m gonna stick to the individual shares - yes, lower dividends but more growth for those of us in the buy and hold category.", "likes": 0}, {"author": "@summercherry123", "comment": "Wow thank you for this detail explanation Marc!", "likes": 0}, {"author": "@web3tel", "comment": "Thanks Marc. can you please make another video about pros and cons of preferred shares as an alternative of holding cash, GIC or bonds?", "likes": 0}, {"author": "@aidamenzel2475", "comment": "Long lbs", "likes": 0}, {"author": "@ShameerRavji", "comment": "Thx for the vid. I don\u2019t touch those with a 10 foot pole , they seem sketchy much like crypto, lol.", "likes": 0}, {"author": "@jasonhoffman9607", "comment": "So would it be a good strategy to just buy the dip?", "likes": 0}, {"author": "@j.m.4045", "comment": "Lots of solid information that I hadn\u2019t previously considered about splits. Thank you.", "likes": 0}, {"author": "@dancooper4663", "comment": "Marc excellent video! I had been wondering about this type of fund and voila you had a video the next day. Really enjoy your videos and stock selections.", "likes": 0}, {"author": "@pinkhairblackman8141", "comment": "im so glad we have have a seasoned professional reviewing these funds, no hate to brandon, but im glad your dad reviewed these funds", "likes": 0}, {"author": "@TrevorLeeGodin", "comment": "Hey Marc Great Video. Two years ago I started Investing into a Dividend split FTN and it did not perform well during hard times. so I learned my lesson and invested into much more resilient and safer stocks. it wasn't a huge loss however it was a good learning experience . I had looked into Dfn and thought it was very tempting yearly dividend return. I am not sure about it", "likes": 0}, {"author": "@Jvang102", "comment": "Thanks for all the great information , I purchased a fraction of \u201cAlphabet Inc (class A) . Is this the risk you are describing ?", "likes": 0}, {"author": "@danylo4670", "comment": "with regards to the 344% return on LBS, how is that affected if the investor is using a DRIP? Reinvesting dividends monthly would surely increase that return?", "likes": 3}, {"author": "@traceythai3859", "comment": "Great info, please make more video like this\nWish you all the best", "likes": 0}, {"author": "@ronlhubbard1353", "comment": "Investing in split Corp shares may not be for everyone but I also would not recommend putting all your eggs one basket ether but these types of investments are great source of income to add to any \u201c diversified portfolio \u201c for a little extra income. Obviously you don\u2019t want to invest it all in DFN or LBS but it would also be foolish to invest 100 percent all of your portfolio in RBC or TD. Most of your arguments for against also apply to investing in the Big Banks in general. There is always the risk that Banks could suspend their Dividends and even go Bankrupt.", "likes": 1}, {"author": "@shootermacgavin1", "comment": "Thanks for the video, very enlightening. I own only 2 split share funds GDV and RS, any plans to purchase other split share funds are now nixed!", "likes": 0}, {"author": "@biomolecologo", "comment": "Great video. I am one of those who started investing during COVID and I've never heard about these investment instrument before. Could you make a similar video for instruments lie ZWC?", "likes": 2}, {"author": "@bryanspear6108", "comment": "Here\u2019s another point of view \n\nhttps://youtu.be/V_zwYNZhYno", "likes": 0}, {"author": "@TopdogEJ", "comment": "Hi, so.. Preferred share holders they can get the return at 'issued amount' $10 but Class A shareholders they might can not get the issued amount '$15 on Termination date(maturity date). right?", "likes": 0}, {"author": "@CanadianDividendInvesting", "comment": "Great explanation", "likes": 0}, {"author": "@sirilovelove", "comment": "Great video, Thank you for sharing", "likes": 0}, {"author": "@rf-uj5sc", "comment": "Looking for more of these videos!!", "likes": 0}, {"author": "@RonaldH", "comment": "What about investing in the preferred portion of the split shares and treat it like a high yield bond to park cash -- yielding over 5% and with low volatility?", "likes": 0}, {"author": "@piknik8230", "comment": "AQN is lookin like a split share this yr. \ud83d\ude02", "likes": 2}, {"author": "@BigGroupHug", "comment": "So it's also good to know how old the firm is because you gotta leave before they fold...", "likes": 0}, {"author": "@billrice1288", "comment": "Marc:  Excellent video.  It gave me far more information than I had when I invested in some split funds year ago.  Another topic would be Covered Call ETFs as they do have some underlying characteristics similar to splits.", "likes": 4}, {"author": "@tenorref", "comment": "Thanks, Marc, for showing the pros and cons of these funds. I also like that you added a variety of strategies that could be implemented. A great instructional lesson.", "likes": 2}, {"author": "@ab.4425", "comment": "Thank you so much for all the information you shared with us Marc!! Really appreciate it!!", "likes": 0}, {"author": "@constantinkwiatkowski1940", "comment": "Well explained thank u I have learned some new points. We have splits of FFN. Right now its performance is good since we bought A shares at low point. I am not looking for a increase of the price. For me the price must be stable. If stable then the high yield and the low share prize make any split a great investment in the long run. In my opinion FFN is such a candidate. 10 % Management fee is taff but is acceptable due to the high yield. It\u2019s true u must watch the investment. The downside of splits such as LBS is the decrease of the share price why I didn\u2019t buy LBS shares. Warren buffet noted do not buy any Investment if u know it will lose money. I stick with that so no LBS shares for me. One more point. CRA categories splits as mutual funds. So you can put the splits in your RRSP or TFSA. Then u do not have to pay tax on the gains. Bottom line splits are a good investment if the price is stable and u use a registried investment account.", "likes": 0}, {"author": "@lesliebrown4885", "comment": "As a passive income oriented investor I have no real interest in the long term total return including unrealized gains as I am using the split funds for monthly income, the key is, don\u2019t have all your eggs in one basket so I only hold about 10%  of my  portfolio in split shares. If you are never going to sell, what does it matter if the fund doesn\u2019t grow in value? Also there are split share funds that have long histories with only a few missed monthly dividends.", "likes": 5}, {"author": "@jasonstupak4535", "comment": "Watched and liked, thanks Mark!  I do employ some split-shares funds in my portfolio, but not a lot due to their higher risk.  Here's another Youtuber I follow that uses an income based strategy for his portfolio: https://youtube.com/c/PassiveIncomeInvesting", "likes": 0}, {"author": "@AB-ev9ud", "comment": "Really great video Mark! Thorough and well explained! I've been debating on whether to add split shares to my portfolio.  Thank you for bringing forth the adherent risks vs. rewards.", "likes": 3}, {"author": "@Rob-ob3sh", "comment": "Hi Marc, Thanks for the video.  I own two Split funds SBC which I was lucky to get in at $10.02 and GDV which I just picked up last week. I\u2019m using them plus a whole bunch of coward call ETF\u2019s like ZWC and ZWG to name a few . Building a snowball effect buy getting high yield ETF\u2019s and placing the income back into my investments.", "likes": 5}, {"author": "@roberttaylor3594", "comment": "I have a few split funds, so I\u2019m interested in what you have to say\u2026. But not on Friday night!!", "likes": 0}, {"author": "@larry6682", "comment": "Thanks for the excellent analysis.", "likes": 0}, {"author": "@juanperez-gh8bl", "comment": "Mucha informaci\u00f3n, gran trabajo! hoy estaba un poco molesto con mi familia, la gente trata de estafarlos con faltas inversiones de 100% e ignorar videos como este, con informaci\u00f3n real para hacer buenas inversiones.\n\n\"A lot of information, great work! today I was a little angry with my family, people try to scam them with 100% fake investments and ignore videos like these with real information to make good investments.\"", "likes": 0}, {"author": "@ddelmarsmith", "comment": "I think the key here is that you would never invest all your portfolio in split shares.  That would foolish.  Allocating a small portion (10 to 25%) may have a solid risk reward benefit as a buy and hold.  Even more so if you are retired and these are in your RRSP/LIRA where your goal is consistent income and not really the capital gain.  If you do some research, there are some good splits and some not so good ones.  Good, meaning a history of NOT cutting payments during down markets.  Good luck!", "likes": 3}, {"author": "@FCPEVER", "comment": "Marc \ud83d\udc4f \ud83d\udc4f \ud83d\udc4f \ud83d\udc4f.  This was absolutely a great video. I've been looking at split shares for the last 6 months, and i was so skeptical on those attractive high yield rates. Seemed too good to be true. Thank you for bringing a non partisan view on the matter. Your investment knowledge is outstanding.", "likes": 7}, {"author": "@paulsantori8920", "comment": "I'm glad to see split corps being covered by Marc, but I did have a feeling it was going to be negative. I think Marc missed a few positives. There are split corps that haven't missed dividends and there are split corps like ENS that raised their dividend by an impressive 30%!!! Also, I don't think split corps are just for traders. I think they are also for someone who wants to live off dividend income and doesn't want to wait 30 years to build a 2 million dollar portfolio. Agree to disagree but still love the content! Cheers \ud83d\ude0a", "likes": 4}, {"author": "@bennyw.9716", "comment": "Great video and very timely for those of us seeking income and providing the total picture compared with more traditional sector ETFs. Would you be able to something similar for Closed-end funds such as Canoe Financial EIT.UN?", "likes": 17}, {"author": "@CyclingDad", "comment": "Awesome vid! Thanks!  Btw recommend you double check the volume of your song intro for future vids.", "likes": 2}, {"author": "@chrisbauld5387", "comment": "Thank You!  Brandon and Marc for including DFN in this vid...  You guys ROCK!!! <3", "likes": 3}, {"author": "@americanincanada5302", "comment": "Great Video", "likes": 1}, {"author": "@chadleganchuk1000", "comment": "As an \"income investor\" i usually put 25%  into split share funds.", "likes": 8}, {"author": "@simonledoux2744", "comment": "I held the preferred side of the split a few times in the past to preserve my capital while gaining a nice dividend. Riskier alternative to cash but lot more profitable than money market.", "likes": 0}, {"author": "@ajitsony", "comment": "Thank you Mark, very good explanation and presentation. There some good covered call etf available from BMO like ZWC, ZWU. They seems good, same problem capital will not appreciate however will provide monthly income better option than GIC or bonds. Also there some good ones like QYLD. If possible provide your opinion on covered call ETF.", "likes": 4}, {"author": "@thebmac", "comment": "Thanks for showing the trees from the forest.  I will be watching these a bit closer now.", "likes": 3}, {"author": "@pandabear8142", "comment": "Great info,thanks. \ud83d\udc4d\ud83d\udc4d\ud83d\udc4d", "likes": 1}, {"author": "@suzymail1000", "comment": "Wow what an eye opener.", "likes": 2}, {"author": "@derekcox6531", "comment": "Absolutely another bang on episode Marc! \ud83d\udc4d\ud83d\udc4d\ud83d\udc4d I own some DFN myself,but you are very on point to explain the maybe not so great aspects of the split share corps. I can\u2019t say that I\u2019m disappointed with the income I\u2019ve received from DFN (as an example) but it is only a small part of the income plan. Reinvesting distributions into a split fund is (in my opinion) folly. Splits are indeed ONE tool,but you are right to point out the larger picture. One of my Favourite episodes so far.\ud83d\udc4d", "likes": 30}, {"author": "@mrmohamedramadan6", "comment": "Best explanation of split share funds online hands down. Thank you Mark.", "likes": 4}, {"author": "@hedimahersi1104", "comment": "Thank you a lot to cover that subject. Good analysis.", "likes": 2}, {"author": "@meditationavecmaryse7293", "comment": "Very well explained!!!  It changes my view in a good way!!  Thanks", "likes": 1}, {"author": "@rudykatwaroo7357", "comment": "Thank you for sharing.  I'm new this year to the investing.  Started with WealthSimple Trade and have been following a few different channels to learn about this world.  Some talk and promote heavily on Split Share funds for the sole purpose of dividend payouts.  I am personally trying to build up my principal amount and trying to get dividend payouts for now until I'm close to retirement.  I then will hopefully re-invest into more secure funds/stocks or something which has a low risk to last the golden years.  I think i will be looking into the Investing Academy sooner rather than later.\nThank you for taking the time to educate us.", "likes": 1}, {"author": "@renzenker2526", "comment": "Thank you Mark! Excellent video...I was very pleased with you honest and fair assessment....I love DFN and have the experience to trade and hold short term.", "likes": 4}, {"author": "@Chromaburn", "comment": "That music at the start.. Ouch (too loud, or make him louder) normalize the volume basically. Edit : Keep up the great work! Look forward to your content. Cheers", "likes": 5}, {"author": "@khuo0219", "comment": "Good timing, as I am considering buying some for my parents who are retired as a substitute for bond funds for income purposes, I see bonds as high risk low return in today's ultra low rate environment.", "likes": 1}, {"author": "@annehenderson7911", "comment": "Such great learning. You spend much time, effort, energy and research in order to educate thoroughly. It is greatly appreciated.", "likes": 31}, {"author": "@johnclark8631", "comment": "Great video Marc. Split stocks definitely require knowledge and reason. I have been following a handful of them for a few years and I absolutely love them at what I think is the right price and I trim my position when I think they are near full valuation. The key is understanding the value of the underlying companies and how much of a discount or premium they shares are trading at. It\u2019s a bit of an art in some way but there are times like last year when I was pouring money into a couple of them like LBS, DFN, ENS etc. I bought a large chunk of LBS at approx $3.75 average. I liked it because I believed in the Canadian banks recovering for example. I did sell them off and hand off the money to a few different investments. When they went to what I believe to be at the top of the value range for LBS. i don\u2019t buy split shares when I think they are fully priced. My biggest thing is to not have the share price erode below my cost base due to loss of underlying shares to covered calls etc.", "likes": 1}, {"author": "@CaseyBurnsInvesting", "comment": "Every day we stray further out the risk curve.", "likes": 4}, {"author": "@g59490155", "comment": "Very informative video, I own a number of splits from Brompton, Quadravest and Middlefield, they provide very good returns.", "likes": 1}, {"author": "@davidlehoux829", "comment": "Was looking at these just this morning, timing couldn't be better. Thanks from Qu\u00e9bec!", "likes": 10}, {"author": "@beaviswealth", "comment": "\ud83d\udcc8\ud83d\udcda As always, if you're a beginner to the Stock Market in Canada and you're looking for a step-by-step blueprint on how to get started... Find out more about our Investing Academy here - https://bit.ly/theinvestingacademy\r\n\r\nAre Split Share Corporations the BEST source of high yield in Canada?  We'll answer that question in today's video.", "likes": 6}]