[{"author": "@beaviswealth", "comment": "Question: What should be the next company Buffett purchases? Leave a comment down below! Thanks for watching :D\n\n\ud83d\udcc8\ud83d\udcda As always, if you're a beginner to the Stock Market and you're looking for a step-by-step blueprint on how to get started... Find out more about our Investing Academy here - http://bit.ly/InvestingAcademy.", "likes": 5}, {"author": "@rajitkumar1660", "comment": "next wave is coming", "likes": 0}, {"author": "@warntheidiotmasses7114", "comment": "As a mason he got the heads up on the coming hoax. I need to join the masonic lodge. Can I get a pledge?", "likes": 0}, {"author": "@aukaming2011", "comment": "Hi i am from the future, warren was right.", "likes": 0}, {"author": "@Leon-ur5uk", "comment": "This Video is so funny to look at when you come from the future :)", "likes": 4}, {"author": "@karimbasem1234", "comment": "Any new news, regarding his investments? Now in the corona crises?", "likes": 0}, {"author": "@rajkumartomar327", "comment": "Ok", "likes": 0}, {"author": "@fromthefuture7172", "comment": "He's waiting for the banks to get priced reasonably again. Just waiting on the capital markets implosion that soon to happen. Everyone's invited to the buffet.", "likes": 0}, {"author": "@xiemn3240", "comment": "Because Trump  goes on protectionism. Currency dollar is/will be deflationary.\nSince beginning 2018 euro is falling 14% in two years.  *klick", "likes": 0}, {"author": "@WAlORamreka", "comment": "Buy me", "likes": 0}, {"author": "@godsofouija", "comment": "The best time to buy stocks is during an economic correction. Buffett should by more shares of AMZN, APPL, and V", "likes": 0}, {"author": "@jpetro99", "comment": "I think he is hedging his position with precious metals at the moment kind of like all the Central Banks around the world acquiring gold buy the tonnage(in record amounts, mind you). But hey, who knows for sure....After all, who exactly was that silver whale that acquired that 1 billion dollars worth of silver contracts back in September?", "likes": 0}, {"author": "@jpetro99", "comment": "128 Billion, that's child's play dollars. Just ask the Fed, They just printed 100 Billion last night. Since Sept. 17 of this year they've digitized 2.5 Trillion dollars in their \"Not QE\" REPO operations and reverse REPO operations combined. To put this into perspective during 2009-2014 QE 1, 2, 3 the FED created 4.5 TRILLION dollars to the FIAT M3 currency supply. BTW none of these dollars created are money seeing as how there isn't anything but debt backing them. If you want to learn more about the REPO operations check out this article:\n\n\n\r\nhttps://www.jmwinnovation.com/federal-reserve-repo-problem.html\n\n\n\n\nregards", "likes": 1}, {"author": "@goprojoe7449", "comment": "I thought he advocated for and gave away 90% of his personal wealth?  I guess this is different.", "likes": 0}, {"author": "@johannesbekker1970", "comment": "If, when money is given a use-by-date this insanity will vanish...", "likes": 0}, {"author": "@bkaellner", "comment": "I'm thinking he won't find anything cheap enough until after the next market crash. And just because FedEx has dropped 47% doesn't mean it's available at a discount. A discount must be measured from intrinsic business value, not peak market price. At a P/E near 100, I highly doubt Buffett is giving any thought to FedEx.", "likes": 0}, {"author": "@ijustwanttosleepnow", "comment": "I\u2019d like to see him purchase some dignity and donate it all, so that most of society can get back to normal and close the income gap. Return the middle class, so we can drop the heinous political policies we see pop up almost daily because of desperation. Buffett is ruining western countries and it\u2019s naive to idolize the man.", "likes": 1}, {"author": "@egor.okhterov", "comment": "Buffet didn't say that valuations are sky high right now. You are misleading people.", "likes": 0}, {"author": "@egor.okhterov", "comment": "Where did they get $128 bln number from? I went to finance.yahoo and I see 74,776,000 of cash and cash equivalents in the banace sheet...", "likes": 0}, {"author": "@ppuh6tfrz646", "comment": "I've been waiting for the stock market to fall before investing the rest of my ISA allowance but it's continued to go up...\nI have to invest the rest of my allowance by April. Buffett isn't restricted in the same way.", "likes": 0}, {"author": "@glove7786", "comment": "128B = 1280B ? \nNo one can count until die.", "likes": 0}, {"author": "@willtube61", "comment": "Where exactly is said cash sitting? Asking for a friend. ;-)", "likes": 1}, {"author": "@coniferllc3593", "comment": "He is waiting for crash dummies....", "likes": 1}, {"author": "@muayyadmahmood2424", "comment": "He should establish a venture capital", "likes": 0}, {"author": "@MichaelL.-ip2zb", "comment": "I love  Buffett, but he has underperformed the S&P 500 over the last 15 years, 10 years, 5 years, 3 years, 1 year and YTD badly.  \n\nThe game might have passed him by.", "likes": 2}, {"author": "@TripleJ69", "comment": "Being a  Dallas Cowboys fan,  I'd like to see him buy the cowboys.  Jerry has to go.  \ud83d\ude0a", "likes": 2}, {"author": "@bobbycatrini9731", "comment": "As long as he\u2019s making some interest with that money. Keep on holding till he gets a good opportunity.", "likes": 0}, {"author": "@chriss6356", "comment": "i feel like there is more to it than just no value in the market. he would hold a lot of that money in t-bills if that was the case.", "likes": 0}, {"author": "@sheila_rabant", "comment": "BYND when MCD gets the vegan Big Mac and Sausageless McMuffins!", "likes": 1}, {"author": "@gregaustin8320", "comment": "How about a company that would do the world or at the very least America good, that would help the most people possible, I don't have a company in mind yet but I'm sure there is something out there", "likes": 0}, {"author": "@amirich1485", "comment": "I don't think it will happen, but since he likes media companies, maybe Twitter lol", "likes": 0}, {"author": "@dzfromtheburgh5725", "comment": "NIO!!!!  Let\u2019s all hope he buys into NIO", "likes": 1}, {"author": "@erifra5606", "comment": "APPL doing Buffet good", "likes": 0}, {"author": "@huyduong5716", "comment": "\ud83e\udd14 what stock he own in REIT. \nI wonder if he want to put some in ULTA BEAUTY, but I don\u2019t think so, because it doesn\u2019t pay out divvy.", "likes": 0}, {"author": "@huyduong5716", "comment": "Uber", "likes": 0}, {"author": "@ericyz9", "comment": "Bitcoin.", "likes": 0}, {"author": "@premiumtrades7005", "comment": "Man didn\u2019t realize how much FedEx has come down. It would be interesting to see what Berkshire does.", "likes": 0}, {"author": "@wolfofdubai", "comment": "Because he can \ud83d\ude01", "likes": 0}, {"author": "@yqytracy", "comment": "Tesla", "likes": 0}, {"author": "@TJ-xk2sd", "comment": "I'll say an airline or health insurance due to what he has going on with JPM and Amazon.", "likes": 0}, {"author": "@11Alisher", "comment": "Would love see him buy WM, a boring stock and that will always be needed even in recession :) maybe little tinsy winsy Tesla haha", "likes": 0}, {"author": "@NickPeitsch", "comment": "Buffett should buy Beyond Meat...\n\n\nWhen they become BEYOND undervalued ;)", "likes": 8}, {"author": "@NickPeitsch", "comment": "His cash pile keeps growing and growing!\n\n\nWhen the next recession happens, I wanna own Berkshire Hathaway.", "likes": 5}, {"author": "@madmantrader", "comment": "I just learned that Microsoft actually has more cash than Berkshire they have around 160 billion in cash and they even pay a dividend and no Buffett won\u2019t buy any mj companies that is outside is circle of competence!!!", "likes": 2}, {"author": "@madmantrader", "comment": "He was taught by Ben graham he won\u2019t buy until the market gets hit!!  I think he will buy Delta airlines!!", "likes": 0}, {"author": "@Steve_Takes", "comment": "I have a miserable 10 shares of FedEx. Great Video though.", "likes": 0}, {"author": "@TheMonkWay", "comment": "Hope he buys Fedex to get me out of this red in Fedex haha", "likes": 2}, {"author": "@turbofanlover", "comment": "Bring on the bear market already!  It's loooong overdue.\n\nP.S.  The dude can always give me a little of that 128 Billion.  ;)", "likes": 1}, {"author": "@scottscriticalmass", "comment": "Fun video Brandon... I've long said FedEx would fit well in Buffett's stable of companies.  The timing make sense as well since their founder and CEO is nearing retirement age.  There's no better way to preserve the future of your company than by selling it to Berkshire Hathaway. \u00a0We'll see...\n\nThe true elephant I see as possible if not likely is MMM... The elephant he's looking for that routinely delivers high returns on capital that Buffett loves.  Would be fantastic IMO!\n\nA few others I could see Berkshire acquiring in today's environment.  Full disclosure... I own shares in all.\n\n- Corteva (CTVA)...  With a $20B valuation, would only take about 1/4 of his cash haul to complete.  I've been buying pretty aggressively over the past couple months, currently have 40% of desired position and will likely fill soon\n- STORE Capital (STOR) is one Berkshire already owns a big chunk of.  Not an elephant at only $10B valuation, but would be an easy purchase. \n- Polaris (PII) just seems like a Berkshire type company, but again on the smaller side. \n\nThat was fun Brandon... Look forward to reading what others have to say.", "likes": 2}, {"author": "@larryspiller15", "comment": "If he was smart hed buy tesla", "likes": 4}, {"author": "@PassiveIncomeTom", "comment": "*He's waiting for a crash because he can't find anything on sale.*  \ud83d\ude09", "likes": 23}, {"author": "@InvestingEducation", "comment": "Well obviously not deployin more early in the year was a mistake", "likes": 0}, {"author": "@jershir7599", "comment": "Walgreens, utilities, fedex, delta, caterpillar", "likes": 1}, {"author": "@dividendincome9685", "comment": "I wonder if he will buy Crown Castle to get a piece of the 5G movement", "likes": 0}, {"author": "@GenExDividendInvestor", "comment": "I think its cause he is heading to Vegas baby, Vegas!  128 Billion is crazy.  That's a Chipotle with a side of Tesla... with billions left over.", "likes": 9}, {"author": "@MartinMcClellanGT", "comment": "He will go for Tesla", "likes": 0}]