[{"author": "@beaviswealth", "comment": "\ud83d\udcc8\ud83d\udcda As always, if you're a beginner to the Stock Market and you're looking for a step-by-step blueprint on how to get started... Find out more about our Investing Academy here - https://bit.ly/theinvestingacademy\n\nFYI... We just hit 80,000 subscribers today... Thank you SO MUCH for all the support everyone! I really hope you enjoy the video, leave a LIKE if you do :D", "likes": 8}, {"author": "@torenatkinson1986", "comment": "0:00 intro\n2:00 components of a good dividend \n4:24 Emera (Nova Scotia regulated electricity generation + transmission/distribution across N. America & the Caribbean)\n6:30 RBC (#5 top fossil-fuel funding bank)\n8:00 ishares ETF\n10:20 ATCO (natural gas / electricity) \n12:20 TC Energy (natural gas / crude oil)\n...oof, not a lot of environmentally friendly picks here.", "likes": 0}, {"author": "@davidsmiottawa", "comment": "I'll be taking your RY advice - good dividend and solid growth!", "likes": 1}, {"author": "@jbainbridge22", "comment": "Bruh how are OTC's taxed is it like the US ones @ 15% or they at something different?  Asking for a friend,  ok I have no friends its from me :(  lol jk but serious question.", "likes": 1}, {"author": "@mariabaldovino2299", "comment": "thanks so much Brandon", "likes": 0}, {"author": "@juliendupont433", "comment": "Loveddddd the curve ball!", "likes": 0}, {"author": "@typerice604", "comment": "I got a bit ticked off on the third one. lol", "likes": 0}, {"author": "@bensayaboulom9819", "comment": "Great content alot of info from this it was helpful for me and my strategy for investing", "likes": 1}, {"author": "@tristandenis9344", "comment": "What do you think about H&R Real Estate Investment Trust ( HR-UN.TO)??", "likes": 0}, {"author": "@Rob-ob3sh", "comment": "Hi Brandon  should I be worried about CU.to  as a report out they paid out 96% of it\u2019s cash flow for dividends ?  I just started a position in Cu.to but now I\u2019m thinking I may just stop building cu.to keep what I have an look for something better. What are your thoughts on this latest news on CU.to ? Great work on your channel.", "likes": 0}, {"author": "@Victorcatrina_", "comment": "Great video and solid information, earned a new sub! keep it up! \ud83d\ude4f\ud83c\udffb who else is trying this?!", "likes": 0}, {"author": "@khar4367", "comment": "Thank you for taking the time to make these videos in the way you do.   I like that you emphasize quality and stability with growth over flash and splash stock picks.  Very helpful. Thanks", "likes": 2}, {"author": "@DEXVD", "comment": "For covering the Canadian market I hold a mix of XDV, ZCN and ZLB. The XDV ETF seems to compare favourably to CDZ", "likes": 0}, {"author": "@karenlisa413", "comment": "I've learnt a lot here. I also have another means of passive income flow, it's a bit more lucrative than this and my broker George jorkins trading services does all the actions.", "likes": 14}, {"author": "@709mel", "comment": "Ca you do a updated video in top Canadien REITs?", "likes": 1}, {"author": "@SuperCody888", "comment": "Is it just a matter of buying these stocks and holding them for awhile to get the dividend payout?", "likes": 0}, {"author": "@krisgalicia100", "comment": "What are the stocks in Canada that pays dividend monthly?", "likes": 1}, {"author": "@jeffersonmondragon1813", "comment": "Do you invest in index funds? if so have u or can you make a vid on how to and best index funds for Canadians?", "likes": 2}, {"author": "@jeffersonmondragon1813", "comment": "hey man, I saw that the US have something called Roth IRA, does Canada have something like that?", "likes": 0}, {"author": "@evelynm1059", "comment": "Thanks for the good videos..Stocks in technology please.", "likes": 0}, {"author": "@Miguel-yu9zv", "comment": "Where can I find all this information and stats about each company? \n\nWhat's the preferred platform/source?", "likes": 0}, {"author": "@OscarHanzely", "comment": "I feel TC Energy is a risky player, the dividends will be supported from long term contracts of course, but the stock value can be a surprise if Biden wins the election in couple weeks, as they are the major builder of Keystone pipeline which he already said would ban and project would go on hold for another at least 4 years. That should have been mentioned.", "likes": 2}, {"author": "@THEFOODDEE", "comment": "what about etfs like ZWC for passive income with a 8% dividend", "likes": 0}, {"author": "@user-qb9tm7ru5m", "comment": "\u041e\u0434\u0438\u043d \u0438\u0437 \u043b\u0443\u0447\u0448\u0438\u0445 \u0432\u0438\u0434\u0435\u043e\u0440\u043e\u043b\u0438\u043a\u043e\u0432 :) \u0421\u043f\u0430\u0441\u0438\u0431\u043e ))", "likes": 1}, {"author": "@user-jk9dg7tn2x", "comment": "\u041e\u0434\u0438\u043d \u0438\u0437 \u043b\u0443\u0447\u0448\u0438\u0445 \u0432\u0438\u0434\u0435\u043e\u0440\u043e\u043b\u0438\u043a\u043e\u0432 :) \u0421\u043f\u0430\u0441\u0438\u0431\u043e ))", "likes": 0}, {"author": "@user-tr9uk2gp9k", "comment": "Walter Coinprofit. E\u0430rn in this T\u0435-l\u0435g-ram chan-nel.", "likes": 0}, {"author": "@cookshackcuisinista", "comment": "Emera, RY, cdz.ito, aco.x, trp.to", "likes": 0}, {"author": "@williamlam7003", "comment": "good job , Brandon.", "likes": 0}, {"author": "@MrMicopa", "comment": "Do i need to be a permanent resident for investing ? I am a international student :/", "likes": 1}, {"author": "@MaLaengPorr", "comment": "I am happy with positions of ENB, BNS in my portfolio atm. Now I\u2019m looking to add more of other Divvy stocks. \n\nI have been to watching TRC, AQN, MIC, MFC, T, BCE for a while. (I kinda think that Maybe I should buy T and BCE later after pandemic is over as these two are not much on discount)\n\nI wanna buy so many but only limited cash per month I can not get them all \ud83d\ude02 \n\nIF AQN don\u2019t get lower to $18 cad in 30 days, should I buy TRC or MIC or MFC or T or BCE first \ud83d\ude02 \n\nwhat\u2019s your thought folks, Brandon? \ud83d\ude01", "likes": 0}, {"author": "@evanboudreau988", "comment": "Just added GFL to my watchlist", "likes": 0}, {"author": "@ravitsharma5492", "comment": "Could u pls tell us about Suncor??", "likes": 3}, {"author": "@MartinMcClellanGT", "comment": "Great thing to include an ETF, I myself own 13 different ETF\u2019s and they gave me great profits in 2 years.", "likes": 0}, {"author": "@camilocastiblanco1088", "comment": "Awesome video. Would've bought TC if it wasnt a company that has continuously not respected indigenous rights, treaties and freedoms.\nI think stuff like this should be added in your videos and conversations since many do try to trade in more progressive and moral stocks.", "likes": 3}, {"author": "@WaysToWealth", "comment": "Nice play on ATCO, holding the parent of Canadian Utilities!", "likes": 0}, {"author": "@sashaglotcka645", "comment": "Walter Coinprofit. E\u0430rn in this T\u0435-l\u0435g-ram chan-nel.", "likes": 9}, {"author": "@user-tj9hq7vz4s", "comment": "Walter Coinprofit. E\u0430rn in this T\u0435-l\u0435g-ram chan-nel.", "likes": 0}, {"author": "@user-tr9uk2gp9k", "comment": "\u0421\u043f\u0430\u0441\u0438\u0431\u043e \u0431\u043e\u043b\u044c\u0448\u043e\u0435 \u0437\u0430 \u0432\u0438\u0434\u0435\u043e!", "likes": 0}, {"author": "@ryanwang2572", "comment": "Your ad was you lmao \ud83d\ude02 solid video again Brandon!", "likes": 0}, {"author": "@Boostedv6", "comment": "Great video I appreciate u taking the time to make this video very informative..also I see I was in the video much love for that\ud83d\udc4a\ud83c\udffb\ud83d\udcaa\ud83c\udffb", "likes": 0}, {"author": "@gush5465", "comment": "I would go with xei instead of cdz the mer is just 0.22 and the yield is at 5% .", "likes": 0}, {"author": "@dhrumit07", "comment": "what do you think about HPF ,DFN and FLI", "likes": 0}, {"author": "@MrDatAznKid27", "comment": "Have you ever thought of starting up an easier way to connect with your subscribers? Don't these videos easily become stale as time goes on? Ie. Discord channel, Medium posts etc.", "likes": 1}, {"author": "@scottgracey4692", "comment": "No cnr or cp?", "likes": 0}, {"author": "@acraig316", "comment": "Aside from the higher MER, what do you think of the covered call ETFs from BMO (ZWE, ZWU, ZWK, etc.)?Most are paying 7-8% dividends and I would assume BMO could cover any potential losses given that it represents a small percentage of its investment products.", "likes": 0}, {"author": "@zic1195", "comment": "Damn dude how much are the oil and gas companies paying you. Crazy how it\u2019s definitely not the future for energy. The government is literally giving you tax cred for not buying gas. The smaller oil and gas companies have been slowly dying and TRP has gone down over the years and will continue to. If u care about the environment at all invest in stocks more worth while that will appreciate in value not just pay a high dividend. The Tobacco companies in the states pay high dividends to stay alive and oil and gas is the same. Man If abortion clinics paid a high dividend people would still put it in the portfolio just sad and stupid. Anyway CDZ is a good buy & not hating just worth, saying thanks for the interesting vid tho", "likes": 0}, {"author": "@RodrigoMedeirosFinance", "comment": "You cant go wrong with these. my favorite is RY. I mean biggest in TSX and has a good dividend! \ud83d\udc4d", "likes": 0}, {"author": "@scalener", "comment": "What is your opinion of POW-Power Company of Canada? I immediately thought of this company when you talked about dividend yields that are to high. It has a yield of 6.71%.", "likes": 1}, {"author": "@Jlindss", "comment": "everyone ready for the stock market uncertainty with the US election coming up?", "likes": 0}, {"author": "@Dave004", "comment": "ATCO looks like it could be a good pick. For ETF I like SPYD (although its US) with over 5% dividend and only 0.07% MER. \n\nFor Canadian high yield safe dividends I like MFC, POW, BNS, TD, etc just to name a few though they are heavy in the financial sector obviously but all over 5% yield.", "likes": 2}, {"author": "@AgnesPelletier", "comment": "Thanks for all the info here Brandon. Really helpful to see the thought process behind your picks. This was very energy industry focused though. Any chance you could have a video on environmentally sustainable stocks in the future?", "likes": 1}, {"author": "@Leithsbrother", "comment": "That's cool you put RY.TO in. I've been planning to buy it all month before the ex-dividend date. Today I made the purchase and it's nice to see you plugging it on the same day!", "likes": 1}, {"author": "@ab.4425", "comment": "Amazing video Brandon!! Thank you so much!!", "likes": 0}, {"author": "@Shi1985", "comment": "Thoughts on enbridge? Low price today", "likes": 0}, {"author": "@41kulemin", "comment": "Thoughts on the current state of Enbridge and its high dividend?", "likes": 1}, {"author": "@f3wbs", "comment": "6:45 As of this year, Shopify (SHOP) is the largest company by market cap on the TSX. RY is in 2nd place.", "likes": 0}, {"author": "@chrisb5048", "comment": "Your MRC call was straight garbage", "likes": 0}, {"author": "@Slimshady316", "comment": "Hey Brandon, congratulations on the 80k subs \ud83d\udc4f. I'm saving up for a downpayment as I plan to buy a house in the next 3-4 years. Do you think it makes sense to put money in a HISA considering how low the interest rates are? (I won't even beat inflation) Or should I put the money in dividend stocks and save up for the down payment  from the dividends I get?", "likes": 1}, {"author": "@AsiaPacificTV", "comment": "Please do a video on Brookfield Renewable!", "likes": 1}, {"author": "@intrumpwetrust1448", "comment": "Bpy.un", "likes": 1}, {"author": "@gurjotdulay3453", "comment": "Hey man what do you think of PEIX. It's a hand sanitizer company. People are telling me it's too high but the only markets winning right now are cleaning products and biotech so IDK what to think", "likes": 1}, {"author": "@canadianinvestor5682", "comment": "Great suggestions Brandon! I love Atco, and am continuing to build up a position", "likes": 3}, {"author": "@AudaciouslyMe", "comment": "Why on earth would  someone dislike this video.. smh.. straight gems! Thanks, i always enjoy watching and learning.", "likes": 9}, {"author": "@anthonyc7407", "comment": "Woo more dividend stocks!! Thank you!", "likes": 0}, {"author": "@mindfulinvestor", "comment": "CDZ is a good pick, but Vanguard VDY.TO has outperformed it with lower MER fees also.\nAlways nice to see alternatives though\nThanks for the great video Brandon!", "likes": 8}, {"author": "@mrgsan", "comment": "Brandon, thank you for telling your viewers the criteria and your logic you use for picking these stocks. Much appreciated.", "likes": 3}, {"author": "@montylabana8367", "comment": "I would love to see your update portfolio if that is something you would like to share. Otherwise, thanks for the video!", "likes": 21}, {"author": "@CaseyBurnsInvesting", "comment": "Thug Life investors taking home the cash.", "likes": 2}, {"author": "@chuckandary7115", "comment": "Look into AQN Algonquin power they just acquired another green energy company in Chile \nhttps://www.bnamericas.com/en/news/algonquin-completes-acquisition-of-chiles-essal", "likes": 0}]