[{"author": "@beaviswealth", "comment": "What other tips do you have for buying stocks during this crash? Thanks for watching! :D\n\n\ud83d\udcc8\ud83d\udcda As always, if you're a beginner to the Stock Market in Canada and you're looking for a step-by-step blueprint on how to get started... Find out more about our Investing Academy here - https://bit.ly/theinvestingacademy", "likes": 17}, {"author": "@greendraggun", "comment": "No place to go but up, right? unless they scrap the whole system. Doesn't look like that's happening any time soon.", "likes": 0}, {"author": "@trivialtruth1827", "comment": "Purchase Phizer stock. Investment advice for Dummies.", "likes": 0}, {"author": "@elnartalibongetal224", "comment": "Stock isn't an easy trading platform but with the help of Mr Mike Henry i have been able to make profits", "likes": 2}, {"author": "@veronicapowell", "comment": "Hi Brandon, do you teach on how to navigate the TD investment website. I am having a great difficulty to do the trade for myself.", "likes": 0}, {"author": "@tassolakas", "comment": "Check out Gossan on the TSXV... a very interesting gold play.... go to Gossan (GSS)  they have just  bought a very interesting and promising property in Newfoundland which has a gold property with positive results adjacent.", "likes": 0}, {"author": "@doubleyourmoney6655", "comment": "Fool proof 2 minute stock tips on my channel!!", "likes": 0}, {"author": "@RaineRallon", "comment": "You\u2019re so cute ^_^", "likes": 0}, {"author": "@Shear_Confidenz", "comment": "What you think about AZN", "likes": 0}, {"author": "@newshot5110", "comment": "I get what you saying, but each to his own I guess...", "likes": 0}, {"author": "@user-uy3eq5hg1s", "comment": "Aaand subscribed. Great advice.", "likes": 0}, {"author": "@OctaneStreet", "comment": "Great advice. You can tell it comes from experience because you've made some of these mistakes before. Thanks for saving us newbies the headache!", "likes": 0}, {"author": "@soo-yeonkim1912", "comment": "thank you so much for your genuine advice for the beginners! Glad to have found your page :)", "likes": 0}, {"author": "@qiangchen4993", "comment": "Great video, I have two great for new investors  , one is robinhood give you one free stock,the other is webull give you two free stocks, I will the link below \nRobinhood:  1 free stock https://join.robinhood.com/qiangc20\nWebull:  2 free stock https://act.webull.com/i/GA8KxxmW28pW/jc0/", "likes": 0}, {"author": "@MrHectorJimz", "comment": "First step is opening an account with a stock broker. The best for beginners is the Robinhood platform. It's free to use, very user friendly and you get a stock right off the start. Here's the link: https://join.robinhood.com/allanap5", "likes": 0}, {"author": "@Arty-vp2xb", "comment": "I wanna invest in casinos and resorts right now but my brother keeps telling me it\u2019s a bad idea. Any thoughts?", "likes": 0}, {"author": "@Arty-vp2xb", "comment": "I want to invest in casinos and resorts right now but my brother keeps telling me it\u2019s a bad idea, any thoughts? Lol", "likes": 1}, {"author": "@NickeyNicole21", "comment": "What are some good apps to use ?", "likes": 0}, {"author": "@awesss-wr6bn", "comment": "Great video bro, love from Toronto \ud83e\udd1e\ud83c\udffe", "likes": 1}, {"author": "@jeannaqueen3322", "comment": "big drip ! ovo !", "likes": 0}, {"author": "@user-kj2rp3kd6j", "comment": "Thanks a lot from Russia)) great videos)", "likes": 0}, {"author": "@stormchasser6502", "comment": "Any stocks for toilet paper", "likes": 0}, {"author": "@robmue7849", "comment": "Smart, rational advice. Thx", "likes": 0}, {"author": "@kylewaters4815", "comment": "jnug and aytu look them up there going up at least 50 percent monday", "likes": 0}, {"author": "@ariel831", "comment": "\ud835\ude0a\ud835\ude2d\ud835\ude2a\ud835\ude24\ud835\ude2c '\ud835\ude67\ud835\ude5a\ud835\ude56\ud835\ude59 \ud835\ude62\ud835\ude64\ud835\ude67\ud835\ude5a'\u00a0\ud835\ude23\ud835\ude26\ud835\ude2d\ud835\ude30\ud835\ude38 \ud835\ude27\ud835\ude30\ud835\ude33 \ud835\ude22 \ud835\ude2d\ud835\ude2a\ud835\ude34\ud835\ude35 \ud835\ude30\ud835\ude27 \ud835\ude27\ud835\ude33\ud835\ude26\ud835\ude26 \ud835\ude34\ud835\ude35\ud835\ude30\ud835\ude24\ud835\ude2c\ud835\ude34.\n\ud835\ude52\ud835\ude56\ud835\ude63\ud835\ude69 \ud835\ude5b\ud835\ude67\ud835\ude5a\ud835\ude5a \ud835\ude68\ud835\ude69\ud835\ude64\ud835\ude58\ud835\ude60\ud835\ude68?\n\u25ba\u00a0Join \ud835\ude4b\ud835\ude6a\ud835\ude57\ud835\ude61\ud835\ude5e\ud835\ude58\u00a0and get a free stock valued up to $50 when you use my link: https://share.public.com/Ariel84\nNo deposit required to get your free stock. It takes about 2 minutes to sign up and you should be able to claim a free stock of your choice (Google, Amazon, Facebook, Microsoft, Alibaba, Chase, Visa, Johnson & Johnson and Apple).\n\n\ud835\ude52\ud835\ude56\ud835\ude63\ud835\ude69 \ud835\ude69\ud835\ude5d\ud835\ude67\ud835\ude5a\ud835\ude5a \ud835\ude5b\ud835\ude67\ud835\ude5a\ud835\ude5a \ud835\ude68\ud835\ude69\ud835\ude64\ud835\ude58\ud835\ude60\ud835\ude68?\n\u25ba\u00a0Get 3 free stocks up to $1,400 by funding your account $\u03361\u03360\u03360\u0336, just 1\u00a2\u00a0(Limited time) from \ud835\ude52\ud835\ude5a\ud835\ude57\ud835\ude6a\ud835\ude61\ud835\ude61: https://act.webull.com/i/wHnItMogwlhG/fd3/wb_deposit_us_01\nIt's free to join, no fees!\n\n\ud835\ude52\ud835\ude56\ud835\ude63\ud835\ude69 \ud835\ude5b\ud835\ude67\ud835\ude5a\ud835\ude5a \ud835\ude68\ud835\ude69\ud835\ude64\ud835\ude58\ud835\ude60\ud835\ude68?\n\u25ba\u00a0You can a get a free stock from \ud835\ude4d\ud835\ude64\ud835\ude57\ud835\ude5e\ud835\ude63\ud835\ude5d\ud835\ude64\ud835\ude64\ud835\ude59 (up to $500):\nhttps://join.robinhood.com/arielm588\nNo deposit required to get your free stock. Just join and the free stock is added immediately. I got Microsoft stock, est. value: $383.75. \ud83d\ude31 Amazing!\n\n\ud835\ude52\ud835\ude56\ud835\ude63\ud835\ude69 \ud835\ude5b\ud835\ude67\ud835\ude5a\ud835\ude5a \ud835\ude68\ud835\ude69\ud835\ude64\ud835\ude58\ud835\ude60\ud835\ude68?\n\u25ba\u00a0Join \ud835\ude41\ud835\ude5e\ud835\ude67\ud835\ude68\ud835\ude69\ud835\ude67\ud835\ude56\ud835\ude59\ud835\ude5a today and get a free stock! Use my link to claim the stock.\u00a0No deposit required to get your free stock.\u00a0https://share.firstrade.com/ariel0J2S\nI got Advanced Micro Devices, est. value: $256.89.\n\n\ud835\ude52\ud835\ude56\ud835\ude63\ud835\ude69 $20 \ud835\ude5f\ud835\ude6a\ud835\ude68\ud835\ude69 \ud835\ude5b\ud835\ude64\ud835\ude67 \ud835\ude5f\ud835\ude64\ud835\ude5e\ud835\ude63\ud835\ude5e\ud835\ude63\ud835\ude5c?\n\u25ba\u00a0\ud835\ude4e\ud835\ude69\ud835\ude56\ud835\ude68\ud835\ude5d\u00a0is one app for all your money needs.\nGet $20 bonus when you add $5 to your new Stash account.\nhttps://get.stashinvest.com/ariel_aoewe\nGet your $20 sign up bonus now before it's too late!\n\n\ud835\ude52\ud835\ude56\ud835\ude63\ud835\ude69 \ud835\ude5b\ud835\ude67\ud835\ude5a\ud835\ude5a \ud835\ude68\ud835\ude69\ud835\ude64\ud835\ude58\ud835\ude60\ud835\ude68?\n\u25ba\u00a0Join \ud835\ude62\ud835\ude64\ud835\ude64\ud835\ude62\ud835\ude64\ud835\ude64 and open a trading account, you'll get a free stock card valued $4-$200 just for joining.\u00a0No deposit required to get your free stock.\u00a0https://j.moomoo.com/0015kU\nIf you deposit $500 or more, you'll get another one valued $10-$1000. It could be Netflix, Beyond meat, Uber or Groupon.", "likes": 0}, {"author": "@HARIPRASADKBME", "comment": "Hi checkout this video to know basics about stock market https://www.youtube.com/watch?v=teUO8IwkxBE", "likes": 0}, {"author": "@TheApexEntrepreneurs", "comment": "\"Buy when there's blood in the streets, even if the blood is your own.\"", "likes": 9}, {"author": "@sbogie3883", "comment": "\u202aRobinhood glitches yet again and cost thousands in options premiums. Looking more and more like I need to go Webull full time plus a chance at $1000 free stocks? I\u2019ll take it https://act.webull.com/i/Bpgl2X3Oqsso/jlw/\u202c", "likes": 0}, {"author": "@brycegibson8143", "comment": "Wish I would have seen this the day it was posted! Great advice from someone who already screwed up.", "likes": 0}, {"author": "@brandonnguyen9082", "comment": "exact same boat, wanted to deploy my money in the market soon as it started dropping smh", "likes": 0}, {"author": "@j.alonsosalazar4526", "comment": "Bro you talking like you been thru another financial crisis you look like a kid", "likes": 0}, {"author": "@carlospimentel358", "comment": "WHERE DO YOU BUY STOCK  ?", "likes": 1}, {"author": "@amymy100", "comment": "thanks for the advice. I was going just to buy but I not sure if I need to add on.\nI believe it will be down for a while anyway. It definitely will worth it to wait!", "likes": 0}, {"author": "@cornfedful", "comment": "Maybe I'm just an out of touch middle-aged man but  I hear some of these Youtube folks talk about finances and they really sound like they know what they're talking about and I'd love to trust them and then they go ahead and dress like thirteen-year-olds and look like they are ready to break into your house and steal your TV. Seriously,  a toque?!  I live in Vancouver. It was twelve degrees when he made this. And he's inside.", "likes": 0}, {"author": "@mlb_zity1276", "comment": "Thank you for  the info...I\u2019m new to the stock buying stuff, when one buy stocks does one own them for ever or you can lose them  over the time?", "likes": 1}, {"author": "@aimless-drifter", "comment": "Hey Brandon, any advice is it better to buy Canadian index fund or US index fund at a time like this?", "likes": 0}, {"author": "@2am_k", "comment": "I wish I had watched this video before purchasing my stocks.  I've spent about 50% of my funds.  I will wait it out for now.    Biggest of my 50% spending is $32 a share for DAL.  Because the government is bailing out airlines.  I should still be okay right?  DAL also #2 with balance sheet and financial stability.  \n\nThanks man!", "likes": 3}, {"author": "@avarageplayer200", "comment": "All i heard blah blah blah...", "likes": 0}, {"author": "@Amzeeel", "comment": "That's exactly what I did and I was screwed lol!", "likes": 0}, {"author": "@srinidhiii", "comment": "Words of wisdom man", "likes": 0}, {"author": "@JL-tj4sr", "comment": "Great video.\nIf I wanted to buy some US stocks during this recession, would it even be a good idea to exchange my Canadian for US cash with the weak dollar atm?", "likes": 0}, {"author": "@moniquebruce8202", "comment": "Beginner new to your channel", "likes": 0}, {"author": "@JJ-bf6dx", "comment": "Funny none of these experts talked about which stocks to sell and when \ud83d\udc4d", "likes": 1}, {"author": "@Lion95", "comment": "What online brokerage do you use to buy stocks from the US?\n\nIm from Vancouver as well xD", "likes": 0}, {"author": "@DrsGanandMo", "comment": "This video is key and extremely relevant for todays economy with everything going on! Really enjoyed the content and tips for buying currently! Keep it coming!", "likes": 0}, {"author": "@bcbconklin", "comment": "this oil price will drive oil frackers out of business. nat gas will take up the slack.\nhere is a cheap stock and a ground floor entry to a vast reserve:\nCANADIAN SPIRIT RESOURCES INC. see: http://stockwrestler2.blogspot.com/", "likes": 0}, {"author": "@luisdonaldocolossio", "comment": "1 - if I invest al my money it will be in toilet paper \n2. What you will do with all this money if you got corona Virus \ud83e\udda0 ?", "likes": 0}, {"author": "@salmark9080", "comment": "all of this advice is horrible. All these youtubers are giving terrible advice that will never make you money. Like don't second your entry?  that's not real advice.  \nYou have to look at data, trends, learn how to read a chart. learn python and make your own projects to compare stocks based of technical indicators or fundamental reasons. These youtubers make me sick", "likes": 0}, {"author": "@fryncyaryorvjink2140", "comment": "I'm completely new to this, never bought stock before, but I'm thinking that time is coming soon. Time to research! When I do buy, do I go to a website or an app? I know nothing \ud83d\ude04", "likes": 0}, {"author": "@rin360lew4", "comment": "Now? Are you crazy? It\u2019s a falling cluster bomb and you advice to buy now?\ud83d\ude02\ud83d\ude02 only noobs follow your advice", "likes": 0}, {"author": "@TH3clubhouseq", "comment": "Can anyone guide me through it?", "likes": 0}, {"author": "@freedomwisdomtv4957", "comment": "Chance for the stock market crash! No experience, I just got 2 FREE stocks, you can too:  https://act.webull.com/i/JNrkAsIVRfsp/dr2/wb_invitation_2020never", "likes": 0}, {"author": "@fitzpena6925", "comment": "Hey Brandon, thank you so much for all your content, especially since I\u2019m just starting my Investment portfolio this month! I had two quick questions:\n1. Can/ Should I use Questrade TFSA for my emergency fund? Will I just be able to keep it as cash or does it need to me in the market? I\u2019m okay if it doesn\u2019t grow as cash, I just don\u2019t want to risk losing an \u201cemergency fund\u201d\n2. What are your thoughts on Questwealth? I\u2019m thinking of having a Questwealth account and Questrade account and funding them both to see how they fair? One would be my RRSP and the other my TFSA. \n\nThanks again in advance! Cheers from Toronto", "likes": 1}, {"author": "@nzshareman", "comment": "LOL who the hell are you giving advice yr 10 yrs old for gods sake", "likes": 0}, {"author": "@NathanOnepiece", "comment": "What do you think about Tesla ? Is it worth buying right now or not ?", "likes": 0}, {"author": "@DeeboComing", "comment": "Boeing. Go look at their stocks.", "likes": 0}, {"author": "@nevilleansell1736", "comment": "I am waiting for the prices to drop another 25 % at least", "likes": 6}, {"author": "@2coolforthis1", "comment": "Good advice in this video. I\u2019ve stuck to the saying that the stock market takes the stairs up and the lift down. Meaning it rises over many years and in one fell swoop it suddenly drops and wipes out up to years worth of progress. Over a long period of  time when taking in to account the highs and lows, you gain an overall growth with your money. \n\nI\u2019m new to investing and got a little lucky, I was going to invest last year but decided not to as all the signs were pointing towards a market crash (even before the corona virus as Germany and China were slowing down in growth considerably). It did not make sense for me to invest just before the crash as I plan to save only for 5 years so I can use it towards a deposit for a house. This crash would have set me back if I had of started investing last year.", "likes": 0}, {"author": "@jeffreehogue4290", "comment": "This is so exciting...but I'm not Canadian...I want to learn more, is it different for US?  Help!", "likes": 0}, {"author": "@CranberryDave", "comment": "That 92 Explorer instrumental hit different", "likes": 0}, {"author": "@ld4974", "comment": "Good overall advice on how to approach this market. We'll probably see 2018 magnitude declines before this is over so definitely no need to rush in.\nMy only issue is that \"beginners\" should not be playing with individual stocks. Now is an excellent time to buy and hold an index fund. Stocks can go to zero. An index fund will always recover along  with the US economy. Also, the big money is made by compounding over decades. Don't buy if you cannot sit tight for at least 10 years.", "likes": 0}, {"author": "@diverdocus", "comment": "Love this content. I think that it\u00b4s important to know the way of invest before putting money on stocks. This video explains good!", "likes": 2}, {"author": "@Vurtz", "comment": "hi, Brandon, thanks for your videos . I  am very new in this business  but I am  interested in investing.\nquick question  which platform do I use to buy stocks using  my TFSA  account  to buy US Stocks and that will enable me to spread out my purchase  I mean buying stocks from different  US companies.\nsecond question`- i have US account within my Canadian account , is it best for me to use my this account to buy US stocks. \nThird Questions- I have US account but i am not yet US resident, a friend from the State told me about the stock market , gave me a platform to use and start buying  but when i went on it it asked if i am US resident and to punch in my SSN. so with this i cannot use that platform, my question is can i use my US account to buy stock in the US despite the fact that i am not yet a resident,  if yes, what platform can i use to do that. thanks for your response ~~Lady B.", "likes": 0}, {"author": "@Heidiluxvlogs", "comment": "What about Disney for 90$", "likes": 0}, {"author": "@swingingforgold5743", "comment": "Great video keep it up I got an idea for another one when is it time to sell bonds and invest in more equities", "likes": 0}, {"author": "@indupathak6735", "comment": "Hi \nIn January invested all once vtsax \nVyn vgi did not dollar cost average \nNow what should I do \nScared to see account", "likes": 0}, {"author": "@evancampbell7138", "comment": "Great, practical, and important advice!\n\nThank you for the post, and keep up the great work!\n\nMany thanks all the way from Tasmania \ud83d\ude04", "likes": 0}, {"author": "@cosmicshen88", "comment": "yeah it will go lower for sure. I dont imagine it going back up for another 3 months at the least.", "likes": 5}, {"author": "@dh2profit", "comment": "I agree.  I plan on considering beginning purchasing around June.", "likes": 0}, {"author": "@adventago", "comment": "as usual great content Brandon  ill make sure to take these tips to mind", "likes": 0}, {"author": "@jayc4715", "comment": "And...why should we take advice from you?", "likes": 1}, {"author": "@cal88usa", "comment": "3/15/20. For the past 2 weeks l have deployed 4K to Robinhood.  We can not predict the market, in the past 2 weeks the stocks that l have my eye on have been going up and down.  My Worry is that it will go up and am going to miss my opportunity to buy. I will check Monday  3/16/20\nGreat video!! Happy shopping.", "likes": 1}, {"author": "@danbrown7224", "comment": "Word up", "likes": 0}, {"author": "@enigma7ish", "comment": "So glad I reduced my exposure to shares to only 25% about a month ago in my super fund (401k)", "likes": 0}, {"author": "@Minerking69", "comment": "Bruh markets were -26% idk who wouldn't buy that...", "likes": 0}, {"author": "@skurai", "comment": "Just tell the fuking stocks u fuking clickbaiting bitxch fuk u", "likes": 0}, {"author": "@kurnh6685", "comment": "Awesome advice dude.", "likes": 0}, {"author": "@shawngale922", "comment": "I'm new at investing and I bought several solid stocks over the weekend at market price. Given the markets I bought from are closed til Monday, will I pay the market price Friday closing, or will it be Monday's morning's price. If so, do you think I will take a hit or will it be actually cheaper?", "likes": 1}, {"author": "@HariBhogala", "comment": "I will add some of those to my portfolio man.I made $100k in this bearish market using options, I posted a video in my channel regarding that. hope you check it out.", "likes": 0}, {"author": "@fireblade2681", "comment": "It's a dead cat bounce. This bubble has to let more air out before stocks are good value.", "likes": 7}, {"author": "@SuperLexxe", "comment": "How spread out should i go with stocks with just 3000 dollars? 3-5 targets?", "likes": 3}, {"author": "@Dewder", "comment": "Wow your good , Why haven't I seen you earlier . \nWell done !", "likes": 1}, {"author": "@maximumvalues", "comment": "I'm up 20% this month... how much are you up Brandon? Good advice on not going all in tomorrow. I bought USO on Friday. I have another order to buy it lower. I have another order below that to sell the whole position as I'm ok with taking a loss when wrong.  I'm up 6% on that 1/2 position. When you want to buy or sell short. Chart the stock, pick a price, don't be impatient. I was short a stock ETSY And I put my bid to cover and take profits $1 below the traded price. An hour later it still had not filled my order. I did not panic. I place a stop $1 above it in case I was wrong about it falling. It fell and filled my order and I cancelled my stop.", "likes": 0}, {"author": "@maximumvalues", "comment": "Buy at your own peril. Follow Japan plan from the 1989 crash and see the same result. Buy here, cry later. They had the market fall 80% ... That is right... 80% ... I'm short. Too many youtubers half my age think they should buy and they have little buying power or ability to move markets.  The big boys are still stepping up to sell and that inside day rally Friday ... many of those junk stocks fell after hours. Gap down again Monday is most likely.  What many youtube financial experts don't know. 1. Stocks are risky 2. USA is bankrupt 3. Most the companies don't turn a profit or have falling earnings.  ... GAME OVER.. I'm SHORT", "likes": 0}, {"author": "@maximumvalues", "comment": "https://www.advocate.com/health/2020/3/12/masturbation-boosts-immune-system-can-it-fight-covid-19", "likes": 0}, {"author": "@fanboy-industries", "comment": "Very good and wise advice. I wish I had watched this on Friday!", "likes": 1}, {"author": "@zanezaffino6636", "comment": "I\u2019m currently just investing 200$ a week. Dollar cost averaging my VFV shares", "likes": 4}, {"author": "@DallasTaylor", "comment": "I've been watching stocks for about 20 years and just decided to start trading. I got lucky with some pump and dump biotech stocks, VIR to be exact. Made $10k super fast, easiest money I've ever made. So, I was way riskier with it than I would've normally been with money. I got greedy and kept wanting to go big on those penny stocks thinking they could only go up. I was wrong and slid all the way back down to my original deposit. Gonna backup and try to stick to a strategy of dividend paying stocks and only play with 10% of the overall amount. I feel lucky and dumb but mostly lucky \ud83c\udf40", "likes": 9}, {"author": "@michaell7090", "comment": "Great video! Thanks for the tips\ud83d\ude09", "likes": 1}, {"author": "@yayamon769", "comment": "The blind leading the blind\ud83d\udc40\ud83e\udd23\ud83e\udd23\ud83d\ude0d", "likes": 2}, {"author": "@speedrunsandmemes", "comment": "Subsea 7", "likes": 0}, {"author": "@JustinScottInvesting", "comment": "I've stayed 95% invested through all of this but since 3 weeks ago I have held back from buying anymore. I think things are going to get worse before they get better. There is a lot more going here than the coronavirus, although it is the catalyst that is causing all of this right now.", "likes": 7}, {"author": "@kevinkidneyy", "comment": "Not a dip if it\u2019s goes up by 1200 points and goes down 1400 in one day", "likes": 0}, {"author": "@kevinkidneyy", "comment": "Dude a scammer you don\u2019t know shit", "likes": 1}, {"author": "@alecweitl2477", "comment": "you\u2019re cute \ud83e\udd7a", "likes": 0}, {"author": "@Masterhughesproductions", "comment": "do not buy stocks now bad advice , its guaranteed to get worse", "likes": 2}, {"author": "@DougieFinance", "comment": "Great advice brandon!", "likes": 1}, {"author": "@onestepaway3232", "comment": "There is no better long term buy right now than Disney. This company will be trading North of 300+ in 4 years. You will never see these prices again", "likes": 2}, {"author": "@AkeemPierre", "comment": "Bless! Give thanks for the video.", "likes": 1}, {"author": "@shawngale922", "comment": "Thanks, man. I just got into the game this week with a few tech stocks and one bank stock. I will be following you for more tips.", "likes": 1}, {"author": "@DJRFH1", "comment": "I deployed 10% of my capital at the bottom of that 2300 point drop in the DOW. Felt like a good starting point", "likes": 0}, {"author": "@ThinkMoneyBenny", "comment": "Building a position, averaging up or down takes Time .. well said", "likes": 10}, {"author": "@marklawrence8136", "comment": "I am new to DIY investing, so this is my first crash.  With just about everything dipping making the dividend yields very large,  So is it likely that companies will cut their dividends? \nThank you again for the excellent content.", "likes": 0}, {"author": "@taramacdonald5775", "comment": "What\u2019s your thoughts on MMED?", "likes": 0}, {"author": "@scottscriticalmass", "comment": "Great advice Brandon... I agree with everything you said here.  \"Don't rush\" into positions is wise in any market IMO, but especially one where stocks are swinging 10% or more daily in many cases like now.  This is especially true if you're in a situation where your broker offers free trades allowing you to \"spread out your purchases\" over a period of time w/o taking a $ hit on each trade.  I agree that \"don't second guess\" your purchase is important as well.  If you know the company you're investing in well enough, that should rarely if ever happen.  Thank you as always Brandon!\n\nBTW... Here's a tip from me on buying stocks during bear markets if anyone's interested.  I'm not a pro like Brandon tho', so there's my disclaimer.\n\nDon't chase after stocks just because they've fallen the most, thinking they'll rise further on later.  That may happen on occasion, but there's usually a reason for the underperformance. \u00a0You'll soon find your portfolio filled with a bunch of companies you wish you weren't invested in.", "likes": 4}, {"author": "@ilkinsuleymanzad8252", "comment": "Whoever has most toilet papers controls the world.", "likes": 0}, {"author": "@Light00000", "comment": "\ud83e\uddd0\nWhy arent people just going all in to ETFs like SPHD?(im a noob of barely over a week in all this. But ive buried myself in information about stocks and investing daily day and night) This seems to not be anyones video/advice. Anything wrong with my thinking?", "likes": 8}, {"author": "@vachanhegde9296", "comment": "Dreams are in the mind, more creativity on https://stones.tribe.so", "likes": 0}, {"author": "@fieldagent59isintheforest32", "comment": "I got interested in investing when I was 20, that was 40 years ago...... your points about human nature are spot on...... I would add  a couple of ideas,....  don't be afraid to peal some of your leveraged position off if we get a rip your face off, snap back rally for a couple of days.... young guys always fall in love with their stocks like they are their beloved children,... remember that they are just pieces of paper and tools,  those tools will always be there to purchase a couple of weeks from now....lastly,   it is tough to quickly recoup all of your money as the market recovers because most investors have more cash than usual sitting on the sidelines, and are partially paralyzed.... that's going to happen...but, future fortunes are made when these kinds of corrections hit, ....", "likes": 3}, {"author": "@SherlocckHolmez", "comment": "Holding for bankruptcy (or near to it) in the airlines or cruise industry. We've got atleast a couple more months of bad news.", "likes": 0}, {"author": "@Bobby.Kristensen", "comment": "\"(For Beginners)\"... looks like he's 18", "likes": 4}, {"author": "@ajoy286", "comment": "Awesome tips dude. It is hard to be sane when the markets down trending. Everybody panicking need to hear this.", "likes": 0}, {"author": "@crash7098", "comment": "Any thoughts about Freehold Royalties LTD?", "likes": 0}, {"author": "@advenvilla", "comment": "Brandon. What account do I open once I've maxed out my TFSA and RRSP?", "likes": 0}, {"author": "@frederickbouari2625", "comment": "Great video", "likes": 1}, {"author": "@issacdragon3834", "comment": "what you think of JNUG stock, seems really cheap.", "likes": 0}, {"author": "@Mushbhai", "comment": "Very helpful advice", "likes": 1}, {"author": "@inNYCC", "comment": "Everything u say makes so much sense, thank u for the videos", "likes": 1}, {"author": "@tomaspavelek9530", "comment": "Great content as always Brandon. I  just bought BCE, T.TO and TD one day before the first emergency rate cut and we all know what happened after \ud83d\ude02 This was really reassuring to hear!", "likes": 1}, {"author": "@TerryFalk", "comment": "Iam a beginner investor and I do have cash to invest, since I dumped my mutual funds on Feb 22, 2020, but I am nervous about what to buy, in the market to maximize my return.  Thank you for your level headed approach.....and patience in this investing game, this was a refreshing video!!! Terry", "likes": 2}, {"author": "@gobic1319", "comment": "Tell me you aren\u2019t really Beavis.", "likes": 1}, {"author": "@neshajoshi3658", "comment": "thank you !", "likes": 0}, {"author": "@helpinghand123", "comment": "Commenters, what stocks are you looking to buy during this sale? Share the wealth of your knowledge.", "likes": 1}, {"author": "@Coolbird1233", "comment": "Love what you do! Keep it up!", "likes": 1}, {"author": "@moneyg3128", "comment": "I'm a new investor and want to get in on the discounted prices.  Should I start with ETFS in order to diversify my risk.  Then later get in to buying individual stocks?  Which ETFS would you recommend something like the S&P 500 or one of the Vanguard ones?", "likes": 2}, {"author": "@Kevin_Street", "comment": "Thanks for the video, Brandon. It's good advice, but I don't think I'm going to be buying any stocks right now. I'm definitely not selling, but I'm not buying either. I need my cash reserve to buy toilet paper.\n\nSeriously though, an oil price shock during a global pandemic is uncharted territory. Right now we've just entered the \"shit's got real\" phase of this crisis and we're still adjusting. The markets are going up and down like a crazed herd of water buffaloes. I'd wait at least a week or two before buying anything.\n\nEDIT: I mean, you're totally right that any stock is probably going to go down after you buy it. Make smart decisions and don't panic after short term dips is always good advice. But there are entire sectors like airlines that could be effected for a long time by what's happening now. That's why I'd wait a while to get some perspective before making any purchases.", "likes": 2}, {"author": "@antoniovives7037", "comment": "The most deadly thing a person can do in the stock market is purchasing a stock without reading the annual report.", "likes": 2}, {"author": "@vyzetta", "comment": "Love your channel man! I'm canadian and graduate real soon, looking to get going on a portfolio.", "likes": 1}, {"author": "@sagig72", "comment": "Good tips and great video Brandon!", "likes": 0}, {"author": "@PositiveInvesting", "comment": "Pacing out the buys with DCA is \ud83d\udd11 !!", "likes": 4}, {"author": "@ranafarooq8185", "comment": "Branden, what about OVV, Are you keeping them ?", "likes": 2}, {"author": "@yjmzzang9", "comment": "Thanks Brandon, I was about to all-in.", "likes": 1}, {"author": "@dregsta", "comment": "The fed just pumped 1.5 trillions just to \u201csave\u201d the market while there\u2019s no import or export. Temporary gain , long term pain. Proceed with extreme caution.", "likes": 53}, {"author": "@cameronbegin8938", "comment": "Thanks Brandon, this is exactly the kind of content I was hoping for!\n\nI would love to see more content related the ongoing epidemic. I'm particularly seeing what industries will be hit the hardest and which industries will benefit from this.\n\n I have a feeling that food distributors like Loblaws will do very well but and industries related to air travel like Air Canada will take a big hit. What do you think?", "likes": 1}, {"author": "@henjer2150", "comment": "Too late I jumped the gun on Monday. I bought 4 bank companys and 2 oil companys and disney.", "likes": 21}, {"author": "@lefreesensei4654", "comment": "Diversifying makes sense when you don\u2019t really know what you\u2019re doing... you gotta ask yourself... do you believe Apple is going to stop excelling or do you see Apple making it through this rough times... remember \u201cIf you think you know or if you think you don\u2019t, you\u2019re right - Henry Ford\u201d... I see this as an opportunity to buy shares of a company you believe in at a discount. Of course, This is is you\u2019re investing long term...", "likes": 27}, {"author": "@wahajfarooqi3715", "comment": "Great advice like always Brandon! A lot of us newbie investment want to capitalize in a market like this but also know that we are investing smartly while doing so! Thanks!!", "likes": 1}, {"author": "@wasi4413", "comment": "What about energy sector especially Canadian \ud83d\ude0a", "likes": 3}, {"author": "@kirbz4116", "comment": "Also do your research and look at the intrinsic value of companies. Other things could be looking into debt the companies have in the case that this situation extends longer than expected. Good video as always Brandon!", "likes": 0}, {"author": "@AmandaMustapha", "comment": "Brandon you should add therapist to your resume because you're really out here calming the young of us (including me lol)", "likes": 37}, {"author": "@lauralynnscarfo4907", "comment": "Great advise Brandon ! I am a new investor and this is exactly how I was feeling !", "likes": 0}, {"author": "@perkyb1213", "comment": "Thanks Brandon. Appreciate the help.", "likes": 1}, {"author": "@PassiveIncomeTom", "comment": "*Great tips!  I have a feeling the market won't go up any time soon.* \ud83d\ude09", "likes": 3}, {"author": "@turbofanlover", "comment": "The bull FINALLY died, baby!  I'm one of the fortunate ones who was 100% in cash BEFORE the party finally stopped, so I now have plenty of cash to buy stocks at much, much, much more reasonable prices.  Patience is a virtue, my friends.  :)\n\nP.S.  Very good advice in this one, dude.  :)", "likes": 6}, {"author": "@financeswithsam", "comment": "Don\u2019t feel rushed. I think that\u2019s my favorite tip. Everyone says the stock market is basically discounted for us young people, which I could agree to. Doesn\u2019t mean you don\u2019t have to educate yourself on what you\u2019re buying before you buy. Great information!", "likes": 8}, {"author": "@f3wbs", "comment": "I'm averaging. Learned something today, though: probably not the best thing to buy just as soon as the market opens because it gets calmer during the day.", "likes": 1}, {"author": "@sporto1436", "comment": "im thinking about telsa . anyone else?", "likes": 1}, {"author": "@bobbysingh3095", "comment": "Hit the like button. Great info B!", "likes": 1}, {"author": "@hamshaft", "comment": "Thanks for the upload! Just subbed!", "likes": 2}, {"author": "@CaseyBurnsInvesting", "comment": "Time diversification, averaging down, price targets. \n\nI always run friends who are new to making purchases through little mental games. Hypothetical questions that lead them to the fact that they aren\u2019t using these tips.", "likes": 6}, {"author": "@MRZEROTOINFINITY", "comment": "Agreed. Building a portfolio definitely takes time when growing! \ud83d\udcc8\ud83d\ude80 There will always be many ups and downs during the investing journey. Hopefully more ups! \ud83d\udc4d", "likes": 5}, {"author": "@mindfulinvestor", "comment": "Don't second guess your entry price is pretty critical.\nIn the long run the extra 50cent or a dollar in share price are absolute peanuts.\nThanks for the video Brandon", "likes": 16}, {"author": "@AndreyZenperial", "comment": "Awesome tips Brandon! Will definitely utilize most of these when the time comes\ud83d\ude4c\ud83c\udffb", "likes": 5}, {"author": "@user-tk5iq7ep6r", "comment": "I am the first one. my question is that will the carnival cruise bankrupt in the future?", "likes": 2}, {"author": "@beaviswealth", "comment": "What other tips do you have for buying stocks during this crash? Thanks for watching! :D\n\n\ud83d\udcc8\ud83d\udcda As always, if you're a beginner to the Stock Market in Canada and you're looking for a step-by-step blueprint on how to get started... Find out more about our Investing Academy here - https://bit.ly/theinvestingacademy", "likes": 17}, {"author": "@1believeurself1", "comment": "1st!!!!!", "likes": 0}]