[{"author": "@beaviswealth", "comment": "\ud83d\udcc8\ud83d\udcda As always, if you're a beginner to the Stock Market in Canada and you're looking for a step-by-step blueprint on how to get started... Find out more about our Investing Academy here - https://bit.ly/theinvestingacademy\n\nThanks for watching! :)", "likes": 22}, {"author": "@steveboxing", "comment": "Thanks for the awesome info", "likes": 0}, {"author": "@fniazi4u", "comment": "when you say a lot without saying anything at all", "likes": 0}, {"author": "@lifeasweknowit500", "comment": "Can we be able to hold 2.5 million in our TFSA alone and do this strategy? Or this should be done in combination with other accounts such as non registered as well as registered?", "likes": 0}, {"author": "@UpwardMindset-he5mz", "comment": "If hdif yield around 8% can we assume that the swr is laeger then 4%. In other words - do covered call ETF change the game for the 4% rule?", "likes": 0}, {"author": "@hungryhippo8180", "comment": "How to get 2.5 mil?", "likes": 0}, {"author": "@jupitereye4322", "comment": "Wait, but you need to generate more than that in order to keep that base investment growing with inflation, otherwise, it is losing value.", "likes": 0}, {"author": "@007isha4", "comment": "Fam it's the year of the rabbit \ud83d\udc07", "likes": 0}, {"author": "@nasjon2969", "comment": "so a gic at 4.75 a year is a good investment ?", "likes": 0}, {"author": "@DUDE72341", "comment": "Taxes, plus inflation! This topic is way too broad..we really need to factor in a persons age. If time is not on your side at minimum 12 to 17 years...All of this talk is nonsense!", "likes": 0}, {"author": "@MurrMan23", "comment": "To anyone watching this video a year later, Manulife is now paying $1.32 per share. Over 20% more than when this video was posted.", "likes": 0}, {"author": "@renzenker2526", "comment": "7.17\nMFC pays $1.09, not 1.09%", "likes": 0}, {"author": "@DividendFiend", "comment": "Dividends should be taught in school.", "likes": 0}, {"author": "@phlotographer", "comment": "I have records for my ownership of ManuLife stock since 2005. The stock split in 2006. The peak I have for the stock (weekly basis) was at the beginning of Nov. 2007 of $42.98. At the turnaround following the 2008 market crash, the value March of 2009 was $9.65. Since then or during a 13 year period, the stock has risen to last Friday at $26.97. Dividends for many years were very static with small increases in some years but this year did have a first quarter increase over the past few years. Still waiting for the value to go up to its peak of 2007. I keep the stock simply to see what getting the stock for no cost because my insurance policy was there when the company changed from a mutual company to a stock company much like most insurance companies in Canada did. The income generated basically now covers the cost of the premium on an annual premium basis.\nBTW- if you have $2.5 million, likely a better purchase instead of stocks would be a house or maybe two in Vancouver or Toronto areas and rent them out and live on the income and be happy with the increase of value. Most folks don't have the 2.5 million. \nStill can't beat the old tried and true method of increasing your nest egg of either saving more or spending less. Get rid of debt early in life and then let the power of compound interest help the journey. Learn the rule of 72. Retire early and enjoy life because life will get more difficult the longer you live and you won't be able to do what you could when younger. Time is something no one gets back for savings nor for living.", "likes": 1}, {"author": "@robinwild1", "comment": "Hi, we are newbies here. What is the term we are looking for on the stock charts that tells us that yield on cost you were talking about? The \u201cexample\u201d 10 percent Manulife dividends went up each year?", "likes": 0}, {"author": "@kman0074", "comment": "What if you don\u2019t want to die rich and draw down your principal to zero when your 90.  For those who don\u2019t have 2.5m but still want $100k a year.", "likes": 0}, {"author": "@munishkumarjoshi2200", "comment": "hey, i am in toronto, thanks for sharing.  so good to have dividend stocks.  and to make more money as passive we need more money in to make it correct. :)  more shares", "likes": 0}, {"author": "@ryanvanderheyden3324", "comment": "Do a video on how u would invest 5 million dollars cnd \nIn the cnd mrkt only\nUsing etfs stocks high paying divends stocks \nWant a min of 15g per month every month to live off. Thanks", "likes": 0}, {"author": "@harrydost8557", "comment": "To maintain the purchasing power of your income stream you would definitely need a level of regular dividend increases to combat the natural erosion of your income due to inflation over the years. The ultimate calculation of how much money you will need from passive income will be determined by all available income sources ( government pensions, private pensions, RRSP\u2019s, TFSA\u2019s, other savings and investments ) vrs. what your lifestyle costs are. It\u2019s pretty simple as long as you can balance your income and expenditures. One last piece of advice after many decades is always spend a little less than you can afford and you will always have enough.", "likes": 0}, {"author": "@Mik-rs3xv", "comment": "Do you consider Inflation in your calculations?", "likes": 0}, {"author": "@MrRamonek", "comment": "Don\u2019t buy a house\u2026 by land\u2026 then build a house you want\u2026 get a good company to build and that price will be a lot more affordable then just buying a home PLUS\u2026it\u2019s a investment. Once house is done you know own something worth more then you started \ud83d\ude09\ud83c\udde8\ud83c\udde6", "likes": 1}, {"author": "@MegsCarpentry-lovedogs", "comment": "Really good Brandon. ADAM from Parallel Wealth suggested looking at your channel to cover what ADAM doesn't cover. You both make a comprehensive resource to help all of us here in Canada! Awesome! I am sharing your channel with a few close friends to help bring some perspective and clarity. \ud83d\udc4d\ud83c\udde8\ud83c\udde6\ud83c\udf41\ud83d\udcaf", "likes": 1}, {"author": "@brentshardlow5039", "comment": "Thanks a lot for this time you take to teach awesome videos I have learned so much", "likes": 0}, {"author": "@joshpenney628", "comment": "Brandon you really need to discuss CPP, OAS, etc in addition to other investments. If you do this you definitely don't need 2.5 million raw investment dollars to have 100k per year...really you probably only need 1 million if your money is invested in a standard global growth portfolio.", "likes": 1}, {"author": "@ewenchan1239", "comment": "I think that more interesting video/question is going to be how to do get to $2.5M if you are only making $30k/year and living in Toronto and/or Vancouver, etc.", "likes": 9}, {"author": "@chrisboy7055", "comment": "What are talking about who on this comments section has 2.5mln in bank to put in stocks are you mad", "likes": 0}, {"author": "@doxull", "comment": "Brandon h9w many different type of stocks should you have in your portfolio?", "likes": 0}, {"author": "@neolithic3", "comment": "Does this mean that if you retire and each year you take out 4% out of your portfolio, that you will still have the entire principal amount when you die?", "likes": 0}, {"author": "@ninehundred418", "comment": "What strategies r best for someone 5 Yrs from retirement and just starting?", "likes": 0}, {"author": "@jt8280", "comment": "Hey. Brandon great video. Question if the ceo of a dividend blue chip company say enbridge has  accumulated a enormous amount shares for his personal account, is he taking on excessive risk ? As you know enb has been a dividend aristocrat for decades and is an oligopoly pipeline.", "likes": 1}, {"author": "@superdave292", "comment": "If I had $2.5 million, I wouldn't be sitting here getting lesson from you on investing.", "likes": 1}, {"author": "@joeyhoser", "comment": "I don't really get this. If I wanted to live off dividends, I would put my holdings in high-income ETF's that give out 8-12% dividend yields like TXF or FLI, and I'd withdraw 7-10% of that annually.\n\nIs this not way better? I must be missing something. Why only 4%?", "likes": 0}, {"author": "@quietmellowhead6782", "comment": "how exactly do we acquire the revenue from the dividends, do we sell 4% of our shares/stocks to gain those funds?", "likes": 1}, {"author": "@brandonarcher6118", "comment": "I'm a newer Canadian investor (ON), been recently watching your channel, and really like your approach. I recently came into my mothers life insurance, and soon we'll be forced to sell the house which should yield $300k for myself. I've invested my smaller life insurance into one particular company I follow with due-diligence, but I'm thinking about what to do with $100k of the house money... right now I'm torn between waiting to get into a mutual fund (kind hoping to see a big pull back for entry) or to diversify it into dividend paying companies with a DRIP program. Any thoughts, no worries to not being an advisor - I'll use the grain of salt approach :)", "likes": 1}, {"author": "@thetimelords911", "comment": "So being \"passive income\" in some investment account on say, Wealthsimple's TFSA. What would happen if I were to withdraw that passive money to my bank? Would the bank know that the money is tax free and I would not be penalized for having a sudden influx of money coming from seemingly no where? Can you even use a TFSA for this?", "likes": 0}, {"author": "@tenzintsundue6474", "comment": "Thats an awesome end goal for investment \ud83e\udd29", "likes": 0}, {"author": "@millereats5836", "comment": "\ud83d\udc4d\ud83c\udffe\ud83d\udc4d\ud83c\udffe\ud83d\udc4d\ud83c\udffe", "likes": 0}, {"author": "@willkeating461", "comment": "Starts speaking Mandarin like it\u2019s no ones business", "likes": 0}, {"author": "@mre_man", "comment": "Hello good summary but glad you mentioned diversifying the portfolio at the end. I don\u02bbt imagine anybody buying 2.5M in one dividend stock haha. For me I own some individual dividend stock such as RioCan and TD. I also own ZWC dividend ETF and I also VUN. Let just see VUN is killing it +109K Gain compared to my dividend crap.  After seeing how much of a stinker riocan is... i\u02bbve been holding it since 8 years I feel like just holding a dividend ETF would just make my life easier like ZWC.", "likes": 0}, {"author": "@mgmgeternals6762", "comment": "indeed, yan su ji fan aint bad, aint bad at all", "likes": 0}, {"author": "@setorious", "comment": "Reinvestment of dividend stocks that increase the dividend rate over time can produce such crazy results. I remember how hard it was when i was 18 to try and explain to my friends that I can't spend any more at a bar cause I think it makes more sense to save for shares of a mutual fund.", "likes": 18}, {"author": "@frankd5855", "comment": "Hey Brandon, fairly new to the channel but what are your thoughts on the future growth of Enbridge?", "likes": 1}, {"author": "@moviesins9226", "comment": "I love your videos, it's like when I start with one, can't stop and re-watch some older videos. Amazing!", "likes": 1}, {"author": "@Tasha1lau", "comment": "Fellow Vancouverite here, wish I found you earlier! Great videos :)", "likes": 0}, {"author": "@mode1charlie170", "comment": "Jeez...If I had $2500000 in my sock drawer it would still last 25 years at 100k per year. How realistic is that 4% rule?", "likes": 1}, {"author": "@moneymaverickstv", "comment": "Great video. Thank you.", "likes": 0}, {"author": "@AdilSardarM", "comment": "Hey Brandon, thanks for the great video, super interesting way to look at dividends, and I have never thought about them growing in amount, always thought they were fixed. Super helpeful. Keep up the great work", "likes": 1}, {"author": "@hooperenergy8208", "comment": "Buy a house on the east coast!", "likes": 1}, {"author": "@hooperenergy8208", "comment": "Buy a house on the east coast!", "likes": 1}, {"author": "@AlabasterJazz", "comment": "Another strategy: take 2mil and buy a few houses (5 at 400k each), rent them out (say 2k per month). 2k x 5 = 10k/m, x 12m = 120k per year. It's easy to see how wealth can really snowball once you have enough to start with", "likes": 2}, {"author": "@cappuccino2901", "comment": "Ok, but let's say I have 2.5M$ ready to be invested, can I trust giving this much money to Wealthsimple? Can I lose all my money? I am 18, I wanna start investing, but is it a good idea to keep large amounts of money for the next 40 years in apps like wealthsimple? \n\n\n\n\n\n\nbtw i don't have 2.5m i am broke af ahhahaha, i barely have 10k\n\nI love your videos!!", "likes": 0}, {"author": "@lucianhargesheimer7043", "comment": "Hey Brandon,\nThank You for your videos and content. I did buy a few stocks you suggested a bit over a year ago (CAT and ATVI). Both did really well! \n\nI am wondering if you have a suggestion for a YouTube channel within Australia as I am living over here and would like something closer to home. Not saying I would stop following you but it be good to have something aus related.", "likes": 0}, {"author": "@bronphieldhm2417", "comment": "Love the video bro, you really push me to invest more and better. God bless", "likes": 0}, {"author": "@proteus404", "comment": "What is your opinion on Indiva stock ?", "likes": 0}, {"author": "@DSI1975", "comment": "Hi, can I get your thoughts on crypto ETF (bitcoin and Etherium), via wealthsimple... would your recommend buying and hodl? Thanks for your great contents.", "likes": 0}, {"author": "@David_C_83", "comment": "Thanks a lot for the video! Great way to explain it and even if a passive income might be a distant dream at the moment, it's neat to understand how it works.", "likes": 0}, {"author": "@jojomargaux9295", "comment": "Brandon have you ever tried Fort Trade Canada \ud83c\udde8\ud83c\udde6, what do you think of them. Would you recommend Fort trade over quest trade.", "likes": 0}, {"author": "@cusiprut", "comment": "Hey Brandon, can you make a video about Dogecoin?", "likes": 0}, {"author": "@thethriftescape6624", "comment": "hmm, trying to use your wealthsimple trade link, but it's not working? when I click Get started, will point me to login, but it's always invalid user or connection problem", "likes": 0}, {"author": "@chickenwing3444", "comment": "If you were new to investing but wanted to start a Canadian dividend stock portfolio, would you recommend a non registered account or the tfsa?", "likes": 0}, {"author": "@abboadodi8141", "comment": "thank you for the content", "likes": 2}, {"author": "@jaxwylde2139", "comment": "Good info.  Keep in mind that the 4% rule is mentioned because of the impact of inflation.   \nIn other words,  4% withdrawal + 2% inflation could be considered as equivalent of withdrawing 6% from portfolio.   But, of course, it all depends on how portfolio is structured, and if (as you mentioned) if companies that pay dividends continue to raise their payouts each year (like Manulife, CNR, CU, BCE, ENB, etc.). \nI personally plan on withdrawing 5% (when I reach 2M) in next year or two.", "likes": 1}, {"author": "@justinchong1136", "comment": "smart like reminder.", "likes": 1}, {"author": "@Kevin_Street", "comment": "Ah yeah, living on Easy street... I did this calculation last year, although for the much smaller goal of $50 000 a year, which seemed like utopia to me at the time. Some day.\n\nOne thing this video shows is that the game changes after you accumulate a million dollars or more in spending money (not assets like real estate). Suddenly it gets much easier to make more and more income without taking any big risks.", "likes": 7}, {"author": "@chasero9", "comment": "Great content, straight forward and Canadian too. Glad to come across your channel today!! Recently got into stocks and your videos truly are a big help", "likes": 3}, {"author": "@bobmcrae1178", "comment": "So i stocks of my company taken off my paycheck for years now. How do i transfer them over to my tfsa? I have opened one up but haven't pit anything in it yet?\n\nThanks Bob", "likes": 0}, {"author": "@swordcitrus4750", "comment": "If you want make $100,000 x (amount of year before retirement).\n100,000 \u00d7 25 = 2,500,000", "likes": 2}, {"author": "@financesmatter", "comment": "If the goal is merely dividends then why not just buy into a mutual fund? Returns are way more consistent most more that 5% and a seg fund would offer guarantees", "likes": 2}, {"author": "@daidaifan5848", "comment": "thank you \u606d\u559c\u53d1\u8d22 \uff01gong xi fa cai", "likes": 1}, {"author": "@rainaz4488", "comment": "Hi, Brandon. I have watched a few of your videos and found them very informative. Instead of using the dividend investing, what do you think of using corporate class mutual funds as your passive income source? Assume we wanted 100k/year in passive income and we chose the T8 of the corporate class, we only need to accumulate $1,250,000 comparing to $2,500,000. Thank you.", "likes": 2}, {"author": "@SmallDeskLife", "comment": "\u606d\u559c\u5ee2\u67f4", "likes": 0}, {"author": "@funnytito", "comment": "Brandon, you look like half Filipino!", "likes": 1}, {"author": "@Mixolydian74", "comment": "What are your thoughts on crypto? Been considering getting some exposure to it and would be interested on hearing your thoughts on the space as a whole, as well as Gemini and BlockFi in some context. The risk is obviously significantly high and its still relatively new, but with its continued acceptance by large companies and financial firms, and the recent announcement of the purpose bitcoin ETF, I think it presents a great area for discussion! Thanks for the content man.", "likes": 0}, {"author": "@scottackert8895", "comment": "Looking for help here. Can you trade mutual funds on Questrade? I got no ticker symbol for it??", "likes": 1}, {"author": "@keithsedar2229", "comment": "Thanks BB. How about a segment on the AI sector!", "likes": 0}, {"author": "@foeveryoung8497", "comment": "Last year\u2019s us stock market drove people crazy for 3x,5x stocks. I am glad that Brandon still focus on the value market, which is good for long term investors like me.", "likes": 0}, {"author": "@carlosbarbosa5821", "comment": "What if you put it in a TFSA and pulled out the dividends. How does the government tax you on that?", "likes": 1}, {"author": "@galenleung9556", "comment": "very good", "likes": 1}, {"author": "@sashachip", "comment": "All the young kids talk about retiring on a $100K yearly income like it's easy-peasy. Truth is- you will be lucky to have a $50K/yr income in retirement unless you make very bullish investments over the course of your work career or you have a job that pays at least $150k/yr for most of your career and you don't spend it all on frivolous things like BMWs and Omega watches.", "likes": 3}, {"author": "@joannebeaulieu3280", "comment": "Great video. Can you do a video on taking a lump sum yearly towards your mortgage principle vs taking those dollars and investing in stocks", "likes": 3}, {"author": "@ac5737", "comment": "Brandon what lens are you using? your videos are looking extra crispy. Cheers.", "likes": 1}, {"author": "@fcf777", "comment": "This is assuming a lot which is far from realistic. No company can increase dividends by 10% per year never mind sometimes that companies can just as easily reduce them. Also, this does not take into account black Swan events like Covid-19 pandemic and the 2008 Great Recession.", "likes": 1}, {"author": "@ps2529", "comment": "Anybody got any stock recommendations for dividend stocks? \nAnd long term and short term holds?", "likes": 2}, {"author": "@NikZechel", "comment": "Not everyone's tryna buy a home in Vancouver so lucky for them their odds for acquiring a home are up! Most of Canada's market is reasonable.", "likes": 0}, {"author": "@Mikey-vt3to", "comment": "What a great video Brandon! I think you explained it really well. Awesome job! Ever thought of moving to Prince George? House prices are much much more affordable.  They are on the rise but no where near Vancouver BC prices... Just a thought and suggestion!  I love your videos! Keep up the great work with them.", "likes": 2}, {"author": "@Aasmin", "comment": "$MFC is future. I dropped $POW and $SLF to invest out on all $MFC..", "likes": 2}, {"author": "@javinho9459", "comment": "What website do you use to see the dividend summary(div yield, div growth rate)?", "likes": 0}, {"author": "@nevillejames2200", "comment": "Great video again Brandon. Goals to attain to.", "likes": 2}, {"author": "@adamfilip", "comment": "and then give 50% as income tax", "likes": 2}, {"author": "@jasonstupak4535", "comment": "Watched and liked, thanks Brandon!", "likes": 0}, {"author": "@riceli486", "comment": "good", "likes": 0}, {"author": "@jlee7930", "comment": "Hey Brandon,  great video. I'm actually a big fan of the so called 'boring' stocks. Do you know which Canadian ETFs focus on dividend growth stocks? Not sure if you did a video on this already. Thanks, from Burnaby. Enjoy the snow today", "likes": 0}, {"author": "@chrisevans7416", "comment": "Thou I agree with you totally on dividend income 100,000 k  is dumb and the person asking the question should be corrected first anything over 75,000 k OAS is gone , your also not adding CCP income and company pensions", "likes": 0}, {"author": "@nickoli1010", "comment": "Hey Brandon I just started doing stock how is good to start off with an what if u don't have alot of money how much is good to start with?\n\nIs 100 dollars good to start?", "likes": 2}, {"author": "@raylongLong", "comment": "Super informative man! Thank you!! I didn\u2019t know how or what to calculate at.. and it\u2019s great to have a better idea of what I need to get to.", "likes": 7}, {"author": "@sadathmalik", "comment": "Enbridge has over 7% dividend and is a solid Canadian stock", "likes": 1}, {"author": "@sadathmalik", "comment": "Wont the government take some tax from the 100k in dividend income ?", "likes": 0}, {"author": "@bennylimka3546", "comment": "What apps would you recommend for those looking for purchase dogecoin in canada ?", "likes": 0}, {"author": "@kayvonmotamed", "comment": "Hi @Brandon, I own both of CU and CPX but need to get rid of one, they both are very similar in scope, yield and such; but I was hoping you would suggest which one you would keep (for long-term growth & dividend) if you had to choose! Thanks, keep these awesome videos coming. Hope to hear back from you soon, bye for now!", "likes": 0}, {"author": "@RouRoro", "comment": "\u65b0\u5e74\u5feb\u4e86! \u606d\u559c\u5ee2\u67f4!!", "likes": 1}, {"author": "@johntuan", "comment": "Holy imagine this with drip \ud83d\ude31", "likes": 0}, {"author": "@kurts3779", "comment": "I made over 100k in the past year with just 75k trading.", "likes": 0}, {"author": "@1gitrman", "comment": "Hi Brandon, a quick question - With regards to the 4% rule, if I wanted an annual income of 40000, I would need a million dollars per your example. But, if I have invested  in aristocratic or king dividend paying stock companies where I am already getting dividend pay outs like say 15 to 20000, perhaps that 4 % rule would not apply,  in which case I may not need to invest a million. What would your formula be?", "likes": 0}, {"author": "@nickbrah", "comment": "Well time to play the lottery then", "likes": 0}, {"author": "@nrod9", "comment": "Move to Winnipeg. Buy a nice 1500 sq ft, 3 bedroom house for 400,000", "likes": 1}, {"author": "@kaushikt7868", "comment": "Can you tell me why Inpixon stocks dropped soooo hard???", "likes": 0}, {"author": "@vikrantsingh4847", "comment": "Can you talk about HR.UN. And canabis canada", "likes": 0}, {"author": "@somenormie", "comment": "Didn't see this in subscriptions at all, saw it on my home section. Just letting you know! Re-subbing now.", "likes": 1}, {"author": "@charles-enriquecatellier8495", "comment": "Hi Brandon! Could you talk about Suncor and Enbridge in the next video? Love your vids!", "likes": 4}, {"author": "@guidodelgiudice5", "comment": "What is the best tfsa strategy? \"Cash and carry\" or long term investment? Cause if you get some extra free cash off tax you can reinvest it in an individual account for value, or not? Do you get my question?", "likes": 0}, {"author": "@tibtsering12", "comment": "Hi Brandon, just thought I should let you know - its not just Chinese New Year, its actually Lunar New Year since its celebrated by many Asians ethnicities not just Chinese. Hopefully next year you will remember.", "likes": 1}, {"author": "@daveh7235", "comment": "Dividend increase + DRIP over 20 years, INSANITY!", "likes": 0}, {"author": "@tonylattuca7678", "comment": "Hi Brandon u guys offer weekly or monthly new letters or advice for long term investors?", "likes": 0}, {"author": "@xupan2621", "comment": "And, you forget about the taxation on your capital gain, so the money required for 100k passive income will be much higher than that.", "likes": 0}, {"author": "@dynastystar5515", "comment": "Why the heck would somebody need to live off 100k per year? I could probably live off 1200 per month(give or take, I don\u2019t pay for utilities or anything but My current spending is something like 800 per month)", "likes": 1}, {"author": "@luidymorais", "comment": "Hey Brandon, thanks for your videos! They are really great! I started my portfolio last month, I added Enbridge last month and this week Manulife. I\u2019m tracking the next dividends dates to diversify my portfolio. As soon as I have enough portfolio diversification I will start making the average price.", "likes": 8}, {"author": "@0043fasteddy", "comment": "Started building my dividend portfolio today. Looking for stable companies with dividends between 4% to 5.5%\nBought Telus, Riocan and TD today. \nLooking at Embridge, not sure.", "likes": 5}, {"author": "@chowdavarapusandeep6296", "comment": "Should we invest in individual dividend stocks or dividend etf's", "likes": 0}, {"author": "@rickmcintosh5787", "comment": "Great job Brandon, early this week I picked up a stock APHA $16.00, what are your thought of this one and I picked up QS at $44.00plus, two months ago it was at $150.00 plus.  Your thoughts.", "likes": 0}, {"author": "@Azel247", "comment": "Hey Brandon, should I let trading commission affect my stock picks? TD is offering no commission fees when trading TD ETFs, so should I switch all of my non-TD ETFs into TD ETFs?", "likes": 0}, {"author": "@playerman113", "comment": "When researching stocks for my dividend portfolio I found a lot of people recommending the 4 to 5% dividend stocks. Why don't more people talk about the 11% EIT.UN fund or the 7 to 8% BMO ETF's?", "likes": 0}, {"author": "@kayta5946", "comment": "I was starting to get discouraged with our boring ass highqualitydividendpayingundervalued stocks! But we should be pumping more money into them. Thanks so  much for the great videos!", "likes": 6}, {"author": "@angieshi5167", "comment": "haha your mandarin is so cute LOL Happy Chinese New Year~~~ And \u606d\u559c\u53d1\u8d22 means hope you get rich instead of happy Chinese new year. :-)", "likes": 0}, {"author": "@nirmalsinghbuttar7095", "comment": "Hey Brandon, what is your view on options trading in canada.  Which platform is the best choice for this?", "likes": 1}, {"author": "@Pantomath.", "comment": "Brandon there is someone pretending to be you in here.... Crazy. \ud83d\ude33\ud83d\ude33I report him but I don't know if it helps. \ud83e\udd2c", "likes": 0}, {"author": "@momo35444", "comment": "hey brandon, thanks for the video!! great content", "likes": 0}, {"author": "@cinderchey", "comment": "What dividends would you recommend for a newbie Canadian investor?", "likes": 1}, {"author": "@17nightclubs", "comment": "Can you make a video on split corps like dfn!?", "likes": 2}, {"author": "@mre.r.1647", "comment": "Man, Im lock and loaded when stock market drop again.  It\u2019s just crazyyy how the market is overvalued. Covid still unstoppable FOMO is just in everybody.", "likes": 1}, {"author": "@philosoraptorsalgoodman3072", "comment": "Gong Hey Fat Choi! Happy Lunar New Year!", "likes": 0}, {"author": "@xXkainhighwindXx", "comment": "Hey Brandon I had a question,\nIf you make money of a growth stock in an RRSP, does that count towards yout yearly contribution", "likes": 0}, {"author": "@stevemaccollum4688", "comment": "Things I didn\u2019t know I didn\u2019t know !", "likes": 0}, {"author": "@VonFerriss", "comment": "Nice Hoody!", "likes": 0}, {"author": "@user-xj9kr2pg8m", "comment": "Great contents man \ud83d\udd25", "likes": 0}, {"author": "@mariacristinatarcu6491", "comment": "I found really helpful how to think and calculate an income from dividents...", "likes": 0}, {"author": "@tadbbq", "comment": "why do pick telus rather than bell ?", "likes": 0}, {"author": "@rogueleader5", "comment": "Great video, I do these calculations all the time. Also if you don't increase your cost of living (still only require 100k), you can build up another stock position with all the surplus.", "likes": 5}, {"author": "@anthonygreen1134", "comment": "Man answers my questions before i even ask them", "likes": 27}, {"author": "@rockyrejex1247", "comment": "How can anyone ever dislike your videos; it makes no sense to me! \n\nI look forward to your videos every week. I learn so much from you.", "likes": 1}, {"author": "@ab.4425", "comment": "Great video bud!! Thanks for the info!!", "likes": 0}, {"author": "@j.p.6228", "comment": "Yessss this is an awesome video man!", "likes": 0}, {"author": "@nicolascharlery8323", "comment": "Hey Brandon, how/why did you choose a dividend strategy over a total return one?", "likes": 0}, {"author": "@daddimaterial7171", "comment": "if i buy my 100k shares within a tfsa. do i have 120k a year tax free\ud83d\ude33", "likes": 5}, {"author": "@PuReGaMeRz268", "comment": "<3", "likes": 2}, {"author": "@Jonnysh", "comment": "Spent my lunch break reporting fake Brandon comments. Must be a weird badge of honor to be big enough to be impersonated.", "likes": 46}, {"author": "@paulgidge7826", "comment": "Also every video u put out I sent to my daughter\u2019s , hoping some day they will want to learn.  Getter done byes", "likes": 1}, {"author": "@paulgidge7826", "comment": "Love the break down nice and simple for a old white guy like me. awesome job bys.  Getter don.  Happy new year.", "likes": 4}, {"author": "@PabloDiabloable", "comment": "I noticed lots of companies with 5 or 10 year track records of huge dividends, where a drastic downturn has occurred (of course because of covid) going from something $1.12 per share for example, down to something like $0.12. Could it be years and years before it goes back up to 4 or 5 percent?", "likes": 0}, {"author": "@FinancialFutureGuideAlexCourt", "comment": "Fully sustainable passive income is life goals", "likes": 5}, {"author": "@dallashellmich1487", "comment": "Great video! Also move to the east coast haha. Colder, but you\u2019ll save so much money!", "likes": 1}, {"author": "@kylesluchinski9528", "comment": "Another great video Brandon :)  I think it's also important to mention the Dividend Reinvestment plans (DRIP) and how taking those dividends and reinvesting them automatically into the company can help grow that number of stocks even faster. It's amazing to see companies increasing their dividend each year, and in your example you were assuming the amount of stocks you owned stayed at 100,000 year to year, but 100,000 sticks x 0.27 (per quarter) = 27,250 stocks per quarter. Then the next quarter it would be 127,250 x 0.27, and so on.... \n\nObviously these are crazy numbers to work with, like you said I hope no one puts 2.5 mill into one company, but still, the power of compound interest and having a DRIP can be huge. \n\nLet me know what you think, I know in previous videos you mentioned you don't use a DRIP for most of your investments. But as a dividend investment, a DRIP can really help compound the amount of stocks over time.", "likes": 0}, {"author": "@cdr_902", "comment": "lol ppcIan hoodie.... nice.", "likes": 0}, {"author": "@MrYasso69", "comment": "\ud83c\udf39\ud83c\udf39", "likes": 0}, {"author": "@djayjp", "comment": "I think you can go way higher than 4% by selling covered calls.", "likes": 1}, {"author": "@ryanreid8608", "comment": "Am I better off investing in crypto on WS or just buying stocks or a crypto ETF in my tfsa ?  Thanks for the help", "likes": 0}, {"author": "@NateBest", "comment": "It's amazing how many people down play dividends. For me and for my clients, I always look at dividends as a huge opportunity to grow their portfolios.", "likes": 2}, {"author": "@Kogan1505", "comment": "Hello I heard that you don\u2019t get dividend payout from weathsimple !? Is this true ?", "likes": 0}, {"author": "@nuanying_constancezhong1005", "comment": "Happy Chinese New Year~!!!", "likes": 1}, {"author": "@liyaowen3783", "comment": "Thank you Brandon!", "likes": 0}, {"author": "@skyrelaxation", "comment": "brandon, heres a video idea,  make a video comparing the different crypto platforms available in canada", "likes": 1}, {"author": "@Radhep123", "comment": "Maybe you can talk about the diversification of dividend stocks. Good dividend yielders are often concentrated in a few areas when it comes to Canadian stocks (Finance, energy, etc).\n\nWhile growth stocks are much more diversified.", "likes": 10}, {"author": "@MrBlair-ft2li", "comment": "In retirement even $10,000 a year in dividend passive income will yield $833.00 a month ($10,000 divided by 12 months) for a portfolio of only $250,000 which added to your savings, CPP, OAS and other assets like a paid off house would be valuable. Thank you Brandon for all the great content you continue to create. Cheers from Edmonton Alberta", "likes": 3}, {"author": "@Okanaganguy2021", "comment": "Great Video! Warren buffet said if you just invested in the index which he did in 1942 with $10,000 today it would be worth 52 million now that is compounded growth!", "likes": 0}, {"author": "@dawnang8822", "comment": "2nd generation Canadian Chinese here. Happy New Year to you too, gong xi fa cai! Your videos are always so helpful. I'm definitely aiming for 100k yearly dividends *_*", "likes": 0}, {"author": "@carlosrestrepo915", "comment": "Hi ! Do you know any good app to buy dogecoin in Canada?", "likes": 0}, {"author": "@denisplouffe514", "comment": "Great information: I will use your examples\nwhen explaining dividends to my \nbrother who thinks he\u2019s savy in things\nfinancial.", "likes": 6}, {"author": "@thepeakoflife", "comment": "What\u2019s better a dividend paying out monthly or yearly?", "likes": 1}, {"author": "@anne-mariel3256", "comment": "Thx \ud83d\ude4f\ud83c\udffb", "likes": 0}, {"author": "@minahwd", "comment": "Happy Lunar Year and glad to tune into another great video! \u2615\ufe0f", "likes": 0}, {"author": "@AndisJing", "comment": "I always like your videos before watching \ud83e\udd2d\u2764", "likes": 3}, {"author": "@yuanzhong5172", "comment": "Would putting a % of my income into an ETF tracking S&P 500 a good way to invest my money if I wanted a handsfree investment vehicle?", "likes": 3}, {"author": "@makesime3330", "comment": "its not how much I nedd.. but how much time I will need to go there !", "likes": 0}, {"author": "@shahrozkhan6294", "comment": "Thoughts on zwc? Its a dividend etf and has a 7% dividend yield", "likes": 1}, {"author": "@lucky247365", "comment": "For anyone that is stressing about 2.5 million, don't forget that your portfolio may not be your only source of income.  You will get CPP, OAS will likely be clawed back significantly if your income is 100k, and you may get additional income from your company pension plan.  So you must take all of these considerations into play when determining how to plan your retirement income.", "likes": 3}, {"author": "@andyroo_", "comment": "This is exactly what I needed!", "likes": 16}, {"author": "@canadiandividendgrowthinve3213", "comment": "fire content again", "likes": 1}, {"author": "@Wavyyyaf", "comment": "Great video idea, I\u2019m excited to watch \ud83d\udc4f\ud83d\udd25", "likes": 0}, {"author": "@user-ft6oj5kk8v", "comment": "It\u2019s NOT Chinese New Year. \nIt\u2019s Lunar New Year.", "likes": 1}, {"author": "@johnnardone8779", "comment": "Amazing video Brandon! You\u2019re an absolute beauty \ud83e\udd0c\ud83c\udffb", "likes": 7}, {"author": "@casuallyinvesting-stockmar450", "comment": "Personally if you have 100K CAD, I would convert 50% of that to USD (i.e use Journal on Questrade), invest in high growth US companies. 30% invest in VDY. Rest 20% keep it in HISA account and have your bullets ready for the dips.", "likes": 2}, {"author": "@summercherry123", "comment": "Happy Lunar New Year Brandon!", "likes": 17}, {"author": "@tomahawk581", "comment": "100k per year? holy grenade X)  Millions? ;)", "likes": 1}, {"author": "@thomaswhittaker6608", "comment": "Brandon move to Peterborough! I'll sell you my 4 bedroom plus separate 2 bedroom basment apt. 550k", "likes": 5}, {"author": "@Riceball_lol", "comment": "Earlyy", "likes": 0}, {"author": "@InvestingSolutions23", "comment": "Living off dividends is the ultimate goal! Unlike selling shares you get you protect your initial investment and still see it grow!", "likes": 13}, {"author": "@piyushjinjala1778", "comment": "Which is best brokerage in Canada ?", "likes": 1}, {"author": "@amc7615", "comment": "FIRST!!!\n\n\n\n\n\n\nnvm fourth", "likes": 0}, {"author": "@dontworryaboutit273", "comment": "First", "likes": 0}, {"author": "@weirdapebeard4975", "comment": "First", "likes": 1}, {"author": "@beaviswealth", "comment": "\ud83d\udcc8\ud83d\udcda As always, if you're a beginner to the Stock Market in Canada and you're looking for a step-by-step blueprint on how to get started... Find out more about our Investing Academy here - https://bit.ly/theinvestingacademy\n\nThanks for watching! :)", "likes": 22}]