[{"author": "@beaviswealth", "comment": "\ud83c\udf85\ud83c\udffbHo Ho Ho!!! Merry Christmas to ALL!!! *Your early Christmas present is 3 wonderful stocks to buy in January!* \ud83c\udf85\ud83c\udffb\n\nBe sure to join our membership group while it's 50% OFF!!! -  http://bit.ly/BrandonsBuys \n\nThanks for watching this week's video! :D", "likes": 4}, {"author": "@RadyoMusic", "comment": "I like office better \ud83d\ude42", "likes": 0}, {"author": "@ulysseperez4606", "comment": "Hi Brandon, thank for your reply! What about retailers like HITI.CN high tides?", "likes": 0}, {"author": "@Mattoilers97", "comment": "I\u2019m purchasing Disney and Nike to start my portfolio", "likes": 0}, {"author": "@m4kaveli4eva", "comment": "Do you notice that since your video Birkshie up $26,000 already?!!!!,dudeeeee i wish i had enough money to follow your rules..", "likes": 0}, {"author": "@m4kaveli4eva", "comment": "can you please make video about penny stock or stocks that are good for daily trade,not long investment? Thank you", "likes": 0}, {"author": "@elephantmoney", "comment": "Very nice looking video Brandon.  Thumbs up!", "likes": 0}, {"author": "@scottscriticalmass", "comment": "Brandon - In my opinion, it's about the content and not the location for your videos...  Do them where it makes sense to you.  I like your picks... Always hard to argue owning world class companies like Berkshire and Nike.  Neither has hit my willing to buy price just yet (>$180 and <$60 respectively), but I think there's a good chance both will in this environment.  While I'm not buying just yet, I won't argue for those starting to average in now, assuming of course they're planning to hold for the loooong term like you.  I also like the fact you added a speculative stock to the list and have added it to one of my watch lists.  Thanks as always for the video.", "likes": 3}, {"author": "@Maxerickestrada", "comment": "Awesome video brother ! Thank you for the info keep doing your thing !", "likes": 0}, {"author": "@veganvixen8690", "comment": "My man!!!!!!   Thanks for covering NBEV.  That is right up my alley.  Did some research and made the decision to invest.  Just wanted to say thanks.", "likes": 0}, {"author": "@millennialinvesting8118", "comment": "New Age Beverages is a company that I looked heavily into but ended up preferring the company National Beverage Corp. Will defiantly have to look back at NBEV", "likes": 0}, {"author": "@AussieMoneyMan", "comment": "Happy I stumbled across your channel! Good stuff.", "likes": 1}, {"author": "@inquirer1016", "comment": "Berkshire pick is reasonable but it's still expensive for most small investors.  I would avoid Nike just on moral issue in that this company exploit cheap labor to include child labor in Asia and that they picked Kaepernick as a role model which is a total joke.  Why not buy AT&T at this beaten down price for the dividend or even Verizon?", "likes": 0}, {"author": "@RealLifeMoney", "comment": "Merry Christmas dude! Like the picks, always love Berkshire. Will hold for long term. Market is definitely going thru rough times, can most definitely go lower. Will have to see!", "likes": 0}, {"author": "@darrylstrawberry9830", "comment": "You gotta be shittin us. Stocks to buy? Lol how about none. Market is tanking bruh. And will tank all next year too. Why you trying to trick people to lose money??? You must be a fan of toilet flushing your money \ud83d\ude02\ud83d\ude02\ud83d\ude02", "likes": 1}, {"author": "@goldenstateofmind4153", "comment": "Cloudera is at 10 and some change .  I think that's a huge bargain. Long term so i really dont care if it goes lower as i add to my position when it makes sense.  What do you think about cloudera?", "likes": 0}, {"author": "@Compoundintereststockguy", "comment": "hey Brandon Beavis you should do a collaboration with Richtvlive, you guys are both into long term investments, cannabidiol industry! not sure if your invested in cannabis stocks, but cbd hemp with nbev! both make good videos. Both live in Vancouver.Just a thought peace.", "likes": 0}, {"author": "@yamahantx7005", "comment": "Honestly, I like your presentation style, but:\n-you showed the financials for NBEV, which clearly show that they've never made a single dime. Their P/E is negative!\n-the only reason Nike hasn't tanked is because there was insane buying this past Friday.\n-Berkshire might become a buy. I agree with you there.\n\nI'd say you're too optimistic. Now is not a good time to build up a stock portfolio. Let the market bounce, wait at least a month, and see how low she'll go.", "likes": 1}, {"author": "@kingkang6877", "comment": "Does NBEV have a lot of competitors?", "likes": 0}, {"author": "@coinstacks2455", "comment": "Nike products are way over priced in Asian countries.", "likes": 0}, {"author": "@ulysseperez4606", "comment": "\u00d9Hey Brandon, what do you think about Sproutly canada (spr.cn) vs Nbev? wich one would you bet?", "likes": 0}, {"author": "@kevinjourneau8645", "comment": "Great work Brandon. I like all of the research that you do and present it in a way that we can really understand it. Keep up the great work and have a good 2019", "likes": 0}, {"author": "@Macro-Ops", "comment": "I agree! This is a shakeout before a big move higher. Bull markets don't die on pessimism.", "likes": 2}, {"author": "@whipcream_cs2", "comment": "I think your next video should be in your washroom. we wanna see that sweet master washroom", "likes": 2}, {"author": "@BG-jg4pt", "comment": "You could sell nbev puts at a 3 dollar strike... if it gets there you have to buy at 3 bucks if it doesn\u2019t you collect premium", "likes": 0}, {"author": "@Malaphisis", "comment": "Can't wait to buy in January!", "likes": 0}, {"author": "@IBH020", "comment": "Merry Christmas Brandon! I've been wanting to buy some US stocks but the exchange rate from CDN to USD is turning me off. Am I being unreasonable? Or is there another strategy to approach this?", "likes": 1}, {"author": "@freeway2dc", "comment": "What u think about Under Armour stocks", "likes": 1}, {"author": "@illumi3604", "comment": "I like how one of the most well-known organizations has the most sketchiest site lol. Is the A series shares from venture capitalists who helped fundraised the company?", "likes": 1}, {"author": "@tolikfox007", "comment": "check out charlotte's web, its a US company that produces hemp products and will be a big beneficiery of the recent farm bill that just passed. you canadians get to buy it fee free coz its traded on canadian exchange. kinda retarded but whateva.", "likes": 0}, {"author": "@mobeenansari565", "comment": "I wanted to buy deciem/the abnormal beauty company but didn't find them on the market :(", "likes": 0}, {"author": "@athleticinvestor", "comment": "Nice list. My top 3 would be: Apple, Canopy Growth, Patriot One", "likes": 1}, {"author": "@hobbies222", "comment": "check out my video black monday coming soon", "likes": 0}, {"author": "@LydiaSantiago", "comment": "Great informative video. New Age Beverages has dropped a ton. I will put it on my watchlist. It will be interesting to watch.\n\n\nI love converse, I was wondering if they had a ticker symbol. Thank you for enlightening me. :)", "likes": 2}, {"author": "@hobbies222", "comment": "first view and comment \ud83d\ude06", "likes": 2}]