[{"author": "@cash-crypto", "comment": "Thanks for your video!", "likes": 0}, {"author": "@RichardHerbertWu1", "comment": "@marc are you still doing an update for August?", "likes": 0}, {"author": "@stanlob1223", "comment": "Not looking that great today, huh?", "likes": 0}, {"author": "@RouRoro", "comment": "I remember Marc being a bit camera shy in the beginning. \nSomeone call an ambulance cause now you\u2019re killing it \ud83e\udef0\ud83c\udffb", "likes": 0}, {"author": "@terrylevine", "comment": "My favourite update! Great perspective!", "likes": 0}, {"author": "@mrslcom", "comment": "When the market don't make much sense, the standard 60/40 asset mix portfolio is probably the best way to go.", "likes": 0}, {"author": "@juanperez-gh8bl", "comment": "Hi Marc, this serie is always useful if we can know your opinion about the market, thanks for all your job!\n\"Hola Marc, esta serie siempre es util si podemos saber tu opinion sobre el mercado, gracias por todo tu trabajo!\"", "likes": 0}, {"author": "@annehenderson462", "comment": "I agree with the others. Great recap. Helpful and appreciated.", "likes": 0}, {"author": "@user-yr7ly5vq2g", "comment": "At this point I'm mostly in cash right now. I do a small dollar cost avg dip now and again, but no major purchases.", "likes": 0}, {"author": "@evadeanu1", "comment": "Thank you, Marc.", "likes": 0}, {"author": "@realgeorgehere7123", "comment": "There is so much money sitting on the side line in this bull market or trap. Buy now, buy the possible correction, DCA, If you don\u2019t start now. You will miss the opportunity of real future wealth. Set it and forget it", "likes": 0}, {"author": "@aelaan12", "comment": "Excellent recap.  I am on the cautious side and with the BoC pushing towards the 2% inflation we will see additional pressures on the markets which cannot be good for the PMI as consumers have less money to spend the manufacturing might take a small hit, yet again.  At this moment, there are also additional pressures on the job market as graduates are looking for positions, and it may influence the jobless numbers slightly.   On the other hand:  I honestly have very little faith in governments \"willing\" to adjust the numbers, and I would rather stick with my earlier statement that we have not seen the market bottom yet.", "likes": 0}, {"author": "@AceVenturaXii", "comment": "I tune in to this every month. Great videos.", "likes": 3}, {"author": "@RyH10", "comment": "Better news than all the canadian news providers combined", "likes": 0}, {"author": "@roberttaylor3594", "comment": "In had to cut right to the summary this time!  I feel like I am running out of time to buy while the buying is good!", "likes": 0}, {"author": "@jdedad", "comment": "Unemployment rate always lags and always low before a crash high after this points to crash coming don\u2019t agree with this as a positive sign looks negative to me historically", "likes": 0}, {"author": "@jdedad", "comment": "Market bottoms typically see a VIX of 42 we have not seen anything close yet, also VIX typically very low before a major crash IMO what you are thinking for VIX", "likes": 1}, {"author": "@haasan9360", "comment": "\u201cKnow your limit, play within it\u201d \ud83d\udc4d\ud83c\udffc", "likes": 0}, {"author": "@winnjc9154", "comment": "There will be a 10% correction coming in October... then it's going straight up!!!", "likes": 0}, {"author": "@BURGATRON", "comment": "I think it probably has bottomed unless something major happens. Stocks are way too expensive right now", "likes": 0}, {"author": "@rumblebelly", "comment": "The DJIA bottomed September 30 of 2022. It is up over 20% off the September lows already \ud83d\ude02.  That was a bull market correction.  Higher prices are coming.", "likes": 1}, {"author": "@piknik8230", "comment": "thanks as always marc! \ud83c\udf89", "likes": 2}, {"author": "@GrantPatriarca", "comment": "I got a video idea, may sound dumb . . . but can you do a video that uses these same metrics or similar but compare them to how they would look if we were in a \"true\" bull market? The whole idea would be, if we truly are in a bull market, we typically see these metrics. For a new investor like me, an investor since this year, I haven't really seen a bull run \ud83d\ude05", "likes": 2}, {"author": "@maxympatenaude138", "comment": "What is your target for the TSX as a bottom ??  Around 18000 ??", "likes": 2}, {"author": "@Tobi_Jones", "comment": "great update, appreciate the insight Dad", "likes": 1}, {"author": "@spacebarwasd9782", "comment": "When was the last time with all yes may I ask? Thank you", "likes": 1}, {"author": "@MountainFinance", "comment": "Still loving this series. Hopefully you keep it up until you get a yes for all the metrics ;-)", "likes": 5}, {"author": "@calvinng2597", "comment": "One of my favorite series on this channel. Stellar work, Marc!", "likes": 11}, {"author": "@MyAccountBitch", "comment": "\ud83e\udd26\u200d\u2642\ufe0f\ud83e\udd26\u200d\u2642\ufe0f\ud83e\udd26\u200d\u2642\ufe0f\ud83e\udd26\u200d\u2642\ufe0f\ud83e\udd26\u200d\u2642\ufe0f\ud83e\udd26\u200d\u2642\ufe0f\nIt's called a blow-off top.", "likes": 0}, {"author": "@Azel247", "comment": "Thanks Marc, I look forward to this series every month!", "likes": 9}, {"author": "@Joej1871", "comment": "Awesome stuff!", "likes": 1}, {"author": "@Kevin_Street", "comment": "Thanks for this video. I appreciate your interpretation of these indicators, as it's a bit beyond me.\n\nSounds like it's not over quite yet. After all those years with super low interest rates, it makes sense that recovery will take a while.", "likes": 2}, {"author": "@beaviswealth", "comment": "\ud83d\udcc8\ud83d\udcda Join The Investing Academy \u27a4 https://bit.ly/theinvestingacademy \r\n\r\nA lot of investors are saying that we're back into a bull market, and the lows we saw in 2022 are now behind us.  Maybe they're right, but it's also possible we're not out of the woods yet.  This video will share 6 market signals that might help you manage your investments better.", "likes": 3}]