[{"author": "@sandysamith7218", "comment": "Really enjoy to listen to you.", "likes": 0}, {"author": "@alexwong8851", "comment": "The past year has definitely been humbling. Fortunately, most of the stocks I've lost money on were only a small percentage of my portfolio. I'll be sticking with index funds and blue chip stocks", "likes": 0}, {"author": "@brainworthy", "comment": "I bought $20,000 of Tangerine mutual funds the last week of September and sold 1/2 or $10,000 the last week of November for a gain of around $800.00. I am up $700. on the remaining $10,000 which I might sell at the end of December. It\u2019s small potatoes but it feels good to be ahead. I have been buying GIC\u2019s ( guaranteed income certificates )with Tangerine that now pay 5% and Tangerine has a savings account that pays 3.75%\nIf the markets sink 10% I will buy more stocks and if the markets sink another 10% after that I will buy even more. A $10,000.00 GIC at 5% for 1 year pays $500.00. Good Luck in 2023 !", "likes": 1}, {"author": "@estellest-jean3408", "comment": "I did not loose in stock, crypto, I did try that and it was in the FTX adventure.", "likes": 0}, {"author": "@TheSleeperMusic228", "comment": "I invest the good way since a year and half. I do dollar cost averaging and reinvest dividend. Since that bear market I am in red. But now i am almost in green. Ans i know that in a few years we will be again in a bull market. I am very happy about how things turned out", "likes": 1}, {"author": "@nicolepegler3251", "comment": "Great content! Would you guys be able to make a video that is a bit more in-depth about bonds? How to buy bonds in Canada? What is your opinion on ETF bonds?", "likes": 0}, {"author": "@juanperez-gh8bl", "comment": "I'mm not \"young\" (26 years old), but that's relative, surely there are investors older and more aggressive than me, but when you buy NVDA and look at the graph, you've to be prepared in the short term to fall, if we're only thinking in \"50% every year\" surely at some point you'll be very afraid. Anyway, this year I bought NVDA very close to the bottom, so I'm very happy. Great video Marc!\n\n\"No soy \"joven\" (26 a\u00f1os), pero eso es relativo, seguramente hay inversores m\u00e1s antiguas y m\u00e1s agresivas que yo, pero cuando compras NVDA y miras el gr\u00e1fico, tienes que estar preparado en el corto plazo para caer, si solo estamos pensando en \"50% cada a\u00f1o\" seguro que en alg\u00fan momento tendr\u00e1s mucho miedo. De todos modos, este a\u00f1o compr\u00e9 NVDA muy cerca del fondo, as\u00ed que estoy muy feliz.\"", "likes": 0}, {"author": "@momo35444", "comment": "this makes a lot of sense. thanks for the great video marc. we appreciate it", "likes": 0}, {"author": "@ronbatt756", "comment": "A question..   What return per year over a 25 year period should an investor be satisfied with assuming the returns are compounding?    What is a reasonable expectation?    Any opinions ?   Marc or Brandon or others......TY from Canada", "likes": 0}, {"author": "@CanuckDividends", "comment": "Good video again Marc. The stock market is not a \"get in, get rich, get out \" market. A person should invest for the long term and research and hold good quality stocks.", "likes": 0}, {"author": "@MountainFinance", "comment": "I think with the huge influx of retail investors we had a situation of a lot of inexperienced investors do exactly what they shouldn't be doing in response to the FUD/FOMO cycle. I have seen too many new investors buying at the top/hype then selling as markets are falling. I love the way you are presenting this and I hope folks are listening. You have been a great addition to Brandon's channel!", "likes": 1}, {"author": "@erictremblay9567", "comment": "Thanks you mark always good advice personaly i sold all my invidual stocks exept for meta,baba and google and i'm only buying etf like now vfv,vdy,xeqt,xit,xuu,zqq over the long run i think i will do better then trying to beat the market i'm not better then anyone!", "likes": 1}, {"author": "@mr.financial", "comment": "This video is timeless! I believe the best time for investors to watch something like this is during a massive bull market. Even those that bought in at a peak, say the 2018 peak or the 2020 peak will notice, in time, that peak becomes history and the market is making a new peak. I consider myself very conservative in my investment style, with only 4% allocated to spec holding(s). I remember back in the day when I grabbed EXPE after the crash in early 09 and sold out early 2010 making a massive 300% gain or something and I thought the markets printed money. I then put those gains toward YELL and lost 70-80% in 6 months or so \ud83e\udd23\ud83e\udd23 If I just continued to hold expe until today I'd still be up 1000% despite the massive sell off. To be a young and naive investor is extremely expensive \ud83d\ude12", "likes": 2}, {"author": "@richardli5530", "comment": "Investing is a self discovery journey.    We all heard the story of hare and tortoise race but yet most (dare I said all)  want to be a hare.  As I get older, I see the value of blue chip investing.  Lower risk and higher return.  \nBest of all, despite taking some hit on stocks such as Google, I am in the black this year.", "likes": 1}, {"author": "@scottscriticalmass", "comment": "Great video Marc... The advice you gave from the 6:40 mark forward was spot on IMO.  Far too many have far too much invested in spec stocks, while not understanding or accepting that the spec names bring with them the potential for very very large losses.  Everybody loves to talk about the 10-20 bagger to come, but few acknowledge all could be lost as well.  Cheers to the good advice my friend...", "likes": 0}, {"author": "@MegsCarpentry-lovedogs", "comment": "Yes Marc, a moderate investor for 3 decades has really worked out well for me. Dividend paying stocks, and applying the Drip and putting in savings on a regular basis appears to be a solid, peace of mind strategy. \"Slow and steady wins the race.\"  For sure I dappled a very small percentage in buying and selling using stockcharts indicators. Had fun with an investing amateur friend. But on the whole, looked for that income generated and Drip either auto or manual. Interesting about your point about the scale of losses to the scale of regain. Math is  fascinating isn't it\ud83d\udc4d", "likes": 2}, {"author": "@FandomFinance", "comment": "I mean if you can\u2019t be happy with a 100% gain you will most likely lose next time again. Just sayin\u2019", "likes": 2}, {"author": "@RENEDU2", "comment": "S\u00fbre, ok  but at what % do you sell? Pull out!?", "likes": 0}, {"author": "@cocosmash1", "comment": "I identify myself in this video and I don't like it", "likes": 0}, {"author": "@chrisevans7416", "comment": "I said last year TESLA would crash and become the next Blackberry  as more EV's came to market 1.2T 2021   578B now", "likes": 1}, {"author": "@Kevin_Street", "comment": "Thank you for this very interesting and relevant video!\n\n\"... The key though is that you would have had to manage that portfolio. You would've have had to trimmed or sold the position at a certain point...\"\n\nThat's the problem for me. My investments are managed by someone else who knows a lot more about this than I do. The investments did really well during Covid but then came crashing down this year. Eventually we switched strategies and I'm reasonably pleased with the new result, but if I'd switched to the new strategy say five months earlier I'd have an extra hundred thousand dollars right now.", "likes": 0}, {"author": "@vyompatel4517", "comment": "Could you make a video analysing various bond ETFs that have fallen down recently? My 2022 losses in stocks and bond ETFs are almost equal. This seems counter-intuitive because one of the reason to invest in bonds was to balance out the loss in stocks. Now I am reconsidering if I should invest in bonds going ahead or just buy a blue-chip dividend stock instead.", "likes": 3}, {"author": "@philcadorette1383", "comment": "Thanks Marc for the great info. IMO, when people first start to invest they use an investment advisor who usually tells them that the ups and downs are part of the market ( which they are) and to ride it out. Most of the advisors do not advise to monitor your portfolio closely enough to take advantage of those huge bull market runs and to sell when things are high. The tricky part is where you are in your investment time line. Many people like me where and are trying to retire, but the investment advice I received ( from 3 separate ones) was to buy into long term growth stocks & bonds at a 50/50 or 60/40 traditional retirement portfolio of making %5 growth and selling to pay for retirement.  I looked at this and asked some very pointed questions and none of them had a good answer. I am glad I took the time to learn some investing strategies and now manage all of my own money. Partly as a result of you and your son. THANKS ! . I know have 75% in dividend paying etf's, and the rest a mixture of bonds and growth etf's ( these were purchase with the advisor) that I will hang on to til prices go back up. I am only down 8.2% and get monthly dividends. It looks like I can retire without having to sell anything. Retiring real soon. Take care and thanks for the great content !!!!!!!!!", "likes": 2}, {"author": "@sandray7609", "comment": "I had bank advisors rip me off over the years, getting their money while the portfolio didn't get the benefit. I finally started taking the time to invest myself. I  was a couch potato investor and stocks and bonds tanked explaining how the portfolio lost years of growth.  I have been adjusting the mix, increasing the amount of blue chip dividend stocks as well as growth.  If the consistent dividend is paid during downturns, I won't have to sell shares at a loss. I think this is the best approach but time will tell.", "likes": 7}, {"author": "@roberttaylor3594", "comment": "It's hard to stick to it! FOMO is a devious beast...but I do much better now than I did 5 years ago or so.", "likes": 0}, {"author": "@missygilly9917", "comment": "Just a question about TD stocks, why are they down? I\u2019m buying because I know they\u2019ll come back, as it\u2019s the second largest bank in Canada! But it\u2019s so strange their stock is so low (as opposed to RBC). I\u2019m buying a mix of Aristocrat blue chip stocks, and ETF\u2019s, including Reits. They\u2019re doing well, so I\u2019m ok. I don\u2019t like the tech stocks, glad I didn\u2019t invest in them considering they lost so much in this down turn.", "likes": 0}, {"author": "@jasonstupak4535", "comment": "Watched and liked, thanks Marc!  I do 80% dividend/covered call stocks/ETF's, 10% small cap growth, 5% precious metals, and 5% crypto.  My investment in MindMed really took off, but I'm sure glad I took profits when I did, and then diversified that into my 80% portfolio assets.  Slow and steady wins the race, but if your small cap growth stocks really take off don't forget to take some profits during the climb.", "likes": 2}, {"author": "@passivecultivator", "comment": "Pick an asset class or two (an index, property, etc.) to DCA into infinity, focus on increasing income and/or make a business like The Investing Academy, and enjoy life.", "likes": 0}, {"author": "@willkeen5010", "comment": "Good video Marc. I\u2019ve been a conservative dividend blue chip investor for 20+ years. I admit to taking smallish positions in a few tech/growth stocks and am down the 50-60% range on them in the last 2 years. I\u2019m not selling at this point and if they don\u2019t fully recover, it will be a visual reminder when I review my statement to be cautious when others are greedy.", "likes": 9}, {"author": "@Future-Gazillionaire", "comment": "During this market crash or bear market I often go back and forth, if I should be investing in the big tech companies while they are down (Apple, Google, Microsoft, Amazon) or if it\u2019s safer and better to just invest in VFV. I usually dollar cost average every week. Thoughts and opinions, and what everyone else is doing would be great!", "likes": 3}, {"author": "@ryanjackson4597", "comment": "Timing the market is a dangerous game. Don\u2019t do it!", "likes": 1}, {"author": "@biddenwilliams6931", "comment": "This past few days watching my crypto portfolio decline is very disheartening, Holding doesn't really profits much, any idea on how to earn more better in the short run?", "likes": 2}, {"author": "@jcabral6231", "comment": "finally-- Marc ---you  finally agree...sell...sell..sell", "likes": 0}, {"author": "@marvinpham5180", "comment": "First", "likes": 0}, {"author": "@beaviswealth", "comment": "\ud83d\udcc8\ud83d\udcda Join The Investing Academy \u27a4 https://bit.ly/theinvestingacademy \n\nThe markets were red hot until the start of 2022.  Yet so many investors have lost money during one of the best markets in many years, coming out of the Covid-19 correction.  How does this happen?  What can you do to avoid repeating the same mistakes?", "likes": 2}]