[{"author": "@beaviswealth", "comment": "\ud83d\udcc8\ud83d\udcda Join The Investing Academy \u27a4 https://bit.ly/theinvestingacademy", "likes": 3}, {"author": "@hyperbitcoinizationpod", "comment": "time to read your emails, ser", "likes": 0}, {"author": "@jayr8134", "comment": "One up \ud83d\udc4dfor Peter Lynch", "likes": 0}, {"author": "@tanyagwilkins962", "comment": "I hope you didn't buy stock on the day this video came out. I hope you waited at least two days after.", "likes": 0}, {"author": "@douglasrivero", "comment": "An investing academy podcast would be great!", "likes": 0}, {"author": "@florendogomezcasuga7043", "comment": "I don\u2019t see much growth for google anymore. Same thing with Microsoft. \nApple is getting more competitive - ads, cloud, payment, subscriptions, and appstore.", "likes": 0}, {"author": "@dylanbaker6444", "comment": "Hey Brandon I have a question. I have started my TFSA this month (I turned 18 in September). Does that mean I have $6000 in contribution room for these last few months or is it less?", "likes": 0}, {"author": "@henryslatt9041", "comment": "Half of ALL YouTube comments are from bots. Google ad revenue is down HUGE the last 2 Quarters. P/E Ratio is straight wild. Stock will lose half of market cap, how do people not see the obvious? I don\u2019t have a short position but I wish I did.", "likes": 0}, {"author": "@Rob-ob3sh", "comment": "Google missed on earnings and is now crashing aftermarket\u2019s.  I\u2019m now waiting to see if it will go down another 30% and start buying when it hits $70", "likes": 0}, {"author": "@blacklivesmatter6318", "comment": "Look who was wrong...RED AFTER EARNINGS!!!!", "likes": 1}, {"author": "@JaelenGames", "comment": "Instagram has also been competing with tiktok with their short reels. The same way they took \u201cstories\u201d from Snapchat and make it better. I think YouTube and Meta will absolutely leave TikTok in the dust by stealing their product and essentially making it better.", "likes": 0}, {"author": "@JaelenGames", "comment": "Love love love google/YouTube. No self-broadcasting site will ever compare to YouTube.", "likes": 0}, {"author": "@ChiveDumpling", "comment": "Remember when google tried to push Google+? lol", "likes": 0}, {"author": "@eh7599", "comment": "What is your Largest holding?", "likes": 0}, {"author": "@CrxAwd", "comment": "You sold me on this stock", "likes": 0}, {"author": "@MountainFinance", "comment": "I have a small stake in Google but it is 100% one of my American stocks I want to add more.", "likes": 0}, {"author": "@seolfor4797", "comment": "Love Google - doesn\u2019t have the bad press that Meta has. Looking forward to the results call !", "likes": 1}, {"author": "@mr.financial", "comment": "Man oh man you make one heck of a video right out of Taiwan on vacay. Future aspiration for sure. On the Google front, I agree that they are undervalued now. I don't think by 50 or 40% but it is under compared to their historical trading levels. Google has built a very effective moat given how fast the landscape changes. I also think their revenue will continue to grow as long as the world economy continues to grow. These less developed countries will pour more money into their revenue streams like China did for AAPL.", "likes": 1}, {"author": "@XInfinity2024", "comment": "Good video. I can 100% say that all of the youtubers that I watched 100% of their videos that have replaced 25% to even 50% of the videos they upload as a short that I have avoided 100% of all shorts videos that are released so people like me are part of the reason why content creators are losing views, Not everyone wants to watch a 1 minute or less video and some don't want to watch a portrait video on their landscape screen.\n\nI do think podcast is a good thing to get into for youtube and I plan on listening to those.\n\n\nCan you please make an update video on your investing challenge series?", "likes": 2}, {"author": "@Rob-ob3sh", "comment": "I\u2019ve been wanting to buy google for a while now  and also like to buy shop and Microsoft I do own them all in a BMO ETF but it would be nice to also own them separate in my Questrade. What are your thoughts should I own them separate if I already own them in an ETF and I own about $8500 of the ETF ?", "likes": 1}, {"author": "@BURGATRON", "comment": "Couldn't the CCP just fund tiktok so that it can pay its creators? Granted, they do have a lot of financial problems now but tiktok is their propaganda machine and they need it to stay afloat.", "likes": 0}, {"author": "@carolnavan4137", "comment": "I agree on your YouTube/TikTok analysis.", "likes": 0}, {"author": "@juansuarez3384", "comment": "Good video . I am super bullish on Google and Meta. My top 2. They will both eat tik toks lunch lol thanks for info on podcast, interesting angle.", "likes": 0}, {"author": "@67700laurent", "comment": "How is your Tencent stock doing? =)", "likes": 3}, {"author": "@tennysonforster8412", "comment": "Hey Brandon, what are your thoughts on the news about China? Concerns over China\u2019s president\u2019s future outlook?", "likes": 6}, {"author": "@coyrex1250", "comment": "I've never understood how tiktok got so big. It was basically vine which was popular but never as popular as tiktok, and somehow it just got this massive audience.", "likes": 0}, {"author": "@cutiecatboy", "comment": "Google at this price is a very good deal imo, I\u2019ve been buying lots of it over the past few weeks, good to see you\u2019re also eyeing it out \ud83d\udc40", "likes": 1}, {"author": "@davdride4850", "comment": "Hi Brandon can you exsplain  should we worry about the gain on a dividend stock if the purpose of the stock is for long term passive income.  Thanks", "likes": 0}, {"author": "@macdiver4007", "comment": "I just bought only it a week ago", "likes": 0}]