[{"author": "@beaviswealth", "comment": "Join The Investing Academy \ud83c\udde8\ud83c\udde6 \u27a4 https://bit.ly/theinvestingacademy \n\nThank you to Addy for sponsoring today's video - https://app.addyinvest.com/referralGateway?addyHandle=%24o8dcq30y&source=iOS \nI'm investing in real estate with addy \ud83e\udd1d! Become a member with my link and get $25 to kickstart your own investing journey \ud83c\udfe0! @addyinvest #realestate", "likes": 3}, {"author": "@caper087", "comment": "How do you buy the TIAWAN semi conductor using Canadian dollars", "likes": 0}, {"author": "@Vancouver_Island_Guy", "comment": "Biden @4:35 \ud83d\ude02\ud83d\ude02\ud83d\ude02\ud83d\ude02", "likes": 0}, {"author": "@rickvug", "comment": "I also really like VDY at these levels. The only caution is that it is heavily concentrated in banks, energy, and utilities. In the event that rates stay higher for longer all of these sectors could dip significantly. However the flip side is also true: you could be up 10-20%+ in a year should interest rates settle down and energy prices rise. Just know what you're playing.", "likes": 0}, {"author": "@kathleen8092", "comment": "Addy sounds like fun! Thanks. I'll check it out.", "likes": 1}, {"author": "@user-fv6ke8vv2z", "comment": "Not a long term fan of energy producers / ( VDY ) has a large exposure - I prefer - the content of - ZLB - long term returns of around 11% - ( low volatility)", "likes": 0}, {"author": "@ZakeriaHassan", "comment": "Awesome video.", "likes": 0}, {"author": "@sporbelediyesi1354", "comment": "I\u2019m compiling and picking stocks that I\u2019d love to hold on to for a few years before retirement, do you think these stocks would do better over the years? I\u2019d love to retire with at least $2million savings. Now you gotta rely on a pretty good diversification if you must stay green. Currently up 31% and being cautious. Still better deal than letting it sit in savings or checking earning near 5% interest", "likes": 0}, {"author": "@yigiteditz2", "comment": "Nice video", "likes": 0}, {"author": "@kamc_yt", "comment": "VDY is at $41.26 for me should I buy now? I have about 5k to invest in my WS TSFA account (I'm just starting out)", "likes": 0}, {"author": "@cmscole", "comment": "I\u2019m 15 years old and have slightly over 5k in the stock portfolio. I have 10 stocks (6 US Stocks and 4 CAD Stocks) and my biggest holding is the VFV etf!", "likes": 16}, {"author": "@parthagrawal29", "comment": "I have ZWB in my portfolio for monthly dividend income. I wanna switch to VDY. I cannot find an exit from ZWB as it is trading below my entry point.", "likes": 0}, {"author": "@addyinvest", "comment": "\ud83e\udd73", "likes": 0}, {"author": "@tm4s426", "comment": "Review ATZ after the crash today!", "likes": 1}, {"author": "@momo35444", "comment": "thanks for the video brandon!! cant wait to see you aug 3rd in MTL!!", "likes": 0}, {"author": "@tenorref", "comment": "I believe the word you are looking for is hyperbolic, rather than dramatic. \ud83d\udc4d", "likes": 0}, {"author": "@erictremblay9567", "comment": "Love VDY i got my first drip today\u2764 snowball effect", "likes": 0}, {"author": "@adiadi6542", "comment": "Do you think VDY is better compared to XEI? TY.", "likes": 0}, {"author": "@MonsieurLabbe", "comment": "Excellent picks, I will be planning on adding them to my portfolio", "likes": 0}, {"author": "@TheDividendInvestorCPA", "comment": "Great Pick, referring to VDY \ud83d\udc4d Any great addition or core position for any portfolio \ud83d\udc4dI made a detailed video awhile ago on my channel detailing the holdings of VDY as well!", "likes": 0}, {"author": "@CrxAwd", "comment": "RNW who is supposed to be bought up by TransAlta", "likes": 0}, {"author": "@roberttaylor3594", "comment": "for the next few months my dividends are going to my bank account for a 'big project'...otherwise I'd certainly consider VDY!  I have some TSM in a ETF...forget which one right now...", "likes": 0}, {"author": "@roberttaylor3594", "comment": "seems like theUSmarket is held up by a handful of big players? is that true?", "likes": 0}, {"author": "@johnnyv5995", "comment": "VDY for me, very safe + dividends :)   You will LOVE Kest\u00e9! Hidden gem, hats off to whomever recommended it .", "likes": 0}, {"author": "@MountainFinance", "comment": "I was just thinking about TSM after their last earnings report; good choice!", "likes": 0}, {"author": "@dominiquetheeasyminimalist", "comment": "I\u2019m getting VDY each time it\u2019s around $40, and I feel like it might continue to underperform for the rest of the year so I\u2019m adding more. The monthly distributions are a nice plus for the snowball effect.", "likes": 4}, {"author": "@dayulPH", "comment": "As always another banger! Thanks Brandon!", "likes": 0}, {"author": "@Northern_Squirrel", "comment": "Great video Brandon, I also own Taiwan semi in my RRSP. As for the other pick, I prefer XEI over VDY, better yield, diversification  and about 20% less energy and financials. Energy and financial make up 80% of VDY.", "likes": 3}, {"author": "@valveman12", "comment": "Good Picks Brandon.  \nTSM is a great stock since it is a major player in chip manufacturing.  My concern is the latest China agresson towards Taiwan that can directly affect stock price... or worse.", "likes": 1}, {"author": "@jumbothompson", "comment": "Speaking of Canada, how about TC Energy? Down over 20% in the last year.", "likes": 6}, {"author": "@evadeanu1", "comment": "Great picks, Brandon!", "likes": 0}, {"author": "@sylvainaroundtheworld5877", "comment": "Hi Brandon,\nThanks for your video! I'm currently looking for a portfolio tracker spreadsheet (Preference free :)), any recommendations?\u00a0\nCheers", "likes": 1}, {"author": "@geofflovelace8674", "comment": "Loved the VDY pick", "likes": 3}]