[{"author": "@beaviswealth", "comment": "\ud83d\udcc8\ud83d\udcda As always, if you're a beginner to the Stock Market in Canada and you're looking for a step-by-step blueprint on how to get started... Find out more about our Investing Academy here - https://bit.ly/theinvestingacademy\n\nWhat are your thoughts on CDRs? Leave a comment down below. Thanks for watching! :)", "likes": 2}, {"author": "@JoeUrsano", "comment": "Excellent video.  I have been buying CDRs for more than a year and very happy!", "likes": 0}, {"author": "@MarkGoco1", "comment": "What happens if the bank goes under?", "likes": 0}, {"author": "@xrpo.g6855", "comment": "What does the lower price in a cdr represent? i'm having trouble wrapping my head around this for sum reason.. If Apple is 1000 usd for 1 share & the cdr is Showing price of something like $22 What are you getting for the $22 cad?.045 of a share?", "likes": 0}, {"author": "@riccardolu5683", "comment": "Hello from Vancouver! Thanks for the video it is very informative", "likes": 0}, {"author": "@MarcioNovelli", "comment": "Do CDR\u2019s mirror the underlying shares? There are sometimes discrepancies between the two in daily moves.", "likes": 0}, {"author": "@MarcioNovelli", "comment": "If you already hold USD, just buy in USD. If you only hold CAD, the CDR is a great way to invest, especially for beginners at lower volumes.", "likes": 0}, {"author": "@ajaybhat2432", "comment": "Thank you Brandon. I am new to Canada and always wanted to invest in US stocks without the risk of getting into the Forex conversion issues. Thank you for simplifying CDR for me. I had already started investing in CDR knowing some aspects of this financial instrument and now things have become a lot clearer.", "likes": 1}, {"author": "@Adrian-cn5rk", "comment": "Do all CDRs pay a dividend, or does it depend on the underlying asset?", "likes": 0}, {"author": "@tinachen9512", "comment": "If I buy CDR stocks over 100000$ value, do I have to submit Form T1135 to CRA, does anyone know? Thank u~", "likes": 0}, {"author": "@ElBlancoFinance", "comment": "Very informative, thanks Brandon! \ud83d\udc4f", "likes": 0}, {"author": "@rockyrejex1247", "comment": "BRADON/SILVER FOX: Do you prefer buying the actual stock or CDR's?", "likes": 0}, {"author": "@powshredder3716", "comment": "You can avoid exchange fees by using Norbets Gambit but it will take a few days to complete. I read the spread needs to be about 2 cents for the CDR to be highly liquid. not sure if that's true or not though. new territory for me", "likes": 0}, {"author": "@pushpindersingh5298", "comment": "Thank you so much for this video, I actually asked this question so many times about cdr and even though am following you from the last one year however I missed this video earlier. Luckily i asked about cdr on bloosm and somebody put this video as a reference", "likes": 0}, {"author": "@Dupont550", "comment": "How does a stock split work with a cdr. Tesla recently split 3 to 1. Is that reflected in the cdr price?", "likes": 0}, {"author": "@maximeturgeon", "comment": "thx for the videos. It did anwser a lots of questions. But i still have one. I dont fully understand the correlation between the price of the inital stock and the CDR. Exemple: If google goes up 10% tomorrow, will the cdr price jump 10% too? What happen if Iots of the same stock CDR are either bought or sold rapidely? Would that affect the CDR but not the stock price?", "likes": 0}, {"author": "@jamesmckenna6382", "comment": "Just bought my first CDR in google. Noticed that the google stock went up, but my cdr went down. Why would that be?", "likes": 0}, {"author": "@lesliesurette5010", "comment": "Just wondering why the dis.ne  (cdr) graph does not match at all with the Dis graph. Should they not track each other somewhat?", "likes": 0}, {"author": "@bhattyh", "comment": "I am wondering what would happen when US side of these stocks split ? for example amazon is splitting 20 times so CDR will split 20 times?", "likes": 0}, {"author": "@rajgupta3802", "comment": "ADR or CDR prices must be fixed  direct proprtion of 1/10th or 1/20th or 1/50th to be fair so that investor is placing orders based on One Share price.  This does not makes sense one DR is is 1/23rd or one CDr equals to 1/37th for another stock. Developers must use brain to keep symmetry for sake of Clients as well as biddings.\n   I will say same situations in Call Options etc it should be 1/30th or 1/50th of share price fixed for every equity. Exchanges are coming up with funny ideas but do not makes sense for aan investor as they are trading on option price but hard to figure out option price vs stock prices for putting orders or biddings. \n   I hope my message is very clear for Security commissions.", "likes": 0}, {"author": "@TheDdm1234", "comment": "CDR came out in the 90s.", "likes": 0}, {"author": "@XInfinity2024", "comment": "Very informative video. Do CDRs get stock splits when the non CDR version gets a stock split?", "likes": 5}, {"author": "@MonsieurSchue", "comment": "How's the foreign withholding tax treatment? Is it the same as direct investment in US market?", "likes": 0}, {"author": "@gurpreetvirk7517", "comment": "great info bud", "likes": 0}, {"author": "@jeffcouture7501", "comment": "Wonder why what happen if the real stock associate with the CDR has a stock split. It will do nothing I guess cause the price share is already very low ?", "likes": 0}, {"author": "@OscarHanzely", "comment": "I looked it up in Questrade and something is not matching this explanation. The daily change for today for AMZN stock on NASDAX was +0.15%. But the Canadian AMZN.TO CDR has daily change +0.20% when checked after both exchanges closed of course. So the gains/losses are not following the same % they may still be impacted by currency on daily basis maybe its the rounding of cents as the stock price is for CDR is 160x smaller so any change is rounded. It is something going in favour if its up, but can go against you if its down, and it can be compounded day by day.", "likes": 0}, {"author": "@robwloch8733", "comment": "Just wondering if the cdr stock price moves in sync with the actual stock price? I ask because if cibc buys a basket of shares and splits them up then perhaps the cdr price will take on a life of its own given the lower trading volume", "likes": 0}, {"author": "@ShutterMAX", "comment": "Thank you. Exactly what I needed. Subscribed.", "likes": 0}, {"author": "@johnhong9102", "comment": "No, they did not buy any stocks. They put some money and start to harvest the individual retail stock buyers. Do not touch these CDRs.", "likes": 0}, {"author": "@momo35444", "comment": "I don't like the idea of it. fractional shares. if my research believes in it, they deserve a full share", "likes": 0}, {"author": "@tasneemjamal4247", "comment": "Does anyone know how stock splits affect CDRs? Like the upcoming googl split? Thanks", "likes": 0}, {"author": "@shirleycrosner634", "comment": "Thank you Brandon for your guidance on the new CDRs  / \nI kind of like Costco - especially when looking at a 10yr stock performance  - at  - 25% appreciation per year...on their regular shares \ud83d\ude00", "likes": 2}, {"author": "@bpignacio", "comment": "Hi Brandon, just want to know how they convert these shares. Like a tenth of the US stock or do they let you know.", "likes": 0}, {"author": "@juneperez6284", "comment": "The dividend on these CDR\u2019s are declared as U.S income. Therefore, withholding tax is applicable for all types of accounts with the exception of the registered accounts.", "likes": 1}, {"author": "@martinithechobit", "comment": "Ty I needed this as so many of my friends just says its bad but can not give any reason why.", "likes": 0}, {"author": "@Dave004", "comment": "Question, why did you pick TD Direct Investing for your US brokerage? I see they charge per trade fees of $10 (or if you trade a lot its $7 per trade) where as Questrade only charges $5 per trade and you can hold US dollars. Or if you trade often enough I guess WealthSimple's new $10 per month account could work too. Just curious why you'd go with TD if they charge more? \nAs for the CDR's 0.6%, is this like an ETF where its removed from your overall holdings? So example if you held $2000 in a CDR you're essentially losing $12 in value per year? If thats the case it could be worth paying $5 or $10 per trade of a stock like Google or Amazon in US dollars if you're holding it for longer than a year.", "likes": 0}, {"author": "@iVue", "comment": "Very informative video. I can take all the risk to invest in CDR except the Volume as low volume is a big problem and when you really want to get something or get rid of something, low volume means there are higher number of people from the pool is thinking the same as you are thinking which makes it harder to do the opposite action,  Buy or Sell...", "likes": 0}, {"author": "@lifeasweknowit500", "comment": "Thanks Brandon for explaining this CDR. Which account do i have to put this? Since they are US stocks traded in Canadian $s, is there issue with withholding tax? Does it have to be in an RRSP account or can I trade it in TFSA account?", "likes": 4}, {"author": "@newphiewop", "comment": "Thanks for the info Brando!!! I think their a great product\ud83d\ude0e", "likes": 1}, {"author": "@DHang-fh1gp", "comment": "Very good and complete explanation. Bravo. \ud83d\udc4d", "likes": 0}, {"author": "@karthikshan8538", "comment": "Hi Brandon, thanks for explaining how CDR works. Is it not better to buy, say for example, individual Costco shares and pay, may be 1-1.5 % ONE TIME currency exchange fee compared to paying around 0.6% ANNUALLY to CIBC for owing Costco CDR. Please and thanks", "likes": 1}, {"author": "@ohbhoi", "comment": "Cant go wrong with cdr. I bought some tsla cdr and Google cdr during the dip.  I did own tsla in USD and trust me the conversion fee will sting.  Like Brandon said, because of the low volume.  It takes a little bit of patience to sell/buy this especially if your dollar conscious.  But for a long term investment. A no brainer. All Canadians should be using cdr in my opinion. Let's use our own dollar. Let's drive up the volume. We will all benefit in the long run.  The more investor uses cdr, the more big companies we're gonna get here.", "likes": 3}, {"author": "@daverobertson8399", "comment": "Looks like more CDRs are being added fairly quickly - Berkshire Hathaway, Costco, AMD, Salesforce, and others. \n\nBerkshire Hathaway for $20 will be a very deal for some people!", "likes": 1}, {"author": "@JP-ww4vo", "comment": "Given some CDRs pay dividends would you suggest holding these \"American\" stocks be held in an RRSP? Given that TFSA have a 15% withholding tax?", "likes": 0}, {"author": "@jasanivaibhav", "comment": "Any idea how hedging works?\nForwards or long dated swaps?\nForwards might have premium/discount risks, that can lead to exchange rate risks. \nSwaps might have basis risk building into the pricing.", "likes": 0}, {"author": "@sheamorrison1467", "comment": "How is a cdr hedged to currency fluctuations if when the currency fluctuates so does the ratio of shares you hold?  Am i missing something?  if usd goes down does our share count go up or down?   Also, is the .6% fee charged annually or at time of purchase?", "likes": 1}, {"author": "@TheMetamucil", "comment": "If CIBC wants CDRs to be popular, they should offer compagnies traded on the Hong Kong Stock Exchange like Alibaba or Tencent. Alibaba and Tencent ADRs could get delisted in the next 3 years due to new US regulations witch would make Alibaba and Tencent CDRs very attractive.", "likes": 0}, {"author": "@marcoz326", "comment": "The CDR is a great innovation, but that fee is a big deterrent at the moment. Thanks for posting", "likes": 0}, {"author": "@user-mh6jp8hw9r", "comment": "Hi! I am wondering can you explain what happened to AQN ? Should I continue to hold it?", "likes": 0}, {"author": "@ErwinWabe", "comment": "Why not open a USD account instead in Canada instead of going through this process?", "likes": 0}, {"author": "@d_e_a_n", "comment": "I wish I had done this a year ago with Tesla. \nUSD/CDN exchange was 1.45. Now its 1.25\n\nReal question: which direction will the CDN dollar go?   Thoughts?", "likes": 0}, {"author": "@kaylinger8037", "comment": "Anyone know if the fee is .6% per year AND per cdr? So your paying .6% on every single \"share\"??...if that question even makes sense lol. The fee is in the price, does this mean these would offer a slightly lower return?", "likes": 0}, {"author": "@ClawDaddyUwU", "comment": "Would love to see a cdr of Nestle lol.", "likes": 0}, {"author": "@dan1025", "comment": "Thanks for this video! I've been with CDRs since they came out. Tesla has so far been the best performer. Very happy to not worry about the conversion rates.", "likes": 0}, {"author": "@billrice1288", "comment": "Brandon:  With the announcement yesterday that banks and insurance companies can now increase dividends and buy back stock,  how much off the increases are already priced into the market and what might we expect to see in the next month as results are announced?   A short video on how you are analyzing this issue might help investors.", "likes": 1}, {"author": "@zizasamassa", "comment": "I opened a questrade account recently and I forgot to use the link for the bonus. Is it possible to get the discount with that account or it needs to be with another acount?", "likes": 0}, {"author": "@Liplucky", "comment": "I love the education towards new products that you're providing. I've been hearing a lot about Fundrise as a great investment option.  Are there Canadian options out there to get into something like this?  I'd love to hear your spin on it.", "likes": 1}, {"author": "@georgepeters4536", "comment": "You snatching up some Manulife shares today, Brandon?", "likes": 1}, {"author": "@FlavioCarana", "comment": "we have the BDR's here in Brazil. the same as the CDRs for Canadians.", "likes": 0}, {"author": "@khuo0219", "comment": "I know Brandon doesn't care about Norbert gambit, but I highly recommend it if you are converting more than 1k cad at a time. This manuveur reduces your currency conversion to less than .5%. this matters when converting thousands of dollars. I like the idea of CDR, might consider buying them in my kid's RESP, holding usd in that account presents issues, not worth it given the small amounts of contribution allowed.", "likes": 0}, {"author": "@robertolima2856", "comment": "Hi Brandon I really enjoy watching all of your videos with you and/or your dad. I was wondering if you could make a video on LSPD(TSX) explaining its crazy volatility. Thanks! Keep up the great work.", "likes": 2}, {"author": "@bulldogfm1490", "comment": "Ok, so there is something I am not getting with the conversion. GOOG is trading on the NYSE at 2994.48, when I do the conversion ratio of 0.007 and factor in 1.2416 as FX rate. I get a CDR price of 26.04...and it is currently trading at 26.10. What am I missing? Is that extra .06 cents their FX premium...cause that is steep, it would mean they are making approx $8.57 on every Google stock they sell a CDR on. That seems steep. Calculations done based on 4 Nov around 11 am eastern. I would absolutely need to understand how this works to entertain this.", "likes": 4}, {"author": "@CanadianDividendInvesting", "comment": "Very cool! Thanks for sharing!", "likes": 0}, {"author": "@MountainFinance", "comment": "CDR's are a game changer especially when you are trying to balance your foreign investment under the 100K mark where you have to declare foreign investments.", "likes": 3}, {"author": "@ryanm7171", "comment": "Thanks Brandon, this was a really an informative video.  Never heard of CDRs until just now.  Can you clarify a possible  advantage?  As you know, Canadian investors who hold over $100,000 in foreign property, including stocks have additional reporting requirements for the CRA.  Does buying these companies on NEO, a Canadian exchange thereby make the holding domestic.  For instance, if you hold American stocks such as the S&P 500 through a Canadian ETF provider,  the same holdings are no longer treated as foreign.  Would you assume the same is true with CDRs and if so I would consider it an advantage for those of us who still do our own taxes.  The additional tax reporting burden and the Canadian dividend tax credit have prevented me from investing in many individual US stocks in thethe past, but having this option will allow me to start in the future.  Also, can we purchase these CDRs through any DIY brokerage or only through CIBC.  Once again, thanks passing on such important information, and also, I thought you and your father did a great job on the TD Direct Investing video last week.", "likes": 1}, {"author": "@samyang7218", "comment": "Thanks for sharing, I've been watching your video since the day I opened my TFSA/personal account and started to trade. Gotta say this channel deserves more subscribers !!!", "likes": 7}, {"author": "@justincachelin7676", "comment": "Great video.  TFSA question--> Alphabet for example, realized gains....taxed?  What about Apple dividends? How does that work?  ADR vs CDR vs RDC with the stocks mentioned above...would I need W-8BEN form?  On the flip side, don't know if I'd ever want to but what if I held an ADR in a USD RSP or Cash account?", "likes": 0}, {"author": "@Ryedor", "comment": "I've got Tesla , Google , and Amazon CDRs ... I don't even think about dividends.  I look at these companies as growth entities and whatever dividends I get is just a bonus.  They track pretty close to the US ones. ie. If Google jumps 2% , my CDR will jump 1.9% or 2.1% . Very close.  CIBC and NEO should be praised for these things. lol", "likes": 2}, {"author": "@dheerajchidambaranathan", "comment": "Hey Brandon,\n\nAre they going to offer options chains on these CDRs just like they have for ADRs as well?", "likes": 0}, {"author": "@Andy-xq3ut", "comment": "Always nice seeing new concepts being offered to Canadians.  Good ol DIS not on WS missed me 20k sub 100 there.  Still stings.  Great summary!  Brings light to the externalities like volume differentials, currency effects, and knowing your options", "likes": 0}, {"author": "@kelleyhaldorson209", "comment": "Thanks for this video Brandon.  I had to do a little reasearch on this a couple weeks ago and had my wife add Facebook to her portfolio as a CDR(had to find out what a cdr was and what the NEO exchange was too). She is with wealthsimple and it seems a great option especially for that platform.  She also has a very small portfolio of only a few thousand dollars so this is great for her.", "likes": 2}, {"author": "@bangbong1215", "comment": "One major drawback is also some of these tickers have very solid option volumes which you will miss with the CDR's", "likes": 0}, {"author": "@keithelliott4636", "comment": "Definitely sounds interesting.  Do you have a video on the benefits/disadvantages between say TD and National and Wealth Simple.  I have all three.  Td has a good platform (advanced dashboard) but still stings us for $4.99 per trade, both in and out.  Wealth Simple doesn't have much of anything, but if you are only an infrequent trader it might work for you.  At least they are free.  National has a moderately decent platform, but their big disadvantage - at least if you are a day trader - is that it takes them forever to notify you of any order fills.  Three or four minutes is quite normal, and that's just not OK at all.  But, at least they are free.", "likes": 0}, {"author": "@CrankingAllDay", "comment": "The whole currency thing doesn't make sense. The stock is still valued the same, no mater what currency it is in... your percent gain is just adjusted to candian dollar instead of USD. Better to buy US companies in USD still", "likes": 0}, {"author": "@jeffshepherd6077", "comment": "Another fantastic video! Great content - thanks Brandon", "likes": 0}, {"author": "@patassion", "comment": "I am putting money in my granddaughter resp and am wondering if this would be good for", "likes": 0}, {"author": "@roberttaylor3594", "comment": "Thanks, Brandon.  Are CDRs eligible for TFSA accounts?  I was wondering what that \"Neo\" exchange was!", "likes": 1}, {"author": "@sallenew7550", "comment": "Thank you so much! \u2764\ufe0f", "likes": 0}, {"author": "@benoitvigneau7664", "comment": "Thanks for you  good explanation! I have already in my portfolio some AAPL cdr", "likes": 0}, {"author": "@AlphabetRock", "comment": "I'm wondering what the tax implications are of holding a CDR in a TFSA, and whether the dividends would still be subjected to a 15% tax.", "likes": 24}, {"author": "@nem8685", "comment": "scammer", "likes": 1}, {"author": "@uzairsaiyed8274", "comment": "Great Insights. Thank you very much for sharing.", "likes": 0}, {"author": "@biomolecologo", "comment": "Could you please make a video explaining the \"spread\"? What it is, how it works and how it affects the investor?", "likes": 0}, {"author": "@ericn.6130", "comment": "Thanks for the content!", "likes": 0}, {"author": "@yen_mytran5435", "comment": "Thank s", "likes": 1}, {"author": "@smallmj2886", "comment": "How does the withholding tax on US dividends work with this product?", "likes": 2}, {"author": "@hinamirza7894", "comment": "Can we hold us stocks like apple but cdr .is it good to hold in tfsa and getting my dividend as well there", "likes": 0}, {"author": "@ab.4425", "comment": "Thank you so much Brandon for the information!! I really appreciate it this video was really helpful!!", "likes": 0}, {"author": "@Hlwsince", "comment": "Thanks again Brandon.. Been telling my kids these are a great opportunity!\u2026 Great topic!", "likes": 0}, {"author": "@sdhsfbrules", "comment": "They are traded on the NEO exchange", "likes": 0}, {"author": "@NorthPoleInvesting", "comment": "This is very exciting for Canadians, I am definitely gonna be buying some of these !", "likes": 0}, {"author": "@aaronleung4531", "comment": "Weooooow you're the best Brandon !!! XD", "likes": 0}, {"author": "@dave5905", "comment": "the performance on the CDRs compared to the actual US Stock, seems pretty weak. I don't see the attraction but am open to other opinions.", "likes": 1}, {"author": "@skylerdelaurier713", "comment": "Finally the video I've been requesting for weeks! Thanks for sharing Brandon, much appreciated!", "likes": 3}, {"author": "@stgeorgn", "comment": "if you buy a CDR how many shares you own of the company ???? if for example you own 0.2 share will it always stay 0.2", "likes": 0}, {"author": "@reignstab", "comment": "Since usd is getting lower due to fast rates of inflation, wouldnt it be better to get cdr? what are your thoughts on getting around us inflation through cdr for bigger gains?", "likes": 1}, {"author": "@AtharAfzal", "comment": "Thanks Brandon - really appreciate you taking the time to explain and clarify these questions people always ask!", "likes": 0}, {"author": "@regisleclerc1447", "comment": "Well explained...Thanks Brandon!!", "likes": 0}, {"author": "@rizzi5586", "comment": "Thanks Brandon. Great video", "likes": 1}, {"author": "@geeta59", "comment": "I like CDRs", "likes": 0}, {"author": "@akashdeepsingh1098", "comment": "Hi Brandan I have one question what if my TFSA investment get delisted from NYSE", "likes": 1}, {"author": "@realdavidpatterson", "comment": "Thank you very much for making this video.  Y'all are awesome! :)", "likes": 0}, {"author": "@stgeorgn", "comment": "thank you for talking about this", "likes": 0}, {"author": "@NarrBitaYarr", "comment": "Thanks for this great vid! Gonna have a look at these now.", "likes": 0}, {"author": "@eun7496", "comment": "Thank you Brandon! Such a great content! I do have amazon cdr shares! ^^", "likes": 0}, {"author": "@pwong0227", "comment": "Weak USD against CDN is a buying opportunity for US equities at the moment using Norton Gambit for currency conversion.", "likes": 0}, {"author": "@davec.6293", "comment": "I smell an ARB heaven for these CAD banks.", "likes": 0}, {"author": "@TheTttooom", "comment": "Great video, thank you ! Looking forward to see more CDR companies. Given that we are buying the shares in CAD, would we still be subject to the 15% dividend withholding? Also, would it be possible that the CDRs trade at a significant premium/discount to the real shares or does it always pretty much in line with the original share fluctuation?", "likes": 6}, {"author": "@MrEHowell", "comment": "In your opinion, would holding CDRs in a TFSA be a good idea?", "likes": 4}, {"author": "@joe97nsx", "comment": "I'm not sure what the big deal is. As a long-term investor, I'd prefer to hold American stocks in US$ in my US accounts and don't really care about the currency fluctuations as I use my US$ dividends to fund my vacations in the States, and build a US denominated portfolio in case I want to buy US real estate assets in future.", "likes": 2}, {"author": "@davinjohnson3613", "comment": "These CDR\u2019s are exciting! Can we expect to see this for popular ETF\u2019s like US vanguard ones?", "likes": 2}, {"author": "@beaviswealth", "comment": "\ud83d\udcc8\ud83d\udcda As always, if you're a beginner to the Stock Market in Canada and you're looking for a step-by-step blueprint on how to get started... Find out more about our Investing Academy here - https://bit.ly/theinvestingacademy\n\nWhat are your thoughts on CDRs? Leave a comment down below. Thanks for watching! :)", "likes": 2}]