[{"author": "@beaviswealth", "comment": "\ud83d\udcc8\ud83d\udcda As always, if you're a beginner to the Stock Market in Canada and you're looking for a step-by-step blueprint on how to get started... Find out more about our Investing Academy here - https://bit.ly/theinvestingacademy", "likes": 2}, {"author": "@geumyongjung8502", "comment": "Thank you for the informatuon about tencent. I'm pretty much a beginner in investing, and I'm interested in Tencent stock. One thing I'm cencerned is that it's an OTC stock. I've heard a lot people saying that you should avoid OTC stocks because they are penny stocks or scams. But why is such a big company like Tencent an OTC stock? And also there is two stocks for Tencent, TCEHY and TCTZF. What is the difference between them?", "likes": 0}, {"author": "@dannyaa123", "comment": "This video didn't age well. No value in North American markets? Sorry brother but you're out of your mind with this video. Best of luck.", "likes": 0}, {"author": "@25passiveincomeideas28", "comment": "Ouch.", "likes": 0}, {"author": "@djomarkaram3609", "comment": "Hey @Brandon Beavis Investing, what do you think of Tencent after that huge dip? Do you still believe it has a chance to rise again?", "likes": 0}, {"author": "@carlosyu2341", "comment": "Maybe you mean the law of compounding maybe not", "likes": 0}, {"author": "@josephsallis2808", "comment": "It\u2019s on sale now, I bought too early. Are you buying more on this huge dip? Or do the regulators have you scared?", "likes": 1}, {"author": "@skylerdelaurier6399", "comment": "Baba and tencent getting rocked right now!", "likes": 2}, {"author": "@boomshakalaka8655", "comment": "lmfao this guy bought tencent. Growth is over the gov wont let them be a monopoly. That is where all the value is in north american markets cause the businesses are free to become a monopoly. they can't do that in china they are limited. All their data is getting taken away that they used to grow their business in china. You have no clue how this storm is just beginning. And they might be delisted within 3 years in the usa. This is just stupid investing. YOu are believing all that nonsense how china is growing. They lie about everything over there. You obviously don't know much about china.", "likes": 0}, {"author": "@69eastside69", "comment": "This video didn't age well.  This man probably took a major L\ud83e\udd26\u200d\u2642\ufe0f", "likes": 1}, {"author": "@FellatioHoratio", "comment": "Im getting rocked rn from this", "likes": 5}, {"author": "@flairgolf1335", "comment": "Well uh oh.", "likes": 0}, {"author": "@mr.mp3286", "comment": "lol this stock is ruining gaming", "likes": 0}, {"author": "@carlobambi9035", "comment": "What brokerage and account are you using to trade in US and international markets? Specifically what you mentioned in the video with tencent?", "likes": 1}, {"author": "@rodsaclutihive596", "comment": "Great video Brandon. Can you own Tencent in your TFSA? Thank you", "likes": 0}, {"author": "@jasonseitanidis4776", "comment": "No thank you .....", "likes": 0}, {"author": "@digil842", "comment": "Hi Brandon, could you do an analysis on magna international? I m pretty sure you ll like the stock just like the time you got to know atd", "likes": 0}, {"author": "@amandeepsudhera1006", "comment": "Is this ten cent available on wealth simple trade ?", "likes": 1}, {"author": "@Willtopia", "comment": "Bought a lot of Tencent recently on the big dip day good pick be greedy when others are fearful :)", "likes": 0}, {"author": "@bonbonburnett", "comment": "Another brilliant video @brandon Such thoughtful considerations for the market, the risk and the reward. \ud83d\udc4d", "likes": 0}, {"author": "@jcpcga", "comment": "Great video as usual. How about the Chinese EV market such as NIO, Xpeng, etc.?", "likes": 0}, {"author": "@CanadianDividendInvesting", "comment": "Awesome stuff!", "likes": 0}, {"author": "@AtharAfzal", "comment": "The challenge with the Chinese market and a number of East Asian markets (except Japan) have had issues on transparency.  At the moment there aren't a lot of mechanisms in place to ensure that they are as transparent as the more mature markets.  A lot of these challenges of lack of transparency caused the Asian Financial Crisis in 1998 and the property market bubble in China where a glut of properties sit vacant.\n\nHaving said that - the East Asian market (outside Japan and the 4 Tigers) are probably the next set of economies that will move from low/middle to middle/high income bringing about a very large consumer base.  Great move on purchasing Tencent and the allure of the yet untapped East Asian economies!", "likes": 0}, {"author": "@papytofu3796", "comment": "Not related to this topic here but, Wealthsimple has just release an update including fractional shares, a subscription for real time updates and bigger instant deposits. Will you two give us your thoughts on that? I'd love to hear about fraction shares and if there is any caveat to go with that.", "likes": 0}, {"author": "@kingmadhatter45", "comment": "Good luck if the stock take off you might be able to afford a soul. I'm unsubscribing because I like to look in the mirror without being disgusted.", "likes": 0}, {"author": "@KraftFamily", "comment": "Thanks again for another great video. A few questions, not sure if it\u2019s already been covered, I will make some time to watch your previous videos on Tencent again. \n1) Why doesnt tencent trade on a major exchange similar to how BABA is available through the NYSE, is that something that could happen eventually? \n2) Does the fact that it trades on the OTC make it more susceptible to being delisted? Do you have any notable examples of delisting of other  companies? And if it were to happen, how are investors affected?", "likes": 0}, {"author": "@cryptoscotch9347", "comment": "Great video as usual... Quick question, is there a website that calculates how many stocks are required to qualify for a monthly/quarterly dividends?", "likes": 0}, {"author": "@Frogfrog1234", "comment": "Chinese Communists will rule the world soon, just like Nazi had once overpowered most of Europe.  Would you invest in Nazi state businesses and make them strong?", "likes": 0}, {"author": "@pattraverse778", "comment": "The biggest problem with Chinese companies is that you don't actually own any share that you buy. The Chinese government is against foreign ownership. \n\n\"In the VIE structure, American stockholders don\u2019t own the Chinese company. They just own a company that has some contracts that are supposed to mimic what it would look like to own the Chinese company. You\u2019re not buying stock in Alibaba when you buy Alibaba on the NYSE. You\u2019re buying a holding company called Alibaba Holdings registered in the Cayman Islands with a claim on some of Alibaba\u2019s profits but no actual ownership stake. You don\u2019t own shares in the real Alibaba and you don\u2019t get a vote in how Alibaba is run, although you do get to share in Alibaba\u2019s profits.\"", "likes": 0}, {"author": "@jamiek1714", "comment": "Chinese stocks are great, but the problem is the Chinese govt seems to have declared war on its own companies and causing their stocks to fall. Also the delisting threat is hurting the prices. Staying away until its resolved.", "likes": 0}, {"author": "@rickvug", "comment": "I like your investment thesis around the value and opportunity in Chinese technology stocks. Any thoughts on an ETFs that hold a basket of Chinese (or even simply emerging market) large cap technology stocks? I don't know enough about the individual companies to place a bet on a winner. However I'd be very comfortable with a diversified group, assuming they all benefit from the same longterm secular tailwinds.", "likes": 0}, {"author": "@vinny6049", "comment": "I will just support small Canadian company particularly here in BC, I keep on buying GDNP and EATBF because these september 7 once the ban for the use of plastic kick in, it will be a game changer for green products.", "likes": 0}, {"author": "@itschrisuphere", "comment": "First off Brandon, I appreciate you opening up and discussing your theses and positions.\n\nThat said, with all due respect, I don't think you \u2018get\u2019 what the opposition, and where part of the pullback that is associated with Chinese markets right now is actually coming from. Tencent, as a company \u2013 is a powerhouse and gem. I don\u2019t think there is a lot of controversy there. This is all about one\u2019s understanding on China. I previously shared your viewpoint on China, but I have since come around to have a more nuanced, and admittedly significantly negative understanding of the situation. \n\nTwo aspects of your thesis can be weak regarding China. The first is the aspect is, if you are a \u2018China\u2019 bear \u2013 you might be because you are aware of the combination that: You do not have transparency, you do not have any actual control (i.e. these ADRs are not actually ownership in anything), you do not have recourse. And the numbers (particularly economic) are assumed to be fudged. Mounting accounting scandals add scares that the fudging is significantly more widespread and deeper don't help. \n\nI am NOT saying China is on the verge of collapse or anything. But I think they are much more bark than they are bite. And at the same time, I think if you follow the global sentiment around the still developing COVID situation at a geopolitical level \u2013 the world is slowly turning on China. It starts with people's sentiment, and the politics follow. I do not think even Charlie Munger has lived through a situation equivalent to this. And in particular, \u2018people are starting to figure out\u2019 the CCP. This risk is a whole different risk than calling it \u2018regulatory\u2019 one as you mention. It is geopolitical, and my interpretation of the start of this bear market is that some of \u2018the market\u2019 is realizing that because it is political, EVERYTHING is on the table. This includes, \u2018gems\u2019 like Tencent, Alibaba, and DiDi. Let's also note that DiDi was told by Chinese regulators that the hammer was coming, but they felt the pressure to proceed with the IPO anyway. They are clearly in a rush and worried about something. Tie this in with the Evergrande issues in the commercial paper markets, and if I'm an institutional investor I\u2019d definitely be looking closely at my exposure to China. And I think it is important to not be doom, gloom and negative about it. But there is much more to this than regulatory risk, and I was disappointed that this was not mentioned in your video as to me it is the main bullet point that everything flows from.\n\nStill, can't wait until your next holding reveal! :)", "likes": 0}, {"author": "@noseymold9868", "comment": "Boo a Chinese company. Would much rather pay a premium and know my investment is safe over night. Very risky play surprised that you would invest in this.", "likes": 0}, {"author": "@momo35444", "comment": "yeah tencent!!! whats a strong company. regarless of the media coverage of china, this does sound great. i only hold 20 stocks, but its sitting there for later... much later.\nthanks for the video brandon!!!!", "likes": 0}, {"author": "@eagerbeever22", "comment": "Great content! Tencent is a massive company with market Cap of $680 billion. The Chinese government is certainly not going to shoot itself in the foot by scaring investors out of China ! I believe Tencent shares are trading at a discount & has huge upside potential for the next decade.", "likes": 0}, {"author": "@michaeltanquiza8960", "comment": "Always a great video bro. Brandon. say hi to your dad:-)", "likes": 0}, {"author": "@joshsong7080", "comment": "Why Tencent over Baba?", "likes": 1}, {"author": "@audoislavemariner", "comment": "Give a sneak peak into investing academy of a weekly free trial", "likes": 0}, {"author": "@CrankingAllDay", "comment": "All these people who aren't investing in China are missing out. Thanks for allowing me to buy super cheap growth stocks lol. China will take over as the most powerful economy, trust me", "likes": 1}, {"author": "@audoislavemariner", "comment": "Your education programme at investing academy is very very expensive for a starter . You need to look into it .\n\nOtherwise you and your dad have really good content going on at YouTube", "likes": 1}, {"author": "@tatfung3392", "comment": "The way you talk about China is \"too simple\" and sometimes \"naive\". You almost looked at China as a Western Society with economic freedom. Take a look at the current situations of the richest billionaires in China. What happen to Jack Ma, you think he really lefine retire on his own free will? If you believe the China system is the way to go for the future, instead of investing, we should be building bunkers with our savings. Do you realized that China is already facing an aging population problem. Without the blessing of the CCP, there is no way Tencent can grow to it's size today. Look what CCP did to DiDi, they can do the same to Tencent.", "likes": 3}, {"author": "@carlosyu2341", "comment": "How about the political risk on Tencent? Why has it come down so much?", "likes": 2}, {"author": "@summercherry123", "comment": "Tencent is a giant in China, dominating in all the next tech wave: Ai, DiFi, AR gamming. My number one concern is still PRC, plus the stock is traded on OTC, not eligible to hold in registered accounts, so I chose to own Sea Ltm (a partner/\"mentor by\" Tencent) instead. Koodu Brandon for sharing an unpopular choice!", "likes": 2}, {"author": "@ryanmcdonald3314", "comment": "China is a discount right now", "likes": 0}, {"author": "@sujitpingle7021", "comment": "Kid go to school and finish your graduation", "likes": 0}, {"author": "@millereats5836", "comment": "\ud83d\udc4d\ud83c\udffe\ud83d\udc4d\ud83c\udffe\ud83d\udc4d\ud83c\udffe", "likes": 0}, {"author": "@papytofu3796", "comment": "I really share your bullish approach to China and I feel it is a great time to buy now. I must say I am biased by seeing the chinese machine from within and the speed of progress on the ground there for the last 8 years.\n\nHowever I wouldn't say that they are behind in terms of cloud technology but instead that they are leading the way with them and that what is happening technologically in China (in the metropolises at least) right now is what will happen to us in 10 years or so.", "likes": 1}, {"author": "@margaretelliott52", "comment": "are you not concerned that it is a VIE and you don't actually own the shares?", "likes": 1}, {"author": "@diveintothesky00", "comment": "I absolutely love the channel and wisdom you and your old man impart - but I have to disagree on this one, relatively disappointing to see you heavily invested in a Chinese company especially given how much control the CCP has over these corporations. It\u2019s a little too much like playing both sides of a war", "likes": 1}, {"author": "@ab.4425", "comment": "Great video bud!! Thank you so much!!", "likes": 0}, {"author": "@baodo7905", "comment": "People who are overly scared of Chinese stocks misunderstand China. The Chinese government doesn\u2019t want to impair or damage these companies ,they just don\u2019t want them having the outsized dominance that US companies such as google and Facebook have because it chokes off competition. I\u2019ve bought BABA and I ain\u2019t worried.", "likes": 6}, {"author": "@bradleyhill2568", "comment": "I love the Chinese market. Just curious, why tencent over alibaba? I placed my investments in baba", "likes": 1}, {"author": "@acraig316", "comment": "Thoughts on SNP? PE Ratio < 6, dividend yield ~ 10%", "likes": 0}, {"author": "@hartejsingh7915", "comment": "hi dear I am on a work visa in Canada, can I buy stocks & ETF's as per Canadian law and which broker will allow me for this", "likes": 0}, {"author": "@nem8685", "comment": "Scammer", "likes": 0}, {"author": "@glory9035", "comment": "I own Tencent through KWEB which is near the 52 week low.", "likes": 0}, {"author": "@roberttaylor3594", "comment": "doesn't pay a dividend...so there's that.  Tencent is really interesting, given the social credit system the government is developing. So, the government can use Tencent for their own ends and is therefor likely 'too big to fail\", in a way.  All of these companies will do EXACTLY what they are told to do and it will be a win-win-win for companies, government and investors.", "likes": 1}, {"author": "@Maazs11", "comment": "Always care about your opinion, Brandon.", "likes": 0}, {"author": "@carlosarceo7283", "comment": "Make a video on these \"clues\"/\"cues\"!", "likes": 0}, {"author": "@streetsmarts404", "comment": "Brandon you are so damn right on this!! Baba, Tencent, BYD, DiDi are the value buys at the moment. I own them and increasing my stake each day. Buying something below its value, strong MOAT, long runway, and simply cash machines make all these stocks strong buy right now. Thank you for sharing your Vlogs and keep them coming..", "likes": 1}, {"author": "@JustInvestToday", "comment": "Great company to buy, long term success!!!!", "likes": 1}, {"author": "@spacebarwasd9782", "comment": "How the hell can you invest 10c? Oh nvm...", "likes": 0}, {"author": "@qamarcpa", "comment": "Amazing video Brandon, as always :) just a question. This is video sponsored by Tencent Holdings?", "likes": 3}, {"author": "@YouWillNeverBeAWoman", "comment": "Good stuff, personally cant invest in china, i dont support their ethics at all, definitely dont want to be wanting them to be getting richer by having stock", "likes": 25}, {"author": "@grease112", "comment": "I think you should be more concerned about the power of the CCP. All it takes it a snap of the fingers and they pull it off the market. I have some speculative stocks, but Tencent just feels like gambling, like Bitcoin. Come on Mark - talk to Brandon about this one! :P", "likes": 1}, {"author": "@grease112", "comment": "Oh dude....I agree with most of your moves, but Tencent? Man, with the volatile Chinese market this is soooo risky...", "likes": 4}, {"author": "@VC0N3RD", "comment": "Haven\u2019t watched the video yet, but my guess: is it Tencent? \ud83d\ude03 I know u own this and have bullish look on this and Chinese stocks seems to be at good value these days! Been looking at Tencent, was hoping they could go under $65, oh well\u2026", "likes": 3}, {"author": "@turbofanlover", "comment": "That stock chart is NOT for the faint of heart.  I'm not a fan of catching falling knives.  I'll keep watching the Chinese stocks.  Could be a good risk/reward play at some point.  I do actually agree with your longer term thesis re: China.", "likes": 0}, {"author": "@seolfor4797", "comment": "Love your channel! I personally stay away from Chinese companies - sketchy accounting practices and I don\u2019t want to support their government.", "likes": 27}, {"author": "@robertbazso5053", "comment": "Hey Brandon\u2026 like always super informative and well structured\u2026. This is not my cup of tea \ud83e\uded6, but solid numbers\u2026 if I had extra $$$ I would probably take a small position on it. I understand your strong feelings for this stock as like most of us we all have a favourite\u2026 mine being Enbridge \ud83e\udd37\ud83c\udffb\u200d\u2642\ufe0f\u2026 Thank you for the heads\u2026 I will definitely keep on my watch list\u2026", "likes": 1}, {"author": "@giannir.3755", "comment": "Question for you. I've heard that Mexico will be the new China in terms of the next boom. What do you think?", "likes": 1}, {"author": "@xcom5121", "comment": "nahhhh that aint it chief, China Hu$tle", "likes": 0}, {"author": "@billliang6730", "comment": "I like Tencent too. Being Chinese, I'm using their products everyday, even in Canada, i can pay by wechat in lots of stores now.  Investing in Chinese stocks could be a challenge, Just be careful the political interference( both US and China)that could harm the company. I just double up my Tencent position last week although it's still very small in my portfolio, may add more if it drops to 60 level.", "likes": 0}, {"author": "@andrewsharpe7630", "comment": "Added to my watchlist. I'm interested in dipping my toes in China stocks and crypto. \nI agree with the bull thesis that there is value and growth to be had in Chinese countries.\nAs to value in US stocks: there are some retail stocks like ASO and homebuilder stocks like CCS which are \"undervalued\" (P/E 7), but yeah, not much.", "likes": 0}, {"author": "@braydenmartin4199", "comment": "Thanks for another great video Brandon! Really enjoyed your take on Tencent as I have had it on the watch list for a while now. I agree with you in that strong financials will always prevail. Also if you make the investment you must have the stomach to not sell during those drops, as you invested for a reason... Longs all the way!!! :)   Cheers, and enjoy the fishing", "likes": 1}, {"author": "@jasonstupak4535", "comment": "Watched and liked, thanks Brandon!  I do own BABA, and now that 10 cent is down to 5 cent I started a small position of 60 shares for the long term.", "likes": 5}, {"author": "@m0nkm0de", "comment": "Investing in fascist dictatorships is a mistake.", "likes": 7}, {"author": "@CaseyBurnsInvesting", "comment": "Government risk is real. I think it\u2019ll work out though.", "likes": 2}, {"author": "@GubeTube19", "comment": "I would love a video about how to invest in INTERNATIONAL stocks. It's great for everyone to diversify and get some international exposure. I'm not sure how it's done (ADRs, OTCM, etc.). I use Questrade. Do you actually own the stock if bought from a US exchange vs their domestic exchange? What happens if a company in a country like China gets pulled from the stock exchanges in the USA. Do we lose our shares?  Great vid Brandon", "likes": 0}, {"author": "@chuckandary7115", "comment": "I like tencent what are your thoughts on baba", "likes": 1}, {"author": "@agonzales5813", "comment": "When are you going to send us those new shirts\ud83d\udc40", "likes": 0}, {"author": "@j.p.6228", "comment": "Good luck on the fishing trip buddy, post some highlights when ya get back!", "likes": 3}, {"author": "@j.p.6228", "comment": "Chinese stocks will always scare me a little, but there are some incredible opportunities", "likes": 23}, {"author": "@matty686801", "comment": "Make a video on these companies please!\n\nConverge Technology Solutions(CTS)\nAcuity Ads(AT)\nNext Green Wave(NGW)", "likes": 0}, {"author": "@bryantlim5934", "comment": "Hi Brandon, I like Tencent as a company as well. Do you have any thoughts on the VIE structure of TCEHY/Chinese stocks in general? Regardless of political headwinds (I agree that this is immaterial in the long term!), it is fact that $TCEHY owners are not really owners of the company, but just a passthrough company of the earnings.", "likes": 0}, {"author": "@scottmills524", "comment": "Are you worried about Chinese government cracking down on Chinese companies foreign exchanges?", "likes": 15}, {"author": "@a1738k", "comment": "Thoughts on DIDI?", "likes": 0}, {"author": "@pahuljanoha548", "comment": "Notification squad", "likes": 5}]