[{"author": "@beaviswealth", "comment": "\ud83d\udcc8\ud83d\udcda As always, if you're a beginner to the Stock Market in Canada and you're looking for a step-by-step blueprint on how to get started... Find out more about our Investing Academy here - https://bit.ly/theinvestingacademy\n\nIn this video, we'll answer the top money concerns that Zoomers and Millennials have.   Thanks to my Zoomer son Jesse for helping out! \ud83d\udc4d", "likes": 1}, {"author": "@Billybobber47", "comment": "is he reading a script?", "likes": 1}, {"author": "@MooseBeCanadian", "comment": "What are your thoughts on purchasing individual bank stocks vs an etf like ZEB? Obviously ZEB is cheaper so you can buy more shares but does that offset the MER and lower dividends?", "likes": 0}, {"author": "@mpTraveller87", "comment": "In a perfect world money management education should be done at home. The school system can\u2019t do it all. But in reality it doesn\u2019t happen obviously.", "likes": 0}, {"author": "@smallmj2886", "comment": "To defend the education system -- the trouble with saying that schools should be teaching this or that is that so many people have wanted to add so many things to the curriculum that the whole system has lost focus.  Also, many teachers that I know are notoriously bad with their money.", "likes": 1}, {"author": "@joeypeteza3554", "comment": "A video for the gen zs yep", "likes": 0}, {"author": "@joeypeteza3554", "comment": "\ud83d\udc4d\ud83d\udc4d", "likes": 0}, {"author": "@willkeen5010", "comment": "45 here. We got married in 2000. Built a smallish 1300 square foot house on my parents bush lot. Paid off the mortgage in 2008. Had our daughter in 2010 knowing we were dept free and felt we were ready. We invest our money and spend what\u2019s left.", "likes": 0}, {"author": "@juanperez-gh8bl", "comment": "Gran v\u00eddeo como siempre, definitivamente es un poco dif\u00edcil pensar a futuro, mi generaci\u00f3n quiero todo ya, pero creo que lo divertido del plan es vivirlo. otra vez felicitaciones a toda la familia por el nuevo bebe, puedo ver que es una casa llena de amor! viene el peque\u00f1o gran inversor hahaha \n\n\"great video like always, definitely it's a few difficult thinking ahead, my generation want everything right now, but I think that the fun of the plan is living it, other time, congratulations to all of the family for the new baby, I can see it's a house full of love! the little big investor comes hahaha\"", "likes": 0}, {"author": "@cheynebest7028", "comment": "It's sad but society does not want people to invest but to jump in a pool of debt to barely keep your head above it. If you change your mindset your life will have abundance and you'll be rewarded with financial freedom.", "likes": 1}, {"author": "@papytofu3796", "comment": "Buy now pay later is indeed something that needs to be understood much more clearly and financings are becoming easier and easier, with new solutions offering consumers to finance anything and risk living above their means. \n\nThe amount of people signing up for differed plans thinking they have signed up for an equal payment plan without interest or that do not understand that \"do not pay before....\" actually means \"have it all paid before X day or pay 21%+ interest\" is staggering.\n\nIt is very important for people to understand, indeed, that you are much better off waiting until you have the money to pay to buy than buy and wait until you have the money to pay. Life is made of all kind of ups and downs and who knows if someone will truly have the financial means to repay that couch/tv, etc 2-3 years down the line and those small installments on multiple financing plans do creep up when they stack!", "likes": 0}, {"author": "@bananahead44", "comment": "Gotta use the microphones!!!!", "likes": 0}, {"author": "@khuo0219", "comment": "I had an accounting teacher who taught us the basic of investing such as compound interest and rule of 72 in grade 12, also brought an investment advisor to talk to us. I thought it was the norm. Apparently not, and it is sad to see so many people languish in credit card debt, but it is good for V. \ud83d\ude12", "likes": 2}, {"author": "@theprovincial", "comment": "My lean costs more than my rent.", "likes": 0}, {"author": "@yeung180", "comment": "Gosh i was late to the baby news! Congratulations brandon! im so happy for you and for your family.", "likes": 1}, {"author": "@mahirhaque1801", "comment": "Credit can be used to leverage on financial assets as well no?", "likes": 0}, {"author": "@MountainFinance", "comment": "The zoomers definitely need more attention.", "likes": 0}, {"author": "@cjp9962", "comment": "Very nice and informative video please keep up the good work. Also I would like to see a video for 24 to 35 yr old adults money investment.", "likes": 1}, {"author": "@torontoBluejays87", "comment": "Great video guys. This one hits home for me. I\u2019m in my mid-30s and definately ticked a lot of the dots on your statistic list when I was in my 20s. No clue how to manage money. \n\nThankfully I was fortunate enough to have parents who more than prepared and got me started with no student debt because they saved early in my life. I have really never been in debt and started my self directed investing journey (albeit later than I should have). I am MUCH more disciplined in saving habits and spending habits than my 20s. I have a 18 month old son now and am already paying his way in his RESP and investing it smart to follow the indexes. This channel is a big help and helped me get comfortable doing things myself without the need of paying for an advisor or high fee mutual funds.", "likes": 5}, {"author": "@annehenderson7911", "comment": "Loved your perspective, Uncle Jesse. A huge congratulations on the upcoming baby to all family members.", "likes": 0}, {"author": "@andvfx", "comment": "Nice video!  For someone that leave Vancouver in part because home affordability totally feeling quite sorry for the yonger generations, it will not be easy. Will be interesting to have a video with Jessie, talking about in what he will invest the money, and if he sees any interest in companies that maybe a \"boomer\" will invest.", "likes": 0}, {"author": "@wdeemarwdeemar8739", "comment": "I started putting money in a 401k in 2006. Now have 1.6 million. Typical 7 to 3:30 pm job. Save first then don\u2019t buy crap. I had a flip phone until 2018. Know the difference between wants and needs. I drive a Honda Civic and guess what my wife drives.,, a Honda Civic.", "likes": 5}, {"author": "@valveman12", "comment": "What is the name of the song in the intro, and who sings it?", "likes": 0}, {"author": "@CaseyBurnsInvesting", "comment": "The money printer is really doing a number on Zoomers\u2019 futures.", "likes": 1}, {"author": "@summercherry123", "comment": "Beavis Family Enterprise\ud83d\udc4d\ud83d\ude03", "likes": 2}, {"author": "@unnecessary982", "comment": "zoomers \ud83d\ude02", "likes": 0}]