[{"author": "@beaviswealth", "comment": "Here's a fun take on our current market. Where do you guys think we are headed from here? Leave a comment below! Thanks for watching :D\n\n\ud83d\udcc8\ud83d\udcda As always, if you're a beginner to the Stock Market and you're looking for a step-by-step blueprint on how to get started... Find out more about our Investing Academy here - http://bit.ly/InvestingAcademy.", "likes": 5}, {"author": "@user-uy3eq5hg1s", "comment": "I don't think the stock market will be hurt by Biden becoming president as much as some investors think. He might not even get the votes to roll back the corporate tax cuts, and Biden is pretty much a moderate on the issues, he won't be radically changing the country like Bernie might have. Considering that under Trump the United States became the top infected country in the world, we have 50% unemployment, a global recession and mass riots... I'm willing to give the other guy a chance.", "likes": 0}, {"author": "@Creamy_Goodness", "comment": "The sound volume of your videos is too low IMO", "likes": 0}, {"author": "@michellem7747", "comment": "One of my more favorite videos you've made :)", "likes": 0}, {"author": "@painbrain1380", "comment": "So i dont get it, you recommend etfs over index mutual funds from banks but in this video you say dollar cost averaging is the way to go. Do you not know regular contributions to an etf is very costly ie. all the commission fees you will end up paying every time (eg, biweekly) you make a contribution??", "likes": 0}, {"author": "@Shunya505", "comment": "I'm new to all this and just enjoy listening to this as mostly a podcast with your thoughts and speculations.\n When you mention the financial crisis I have a hard time understanding this as a rookie. You look at the trend and say you put $2000 in figuratively as an investor before the down trend happens. And that becomes way below it's value when the financial crisis hits. Yes, you lost a lot of money of that 2000 but if you waited and kept your stocks bonds or whatever until it spikes back up  does it not recover to a higher  amount than it was originally? It doesn't make sense to me why people would sell at it's worst instead of just waiting for it to recover.", "likes": 0}, {"author": "@akshaykeli199", "comment": "Honestly there are Experts with many years of experience to their portfolio even with huge account \u0432alance, but still wor\u0138 hard to analyze and improve on how they trade style/technique. One to speak of is Mr Sam.j Avi who shares similar synopsis : to improve, update, enhance and \u043ca\u0138e better on daily trades. This applies more importantly to new traders and those with minimal e\u0445per\u03b9ence. Mr Sam.j Avi offers great assistance here. An analysis and improvement strategy gives you a \u0455\u0442r\u03c5c\u0442\u03c5red way of maximizing your potential while also capitalizing on the good part of yo\u03c5r trading and money management strategies. This helps you become \u043core prod\u03c5c\u0442\u03b9ve and pro\u0493\u03b9\u0442a\u0432le on a long run and creates a parad\u03b9g\u043c \u0455\u043d\u03b9\u0493\u0442 to the ever-changing market structures/conditions.\nFeel free to reach out to him via Whats App\u00a0 +12063177288 for steady and stable winning streaks.email,olympliteforex@ g m a i l", "likes": 0}, {"author": "@clairenie5907", "comment": "I laughed so hard when his phone rang and he actually looked at it!!! Brandon you are so funny and so chill, thanks for the insights and also your energy heart heart heart", "likes": 0}, {"author": "@MarcLetourneau", "comment": "I feel like the FED won't give up under the current administration. There's got to be some sort of long-term consequences for all the debt that's being accumulated now though. Thoughts?", "likes": 1}, {"author": "@geoffhuang2438", "comment": "Where's your bear video? I'm more bullish a year out, but I wanna see your bear case.", "likes": 0}, {"author": "@manisha7188", "comment": "Excellent video, keep up the great work!", "likes": 1}, {"author": "@kylestratton4943", "comment": "I think the markets will continue to be volatile until a vaccine comes out and the elections are done. Up, down in that time frame, I have no clue and don't really care too much.  Long term (5+ years), I firmly believe they'll go up from where we are today. Great video!", "likes": 0}, {"author": "@keertheekanthval2929", "comment": "I signed up for his course , requested phone call. He cancelled the phone call. May be he thought I can't pay him enough \ud83d\ude02", "likes": 0}, {"author": "@MrFirehazard", "comment": "Can you give us the best Canadian stocks in your next video?", "likes": 3}, {"author": "@Jessesbarbershop", "comment": "What is your opinion on the at home barbershop industry? Asking for a friend", "likes": 0}, {"author": "@shilyanmacwan8137", "comment": "Do you think DXY going more volatile or USD to see some down way from current level?", "likes": 0}, {"author": "@harryvirdi4095", "comment": "Right now, it is nothing like usual stock market but a pump and dump scheme. Robo Advisors are taking over and so is the Robinhood investors.\n\nBoomers who are investors like CEO of Omega Capital they are worried \ud83d\ude2f and don't see future clearly.", "likes": 0}, {"author": "@joshuagomina8188", "comment": "hi. can you do a webull review please", "likes": 0}, {"author": "@avikroy6816", "comment": "9:53 didn't know you can invest in tulips lol", "likes": 1}, {"author": "@robertmcmanus8465", "comment": "Japanifacation baby get excited zombie economy \ud83d\ude02", "likes": 0}, {"author": "@asdasdf8361", "comment": "Love it", "likes": 0}, {"author": "@anne-mariel3256", "comment": "Thx", "likes": 0}, {"author": "@whatdo690", "comment": "Regarding the video I do have a gut feeling that stocks will drop a lot but DO NOT use this to guide any investing decisions since timing the market for a regular person is impossible to do consistently. Though I admit it is very tempting to try and time the market lol.\nSomewhat unrelated to the video i'm curious what your thoughts are on Ben Felix. He believes (based on a lot of good research) that dividends should be irrelevant in stock picking and that lump sum investing is better than dollar cost averaging 2/3 of the time. It seems to me that these positions conflict with some of yours so i'm curious what you think.", "likes": 0}, {"author": "@marcelodimase7750", "comment": "Downtrend will likely last until July", "likes": 0}, {"author": "@judegom", "comment": "You should make a video on witholding taxes within ETF\u2019s if youre from Canada buying US indexes", "likes": 7}, {"author": "@moneyg3128", "comment": "12:27 the face you make when you've invested all your savings in airline stocks.  \ud83d\ude06", "likes": 2}, {"author": "@navjotbuttar2731", "comment": "Loblaw", "likes": 0}, {"author": "@BrittaWang", "comment": "If we don\u2019t have a severe second wave of coronavirus coming, it will go well at least for a while I think.", "likes": 1}, {"author": "@atown71", "comment": "I like these types of videos just start a podcast allrdy", "likes": 1}, {"author": "@davidsearle5817", "comment": "i just invested a ton of money at this \"peak\" and it's gonna be a long road watching the losses but i refuse to sell in the red (I'm holding good stocks and ETFs so it should bounce back). Damn it's gonna be a long year.", "likes": 4}, {"author": "@veetour", "comment": "Why should we bother forecasting? The best investors of all time stayed away from forecasts and invested in what is currently happening in the market. In other words, they don\u2019t make their fortunes on predicting the ups and downs of the overall market.", "likes": 0}, {"author": "@Jman3teen", "comment": "New investors: \"Brandon says market will go up. Invest everything in Canadian tire!\"", "likes": 10}, {"author": "@Kevin_Street", "comment": "Hi Brandon,\n\nThe only thing I can say with confidence right now is I have absolutely no idea what's happening. Everything is so weird. It would be really _nice_ if the market kept going up, but that seems unlikely. But then again, I had no idea we'd be where we are currently. I thought the downturn would last longer than it did. So who the heck knows.\n\nYou know when you're standing in the shallows at the seashore (or the lake or whatever) and you're standing firmly in the sand, then suddenly a wave comes in and takes you up and there's nothing under your feet but water? That's where we are now. It feels like everything is decoupled. The market is decoupled from the actual health of the economy, Canada is somewhat decoupled from the US (when it comes to the virus), the tech stocks are decoupled from the market... There's no solid ground any more.", "likes": 2}, {"author": "@tomahawk581", "comment": "10:57 Unexpected!", "likes": 4}, {"author": "@chuckandary7115", "comment": "I agree with you I don't belive its going to be a fast recovery....enjoy your videos keep up the good work much love from ONTARIO", "likes": 1}, {"author": "@zackaryfry1825", "comment": "I'm no expert by any means, I've only been investing since mid march,  but is there a chance that companies that were boosted by quarantine such as Netflix or amazon go down as the demand returns to normal levels pre quarantine?\n\nPs: I totally thought I was already subscribed but I just fixed that \ud83d\udc4d", "likes": 0}, {"author": "@FPSEli", "comment": "The American stock market and economy should be thought of as mutually exclusive, no? The stock market is more a representation of the wealthiest Americans and businesses. The vast majority of Americans don't own stocks. The majority (I think close to 75%) of Americans don't have $400 saved. In that sense their economy is not doing well. I have no doubts the stock market will be fine (at least the short term) - the fed has been injecting trillions of dollars into it.\n\nIt's a spinning top that will eventually fall over. Just a matter of when. \n\nHow is the American economy considered healthy when approximately 50% earn less than $40,000 per year with many of those people working more than one job?", "likes": 1}, {"author": "@alexmarshall2408", "comment": "Wheres the Portfolio Challenge update for June Brandan?", "likes": 0}, {"author": "@kohlisk", "comment": "Before Trump Administration, the rule was Stock Market goes up whenever the President takes the oath, as it brings in fresh hope to bump the economy. However, in current scenario, it might prove wrong as Market goes up constantly and once Trump is re elected it will further go up. What could then cause the market to go down in that case...!!!", "likes": 0}, {"author": "@vishunarang6789", "comment": "Be greedy when others are fearful , be FEARFUL when others are greedy !    ....... A great man said once", "likes": 3}, {"author": "@davidsitarek4107", "comment": "I mean I just wouldn't buy any new positions in this market....dont see why you wouldn't buy some if you are averaging down... ex: I have a big position in RBC averaged at $98, It went down to like $82 a month ago and and I just bought more and now my average is at $95, great success in my eyes lol! The market will go back up one day regardless so use this time wisely to do the same and fix some averages in your positions. You should not be investing in companies you don't see thriving long-term anyways, if you are then they are probably bad investments.", "likes": 4}, {"author": "@toumoreno", "comment": "Great video man ! Would you take profits on apple right now ?", "likes": 1}, {"author": "@thomasmatthews478", "comment": "Facebook, Apple, Amazon, Google and Microsoft were ridiculously overpriced  before the crash in regards to their cash flows vs market cap, imagine how overpriced they\u2019ll be in the next 6-8 months. I totally agree with you that there\u2019s a mini bubble and there will be a correction within the next year", "likes": 0}, {"author": "@Hananguyen.Realestate", "comment": "I should hv sold more of my stock when everything went up a week ago, such as Boeing airline were at 61% increase in total value lol. Hmmm I do think stock will go up again it's just matter of time.", "likes": 0}, {"author": "@domenicomarti-stockmarketi7714", "comment": "Like I always preach, the market always rewards investors who are patient in the end!", "likes": 2}, {"author": "@scottscriticalmass", "comment": "I think you hit it on the head when you said something along the lines of 'none of us know what direction the market is headed'.  The market is irrational and the swings on either end tend to be extremely irrational at times.  It's difficult to pinpoint where rationality ends and irrationality starts, since so much goes into the equation.  I know I'm not smart enough to make all-in or all-out market timing decisions, but I'm much more comfortable valuing specific companies and that's what I'm always focused on.  So, where is the market going?  My gut says we're on the higher end of irrationality and forced to guess, I think we'll re-enter bear market territory across all 3 of the major U.S. exchanges prior to end-of-summer.  That doesn't mean I'm selling out of all my stocks tho'.  Far from it!  As Brandon said, stick to your strategy and if you don't have one, follow Brandon's lead and build one...\n\nThanks for sharing the bullish case for the market today.  Always appreciate your programs Brandon.", "likes": 1}, {"author": "@mindbeyondmoney861", "comment": "I\u2019m feeling pretty neutral on the market right now. I think there\u2019s strong cases on each side of the bull/bear argument. Stimulus, jobs losses, low interest rates. I will just be hunting for deals as they do still exist in the market (regardless of the overall market). Great video though man!", "likes": 0}, {"author": "@judegom", "comment": "Hey man loving the videos lately! Just a question. Would you reccomend VSP as a S&P 500 etf? Its hedged and im using a TFSA so id have to pay witholding tax if i went eith VFV or VOO. However with VSP there wouldnt be that tax. Just curious to see what you tink", "likes": 1}, {"author": "@monopolymoneycouple7356", "comment": "I'm very much of the mindset to stay the course and not try to time the market. But we're in the position now to be able to invest more for retirement this year but with more financial obligations in the years to come. Should we be trying to even out our investing over the next few years and save more now rather than investing extra? Or just not worry about it and invest whatever we can regardless of what the market is doing?", "likes": 0}, {"author": "@straightouttacompston3179", "comment": "Hi Brandon, great video bro. Personally I believe the market will get worse before getting better. New cases of the virus in china and cases rising again in north america will cause fear. And fear usually means the market drops! However I'm not worried, I just see it as an opportunity to buy cheap stocks! Keep doing your thing bro", "likes": 1}, {"author": "@InvestingEducation", "comment": "I think it can", "likes": 0}, {"author": "@carlossidarraga", "comment": "40% Of my portfolio in Gold, Cash and Bonds. Protection is key in times of volatility. Holding those stocks that I believe will get more valuable in the long term.", "likes": 2}, {"author": "@Sabrina-tk6yv", "comment": "Dollar cost average every week, focus on the long term, collect dividends, and never try to time the market.", "likes": 11}, {"author": "@wantongaming6473", "comment": "I can really see the dedication and effort you put into your videos to educate beginners. Thank you very much \ud83d\ude4f", "likes": 4}, {"author": "@turbofanlover", "comment": "Veeeery risky time to be getting into the market right now, IMO.  Very risky.  Better prices are coming...and patience is a virtue.  :)", "likes": 10}, {"author": "@aswinghimire4835", "comment": "Please make a video but on the bear sude", "likes": 2}, {"author": "@StockInvestmentAnalysis", "comment": "Unfortunately, what the Fed does it probably the biggest contributor to where the market goes. As the Fed props up the stock market and people escape devaluing cash into appreciating assets, we may continue to see this market grow. The rock bottom interest rates shift the way the market will look and valuation as well.", "likes": 2}, {"author": "@kunamutas8941", "comment": "In my opinion, I think they will do whatever it takes to keep the market going up until elections", "likes": 4}, {"author": "@investingwithwilliamtherob2834", "comment": "People forget that banks did this in 2008. Selling clients shit because they want to offload their shit stuff.", "likes": 1}, {"author": "@CaseyBurnsInvesting", "comment": "Bonds and savings look like a really bad option here. I think that\u2019s the big drag causing the confusion. (Gave you a shoutout in my most recent video) keep up the valuable content :)", "likes": 0}]