[{"author": "@orionsentry", "comment": "Too many Chinese money laundered & Punjabi gangsters ruined VanHong \ud83d\ude2e", "likes": 0}, {"author": "@420troll4", "comment": "manitoba does NOT allow you to grow recreational cannabis so they can keep their 4 bedroom house and hideous prairie winters", "likes": 0}, {"author": "@chwrt", "comment": "Unfortunately, as a science major (and for many others) there's not a lot of job opportunity outside the big city, so I'm stuck living there as a renter, buy a shitty house or condo in the city for insane prices, or move away and just land myself a shitty job outside my field to be able to own a house...", "likes": 0}, {"author": "@rohanrath", "comment": "What are some upcoming places in BC?", "likes": 0}]