[{"author": "@beaviswealth", "comment": "What are your favourite Canadian dividend stocks? Leave a comment below! :D \n\n\ud83d\udcc8\ud83d\udcda As always, if you're a beginner to the Stock Market and you're looking for a step-by-step blueprint on how to get started... Find out more about our Investing Academy here - https://bit.ly/theinvestingacademy", "likes": 15}, {"author": "@torenatkinson1986", "comment": "0:00 intro \n1:26 Fortis (electricity and gas)\n2:55 Manulife  (insurance, financial services)\n5:15 TD (#9 in top 10 fossil fuel financing bank)\n6:30 Suncor (oil)\n8:50 Canadian Utilities (Calgary natural gas & electricity, division of ATCO)\n10:04 Bell Canada (telecommunications)\n12:10 Nutrien (potash fertilizer)\n14:30 CN (freight)\n17:06 Metro (supermarket/food retailer)\nNice to see a couple of non-fossil fuels options on this list! Hope to see a video on ethical stocks some day.", "likes": 1}, {"author": "@TheJoker91339", "comment": "Suncor (SU.TO) currently has a payout ratio of 4,200%. Moreover, their dividends have halved since March 2020 and have not increased in 2021. So, considering all that, is it still a good investment?", "likes": 0}, {"author": "@veesoho93", "comment": "amazing thank you, i was already thinking of metro ( i already do my groceries at metro and SuperC, and brunet pharmacies )", "likes": 0}, {"author": "@67cici", "comment": "What is a forward ratio pay out amd how do you know how to determine if this is a good thing \ud83e\udd14", "likes": 0}, {"author": "@thefozzybear", "comment": "Like to hear your opinion on Scotiabank.  Great video.", "likes": 1}, {"author": "@chadwick228", "comment": "What would you change about this video current time? Would you still reccomend each of these? Thanks for the content", "likes": 0}, {"author": "@erwnundrafted", "comment": "Best ETFs in Canada", "likes": 0}, {"author": "@bernadettesanche", "comment": "What is your opinion on oil (believe me I'm pro oil and proud of the ethical sourcing here.) and the politics of Canada stunting that, along with now US politics stunting it as well with canceled projects? Also, with hydro and electric coming in (rumored laws like it being illegal to own a gas car by 2050 etc) how safe would you say energy is long term? Many of my friends completely pulled out of oil and put into EV. Thanks.", "likes": 1}, {"author": "@ThePaneerman", "comment": "Can you do a video on the limitations of investing from a TFSA account?", "likes": 0}, {"author": "@Camps2630", "comment": "How do I know which stocks give dividends, and shouldn\u2019t I just buy all these if I see a drop in price?", "likes": 0}, {"author": "@danielgouveia1151", "comment": "what's your thoughts on suncore over enbridge ?", "likes": 0}, {"author": "@danpatel8581", "comment": "BCE pays good dividend but I would not invest in company with 131% FWD Payout ratio.", "likes": 0}, {"author": "@15jstone", "comment": "The word you were looking for with the telcoms is Monopoly. They\u2019ve colluded to create a Monopoly. That was proven when Verizon was threatening to come into Canada several years back.", "likes": 0}, {"author": "@joelr.8384", "comment": "Wish u found you sooner TD is almost 15 dollars up\ud83d\ude2d", "likes": 0}, {"author": "@MegabrownForever", "comment": "Glad you covered the Canadian Market for dividend stocks. No withholding taxes on those dividends if you are a Canadian resident for tax purposes :)", "likes": 0}, {"author": "@roberttaylor3594", "comment": "Vitreous glass inc.  small company since 1996. 15% dividend. Price in the mid $3 range.  Not a lot of info on it, so I view it as risky and put in \u201conly as much as I can afford to lose\u201d.", "likes": 0}, {"author": "@nevillejames2200", "comment": "Great video again", "likes": 0}, {"author": "@AG-gh4ju", "comment": "Your videos are so informative but it's still all over my head and under my feet. What advice do you have about having someone take care of investments for me? I guess like a broker? Do you do that?", "likes": 0}, {"author": "@denitanasavard6767", "comment": "how much does it cost to join the academy?", "likes": 0}, {"author": "@FrancisDGM", "comment": "BMO!", "likes": 0}, {"author": "@axyevwue_4515", "comment": "\u0431\u043b\u0430\u0431\u043b\u0430", "likes": 0}, {"author": "@justingt3rs", "comment": "you mention Buffet for Suncor but not Bill for CN !?", "likes": 0}, {"author": "@benharrop6157", "comment": "Finally, someone who know what he is talking about,I have made a few investments in individual companies, There are so many stocks going to rocket in the long run... right now safe to invest in an ETF that tracks the S&P500 and ride it out. I put $140k into some growth stocks with a Financial advisor/broker handling my portfolio(Lucy Maria Koss.. look her up) some of my picks are, NVR, LISP.SW, SEB , VOO,DOWJ, BRK-A, AAPL,IVV, NYSE, NASDAQ, TSLA, I've gotten 58% return so far this year , I'll see where it goes...fingers crossed\ud83d\ude04", "likes": 7}, {"author": "@03MTD", "comment": "Good video mate! did you work at Air North be4?", "likes": 0}, {"author": "@zelonelywolf6240", "comment": "Hi, first of all I'm new to this DIY portfolio management and consuming a lot of content this past week. Want to say thank you for your channel and the content you give. I do have a question regarding the research process. At @5: 45 you show some information on the TD bank dividend summary. My question is where do you get those information? You put that in excel your self or its a screen shot on a website. I have a hard time getting to those key information. thanks in advance just sub and will be looking foward to more good videos :)", "likes": 0}, {"author": "@ChristopherTroyCagelet", "comment": "Good job man! Very informative! YOu need to make more videos like this!", "likes": 1}, {"author": "@idreceghadie", "comment": "To earn dividend of one of these company\u2019s, do you have to buy a share or just invest in it through your TFSA? Sorry im kinda new to this", "likes": 0}, {"author": "@LamboLapdog", "comment": "\ud83e\udd2f", "likes": 0}, {"author": "@pluggedinprofits.", "comment": "Hey Brandon! Great video and content man, i'd like to know what site you use to research the dividend growth \ud83d\ude4f\ud83c\udffe", "likes": 1}, {"author": "@darian.c.c", "comment": "Any comments on RioCan??", "likes": 0}, {"author": "@colinferguson2413", "comment": "One great thing about MFC stock (as well as other insurers) is how their underlying earnings will torque as interest rates go up. Because they have such stringent reserving requirements on their products, the return these reserves can generate is very much tied to the key interest rate.", "likes": 0}, {"author": "@rahulchawla8693", "comment": "Hey! \n\nHow do you figure out how often the company pays dividends??", "likes": 0}, {"author": "@ryanwang2572", "comment": "When\u2019s your merch coming out??", "likes": 1}, {"author": "@imgprodiksyon1414", "comment": "Hey man, I just signed up to your channel.  I want to congratulate you for the contents of your videos. Great stuff !\n\nI have a question, I you live in Canada can you use an American broker like robinhood or ameritrade ?\n\nSecondly, is investing country related in the sens that if you live in Canada you can't invest in the NY stocks exchange ?\n\nThanks for your answer \ud83d\udc4d", "likes": 0}, {"author": "@ryankowalchuk8493", "comment": "Liked your vid. One thing I was a little confused about was suncor. They cut their dividend 66% back in April 2020. So your comment was a little off.", "likes": 0}, {"author": "@kyaghleah", "comment": "Awesome. I would love to hear your thoughts on balancing between Dividend stocks like Pfizer and a growth etfs like ARKK. If I buy 100 $50- shares of each, which is going to provide a bigger profit over 2   years? Your thoughts on the pros and cons?", "likes": 0}, {"author": "@timw4369", "comment": "You are how old? Your giving advice  about stocks. What makes you an ecpert? C'mon man you have no experience stock picking is gambling investing can't be gambling and is a long term game. Fortis could be dead in 10 years due to climate change", "likes": 0}, {"author": "@OscarHanzely", "comment": "I feel I need a hands on numbers example on dividend growth stock. As he is mentioning that low dividend company with steady growth can pay out a lot, I am wondering how that works ? Any real number example in previous videos ?", "likes": 0}, {"author": "@littledaddy391", "comment": "ok may i ask this..if i invested in Canadian stock is there a tax on any investments  ? other than US tax", "likes": 0}, {"author": "@ADobbin1", "comment": "Nutrien Merged with Potash Corp, which you may be more familiar with, a couple years ago.", "likes": 0}, {"author": "@emileantoun5415", "comment": "Fascinating video", "likes": 0}, {"author": "@brettreynolds8014", "comment": "Is your Nutrien graph accurate as the ticker has only existed for the last year or so. Nutrien is the result of Potashcorp merging with Agrium. Just wondering how you evaluated that. Thanks.", "likes": 0}, {"author": "@cutiecatboy", "comment": "I like the metro one, but aren't you worried that amazon will take down every grocery store eventually? I don't know, seeing it's growth recently, I've started seeing this as a possibility.", "likes": 0}, {"author": "@davidlarose8808", "comment": "You should check WFT and CFP with the price of the lumber rn!", "likes": 1}, {"author": "@salvadorcoling8403", "comment": "Your show is very informative. My view in investing is same as your. 100% of RIF is in dividend paying stocks and ETF. Will share your video with my friends and kins. Thanks.", "likes": 1}, {"author": "@sc3639", "comment": "buy more cryptos.  I used to think stocks were the way to go.  Not anymore.  Then next bull run is going to happen soon with the cryptos.  Better get in soon", "likes": 1}, {"author": "@Goldsavergamer", "comment": "MFC is good, I\u2019m also invested in IPL and ARX. All three good dividend payouts even with recent dividend cuts meaning company/dividends staying viable.", "likes": 0}, {"author": "@kingmiked", "comment": "Check Alaris!", "likes": 0}, {"author": "@canadiandividendinvestor9740", "comment": "SU reduced it's dividend a little while ago.", "likes": 1}, {"author": "@THEFOODDEE", "comment": "can you do a etf dividen passive income video", "likes": 2}, {"author": "@THEFOODDEE", "comment": "nfld my home :)", "likes": 0}, {"author": "@THEFOODDEE", "comment": "awesome video brother", "likes": 0}, {"author": "@paulcarman269", "comment": "FTS and TD are my two Canadian lifelong stocks that I\u2019ll always slowly add to", "likes": 2}, {"author": "@DaliPerez", "comment": "I am testing you to see if you actually read all of the comments :D", "likes": 1}, {"author": "@doromd652", "comment": "Great video! Thanks for the detailed Information about what every company does - I\u2018m from Germany so I don\u2018t know a lot of canadian companies yet, but they seem very interesting to invest in! \ud83d\ude0a\ud83d\udc4d\ud83c\udffc", "likes": 0}, {"author": "@IronG_TFT", "comment": "Do you plan on making a video on how you do your research?", "likes": 1}, {"author": "@TheVicky723", "comment": "Can international students invest in Canadian stocks or Mutual funds ?", "likes": 0}, {"author": "@a004", "comment": "Thank you for listening to your subscribers and adjusting your content to the Canadian market. This is your best video yet. \n\nRequest: video on Canadian growth stocks?", "likes": 0}, {"author": "@Ronnie92923", "comment": "Hey Brandon,\n\nWhat do you about Air Canadas stock and current situation right now?\nShould I buy their stock? Or is there another airline stock that you think has a higher chance of rebounding once covid is over.\n\nThanks for your help!", "likes": 5}, {"author": "@bartmostowiak5253", "comment": "Absolutely 100% gorgeous background set up. Garbage stock advice tho. Just kidding haha. The professionalism and production quality of this channel has grown like Emera's dividend (I know you know that means and it means its pretty damn good!)\n\nSeriously speaking, keep on with this channel. I'll gladly fun your investment portfolio for this kind of advice. Excellent production, excellent advice delivered by a neighbour Canadian!", "likes": 1}, {"author": "@larryspiller15", "comment": "Not sure how big of a fool you have to be to buy an oil stock for long term dividends lol", "likes": 0}, {"author": "@derekcox6531", "comment": "I personally own Telus,but you\u2019re absolutely not wrong that BCE is a great company. Nutrien is a good one as well,I owned it when it was Potash and I own it still. Great dividend,and a solid company.", "likes": 0}, {"author": "@nicolasmartineau923", "comment": "Thanks for this great video Brandon! I own many of these stocks. What do you think about SIA, CSH-UN and NPI-PC?", "likes": 0}, {"author": "@MrSami-ve2fi", "comment": "Didnt Suncor cut their dividends last Q? Streak should be over", "likes": 0}, {"author": "@krubavaratharajah617", "comment": "Hey Brandon, I love the CNR stock... What do you think about the Riocan REIT STOCK? is it a promising stock, do you think it'll be back to its pre-covid  highs and yes pls continue these Canadian stock videos! Amazing job bro!", "likes": 3}, {"author": "@kidrobot1523", "comment": "Hey Brandon, great video! Just wondering if you could make a video about international companies? My portfolio is lacking businesses overseas", "likes": 0}, {"author": "@brianlee5260", "comment": "Fascinating video! \ud83e\udd17", "likes": 0}, {"author": "@jump312", "comment": "just added in some more TD to my portfolio today!", "likes": 0}, {"author": "@akwsd89", "comment": "In gold we trust", "likes": 0}, {"author": "@denzelperez5949", "comment": "How do you know when dividends are paid out? Is there a place on questrade where you can check to see if you've received a divident payment?", "likes": 0}, {"author": "@wantongaming6473", "comment": "Thank you for the great video \ud83d\udc4d  most of the stocks you mentioned are very established and secure for long term growth. Also where is RBC ?!!!", "likes": 1}, {"author": "@Bolensgoldrush", "comment": "Great vid, but good lord I can't stand PPCIAN.  He actually has such a flawed outlook on the market.  In his video on the Dividend Irrelevance Theory, he literally gets the definition of the theory wrong and then proceeds to make various arguments about the theory.", "likes": 0}, {"author": "@Sergio_Ro", "comment": "hey Brandon, great video again, thanks for all the info you're sharing with us. Would it be possible for you to make a video showing how to invest in stocks/ETFs? meaning how to analyze a stock, the parameters, etc when you want to invest in a new stock, in your videos you normally share few stocks that are good stocks to invest in, for beginners or even people who already has experience investing I think it would be great your point of view when you are interested in expanding your portfolio. Thanks so much!!", "likes": 5}, {"author": "@manisha7188", "comment": "Awesome video, one of my favourite!", "likes": 0}, {"author": "@KP-yi4nu", "comment": "Fascinating! \nKeep the canadian content coming! \n\nWould love to see a deep dive on AQN. or CU. ?", "likes": 6}, {"author": "@daebeomaidenyeom9612", "comment": "Great stuff as usual, Brandon! Stay invested, stay stonned :) hi from sunshine coast. I am not sure if it's worth pointing out but when you were explaining TD bank's payout ratio, you said 85%, instead of 58% :)", "likes": 0}, {"author": "@anthonyc7214", "comment": "Awesome video! Thanks for listening to the comments on the other one", "likes": 1}, {"author": "@lucasdtk", "comment": "Hi Brandon, could you please tell me what's the average or approximate income tax I'd pay on these dividends here in Canada? It doesn't need to be an accurate answer, a rough guess is fine for now. Thanks so much, keep feeding us with great content!", "likes": 1}, {"author": "@ecuasteelo", "comment": "Great video Brandon. Can we get an updated video on growth stock picks? Ty.", "likes": 1}, {"author": "@canadiandividendinvestor6772", "comment": "Got into CNR two weeks ago at $128.81 for 20 shares.  I\u2019m excited for that one", "likes": 1}, {"author": "@duffporteous1039", "comment": "Thanks for the Canadian ideas! What am I missing in the CN and Metro dividends?", "likes": 0}, {"author": "@shakilmirza4368", "comment": "Hi Brandon, Is there a way to find Canadian companies that are newly paying out dividends? My idea is to find a new company that after research can benefit from both its growth and dividend.", "likes": 0}, {"author": "@kevinrock500", "comment": "Longest streak dividend would be BMO", "likes": 1}, {"author": "@cesardrudi8238", "comment": "Im going to start researching Canadian Utilites, it might just be my next buy. Need to know a bit more about their revenue streams. If they have a decent part of income from water its even better. Will also look at Nutrien, that stock chart worries me a bit but I think food production has a bright future.", "likes": 0}, {"author": "@vishantpatel6990", "comment": "Canadian Tire could have been on the list.. just saying...", "likes": 0}, {"author": "@paulsantori8920", "comment": "Time to add Canada's almost dividend kings to my portfolio! Another great video B.", "likes": 0}, {"author": "@gregoryforrest8970", "comment": "For young people you can invest in companies like Metro because your young if your over 60 you might not want to wait 20 years to realize any serious gains.", "likes": 4}, {"author": "@gregoryforrest8970", "comment": "Yup I watch PPCian too, as well as a number of stock preachers online. Lots of good people out there all with lots to share that we can learn from.", "likes": 0}, {"author": "@SunnyUBC", "comment": "Great coverage. Nutrien is an underdog and yesterday their q2 results came out quite positive. \n\nWhat about NFI.to? I think thats a solid dividend company with strong fundamentals, thoughts??", "likes": 1}, {"author": "@davidjames1172", "comment": "#GainMoneyAndTricks", "likes": 0}, {"author": "@desoztopdesoz2456", "comment": "I always take investing advice from teenagers,  especially from vancouver", "likes": 0}, {"author": "@CassieAran", "comment": "GREAT CONTENT!! Let me just share to you a quote, \"A wealthy person is simply someone who has learned how to make money when they're not working.\" - Robert Kiyosaki. You become financially free when your passive income exceeds your expenses!", "likes": 13}, {"author": "@nighatnaqi6797", "comment": "You deserve a \ud83d\udc4d", "likes": 0}, {"author": "@highrollaXRS", "comment": "HMUS, about to explode", "likes": 0}, {"author": "@FPSEli", "comment": "Solid list. \n\nDo you try and keep any amount of cash in your portfolio/account? And if so, is there some criteria that must be met for you to consider deploying it?\nAlso, do you ever look for potentially risky but also potentially high growth stocks? What amount of risk are you willing to take on and what are the reasons for and against?\nThanks.", "likes": 0}, {"author": "@FeedMeTechno", "comment": "SAND ! But for capital appreciation", "likes": 0}, {"author": "@eeeli2302", "comment": "Thanks for the video. :) Can you do a video on green energy in Canada?", "likes": 0}, {"author": "@Deepsmg", "comment": "What are your thoughts on buying high yield dividend ETFs?", "likes": 4}, {"author": "@Wavyyyaf", "comment": "You killed this Brandon \ud83d\udc4c great vid", "likes": 0}, {"author": "@LarvisK10", "comment": "This is one of your most helpful vids! Thanks", "likes": 0}, {"author": "@jamesu571", "comment": "I work at a Nutrien mine!", "likes": 0}, {"author": "@chizzzgaming", "comment": "I have been looking for a high interest yield savings account in Canada but I cant find anything above 0.20% any thoughts", "likes": 0}, {"author": "@srowden337", "comment": "Hi Brandon, love your content, keep up the great work! Wanted to know what do you think about Genworth MI Canada inc. (MIC.TO)? I'd consider it as a dividend stock since it has a 6% yield, but it also has had great capital gain in the past few years (+110% over 5 years before covid-19). It's a mortgage insurance company and the stock is down 35% YTD. Definitely find it fascinating and would love to hear your opinion on it! Cheers!", "likes": 0}, {"author": "@jasonstupak4535", "comment": "Thanks Brandon!  I own many of the stocks you mentioned.  I don't own Rogers or Shaw, plus I believe their dividends weren't increased this year.  Bell or Telus are better options in my opinion.", "likes": 3}, {"author": "@canadianinvestor5682", "comment": "Hey brandon! Great video, i have just started showcasing my dividend portfolio, you have inspired me allot keep the great work up! I do love Nutrien , not really on the mainstream media", "likes": 1}, {"author": "@polestar707", "comment": "Another great video!  Keep it coming! :)", "likes": 0}, {"author": "@yknarfgnat", "comment": "Another banger as usual baby!", "likes": 0}, {"author": "@105tacos7", "comment": "What's ur opinion on the Frontline Stock? Amazing video BTW!", "likes": 1}, {"author": "@vaibhavchadha5577", "comment": "Great video! \nI always see you talking about TD Bank to go around investing in financial market. Would love to see a video by you, comparing TD Bank stock to other major banks (RBC, CIBC, Scotia, BMO and NB) and probably even talk about ZEB.TO (Banks ETF).", "likes": 19}, {"author": "@thepayneboy804", "comment": "Just wanted to say I\u2019m thinking of getting in to investments and these videos have really helped thanks", "likes": 4}, {"author": "@reptilianskin", "comment": "I own many of these stocks. And the ones I don\u2019t own are on my watch list.", "likes": 4}, {"author": "@andrewpinto9248", "comment": "Toromont industries review please", "likes": 0}, {"author": "@muazamkhan6906", "comment": "Can you suggest any medium risk but potentially good reward stocks in north America?", "likes": 0}, {"author": "@amolgill7480", "comment": "Great list ! You should do a video on European and other international markets!", "likes": 1}, {"author": "@goalaspect", "comment": "Great video  - what website has the dividend summary that you show?", "likes": 1}, {"author": "@tommytran7954", "comment": "Hi Brandon. What do you think about Enbridge? I didn\u2019t see it in your list", "likes": 0}, {"author": "@samghabbour", "comment": "Great job man!!!   \nwhat do you think about PSLV as a physical Silver investing?", "likes": 2}, {"author": "@kingbell3797", "comment": "Remember to check your LinkedIn for add requests. I appreciate this content. Cheers!", "likes": 2}, {"author": "@xaeon_thesandbox", "comment": "I learn something new,,its so fascinating..", "likes": 0}, {"author": "@darylbrice", "comment": "I don't like any oil-based stocks as this decade we will be transitioning from gas cars to EV's and to renewable energy. I own RNW.TO, just over 6% dividend, renewable energy provider, the parent company is a 100 year old company.", "likes": 4}, {"author": "@Bondanalloy", "comment": "great picks. i use the dividend all star list to pick companies yielding over 4.75% and with close to 10% growth rates as long term as i can find. imagine getting a 10% raise every year on your income! Also <3 on CU.TO. my favourite along with ENB.", "likes": 1}, {"author": "@WaysToWealth", "comment": "Great coverage on Canadian stocks!!\nI am looking to get into Nutrien but the commodity factor is holding me back. \n$TD $BCE $MFC", "likes": 0}, {"author": "@DanyalRashid99", "comment": "What site are you using to show the dividend statistics?", "likes": 0}, {"author": "@ab.4425", "comment": "Excellent Video Brandon!!  You could talk about what stocks you think are good options for capital appreciation in US and Canada!!  if possible!! Thank you Brandon!!", "likes": 0}, {"author": "@cookshackcuisinista", "comment": "Thank you Brandon! Fortis, manulife, Td bank, Suncor, CU, Bell, ntr, CNR, Metro", "likes": 2}, {"author": "@WhooptyDoo", "comment": "*F A S C I N A T I N G*", "likes": 0}, {"author": "@anthonyc7407", "comment": "Thanks for the shoutout and Canadian list!", "likes": 0}, {"author": "@camilosad1979", "comment": "great one, thanks for sharing!", "likes": 0}, {"author": "@ExtremeComments9", "comment": "Thanks for sharing your knowledge Brandon! \ud83e\udd1f If I didn't stumble upon channels like yours I probably would have fell for those annoying instagram Forex pyramid schemes that everyone is hopping on these days.", "likes": 3}, {"author": "@beaviswealth", "comment": "What are your favourite Canadian dividend stocks? Leave a comment below! :D \n\n\ud83d\udcc8\ud83d\udcda As always, if you're a beginner to the Stock Market and you're looking for a step-by-step blueprint on how to get started... Find out more about our Investing Academy here - https://bit.ly/theinvestingacademy", "likes": 15}, {"author": "@aswinyeoh8163", "comment": "Finally Canadian market.\nTired of seeing US market. Everyone doing US market but not many doing Canadian market.", "likes": 98}]