[{"author": "@alwayspositive999", "comment": "Great video Marc - would you say the same for Target funds too ? Please advise thanks", "likes": 0}, {"author": "@kathleen8092", "comment": "I don't currently know enough to jump to ETFs and cheaper fees for my \"nest egg\". As I learn more, I feel more confident discussing funds and fees. So far I got a decent fee and I am able to discuss options and concerns with my RBC advisor. I keep myself up to date and she has been helpful. Once I have more time and knowledge I will reassess.", "likes": 0}, {"author": "@siam9845", "comment": "Wish I had heard this 20 years ago.  Thank you so much for this information.  Loving being DIY!", "likes": 0}, {"author": "@hollyvipond", "comment": "Small but significant correction: the *advisor* does not get that 1% trailer. That goes to the *dealer*, and the advisor only gets a portion of it.", "likes": 0}, {"author": "@autokanada", "comment": "Is it fair to ask my financial Advisor how much IN FEES THEY TAKE FROM MY ACCOUNT PER YEAR?", "likes": 0}, {"author": "@annehenderson462", "comment": "Thanks, Marc. Been there, done that.", "likes": 0}, {"author": "@Carol8693", "comment": "\u201c they have to be fair \u201c love that ! ... for more people like you \ud83e\udd42", "likes": 0}, {"author": "@alwayspositive999", "comment": "Great vid Marc - thanks.  Jw how do you decide on the proportions for each of those allocations to meet yr individual needs - eg bond / equities etc - prob an insight into asset allocation and how to divide the total funds u hv into separate sections ( based on needs) - may be an interesting vid for many viewers. Yes you r right- bal funds hv higher mer . 2) in the example shown- the mer cost wud be higher( as u hv taken only the 1% trailing fee vs the 2.13% total) right ?", "likes": 0}, {"author": "@kylewright7666", "comment": "brandon beavis investing youtube channel\ncanadian in a t shirt youtube channel\ndiy index investing with justin bender youtube channel\neverything money youtube channel\ntalking real money podcast and youtube and radio show\nthe canadian investor podcast", "likes": 1}, {"author": "@MountainFinance", "comment": "I like this video Marc! You are very right in that you always need to be be conscious of the math in regards to fees and if you have an advisor, their commissions and any other fees that may be involved.", "likes": 1}, {"author": "@graemerichardson8748", "comment": "Seems like your beef is with high cost mutual funds and not balanced funds or asset allocation.\nA RoboAdvisor will have much lower fees while being balanced or you can just buy VBAL for MER of 0.24", "likes": 0}, {"author": "@DavincisGirl66", "comment": "I had my first retirement planning with a big bank. What did they recommend? Moving all my funds into balanced.", "likes": 1}, {"author": "@jasonstupak4535", "comment": "Great video, thanks Marc!", "likes": 0}, {"author": "@jessehamlin3420", "comment": "Great video Marc!  Have got experience w RBC mutual funds as well, ditched them years ago for etfs and stocks", "likes": 0}, {"author": "@situzifeng", "comment": "oh boy 2.13% MER is pretty bad, but I've seen my parents hold mutual funds that had an eye popping 3.8% MER.", "likes": 5}, {"author": "@eagerbeever22", "comment": "I work for one of the Big 5 in Canada & as soon as your account hits $50k we automatically convert your portfolio to a premium class &  fees are reduced by 3/4 so like a 2% one becomes 0.5% so huge reduction.", "likes": 3}, {"author": "@alexandrecontr", "comment": "I honestly don't understand why anyone would invest in a mutual fund when ETFs are much cheaper and so easy to buy.", "likes": 2}, {"author": "@Northern_Squirrel", "comment": "Great video Marc, I have done a similar analysis using VEQT as this etf holds 4 other ETFs within, VUN, VCN, VIU and VEE. Based on my analysis every 1000 invested in VEQT costs 2.40 but if you hold its components separately the total cost is 1.45 for the same 1000 dollars and holding components also have a higher yields as well. And the best part is, as you pointed out, we can decide what percentage of each etf we would like to invest within our portfolio. For this reason, I bought its components rather than one ticket etf VEQT.  \n\nFurther to this, I also switched ZSP for VUN and XEF for VIU to spice things up. This way my money is not all tied up with vanguard but with vanguard, ishares and BMO. This is so much fun and I save some money in fees.", "likes": 2}, {"author": "@veeo987", "comment": "It hurts to see these MERs when you know you could buy a low cost ETF like VFV and pay 0.09%.", "likes": 8}, {"author": "@derekcox6531", "comment": "There\u2019s was a time a few decades ago (I guess) when mutual funds and the scumbags who push them\u2026I mean \u201cinvestment advisors\u201d \u2026were basically the only option we had if we wanted to invest in the markets. After working for about 25 years and Investing with my slippery bazterd\u2026I mean,\u201dinvestment advisor\u201d for several years. I realized the guy was (as the kids say) gettin paid!  And my balanced fund wasn\u2019t paying ME all that much!!  Man did I get soaked on those trailing fees when I flushed that clown,but I learned a valuable lesson. Nobody should care about my money more than I do.  Now days with robo advisors,ETFs, and at home trading platforms the investment world is a different world. Great episode Marc!\ud83d\udc4d\ud83d\udc4d\ud83d\udc4d", "likes": 4}, {"author": "@MegsCarpentry-lovedogs", "comment": "holy crap! Marc!  I will need to watch your vid a few more times to follow all the layers you mentioned. Youtube is accommodating that way, pause, listen again, etc.  This trailer fee issue.  So does that mean when mention of a trailer fee shows up, when in the process of buying an investment say with bmoinvstorline, it is indicative that the investment  is a \"mutual fund\" sort of vehicle?   I will spend some time researching the answer while I wait to possibly hear from you, Marc.   In the meantime, I will be researching names of Mutual funds. I remember a few decades ago I learned to never buy a mutual fund again once I found how much of the \"slice of the pie\" management(s) were taking.  Thanks for this topic Marc!  Verrrrrry  Interrrresting\ud83e\udd14\ud83d\ude33\ud83e\udd74       \u263a\ud83d\ude4f\ud83c\udde8\ud83c\udde6", "likes": 0}, {"author": "@HamiltonRb", "comment": "Why anyone thinks they get more value from a balanced mutual fund with high fees than simply buying VBAL or XBAL with a fraction of the cost, is beyond me.  It is difficult enough to save up for your own retirement without saving up for some mutual fund salesperson\u2019s retirement as well", "likes": 18}, {"author": "@hashbrown9245", "comment": "Just a correction, a lot of these funds, once you have more than 200K assets, become series F funds and the MER decreases", "likes": 4}, {"author": "@willkeen5010", "comment": "Good video Marc! Can\u2019t lie, a majority of my rrsp is in RBC\u2019s select balanced fund and it has done well these last 25 years as when your young, it was easy and seamless to get started. Yes, it has quite a high mer vs say etfs. As of late (8 years), I have been building a portfolio of individual high quality dividend stocks in the various sectors but still keep my select balanced as a hands off cruise control approach to part of my portfolio. All the best Marc.", "likes": 4}, {"author": "@marvinpham5180", "comment": "Third place ?", "likes": 0}, {"author": "@roberttaylor3594", "comment": "I recall getting some Balanced mutual funds for my RRSP.  Like you, they sold you something in house; of course.  Like you, I felt like it was a good investment.  I ended up using it for a first time home owner purchase.  since then, my brother worked in a bank and the whole salesperson aspect of it made it clear that they have targets and my interests are secondary to their need to sell me something.  \"Balanced\" means \" I don't know what I am doing\"...which apparently is what 'diversification' means too?  \n\nI also invested in some Working Opportunity Funds which gave an additional tax savings... that fund needed up not being able to pay out, the fund was sold off to another company and I eventually got about half back of what I put in in 2003 or so.  WOF was a BC thing but the failure of that would make an interesting story, I think.\n\nanother story idea:  How did covid effect the stock market between 2020 and now?  The spike and the inevitable fall?  also the internet and our ability to invest in the stock market so easy, even no fee brokers which make it even easier to invest ( gamble?).  if Covid happened in 1990 would the market have done what it did in 2020?  I kinda think it would not have.", "likes": 1}, {"author": "@416TeamNoSleep", "comment": "He\u2019s preaching! \ud83d\udde3\ufe0f\ud83d\udde3\ufe0f", "likes": 2}, {"author": "@momo35444", "comment": "great video. thanks for the insight Marc!", "likes": 0}]