[{"author": "@beaviswealth", "comment": "\ud83d\udcc8\ud83d\udcda As always, if you're a beginner to the Stock Market in Canada and you're looking for a step-by-step blueprint on how to get started... Find out more about our Investing Academy here - https://bit.ly/theinvestingacademy", "likes": 2}, {"author": "@samuelhernandez2542", "comment": "Really loved the video! Never knew about th\u00e9 beta Hope you could do a video on How to read and what to look on Yahoo finance!  GReat work like always \ud83d\ude00", "likes": 0}, {"author": "@joeypeteza3554", "comment": "Thank u", "likes": 0}, {"author": "@kellylarocque829", "comment": "Thank you! I'm very new and have only a couple stocks so far. I think you are a very good teacher, concise and easily understood to a beginner like me.", "likes": 1}, {"author": "@nevillejames2200", "comment": "Great content as usual. I didn't use beta before but did see the metric in the yahoo app. I will definitely keep it in mind for the future. Thx", "likes": 0}, {"author": "@jaybird6980", "comment": "I'm pulling all of my money out of Canadian investmestments and financial institutions!!!  Tyrants are being allowed to steal your money.  This is the last straw for me from these GLOBAL CRIMINALS!!!  When 1 man or woman is allowed to dictate law bypassing legislation, then the system is corrupt and needs to be fixed IMMEDIATELY!!!", "likes": 0}, {"author": "@serenajeanne356", "comment": "Sir I am a student i took some share in td bank and virgin galactic. Now market is coming down. Can I remove the stock or hold", "likes": 0}, {"author": "@atmosrykorskyuubi3810", "comment": "Love da intro with tbt song keep them up", "likes": 0}, {"author": "@halabira5807", "comment": "Stock market manipulation lol \ud83d\ude06", "likes": 1}, {"author": "@Inhumaneghost", "comment": "Great video! I still consider myself somewhere between a beginner and intermediate investor. This video itself answered some questions I had, thanks!", "likes": 1}, {"author": "@varindersidhu6912", "comment": "Great content as always man, i have learnt so much from your channel.For me you and your dad has always guided me into right direction.On your channel you never talk about hyped companies or stocks, rather always stated to invest in quality businesses for long term and which really changed my mindset.As a new investor you and your dad has really helped me to invest  into great companies and have also gained somewhat of little bit knowledge about stock market by watching your videos. As i learn something new every time your video comes out.Keep up the good work.Really appreciate it!", "likes": 1}, {"author": "@blessonjoseph6716", "comment": "Patience is very key these recent times! Things will revive. Thanks Brandon for all the great content.", "likes": 0}, {"author": "@MasterMind468", "comment": "Im willing to wager that if I just buy XEQT every two weeks and sometimes adjust my bonds/stock allocation, i could be ahead of the game. Lol", "likes": 0}, {"author": "@braydenmartin4199", "comment": "Great Video Brandon, I really enjoyed the intermediate video approach and look forward  for more to come", "likes": 0}, {"author": "@SilentSalad", "comment": "Great video! Thanks for the info, this is perfect.", "likes": 0}, {"author": "@kelleyhaldorson209", "comment": "Great Video!  I do look at beta and am aware of it as to what to expect when I buy a stock about how much its gonna move around in price.  Its also part of my DCF calculator.  Really liked your simple explanation and diagrams.  It really made this concept easier to understand and now I could actually properly explain this metric to someone else.  Thanks for your training this was perfect.  I'm curious to know what my beta actually is now...I know i don't ever fall as fast as the market and I never climb as high either so I'm gonna bet its at about a .7?  I'm kinda a conservative fellow.", "likes": 0}, {"author": "@enricoceliz", "comment": "oh man this is such a really helpful information, thanks brandon. huge help", "likes": 1}, {"author": "@web3tel", "comment": "what about using securities with negative beta for hedging", "likes": 0}, {"author": "@engelzman", "comment": "Never used beta before. I like the idea of ensuring your portfolio has both higher and lower beta stocks to balance out through both bull and bear markets.\nI don\u2019t agree so much on changing weighting of beta based on what the market is doing. What you\u2019re suggesting seems very close to trying to time the market, just in a less severe way than fully cashing out of positions. I feel it\u2019s safer and easier just to hold long through all sorts of markets.", "likes": 0}, {"author": "@momo35444", "comment": "great video. thanks brandon!!", "likes": 0}, {"author": "@Piks-ei6nn", "comment": "Awesome video Brandon! As an intermediate investor this is exactly what I wanted to see when I clicked that poll. I really liked the end of the video where you talked about manipulating your portfolio weightings for a time period. I\u2019ve never really adjusted my weightings as I have been a buy and hold person but you opened my eyes on how I really want to be running my portfolio right now. Thanks and keep up the great work!", "likes": 2}, {"author": "@diverse_insightt.o6499", "comment": "Hey Brandon I\u2019ve been using Forward and trailing P/e, P/S, P/B, Beta, 200D MA and Roe when looking for sound safe investment as well as dividend payout ratio I use this in a yahoo screener and it has found me some undervalued stocks but I also like to allocate to growth as well, could you possibly cover companies like COIN and CHPT I picked up coin base at $168 with the screener it, but I\u2019m having a hard time evaluating companies with negative earnings but huge earnings growth (CHPT) like with no P/E ratio P/S how would you value a company", "likes": 1}, {"author": "@ericn.6130", "comment": "Hey, any reason why some companies have no beta?\n\n I'm also wondering about TTCF's beta of 0.21. This seems low.\n\nThank you!", "likes": 1}, {"author": "@AtharAfzal", "comment": "As always - great explanation!", "likes": 0}, {"author": "@DebbieWebbRocks", "comment": "I wasn't sure what Beta was but as soon as you said I had to check all of my holdings.  \nMy portfolio averages around 1, are the growth etfs with an N/A a good offset to the safe collection or is there a better option for growth. Risk doesn't scare me.", "likes": 1}, {"author": "@massimovalerio5540", "comment": "Thank you Brandon!", "likes": 0}, {"author": "@ab.4425", "comment": "Great video bud!! Thank you so much!!", "likes": 0}, {"author": "@FPSEli", "comment": "Thanks, I just learned something useful!", "likes": 0}, {"author": "@estellest-jean3408", "comment": "I use it, when it is over a certain amount I watch them very close. Ford at 1.12 is one of them.", "likes": 1}, {"author": "@Mike-ix4fs", "comment": "My portfolio Beta is 1.2 and my return since June 2020  is 246%.\ud83d\ude01", "likes": 1}, {"author": "@jfrunnerCanada", "comment": "My average Beta is 0.69\u2026 and my return average is 14.3% annually for the last 12 years\u2026 not bad\u2026\nThanks for the video!\n\ud83d\ude05\ud83e\udd13", "likes": 1}, {"author": "@daviddowling6376", "comment": "Is there a Master Beta sorry had to.", "likes": 1}, {"author": "@streamingzone9571", "comment": "Does it shows only on yahoo finance or company\u2019s earnings report had it?", "likes": 0}, {"author": "@Freedomthirtyfiveblog", "comment": "Great video Brandon. I use Beta all the time. Combined with Alpha, the two can be a powerful duo to improve investment performance. \nBeta is also really good for getting a general sense of a stock's IV, which I find useful for making consistent options income. \ud83d\ude42", "likes": 1}, {"author": "@ItsBurnahMan", "comment": "i think marc may have mentioned beta in an earlier video but i could be wrong. regardless, this was a great vid. i usually reference beta when researching securities. i haven\u2019t taken a look at the avg. beta of my portfolio but definitely will now though", "likes": 0}, {"author": "@gordjensen8649", "comment": "thank for answer tht question for me I was wondering what beta was this useful to help me build my knowledge", "likes": 0}, {"author": "@roberttaylor3594", "comment": "Does beta deviate from 1 equally on the upside and downside?  Ie: two stocks with a beta of 2.  But stock A fluctuates between -0.5 and +1.5. While stock B fluctuates between -1.5 and +0.5? Both with a beta of 2?  \nI know it\u2019s more complicated than that, but you get my drift?  Stocks could be more volatile on the up or downside, but have the same Beta?\n\nI look at it, but I care more about the debt ratio, return on investment, if dividends are increasing, not so much how volatile the stock is.", "likes": 0}, {"author": "@wallyg8020", "comment": "Like this kind of content \ud83c\udf7b", "likes": 0}, {"author": "@jenniferrakonjac3942", "comment": "Good content", "likes": 0}, {"author": "@atown71", "comment": "Thanks for this type of video. New about beta but never how to really use it", "likes": 1}, {"author": "@kartiksharma-bw7is", "comment": "Another Great video, I have learned something new.", "likes": 0}, {"author": "@uplivedlivingsolutions9360", "comment": "I've never used beta or considered it when picking stocks. Though I really appreciate you taking a deeper dive into some of these little extras that people may be unaware of. Really enjoyed the video and hope you do more like it in the future", "likes": 4}, {"author": "@superjedi14", "comment": "As always, thanks for the video.\nSome feedback from your poll at the beginning of the video: since the majority of your viewers seem to be in the intermediate range of knowledge, it may be interesting to not only describe the high level view of such metric, but also explain how it is calculated (in math) and give examples so that we can calculate it for our own portfolios. I bet you don't always have a ton of time to dive into the mathematical details but something to keep in mind for the future maybe? :)\nCheers!", "likes": 2}, {"author": "@MegsCarpentry-lovedogs", "comment": "Interesting.....Nope...I never used BETA.", "likes": 1}, {"author": "@David_C_83", "comment": "I'm not sure how I'd calculate the beta of my portfolio but it's definitely something I've taken into account when looking into new stocks I don't know. Got me curious to check and I see a lot of what I own had a beta of less than one. And while I know I haven't seen it often, one thing you didn't mentioned (and I have wondered about) is negative beta and how that even works. Also, do ETFs not have a beta because of them being a basket of stocks?", "likes": 1}, {"author": "@angelacheng44", "comment": "What would be the best way to calculate average beta of total portfolio - I'm assuming using weighted average- stock % of my portfolio x Beta then adding all this up? And follow up question.. would this be a good measure of risk?  Or is beta measure a bit different then how you would traditionally view risk", "likes": 0}, {"author": "@turbofanlover", "comment": "Good vid, dude.  I tend to have a nice mix.  Low beta for the \"investment\" portion of my portfolio...higher beta for my much shorter term holdings.  And I also tend to have a nice bit of cash sitting on the sideline...just in case.  ;)", "likes": 0}, {"author": "@TheMooingMouse", "comment": "I knew what Beta was but it never occurred to me, for some reason, to look at the average Beta of my portfolio...I was surprised when my average Beta is actually around 1.1 \ud83d\ude02Thanks for the video! I now have more proof I'm a bit too conservative \ud83d\ude05", "likes": 15}]