[{"author": "@TravisUlett-hv8oz", "comment": "Fortis also increases their outstanding shares every year", "likes": 3}, {"author": "@caper087", "comment": "Brookfield says 1.89 dividend yield ??", "likes": 0}, {"author": "@brizzo8697", "comment": "Bam has been a dog for a while. Too much renewable energy investments that only make money with government subsidies", "likes": 0}, {"author": "@alford4733", "comment": "Promo SM \ud83e\udd2d", "likes": 0}, {"author": "@tokertalk9648", "comment": "Allied Properties has a better yield and upside for REITS and for energy infrastructure plays, Gibson Energy looks great.", "likes": 0}, {"author": "@Dreambuilderbricks", "comment": "Is this yield a day or week?", "likes": 1}, {"author": "@wync2203", "comment": "when I searched brookfield assets, it has 1% yield. why is that?", "likes": 2}, {"author": "@candy234567", "comment": "Enbridge?", "likes": 8}, {"author": "@AdamEarl2", "comment": "Who is the divident king?", "likes": 5}, {"author": "@stevemaccollum4688", "comment": "What are your thoughts on Rio Can Rei.un.  Brandon??", "likes": 2}]