[{"author": "@beaviswealth", "comment": "\ud83d\udcc8\ud83d\udcda As always, if you're a beginner to the Stock Market in Canada and you're looking for a step-by-step blueprint on how to get started... Find out more about our Investing Academy here - https://bit.ly/theinvestingacademy\n\nDo you use (or plan to use) hedging strategies in your portfolio? If so, share your thoughts in the comment section below! Thanks for watching! :D", "likes": 11}, {"author": "@jsunproter1940", "comment": "Good content! Option 1  is the simplest choice but it only hedges against what you have in the index and not the rest of your portfolio. Tactical or option 3 is what ive been doing. I've been very cautious about my timing of when i make withdraws and deposits in us stocks. Over the years ive shifted to a mostly Canadian portfolio simply because of these issues along with additional fees. There are many other ways to hedge against currency loss as well. options and futures contracts come to mind. I usually prefer to just buy an index then sell options against it which i use to mitigate downturns, and increase income/returns. For shorter term trades though ill do carry trades, iron condors and usually credit spreads or just currency options. Im strongly in favor of it. especially when you can make it pay for itself and increase returns. The only argument i would make against it is that it takes more knowledge and is more complicated and the capital that gets used for the hedge could have been redeployed towards other positions or averaging down on positions in a downturn.", "likes": 0}, {"author": "@evadeanu1", "comment": "Every video is a new opportunity to learn something new. Many thanks Marc.", "likes": 0}, {"author": "@Azel247", "comment": "I'm confused. If VSP is currency hedged, why is VSP's 5 year return (43%) so much lower than the S&P500's 5 year return (50%)? The difference is almost 1 full year worth of growth just over 5 years", "likes": 0}, {"author": "@markgrove2561", "comment": "Sems like a good way to lose money by hedging. Unles an  ETF gas a great profit margin beyond  the exchange rate and any profit  you may make--seems pretty dicey to me. maybe I'm wrong. But maybe im wong.", "likes": 0}, {"author": "@Mike_32", "comment": "Hi love the video just a question I own vfv for my long term retirement, the risk I\u2019m concerned about is if the Cad dollar goes back pair with the US dollar when I retire that would be a -20-30% decrease in the US dollar ( give or take on worst case scenario) and that would be about a 40-50 % gain in the Canadian dollar. If I have 1 million in VFV would if go down 40-50 % because of cad Increase, making the 1 million dollars to 500-600K", "likes": 0}, {"author": "@Astral106", "comment": "Love this channel.  Came across when I first started to become interested in investing.  Now I am recommending any friends or family interested to check them out and follow them.", "likes": 0}, {"author": "@kawaiikittylee", "comment": "Thanks for the video! \r\n\r\nFollow up question: If you wanted to hold a CAD $ Un-Hedged ETF (e.g. VFV) vs a comparable USD $ ETF (e.g. VOO) in your TSFA for the long term \u2013 which would be more favorable and why? For example, let\u2019s say you already maxed out your RRSP so there is no more room there, you used Norbert's Gambit to convert the $, and taking into consideration that there are usually lower expense fees for USD ETF\u2019s?\r\n\r\nThank you! \ud83e\udd70", "likes": 1}, {"author": "@marinapereira8948", "comment": "Another great video! Thank you so much for your help, keep it up!", "likes": 0}, {"author": "@TheJoeMoneyShow", "comment": "How about XQQ", "likes": 0}, {"author": "@TheJoeMoneyShow", "comment": "Thank you sir", "likes": 0}, {"author": "@vadimpolovnikov6293", "comment": "Awesome, Marc! Thank you so much for bringing such an important topic. Explanation is thorough and concise.", "likes": 0}, {"author": "@roberttaylor3594", "comment": "I had to watch this again and made drawings to get it cemented...either Canadian dollar is at a 6 year high and will likely decline, so unhedged is the way to go....OR, since the Canadian dollar went very high based on oil back in 2014 or so, and since oil is rising now as we recover from Covid, the Canadian dollar should also rise, so Hedged is the way to go.  There, I got it down to just two options!", "likes": 0}, {"author": "@stephaniekappos8294", "comment": "My boyfriend and I both enjoy your channel Brandon. We attribute a lot of our success to your advice. Your dad is also a great addition to this channel!!! Shoutout to Marc :)", "likes": 0}, {"author": "@thiccchungus588", "comment": "This channel should be essential for any Canadian investors. You guys are too damn good.", "likes": 4}, {"author": "@canpin", "comment": "Why would i buy VFV instead of XUS? both are SP500 index, but VDY costs $90.xx while XUS cost $63.xx today. Anything im missing? Thanks in advance.", "likes": 0}, {"author": "@kaileybergin6437", "comment": "Thank you for explaining this!! I was just looking at a stock that said CAD hedged, I had no idea what that meant and googling didn't help. \nI've been trying to teach myself this investing, and finance stuff. I appreciate this channel so much. I always thought this was something I just could never understand.\nI just made my first investment 3 days ago! \nThank you for taking us by the hand through this. It's a shame this stuff wasn't taught in school.", "likes": 1}, {"author": "@michellejohn2918", "comment": "Thank you so much for the great video!  Quick question - does it make any sense to hold a stock (e.g. Royal Bank) in both Canadian Dollars and US dollars if you want to take advantage of the exchange rate now (assuming you are expecting the US dollar to appreciate in the future)?   Thanks.", "likes": 0}, {"author": "@adampeach3843", "comment": "This channel is a breath of fresh air for this platform!  Too many \"financial gurus\" here these days and too many unsuspecting people taking bad advice.  Thank you for raising the bar and for taking the time to make these very insightful videos!", "likes": 11}, {"author": "@Tobi_Jones", "comment": "great video topic", "likes": 0}, {"author": "@cinderchey", "comment": "Great video!!!!", "likes": 0}, {"author": "@bhannahannah", "comment": "thank you, these videos are so helpful! \ndoes it make sense to have both VSP and VFV? or is it better to focus on one?", "likes": 5}, {"author": "@cancampus1", "comment": "Brandon your dad seems so nice and patient - he explains things so well !", "likes": 8}, {"author": "@jaywalkingaroundtown5879", "comment": "Marc thank you so much for your time!!! You are professional, clear, and well-mannered in front of the cameras. Because you have so many years of experience you are able to speak with clarity and confidence. Consider teaching in a 'formal' setting. Cheers!", "likes": 6}, {"author": "@matthewturgeon767", "comment": "I just buy bullion to hedge", "likes": 0}, {"author": "@stefaniesiska2345", "comment": "Appreciate the clarification!", "likes": 1}, {"author": "@dannie7567", "comment": "Thanks Marc for the clarification! I heard hedging before, but not sure how it actually works and affect on my us stocks exposure.", "likes": 0}, {"author": "@anne-mariel3256", "comment": "Thx DAD", "likes": 0}, {"author": "@tamitatlock5621", "comment": "Question: I have been investing in VFV and haven't figured out where or how the MER is accounted for.  Does it just come off of the top of the quarterly dividend?  Thanks for this video, it is VERY helpful to me :)", "likes": 1}, {"author": "@johnkastelic8339", "comment": "Love the technical explanations.  Looking forward to more. Thanks Marc.\ud83d\udc4d", "likes": 0}, {"author": "@SedricCBrown", "comment": "I am a belgium investor", "likes": 0}, {"author": "@ritagiri9420", "comment": "Thank you marc for the clear contents. How about paying tax to invest in us companies and etf. I have heard we need to pay 15% tax on divident, is it true? How about on capital gain?", "likes": 0}, {"author": "@NatePolmateer", "comment": "i just got notified of this video weird!", "likes": 1}, {"author": "@fs982", "comment": "I consider stock entry point more important than hedging. Buy quality US companies, appreciation will take care of currency conversion and commission.", "likes": 0}, {"author": "@ShaneLeedham", "comment": "You're a natural Marc!", "likes": 0}, {"author": "@mackvolvo9700", "comment": "1.72 when you buy\n1.22 when you sell\n.50 disadvantages on every US$  in xchange...\nLike a blackjack table game, when your card is 15 and the dealer first card is 10, then your disadvantages is 50% when you hit one more!", "likes": 0}, {"author": "@pedrorondon5912", "comment": "This is great Marc!!!!!!!!!!!!!!!", "likes": 0}, {"author": "@stevenmilburn4814", "comment": "Love watching this channel. I take a little bit from every video.", "likes": 0}, {"author": "@RouRoro", "comment": "So happy to see Marc!", "likes": 1}, {"author": "@Rob-ob3sh", "comment": "I use hedged funds in my Wealthsimple account and trade more freely in U.S. dollars in Questrade. But I don\u2019t really base a buy or sell of a position on the currency price.", "likes": 0}, {"author": "@aDi1026", "comment": "So educational!!! Really appreciate you sharing your knowledge with us Canadians!! Thank you!", "likes": 1}, {"author": "@deepak_putta", "comment": "can you make a video about how to buy vanguard index funds/ETFS for Canadians", "likes": 0}, {"author": "@shaunascanlan2869", "comment": "Great explanation...I think I had 3/4's of it understood but that isn't enough for a good decision.  Im grateful and glade I found your explanation !  ! I had looked at the BTCC stocks hedged and unhedged...and I did not move on either :)", "likes": 0}, {"author": "@GraceSchock", "comment": "Thanks again for that great content!! I own VFV and will now look at VSP.  I purposely avoid US stocks because of the changing exchange rate, but now that I watched this, I agree that in the long term it doesn't change that much.", "likes": 0}, {"author": "@envision25", "comment": "So in your opinion, considering the canadian dollar went up quiet a bit lately, would you consider hedging if planning to be passive and long time investor looking forward ? I was hoping to hear a bit of forecast regarding the strenght of cad dollar vs us dollar. But anyways great video and thank you  !", "likes": 0}, {"author": "@tabysart", "comment": "Another value packed video, thank you Marc for making me a smarter investor :)", "likes": 0}, {"author": "@andrewkaraoulis", "comment": "Great stuff. Would it be worth owning both vsp and vfv as a hedge against hedging...lol", "likes": 0}, {"author": "@jessehoule1397", "comment": "Would you recommend Buying and holding US currency when the CND dollar is strong and us it to invest.", "likes": 1}, {"author": "@jessehamlin3420", "comment": "great video marc! really interesting to see the topics professional money managers look into as alot of the younger youtubers out there sometimes skip these topics or dont pay much attention to them.  To be hones I usually dont hedge (as historically its been a hair cheaper) but really interesting on the targeted hedging.  I feel like as the US economy picks up after covid the CAD will weaken a bit more so seems like non hedging might be the way to go in the immediate future.  Thanks again!", "likes": 0}, {"author": "@petelao9", "comment": "Thanks for the in-depth coverage on this. Always kinda wondered.", "likes": 0}, {"author": "@philiplocke7035", "comment": "love the intro song", "likes": 0}, {"author": "@nickiaye1370", "comment": "Great video. You explained things really clearly! Thanks so much for your help, keep it up!", "likes": 0}, {"author": "@vishantpatel6990", "comment": "This is simply great. Brandon and Marc make a really great team\ud83d\udc4d\ud83c\udffc\ud83d\udc4d\ud83c\udffc\ud83d\udc4d\ud83c\udffc\ud83d\udc4d\ud83c\udffc", "likes": 2}, {"author": "@jillbiggar1787", "comment": "Agreed! The multi-generational idea was such a great one. Really liking you guys and your level headed approach to all of this, but also the funny videos you've added with the young academy guys, love those too. It's a great idea to add all the components you've added, Brandon! Good job \ud83d\udc4d", "likes": 0}, {"author": "@thegamingphile", "comment": "GME Yacht lol", "likes": 0}, {"author": "@CanadianDividendInvesting", "comment": "How to hedge your stock portfolio as a canadian = buy bitcoin", "likes": 1}, {"author": "@rafaelcabanesasensi3169", "comment": "I do not hedge per se but as an investor in several currencies, mainly British pound, Euro, US dollar and Swiss franc so what I gain or lose with one currency is compensated by the others. Good video.", "likes": 0}, {"author": "@Peter-or7ob", "comment": "thank you for this video. very informative.", "likes": 0}, {"author": "@djayjp", "comment": "Great video, just needed a long term comparison of returns for the two strategies.", "likes": 0}, {"author": "@rajanflora90", "comment": "Marc is stud", "likes": 0}, {"author": "@KaliBlaz", "comment": "Both VFV and VSP are Canadian ETF\u2019s traded in $CAD so how the hedging works then compared to VOO which is vanguard\u2019s US version!!", "likes": 1}, {"author": "@MTN99999", "comment": "Another great video from Marc ! I personally use the norbert gambit method to get USD to invest and I do not hedge I have all my US equities in USD and Canadian equities in CAD and I am a long term investor therefore whenever our dollar goes stronger I beef up my US Cash gradually usually about 10 to 15%. Thanks again for sharing this great video I see now where Brandon got his smarts from :-)", "likes": 0}, {"author": "@turntrovertgoose7668", "comment": "ok, so that's what hedge is", "likes": 0}, {"author": "@BrendonLeaman", "comment": "Good video!\n\nIm not sure, but this got me thinking. For a mostly non active investor would it not be easiest to just use questtrade which allows you to hold us funds.. just wait until a time of the year the canadian dollar is a good ratio to the us dollar to get your funds into your investment account.. leave them as us dollars for as long as you desire, and then cash out all at once to canadian at a time when the exchange is favorable.", "likes": 0}, {"author": "@garyw561", "comment": "Hi Brandon & Marc, great content you are both producing.\r\n\r\nWondering if you could discuss your thoughts regarding passive income from Split Share funds and Covered Call ETFs in a video. Pluses and minuses from the perspective of older and younger investors.", "likes": 0}, {"author": "@sunnycrail7911", "comment": "Awesome video...thanks!", "likes": 0}, {"author": "@montecrist", "comment": "This is GREAT! Keep it up, team!", "likes": 0}, {"author": "@erinfrey6908", "comment": "Thank you for the video explaining the differences. Great timing.  I have been comparing etfs this week and I wasn't sure what the advantages/disadvantages of going with hedged funds or not.", "likes": 0}, {"author": "@PeaceKeeper347", "comment": "What's the song for the intro?? SO catchy! Great video Marc!", "likes": 2}, {"author": "@achlesh420", "comment": "Can you please do a video about portfolio creation and diversification and what is the best way to create a portfolio esp keeping current market conditions", "likes": 2}, {"author": "@davidjr1365", "comment": "Just what I needed! I was debating between the two funds recently. I am looking to hold these etfs for life so I just went with VFV \ud83d\ude04", "likes": 1}, {"author": "@Creamy_Goodness", "comment": "What about if you buy VFV with half of the money and VSP with the other half?", "likes": 2}, {"author": "@tadbbq", "comment": "Nice video. These past year, I put my money in VSP since US dollar is going down. I am thinking of switch to vfv in coming days. I would said the dollar may rebounce in near future.", "likes": 0}, {"author": "@kzukez", "comment": "Soooo if I'm buying a usd stock with my cad money in my TFSA. Normally rbc direct invest will do the conversions each time when I buy or sell.. Should I be converting that cad to usd first? And then buying the stuck with my usd cash in the tfsa?", "likes": 0}, {"author": "@relax.meditate.wellness", "comment": "Thumbs up for Marc. More Marc please. There's just something that hits different when the information is coming from a person who's worked in the industry for over 20+ years... thanks!", "likes": 19}, {"author": "@ec938", "comment": "This is a video I didn't know I needed but needed. Great content Marc!", "likes": 3}, {"author": "@jamesmprice22", "comment": "Fantastic video! Thanks!", "likes": 0}, {"author": "@momo35444", "comment": "great video marc! thanks for the knowledge !!!", "likes": 0}, {"author": "@Lopersen", "comment": "Thanks.", "likes": 0}, {"author": "@jkwacker8225", "comment": "Thank you for this. I\u2019ve had VFV for awhile now and saw other options like VFP but didn\u2019t really know what the CAD hedge really meant. Now I do!", "likes": 0}, {"author": "@splitfinger7719", "comment": "Is me or does Marc have giant hands? \ud83d\ude02. As for hedging.. if I want to invest in the s&p I want the growth from the equity and not have to worry about the cad", "likes": 0}, {"author": "@xxrngxx5", "comment": "Good stuff. It\u2019d be great if you can speak about hedging against potential stock market drawdowns. Whether it be through shorting equity/etfs or longing puts on a certain ETF/index, covered calls etc", "likes": 3}, {"author": "@deoxyde", "comment": "I appreciate the very organized and well presented video.\nI'm hoping you'll show up more often, Marc!", "likes": 4}, {"author": "@JDJDJDJDJDJDJDJDJDJD", "comment": "Yes, i've choosed un-hedged ETFs every time they were available (i.e: for some EVOLVE'S ETF there's only the hedge version available on WS);\nI also red somewhere that historically un-hedged version usually perform better...\nI think that if you mostly own CAD stocks, it's actually a good idea to have your ETF's un-hedged (if they are exposed to the US market).\n\n\nGreat video, thank you Marc for the input! :D\nim studying finance btw", "likes": 1}, {"author": "@tennysonforster8412", "comment": "Amazing video as always", "likes": 0}, {"author": "@kayvonmotamed", "comment": "so there are different times where hedged and non-hedged versions of ETF's can be beneficial", "likes": 0}, {"author": "@pablocano5544", "comment": "Interesting video, thanks Marc. Can you do a video on REITs and how you go about to analyzing them? Similar to the one you did on banks.", "likes": 0}, {"author": "@roberttaylor3594", "comment": "So if the can dollar is at a 5 year high or so, maybe it is better to buy the hedged fund and then switch to unhedged when the can dollar rate is low.  ? Is that right...?", "likes": 0}, {"author": "@chicken2nite351", "comment": "I've had some hedged ETFs before, but not currently I think.  I've stayed away from buying US equities directly mainly because of the currency conversion fees as much as anything, so ETFs seem like a good way to avoid those at the potential cost of not investing directly into specific stocks.  \n\nI've read some about Norbert's Gambit in terms of converting currencies, but it doesn't seem to be a thing with WealthSimple as they don't allow you to hold USD in your account as the conversion fees seems to be their main source of revenue, unlike Questrade which does charge a minimal transaction fee.\n\nOne related point that might be worth covering that Brandon has touched on before is the 15% withholding tax - Brandon specifically said that you should focus on the investment first rather than the tax insofar as whether it's something to consider and while I agree I think there's an argument to be made for holding US Stocks in your TFSA rather than RRSP despite the dividends.  \n\nIt would depend on the stock, but I would think that for a company which sees a sizeable capital gain equal to or greater than the dividend payout over the same time period (something like Microsoft as opposed to IBM) would be beneficial inside of a TFSA as that capital gain (as well as 85% of the dividends) would be free from Canadian income tax, whereas it would be subject to income tax upon withdrawal from an RRSP.  I suppose for a true apples to apples comparison it would depend on your top marginal tax rate at the time of the investment into an RRSP as that investment would be pretax and thus have a leg up to begin with.  I'd started to do the math one night but stopped short of that calculation.\n\nThanks for the videos and I look forward to the next one.", "likes": 0}, {"author": "@mjking8704", "comment": "Wow!, Great content!. Keep it coming, the deep analysis of these topics is amazing!. Have you guys thought about doing a livestream or Q&A?", "likes": 0}, {"author": "@sportsforlife77", "comment": "Incredibly useful video!", "likes": 0}, {"author": "@NateCage", "comment": "I have a much better understanding on hedging after this. Thanks a bunch dudes!", "likes": 1}, {"author": "@ab.4425", "comment": "Great video Marc!! Thank you so much!!", "likes": 0}, {"author": "@DropItStudio", "comment": "Did I already know everything he talked about..Yes\nDid I watch the whole video...Yes\nWhy? One word \"Marc\" <3", "likes": 5}, {"author": "@dyingpentas", "comment": "Such a great video Marc! I've always wondered why stocks both listed on TSX and NYSE have different returns. So if I understand it correctly, does it mean that when CAD rate drops, it's better to buy stocks on TSX and when it raises, it's better to buy ones on NYSE, given that you have equal amount of CAD and USD in your account?", "likes": 0}, {"author": "@knguncle3", "comment": "unable to load this video, anyone else have the same problem?", "likes": 0}, {"author": "@proteus404", "comment": "For my RSP I used unhedged nasdaq and sp500  index ETFs and US Stocks these investments are for long term savings/retirement. My TFSA investments are in CAD funds in Canadian stocks/etfs and hedged CAD etfs. There are pros and cons to both hedging and unhedging, doing both I think my RSP and TFSA help balance the other out.", "likes": 0}, {"author": "@aghazafarali5464", "comment": "Great explanation for investors of all levels", "likes": 0}, {"author": "@sherylb4888", "comment": "Excellent content Marc. Thank you for explaining for us Canadians to better understand hedging or not against US market. You and Brandon make a great team. Keep it coming", "likes": 0}, {"author": "@Po101080", "comment": "Thanks for the video! I only once saw someone say hedging is just easier since you don't have to worry bout the exchange rates much so I just always bought the hedged ETFs. But this video really explained it well!", "likes": 0}, {"author": "@lucky247365", "comment": "That chart at the 1:15 mark is very cool.  I didn't see UK on there and I'm surprised they wouldn't be one of the bigger ones in Europe.", "likes": 3}, {"author": "@subliminal444", "comment": "this is exactly the video i needed to see... thanks.", "likes": 0}, {"author": "@estellest-jean3408", "comment": "Nice , I like it, more understanding, I use it in my TFSA, QQQ.C versus QQQ.", "likes": 0}, {"author": "@earlgalindo3576", "comment": "Wow! Another lesson learned from you guys. Getting smarter every video I watched from you guys", "likes": 9}, {"author": "@absiegert", "comment": "Thanks for the video! This depends on each investor, of course. I want to keep my exposure to USD at 30%, so I will hedge anything exceeding this value. Does this makes sense? and what do you guys think about this strategy?", "likes": 0}, {"author": "@dominiquedussault3093", "comment": "Thanks Mark.  I'm wondering if you can cover bonds.  I'm 44 and a new investor.  I know everyone says you should have bonds to balance your portfolio but with today's interest rates is it a good investment?  And what about bond ETFs?  Thanks so much guys for the amazing content!  Love the videos.", "likes": 1}, {"author": "@TheTttooom", "comment": "Great video!  How can we currency hedge if we are buying individual US listed stocks?", "likes": 3}, {"author": "@BirdsR", "comment": "US investor here !!! LOVE your videos", "likes": 0}, {"author": "@pwong0227", "comment": "Use Norton Gambit to exchange cdn to usd. During 2009 meltdown, I took advantage of cdn and usd at par and loaded my portfolio with long term U S equities in fintech finance tech commodity railway  sectors. I took the risk but it was worth it.", "likes": 3}, {"author": "@pinkhairblackman8141", "comment": "how much does brandon pay you to do these videos lol?", "likes": 1}, {"author": "@derekcox6531", "comment": "Well said. I think this clip explains the topic very clearly. Over the years I have used a hedge strategy from time to time,but not since I took over my own accounts. As you say,hedge or not...it can get seriously complicated,so for myself I just keep it as simple as I can.(and within my ability to understand fully what I\u2019m invested in) great episode!\ud83d\udc4d\ud83d\udc4d\ud83d\udc4d", "likes": 1}, {"author": "@robertyoung406", "comment": "You said that...\n\nHello! You mentioned that if the Canadian dollar falls, your returns increase. And vice versa.\n\nBut at 11:00, the canadian dollar rose AND the VSP (hedged CAD) also went up? Shouldn't it have gone down? Or was this a special scenario because the Canadian dollar was oversold as a result of the pandemic?\n\nAlso thank you for this video! Feels like I'm back in school with this type of video haha", "likes": 0}, {"author": "@David-ns2on", "comment": "What if you intend to hold for the long term, but are making regular purchases via dollar cost averaging? E.g. What if I intend to hold my S&P500 ETF for the next 20 years, but I'm going to be buying $100 worth, per paycheque, every paycheque for those 20 years? Is there an advantage to hedging vs non-hedgining given how dollar cost averaging will affect my purchasing quantities during the peaks and valleys of CAD valuations? Or is 20 years 20 years and it really doesn;t matter?", "likes": 2}, {"author": "@meemmjdn", "comment": "Love Marc's educational videos! I chose to purchase CGL (hedged) rather than CGL.C,  since my thesis for purchasing gold in the first place was hedging myself against US dollar going down.", "likes": 0}, {"author": "@alicegiang8327", "comment": "Thanks Marc for your details info! I am a passive investor. I am not sure  hedged or unhedged would be good to implement.", "likes": 1}, {"author": "@annehenderson7911", "comment": "This is so, so helpful. Thank you.", "likes": 0}, {"author": "@jonathanfarquhar", "comment": "Very interesting. Learned a lot. I know I need to diversify with other countries, but currency fluctuations worry me.", "likes": 2}, {"author": "@vivafreinotofficialhighlig7828", "comment": "Hedging is new to me, and to complex for me to focus on as I am a long term growth investor with ETFs. I have enough other things to focus on currently. Great insightful video!", "likes": 2}, {"author": "@meiapril2", "comment": "You speak my mind. I'm like right...right... right...as you introduce the video. Thank you for making video for Canadian. Marc, don't stop joining Brandon as older Canadian investors need your perspective.", "likes": 21}, {"author": "@smcdonald1229", "comment": "Thanks for the information.  I have been thinking about this issue for awhile now so a question for you.  Do you have any thoughts on how you would manage approx. 100k in US dollars, currently in a cash account?  As you mentioned, currency risk goes both ways.  Leave it in US and invest in non hedged or?", "likes": 2}, {"author": "@NarrBitaYarr", "comment": "Great content. Check out XAW as well - it gives S&P/US exposure + rest of the world ex-Canada.", "likes": 9}, {"author": "@CaseyBurnsInvesting", "comment": "Market levels can indicate that it may be wise to hedge. Been going long fresh water, gold, and foreign stocks.", "likes": 0}, {"author": "@Pennybrookeify", "comment": "Great video. I find myself explaining this to folk regularly.", "likes": 1}, {"author": "@cb4354", "comment": "Unhedged and hold long term", "likes": 0}, {"author": "@dakotap.allerston1649", "comment": "Hi, Brandon and Marc! Thanks for the great content. I'd love to see a video about Marc's career path. How'd he get started in the securities industry? What courses/degrees/designations did he complete? How'd he move up the ranks of Manulife? Is there anything he would've done differently? What are his best tips for growing a client book? What advice would he give to young people interested in a similar career? All the best!", "likes": 19}, {"author": "@beaviswealth", "comment": "\ud83d\udcc8\ud83d\udcda As always, if you're a beginner to the Stock Market in Canada and you're looking for a step-by-step blueprint on how to get started... Find out more about our Investing Academy here - https://bit.ly/theinvestingacademy\n\nDo you use (or plan to use) hedging strategies in your portfolio? If so, share your thoughts in the comment section below! Thanks for watching! :D", "likes": 11}, {"author": "@stephaniebeaton3939", "comment": "You read my mind.  Rumored the US dollar to fall 10% this year", "likes": 0}]