[{"author": "@stocksxbondage", "comment": "I\u2019m 30. With a 3.1% inflation rate, $10M in year 2059 (my age 65) will be worth around 3.5M in today\u2019s money. With a 4% withdrawal rate that\u2019s not even our household income. We going for over 12M which sounds insane but\u2026 just wait", "likes": 0}, {"author": "@johnnyboyvan", "comment": "2 m", "likes": 1}, {"author": "@jimwu8532", "comment": "1M, divvys of 5% is 50k tax free.  5M is balling it, even for Hongcouver.\n1M dividend stocks, 1M condo (guestimate), 2M to do it on a tighter budget.", "likes": 0}, {"author": "@brendanhaug9492", "comment": "More likely around 5mil tbh.... Pay off your mortgage, then say live off dividend income from 3.5million or whatever you had left.", "likes": 2}]