[{"author": "@beaviswealth", "comment": "\u2022 1 day ago\r\n\ud83d\udcc8\ud83d\udcda As always, if you're a beginner to the Stock Market in Canada and you're looking for a step-by-step blueprint on how to get started... Find out more about our Investing Academy here - https://bit.ly/theinvestingacademy\n\r\n\r\nWhat are your biggest Rookie Mistakes!  Ouch.  Share your story with the community.", "likes": 7}, {"author": "@brianfantana8510", "comment": "Doubling down on stupid ! Buying more of something that is tanking. Recently did that one. It's actually worked almost every time for me but the latest one went all the way to zero. That hurt.", "likes": 0}, {"author": "@DeepFriedOreoOffline", "comment": "I'd play dollar slots before I play penny stocks, lol.", "likes": 0}, {"author": "@kevinhtlin", "comment": "Investing in volatile stocks in my TFSA account. I am still a rookie though.", "likes": 0}, {"author": "@kimgreen9342", "comment": "Haha Ballard! That was one of my mistakes as well.", "likes": 0}, {"author": "@mikewestern9925", "comment": "I also did the same in a smaller scale up $2000 and didn't take profit.", "likes": 0}, {"author": "@roberttaylor3594", "comment": "Ballard power!  I almost bought them!  My worst mistake has been Agraflora.  I was banking on their Gummies and cannaibis sales to bring the stock up quite a bit, but they sold the gummy business and the cannibis sales were...disappointing.  I bought in at some several cents, so there wasn't much room for it to fall, but if it went up even 10 or 20 cents on the potential sales, I would be doing pretty well.  Then they did a reverse split 1:100 or something...1:100, and the stock proceeded to fall more...as there was now $3.00 of room not $0.03.  I sold at $0.80 and I think now it is back down to 3 cents...  Not a lot of money involved, I knew it was risky so I didn't put in a lot, but still...\n\nbut really, my worst mistake was buying speculative stocks with no dividends where the risk reward was great...but I lost every time!", "likes": 0}, {"author": "@alexandremorales5590", "comment": "Thanks for sharing Marc.", "likes": 0}, {"author": "@catherinedesilets8960", "comment": "What an informative video thank you", "likes": 0}, {"author": "@saraht.8049", "comment": "I started investing in diversified, passive index funds in my early twenties. I knew the rules, but I had no life experience and didn\u2019t consume economic and financial knowledge regularly. When March 2020 hit and we were on the precipice of selling and buying a home, I sold half of my position at a $14,000 loss (in gains) out of fear that we would not be able to move into a secure place to live. Luckily, we never had to move. However, as the position was housed in my TFSA, I had to wait the year out to re-enter the market, only to buy back high at the near peak we are currently falling from. I learned a very simple lesson: always do whatever you can to prepare and be flexible so that you do not have to sell a position you spent years of sound financial planning to build, because life is long with plenty of opportunities, and nothing is ever as dire as it seems.", "likes": 0}, {"author": "@henrymar4654", "comment": "One of biggest correct moves you've done is work together with Brandon now on YouTube.  Thanks for everything you've done for us.", "likes": 0}, {"author": "@taknaydamo8664", "comment": "Sold Shopify at $175, bought at $125. I die a bit inside when I see the ticker\ud83d\ude05", "likes": 0}, {"author": "@cindyboobo1963", "comment": "*Urgent *\nDo you have a video on how to open a custodial stock account in Canada?", "likes": 0}, {"author": "@robertgaudrault6582", "comment": "Would you go over the investment books in the background? I can tell one is the intelligent investor. Maybe give a quick review of each and if you recommend them.", "likes": 0}, {"author": "@samuelhernandez2542", "comment": "Great video :)", "likes": 0}, {"author": "@brianbickle3049", "comment": "This gives you real credibility. Your brand can only grow with this kind of honesty and humility.\ud83d\udc4d", "likes": 2}, {"author": "@thedetailgirl8700", "comment": "when are you going to make the video about life insurance been waiting for it! lol", "likes": 0}, {"author": "@Rob-ob3sh", "comment": "What are your thoughts on NTR.to. Nobody talks about it. I\u2019m very close to adding to my TFSA as it checks all the box\u2019s for me except the yield is a little low at 2.48% if it was up around the bank levels of 3.5 to 4.25 I would be all over buying today.  NTR is down 3% in 2022 and feel this could be a good entry point as I need a good materials stock to be added to my TFSA.", "likes": 0}, {"author": "@jasonstupak4535", "comment": "Watched and liked, thanks Marc!  Great content as usual.", "likes": 0}, {"author": "@rickpacan4497", "comment": "Thanks Marc. I remember the hype with the dot com stocks, high flying stocks with limited revenue and/ or no profits and people were going crazy for them.  I lost a lot on those back then. Again investing in un-proven companies.  This last year reminds of of those times, some stock continuing to go up and they are no profits at all. FOMO. Now they are falling hard.  Difficult time but the feel is the same", "likes": 0}, {"author": "@littlecreeper8528", "comment": "Thank you for the video, when you said \"take profits\", at what percent do you take your profits (generally)?", "likes": 0}, {"author": "@jonm1066", "comment": "Great vid. My worst mistake was being over-positioned in a single stock with a small float which made me not able to get out at the right time losing over multi six figure amounts.", "likes": 0}, {"author": "@ezidora", "comment": "penny stocks and not doing my own due diligence as well as not taking profits", "likes": 0}, {"author": "@sylvianguyen2721", "comment": "Hi Brandon,   I really admire you. I loved your video.  Do you know any broker that can invest $10 a day (fractional share) and automatic withdraw from the bank account for 5-10 years and plus for retirement. Please advice.  Thank you very much.", "likes": 0}, {"author": "@davidcarpio8777", "comment": "Hello Marc and Brandon. Would you guys consider making a video on how you analyze a company\u2019s worth/value and how you analyze a good company to buy. What kind of research needs to be done and what the process might be in deciding. Thank you very much for all the advise and help you leave for everyone", "likes": 0}, {"author": "@rymaniquez5578", "comment": "My mistake is buying individual stocks.Index investing is better,less stress,and not volatile saves you commissions,you wont sell you wont loss money..", "likes": 0}, {"author": "@Tauralidin", "comment": "I've been investing for about two years and my rookie mistake was listening to the hype of some youtube channels, I thought if they'er making money then I would make money, with out any research of the companys. Pro tip don't buy anything thats hyped.", "likes": 1}, {"author": "@LMAG63", "comment": "I get the point of taking profit, but if I'm building a dividend portfolio, isn't that kind of the opposite of selling my stocks to make a profit? Wouldn't it be better to strengthen my position and continue to buy no matter what?", "likes": 1}, {"author": "@mariefran9232", "comment": "Ballard hit me hard too! Watched it when it was just $10. It rose really fast and had a FOMO moment that it made me buy it at $40 \ud83e\udd26\ud83c\udffb\u200d\u2640\ufe0f lost a lot of money but never sold it till now coz i believe in them. Just hoping it'll have a brighter future.", "likes": 0}, {"author": "@JulianBocchinfuso", "comment": "buying into a stock too quickly when it dips and then not having enough when you realize the dip you bought wasn't the real dip", "likes": 0}, {"author": "@jonatanlacroixgosselin5258", "comment": "Worst mistake Ive made is buying stocks recommeneded by a friend at the end of 2020 in Cannabis and electric vehicle  industry instead of buying canandian bank stocks that I felt was going to do well. Well the bank stocks I did buy are up around 20-25% and the cannabis and electric vehicles one are down around 40%.", "likes": 0}, {"author": "@pirate.of.the.west99", "comment": "Love the Ballard story ! I have some shares also that are reminding me of the same .", "likes": 0}, {"author": "@jt8280", "comment": "Enbridge is my go to income retirement stock. I don't take any profits out as it is a sleep at night stock.\nPower of compounding. Saw you in Richmond one day.", "likes": 1}, {"author": "@danielhopkins9512", "comment": "Taking profits is for sure the biggest mistake. I have a relatively small portfolio but that simple concept has costed me well over 5k in my first year of investing.", "likes": 0}, {"author": "@djayjp", "comment": "10:00 TSLA", "likes": 0}, {"author": "@djayjp", "comment": "Canoe has some huge fees for selling \"early\" on their main closed end fund.", "likes": 0}, {"author": "@juanperez-gh8bl", "comment": "Soy muy novato aun, as\u00ed que tengo bastante tiempo para hacer muchos errores, mi mayor error quiz\u00e1 sea usar los dividendos en acciones no tan seguras como las que suelo comprar pensando que es un flujo peque\u00f1o por ahora, una vez compr\u00e9 muchas acciones de Nokia con los dividendos a 5 dolares y Nokia cay\u00f3 inmediatamente por debajo de 4, luego reverenci\u00e9 mi portafolio, vend\u00ed las acciones de Nokia en ese momento y ahora Nokia esta en casi 6 dolaras... hahahaha igualmente no volver\u00e9 a comprar acciones pensando \"la acci\u00f3n vale poco dinero\". \n\n\"I'm still very new so I have enough time to make a lot of mistakes, my biggest mistake maybe is using the dividends on stocks not as safe as the ones I usually buy thinking it's a small flow for now, I once bought a lot of Nokia stocks with the dividends to 5 dollars and Nokia immediately fell below 4, then I modified my portfolio, I sold the Nokia stocks at that moment and now Nokia is at almost 6 dollars... hahahaha anyway I will not buy stock again thinking \"the stock is worth little money\".\"\nGreetings Marc!!", "likes": 0}, {"author": "@knguncle3", "comment": "My biggest mistake is and was thinking that I can catch a falling knife \ud83d\ude05", "likes": 0}, {"author": "@CanadianDividendInvesting", "comment": "It's great to hear others mistakes so that we don't have to make them!", "likes": 0}, {"author": "@dariroch", "comment": "Selling 5000 Shares of Meg Energy which i bought at 1.74 for  3.83 a share just before the 2020 Election .  They're  $14.26 now :P  I got back in though at 7.78 when I realized my mistake. Im hoping Cenovus buys them out ;)\n\n It's been an amazing two years for me though. $86K -> $210K  \n\nMy biggest mistake however was trusting someone else with my money.  No one cares about your money as much as you do.  The best thing I've done was take control and learn as much as possible about the financial system.", "likes": 0}, {"author": "@kevinn1158", "comment": "My biggest suggestion is, start with the large cap stocks.  And be patient.  Stocks have cycles.  Learn how the charts work.  And learn the fundamentals.  Buy stocks with volume.", "likes": 0}, {"author": "@renzenker2526", "comment": "Hi Marc, I would like a video on the mistake of investing too much too soon...did you   mean not dollar cost averaging? or investing a windfall too fast (me)?", "likes": 0}, {"author": "@johndough5365", "comment": "Sold my 100 shares of Shopify back when it was trading at around $500. Thought I was Warren Buffet. Cant even muster up the strength to check its price nowadays even just out of curiosity lol", "likes": 2}, {"author": "@lchan207", "comment": "My mistake or the hardest part is balance between long term holding and timing the market.  I should say I should preserve my asset as my top priority.  When the price of the stock is reaching to the price that I feel pricey, I should put in a trailing stop. If I get stop out, do not jump back it even the price go to opposite direction unless there is a big change in balance sheet et etc.", "likes": 0}, {"author": "@marcos1990ism", "comment": "banxa and well", "likes": 0}, {"author": "@KlondikeSkunk", "comment": "I am a rookie.  One of the mistakes I have already made was FOMO.  Saw a fund going up up and up, had some money in a savings account earning nothing in interest.  Figured why don't I just buy into this fund....short term.....and ride the wave going up.  I bought at the crest of the wave....watched a few more of your videos and realized my many errors.  Took a little bit of a loss, but am very happy that I wised up when I did.  \nThank you for the content, it has taught me so much and is helping me stay grounded.", "likes": 0}, {"author": "@rockyrejex1247", "comment": "Silver fox!", "likes": 0}, {"author": "@mozerm", "comment": "Your Ballard Power and Amazon examples are in contradiction to one another. How do you reconcile that? Either you made a mistake selling Amazon when it got too high or you make a mistake holding Ballard when it got too high but you can't have both unless you can illustrate the differences about each that would inform a different decision in each if you were in those positions today.", "likes": 0}, {"author": "@filb", "comment": "Buying and selling stocks frequently was my first mistake and buying whatever company I knew and liked at any price without evaluating whether it's undervalued and overpriced. I managed to sell most of those stocks finally except 3M in which I bought it at 190$...which is the only one that never went back into the green, so for now I hold it.", "likes": 0}, {"author": "@Victoria-rw7zt", "comment": "I only started investing at the beginning of covid.  I was so afraid to buy anything and only bought a small amount of TD.  It was my biggest mistake for not buying more because I was afraid it would drop even further.", "likes": 0}, {"author": "@sallenew7550", "comment": "He looks so sweet!", "likes": 0}, {"author": "@Rob-ob3sh", "comment": "What is the purpose of the split funds and who buys them or when is it right to buy them ?", "likes": 0}, {"author": "@paulvitella9655", "comment": "Crushing it Mark! Thanks for the great video", "likes": 0}, {"author": "@terry8451", "comment": "Mark.. Ballard Power still haunts me to this day. Went thru the ups and downs with this stock for 5 years and finally sold it off with no returns. Had I not been greedy, it would have been a tidy profit.", "likes": 0}, {"author": "@iriskoss3032", "comment": "\"Took a toll on you\". Whaaat...you are one extremely handsome and intelligent man Marc.! PS-Your financial advice is gold.", "likes": 0}, {"author": "@onlineuser007", "comment": "My worse mistake so far was to invest in ARKK when it was at its peak...went downhill since. \ud83d\ude43", "likes": 0}, {"author": "@Ryedor", "comment": "Misery loves company . LOL   Xebec , Baylin and CannTrust  Ouch !  LOL   Thanks for the memories Marc :)", "likes": 0}, {"author": "@montecrist", "comment": "I really like Marc's videos. Seriously, I find them amazing despite being in my late 20's.", "likes": 0}, {"author": "@anderson6379", "comment": "Another lessons learnt video - yaaaaay! \ud83d\udd7a\ud83d\udd7a\ud83d\udc6f\ud83d\udc6fPlus bonus real life examples - it only gets better. Thank you for the consistent teaching and sharing Marc. We appreciate it", "likes": 0}, {"author": "@b.alix3", "comment": "Alright folks, time to pump Ballard! Let\u2019s help Marc take his profits.", "likes": 1}, {"author": "@Adrian-cn5rk", "comment": "Thank you for this. Learning from the mistakes of others, is often a good way to learn, I find.", "likes": 1}, {"author": "@learnspanishwithfelipe111", "comment": "My worst rookie mistake was buying in urgency because a friend told me that I was missing the bus and should buy crypto asap, then I thought a little about what you guys mentioned in a video but still bought some BTC and ETH, now it is red but it reminds me to never buy in urgency, good video thank you for the knowledge!", "likes": 4}, {"author": "@robertz7294", "comment": "I bought 500 shares of BNGO @$1.37, and 160 more when I was able.  One day it went up to $15.60, and I didn't take any profits.  Eventually I sold around $5.00, I was still in profit, but that was tough.  The price is in the two-three dollar range now, I'm glad I got out when I did.", "likes": 0}, {"author": "@tetski8", "comment": "My most expensive mistake is investing in Walton.  I thought as long as I invested in properties, it's would be a sure winner.  \ud83d\ude14\nIs it possible you guys make a video about Walton and how it lost our money?", "likes": 1}, {"author": "@summercherry123", "comment": "Marc and Brandon, are you keeping high % cash in your portfolio due to the volatile market? How do you maintain the cash, are you investing it in some kind of fixed income ETFs? Would love an episode on this kind of topics. Thank you, stay safe!", "likes": 2}, {"author": "@austinmallar5430", "comment": "My rookie mistake was investing with a friend (was a Primerica representative, double oof) and paying the early withdrawal fee of about 6% when I wisened up about investing a few years later.", "likes": 2}, {"author": "@ncomokenyata4126", "comment": "How do you know when to trim your investments?", "likes": 0}, {"author": "@ryanm7171", "comment": "I have made many mistakes, but my biggest mistake was buying Baytex, Crescent Point, Vermilion, and few others in the energy patch, and not selling them when the oil market fell.  I honestly felt that it was just cyclical and oil would eventually recover. That never happened. Even with this great year many of my oil stocks are still down over 85 percent.  Only Suncor broke even and Canadian Natural Resources made any money.  This was my biggest mistake.  If I go back in time, I could have told a younger me to just buy one Canadian ETF and one US ETF, and not worry, but instead I became a stock picker.", "likes": 1}, {"author": "@ceonz", "comment": "my dad owns BLDP he says \"it may go up\" he wont sell lol", "likes": 0}, {"author": "@khuo0219", "comment": "My worst mistake was not listening to Cathy Wood's back in January 2021 when she said \"taking profits (even on her funds) can be a very good thing because a correction was coming\" (her own words!). I should have trimmed my position then rather than riding it up a bit more and all the way down to today's price. There is a lot of potential in the stocks in the Ark funds, but many were vastly overpriced in early 2021. When the fund manager tells you to take profits, take them! Luckily, I knew that Ark holds speculative stocks, I never let Ark funds exceed 5% of my overall portfolio.", "likes": 0}, {"author": "@khuo0219", "comment": "The trick is to never let one mistake sink you as there will be a lot of opportunities to earn your money back with diligent investing processes.", "likes": 0}, {"author": "@ab.4425", "comment": "Wow what a video Marc!! Thank you so much!!", "likes": 0}, {"author": "@michaelsmeja2485", "comment": "Good video", "likes": 0}, {"author": "@storm19", "comment": "In 2006 i was trading RIM -Research In Motion for approximately every $5 dollars above the opening price ,when i taught i had the  formula so i used my margin account to increase my profit ,that is when the price never came back up above the purchase price\n,to make matters worse ,while waiting for that to take place ,i went to the world cop in GERMANY and did not put a stop loss\nbecause i had not learnt that part as yet ,plus my Canadian phone was left at home . They could not contact me to tell me i had a margin call. .Cost me $ 10,000.00", "likes": 0}, {"author": "@johndaniel21343", "comment": "Invest on margin, terrible mistake", "likes": 0}, {"author": "@cheynebest7028", "comment": "I'm very lucky to have learned many mistakes through other people and not making them myself. Building my portfolio for 5 years before I started to pick individual stocks and have taken after Peter Lynch and his investment style. That alone has saved me from many of those shifty deals or to good to be true scenarios. Have been very successful focusing on growth building out my portfolio. Taking advantage on price drops and having a longterm mindset looking for disruptive companies. Great video", "likes": 1}, {"author": "@Ed-qv2qd", "comment": "My mistake was not getting into self investing at the start of the pandemic.  Meant to buy kept putting it off.  Finally got my act together start of this year.    Thanks for the content.", "likes": 0}, {"author": "@torontoBluejays87", "comment": "Hey guys would you ever consider making a video of you sitting down and actually going through the process of researching a security? Like in order of what you prefer to do and look for when you are interested in a company?  \n\nI personally wouldn\u2019t mind sitting through a longer video or series of videos of you breaking down a company step by step.", "likes": 16}, {"author": "@newphiewop", "comment": "Hey Mark and Brandon (or should I say Brandon and Mark\ud83d\ude02, fathers first!!) great videos that you two put out. Could you please do a video on CDRS up here in Canada? I\u2019ve researched them somewhat and have been using them to pick up some mega cap stocks. I\u2019m just curious of your guys thoughts on them.\nOn another note Brandon, I was pleasantly surprised to see that you had some Fans Unite stock, like myself. I rode it up to the top and then sold (I normally don\u2019t go in and out of stocks too often, but that was a no brainer) I\u2019m now a proud owner of 2000 free shares\ud83d\ude0e. What\u2019s your thoughts on them Brandon? They seem to be doing a lot of moves. Are you still a holder of them?\nAnyways, thanks for all the great content and hopefully I\u2019ll see a CDR video in the near future!\u270c\ufe0f\u270c\ufe0f", "likes": 2}, {"author": "@michaell7090", "comment": "Your videos are educational and I enjoy watching them. Keep eh up eh!", "likes": 0}, {"author": "@chrisevans7416", "comment": "Same mistake 2x didn't cash out and take profit ,instead bought more to average down and they never recovered and still own them ,like you as a reminder", "likes": 1}, {"author": "@kylestratton4943", "comment": "My biggest mistake was using the share price to dictate my investment. About 4 years ago I told my broker that I wanted to get into tech stocks. They suggested either constellation software or open text. Constellation was around $1000 a share and open text was around $55. Based on share price alone I thought that open text had a better chance of seeing possible upside since the price was so much lower than constellation. Constellation has more than doubled over that time while I'm up roughly %6 on open text....", "likes": 0}, {"author": "@coolasiandud3", "comment": "my biggest mistakes are buying meme stocks and not taking profits while i was up.", "likes": 1}, {"author": "@DMaster27", "comment": "Ballard Power is still not a mistake, hold past 2030. Thank me later. Tesla can't keep up on battery demand hence the delayed Cybertruck. Supply chain issues for battery components will remain a plague. Ships and Planes will need hydrogen, and Hydrogen can be made with less supply chain issues. Bullish as heck for Hydrogen. \ud83d\udcc8", "likes": 0}, {"author": "@GubeTube19", "comment": "My worst mistake was making a 230% return on a crypto investment in 6 months. It was a mistake (despite making money) because it wasn't investing, it was pure speculation. I'm glad now that despite the good result, I realize it was a bad decision. I'm thankful that I didn't let this profitable event lead me down a bad path of horrible decisions with no process backing them up.", "likes": 8}, {"author": "@grega4450", "comment": "very good video.. Some great examples.....  Use stops and even if you get stopped out and it moves back up...OH well.   I still struggle with that.    Penny stocks are a suckers game....Took me awhile to learn that.", "likes": 0}, {"author": "@CanuckDividends", "comment": "It's nice when people are willing to admit when they made a mistake instead of giving the illusion that everything that they do makes them money. Thanks for the honesty and the tips", "likes": 21}, {"author": "@MakingThemDrop", "comment": "Great stories, thanks for sharing with us", "likes": 0}, {"author": "@willkeen5010", "comment": "Rookie mistake I made was getting caught up with some of these small cap growth stocks that are in the news daily, ie Well Health and Nuvie. Still own but have taken a 50% hair cut on both. Hoping they will recover to the highs I bought at but honestly, I know they weren\u2019t blue chip dividend payers that make up my core holdings so I only invested what I was willing to loose. When I saw your chart of Ballard, it reminded me of the 200 shares of Nortel in my portfolio.", "likes": 3}, {"author": "@ghostangel828", "comment": "My worst rookie mistake, I actually made it 3 times... 3 times i had 3 different stocks that went to a 400% profit. All three of them probably totalling 30k of profit. I didn't sell.... Ya it went back down. Oh well, you live and learn. I'm definitely taking taking profits now", "likes": 0}, {"author": "@TemujinBC", "comment": "#Solidarity sir!  I have my own worst rookie mistake:\n\nBuying an IPO on nothing more than hype and dreams, then catching that falling sword all the way down down down!\n$Wish\n\n:(", "likes": 1}, {"author": "@JoeSmith-pu9hi", "comment": "The master Jedi", "likes": 0}, {"author": "@g59490155", "comment": "Split share funds require active management just like stocks, if people think it's just funds with high yields, then yes most likely people will get burnt.", "likes": 0}, {"author": "@behuman5725", "comment": "This was very helpful and agree with the other comment. Your hair is still nice and at least you still have a full head of hair lol", "likes": 2}, {"author": "@e5man4her", "comment": "Thank you for your honesty.....30 years ago I had an OTC mistake, in hindsight it was money spent on an education in investing.....still have the stock certificates as a reminder.", "likes": 0}, {"author": "@arshaeskandari7462", "comment": "Your experience is definitely something valuable for younger generations, thank you for sharing \ud83d\ude4f", "likes": 18}, {"author": "@boshkaniedits731", "comment": "Ur hair is beautiful don\u2019t hate on it", "likes": 2}, {"author": "@arshaeskandari7462", "comment": "Great \ud83d\udc4d", "likes": 0}]