[{"author": "@beaviswealth", "comment": "\ud83d\udcc8\ud83d\udcda Join The Investing Academy \u27a4 https://bit.ly/theinvestingacademy \r\n\r\nAre you worried about the state of the stock markets? In this video, I'll explain why some indicators are pointing to a possible downturn. Whether you're a beginner or an experienced investor, this video will help you make informed decisions and avoid common mistakes.", "likes": 7}, {"author": "@ChrisBrown-kv7yh", "comment": "Thanks Marc, another outstanding video. I agree with one of the other people this should be mandatory viewing. I am also newly retired and have invested heavily in the market. I am down about 16% or $180,000 and it\u2019s a little unnerving. I am in it for the long term as I do not like to buy and sell, and as I have no pension, I live off of my dividends which are currently sitting around $170,000 a year. I am mostly in ETFs and some single stocks, but everything pays a healthy dividend. Yesterday I started selling some of my hardest hit investments, and have transferred the money into other investments that I don\u2019t own but that are also way down. A couple of them have stopped paying dividends. My plan is to have some capital losses to offset some of my stronger positions down the road. Keep up the good work I find your videos extremely helpful.", "likes": 0}, {"author": "@andrelizotte9912", "comment": "I am bearish, I have taken some profit, I keeps my long position, I buy some rare value dividend with strong balance sheet\u2026", "likes": 0}, {"author": "@LilijanaStride-rd1hs", "comment": "Excellent!", "likes": 0}, {"author": "@gary449", "comment": "Excellent, My income is still the same, it just means more stocks and ETFs i love will be on sale.", "likes": 0}, {"author": "@George_K_Canada", "comment": "How do they measure GDP: in absolute values, or adujusted to inflation? Say if GDP growth in 2nd quarter was 0%, and this is not adjusted to inflation, it actually means negative territory, something like -1.5%. If that's the case, then we s/b in recession very soon, if not there already.", "likes": 0}, {"author": "@tordjohansson3604", "comment": "Agree on most of the arguments for a slowing economy and thus further pressure on the stockmarket. But what about seasonality and pension payments entering into the stockmarket? And what about preidential cycle and the stimulus programs like IRS? Can it be that the stockmarket will have a shortterm bullcycle and turn down after newyear? - Reflections on this!!!???", "likes": 0}, {"author": "@chunzhu5049", "comment": "your wrong like always", "likes": 0}, {"author": "@togoni", "comment": "Market value is a function of a liquidity, aka all the money thrown at assets.  It's a fare value until liquidity is sucked out of the market. Stop panicking \ud83d\udc4c", "likes": 1}, {"author": "@jeromeleoterry", "comment": "Even if you knew for certain there\u2019s going to be a market crash / correction, trying to act on that information could be worse than just staying the course. If you\u2019re time horizon to retirement is in the decades, you should look at a crash / correction as a buying opportunity. If you are close to retirement, you should already have reduced your risk by being more weighed to fixed income. \n\nTo quote Peter Lynch \u201cFar more money has been lost by investors in preparing for corrections, or anticipating corrections, than has been lost in the corrections themselves.\u201d", "likes": 1}, {"author": "@metalpolishshop", "comment": "The higher for longer situation has not really hit homeowners and landlords at this point.... but when the re financing comes time.... oh boy look out at the big holes that has been dug. We don't have housing now and I can't imagine renters not having to cover the costs of the re financing when it comes due.\n\nYour looking at rent already in Toronto and Vancouver in some cases touching $3000 for a one bedroom. \n\nThe cracks are starting to show that people are running out of money..... and credit cards are not going to be their friend.", "likes": 0}, {"author": "@victortaboika1114", "comment": "Bull markets are born in pessimism, grow in doubt, mature in optimism, and die in enthusiasm.", "likes": 0}, {"author": "@PhongMike", "comment": "Great video..I'll dump all my stocks tomorrow..SPY will retest 421...thank you", "likes": 0}, {"author": "@scottscriticalmass", "comment": "This is likely going to sound strange being your video wasn't all rainbow & butterflies, but I was more excited watching this video than I've been watching a video in recent memory.  Why?  I finally feel like somebody is seeing the same things I'm seeing, albeit you're doing so in a much more thorough manner than I do with my amateur-hour analysis.\nI see two likely scenarios playing out, both with equal chances in my eyes... 1) We're entering a secular bear market or 2) We're in the midst of a very long term sideways market.  The latter is obviously the better option, but honestly can't bring myself to outweigh one over the other.\nAs for what I'm doing in this environment?  I'm being cautious.  I'm staying mostly invested and continue buying where I see opportunity, but I'm looking to trim and exit overvalued riskier plays as well.  I guess you can say I'm being opportunistic on both ends.  \nIt's going to get very interesting over the next year or two.  Just hope I'm prepared for whatever comes our way.  Thank you as always Marc.  All the best to you!", "likes": 0}, {"author": "@rosieone5670", "comment": "Bullocks\u2026\u2026just crash it and get it over with. This dribble dribble drip drip toilet seat up and down pattern is nauseating. Then we can start over again and play the same silly game over the next 15 years.", "likes": 0}, {"author": "@jasperschouten9353", "comment": "can someone recommend a TSX money market ETF that I can move some $$$ into?  I'm \"in all\" in CDN dividend equities but I'd like to take some profits and move them into a safe GIC/Money Market ETF.  Thanks for responding.", "likes": 0}, {"author": "@nomad8279", "comment": "One of your best videos yet. This should be mandatory viewing for all first-time investors. There is a ton of information in this 15-minute video. Thank you so much for all your work.", "likes": 5}, {"author": "@larrymorton5332", "comment": "being diversified will not help when this thing crashes...soon", "likes": 1}, {"author": "@afterdark6822", "comment": "Wage inflation due to strikes and oil price shocks from a possible conflict with Iran will drive inflation and interest rates higher.", "likes": 0}, {"author": "@larrymorton5332", "comment": "the market would have crashed by now if not for the plunge protection team being so active.", "likes": 0}, {"author": "@Khobai", "comment": "i moved 2/3rds of my money into 5.4% 3-month CDs and only have about 1/3rd in the stock market now.  Ive been managing to stay ahead of inflation.", "likes": 0}, {"author": "@harveyoulton7573", "comment": "generally, when i buy a stock, the price goes down 60-70% of the time. short term. im close to retirement. with that said, im buying decent company's with a good yield and long term prospects", "likes": 0}, {"author": "@hughcourchesne4351", "comment": "More interest rate hikes ahead", "likes": 0}, {"author": "@adie2u", "comment": "How many People , Called the last recessions ???? , They never Predict it correctly !!!  or very few people have in the past !!! Next 3-6 months will Tell", "likes": 0}, {"author": "@adie2u", "comment": "Big Correction Downwards coming , Be warned !!", "likes": 0}, {"author": "@Simba-qi4gk", "comment": "GIC for now", "likes": 1}, {"author": "@rogerchalifour2171", "comment": "Thank you for this very instructive video. Now for your question:\nHow worried am I ?  What a good question. I am invested for the very long term (I am newly retired) so I should not worry about my very balanced portfolio (geography and industry wise but maybe not enough in debt vs equities vs cash). There have been long market droughts in the past century for either the stock or the bond markets. What worries me most is that the correction could now be long and hard as opposed to a sharp fall we have been used to in the past 20-30 years... Therefore from a current current mix of 83% equities,  12% fixed and 5% cash, I will likely get closer to 70 - 20 - 10... Still aggressive, but way less...", "likes": 0}, {"author": "@spicy_xinger", "comment": "I\u2019m sitting on reserves until the EOY to see what happens with the market. Currently sitting at 6% interest with tangerine until Jan 31. Debating whether I\u2019ll then dump my cash into my mortgage or into the market if prices crash", "likes": 0}, {"author": "@miketrusky476", "comment": "Everytime a Democrat president runs for reelection we get these EXACT same reports, when these don't work the owners of the Republican party  (big oil) play their last card , an increase in gas prices, after the election prices go back down.", "likes": 0}, {"author": "@Zeguine1", "comment": "I sold all my spy stock. So I'm definitely bearish.\ud83d\ude05", "likes": 0}, {"author": "@daveandjanwoolf8078", "comment": "What EVIDENCE do you have that markets are overvalued? Consumer confidence has not collapsed - Unemployment has not risen markedly - FTSE 100 companies are earning high rates of interest on their cash reserves - Metro Bank (despite doom mongers saying this was the start of a banking collapse) raised funding without too much difficulty. Dividends are being maintained. Retail sales are not great but have certainly not fallen out of bed. The primary objective of most consumers is to make it to the end of the month - they have no interest in Markets", "likes": 0}, {"author": "@MM-qv5lf", "comment": "These kinds of videos are the most valuable, thank you for creating them, they really help, especially for those of us still learning and new investors.", "likes": 0}, {"author": "@hectormunoz6498", "comment": "October 17/18th will be a green day, I will be loading into puts", "likes": 0}, {"author": "@crusader6962", "comment": "What recession? me and all my mates are spending like it\u2019s 2021. No one is poor.", "likes": 0}, {"author": "@fasteddy-fd3kr", "comment": "Over valued compares to what timeline? 2016? 2019? 2008? 2000? 2020?", "likes": 0}, {"author": "@roydesell223", "comment": "IMO The Fed. will cut before any more rate hikes, dollar falling along with 10 yr.", "likes": 0}, {"author": "@bassamatic", "comment": "LIBERALS NEED A PUMP before next election. no new highs required.... just a large enough pump to give people \"hope\" going into the final 2 months of their term.", "likes": 0}, {"author": "@grantp4022", "comment": "Good video here, and I feel the markets could keep gradually trending down, until we see\nthat inflation rate, and interest rates keep falling. Just like yourself, I have my portfolio\nhedged using the SQQQ, and SPXU ( 3X inverse ETF'S) So I'm heged to about 60 % of the\nprincipal value of my portfolio. Also I'm buying stocks like Walmart, TJX, and Hershey. \nHershey is down about 30 % and people will eat chocolates, or drink Pepsi in a recession.\n\nPepsi is also down about 20 %, and these stocks don't usually drop that much. Walmart\nhas been trending up over the last 6 months, so that tells me people are budgeting their\nmoney, and shopping where the best prices are available. I don't think we'll see a \"major\"\ncrash, but a steady downward trend for the reasons you stated in this Video is very likely,\nand Investors should have their portfolio hedged right now, as things are too shaky for my\nliking, and the market is searching for a direction to go in ? -- up or down ? \n\nWill depend on the price of Oil, which fuels inflation, and Oil cost is built into every product you\nsee on the sore shelves. I would feel \"very positive\" to see Oil come down to under $ 70.00\nUS per barrel. Until I see some direction in the market, I'll stay quite heavily hedged, and buy\nmore consumer defensive stocks, that I wouldn't normally buy.", "likes": 0}, {"author": "@thomasc2680", "comment": "I\u2019m giving up on equities if IWM breaks 160. Until then, holding out for a massive wave 5 on the monthly chart. My only reason is the technicals, not at all the fundamentals.", "likes": 0}, {"author": "@philippe8742", "comment": "Personally I tend to invest outside of the US right now, definitely overvalued.", "likes": 0}, {"author": "@Kevin_Street", "comment": "Thank you for doing this video. I really appreciate how you keep us informed of these trends.\n\nSpeaking personally, it's already been a bear market for me for a couple of years now. The worst I've ever known. At this point I think I'm pretty conservatively invested, or at least I think I should be okay for another year of this.\n\nSure hope there's no stagflation, though! There's a blast from the past we don't need.", "likes": 2}, {"author": "@voo5000", "comment": "I dont disagree,  but you said the same thing over 6 months ago...lol", "likes": 0}, {"author": "@rayzad1564", "comment": "We will have a lot of turmoil like the ones we have been having for decades to come. I have been a bear for the past and have lost all my money, 200000 dollars in fact but I know it will come back. I am in UVIX. Would like to know why it keeps going down though.", "likes": 0}, {"author": "@RisusOrbis", "comment": "Brilliant!  Very insightful!", "likes": 0}, {"author": "@ronwinkles2601", "comment": "There is an indication Thursday, October 26, 2023 will be a red letter day across the board on Wall Street.", "likes": 0}, {"author": "@veeli1106", "comment": "\u2026where there is crisis, there is opportunity!", "likes": 1}, {"author": "@sharonkong1335", "comment": "If one is net long, it needs hedging.  There seems a ton of short sellers on the long end of bonds - TLT.", "likes": 0}, {"author": "@clintcowan9424", "comment": "They will sacrifice the stock market to save the bond market", "likes": 0}, {"author": "@xxGecko22xx", "comment": "As a younger Canadian I'm concerned about the long term sustainability of the current economics of Canada...", "likes": 4}, {"author": "@MrStillmans", "comment": "I only invest in oil, gold, and tobacco, so defense is already built in. The more rebalancing you do, the more moves you make, the worse you perform, typically. Someone very famous once said \"There's always trouble.\" You don't have to react to other people's ideas of trouble. He also said something about a bar of soap.", "likes": 2}, {"author": "@iamhenry8", "comment": "Marc is sharp and professional", "likes": 0}, {"author": "@st.george007", "comment": "If the market does turn down anymore that it has, would that be a good time to transfer wealth out of an RRSP so as to have a lower tax burden.", "likes": 2}, {"author": "@torontoBluejays87", "comment": "Love how straight to the point your commentary is Marc. I also agree the market is overvalued. I think the effect from these interests rates are a year or two off when more and more people have to renew their mortgages they got at very cheap rates.", "likes": 1}, {"author": "@sharonkong1335", "comment": "Agreed with most of your comments.  One needs hedging.  BTW, the H&S pattern on the SPY was invalidated as the price closed above the neckline a few days ago.  Ozempic is the new AI - Lly v. junk food stocks.", "likes": 0}, {"author": "@cris471", "comment": "Canadian banks are in for a rough ride in 2024", "likes": 1}, {"author": "@user-sg2xj6fn3l", "comment": "It is time to sell all your possessions and go all in on stocks (kidding)", "likes": 0}, {"author": "@dimbelgium", "comment": "Good info \ud83d\udc4d", "likes": 0}, {"author": "@Dt62034", "comment": "I\u2019m staying the course, keeping a cash wedge, staying invested in dividend stocks with good quality companies and not losing any sleep.", "likes": 7}, {"author": "@mr.xernorus4026", "comment": "Sure hope their a crash, with most of my oil sold, im 160k in cash and waiting", "likes": 0}, {"author": "@steevengingras4087", "comment": "We need a change in Government, that would help to have a fiscally savvy party in charge.", "likes": 8}, {"author": "@MyJosephxxx", "comment": "Sell all your stocks \nThe crash is coming Bigger than expected ,", "likes": 0}, {"author": "@djayjp", "comment": "Speaking of Shiller, his Excess CAPE yield metric shows a fairly average reading of 2.13%. Equity Risk Premium is also at an average reading (since 1983) of 4.2%.", "likes": 0}, {"author": "@ardentenquirer8573", "comment": "We will have a recession it is not a question of if but a question of when ***** I am staying in the market *****however I moved to all value and dividend stocks ++++ I am still buying but very carefully and slower***** NO AI for me yet****Stagflation it is better to stay equity market in GOOD COMPANIES **** bonds will get killed except for maybe tips", "likes": 0}, {"author": "@djayjp", "comment": "I don't think it would be fair to characterize inflation as \"high\" now, but rather merely \"moderate\".", "likes": 1}, {"author": "@Coyotehello", "comment": "My investments are not based on predicting the future.", "likes": 0}, {"author": "@MountainFinance", "comment": "Hi Marc,\n\nIt really does feel like we are near a breaking point. A retracement or correction at this point would not really surprise me. A sustained bullish trend would surprise me.", "likes": 1}, {"author": "@sarabxyz", "comment": "Good data points. Credit spreads? Real estate?", "likes": 0}, {"author": "@pulidoalbores", "comment": "Mark, I personally agree with your assessment and I'm looking to adjust my portfolio accordingly, could you post a video of your  own investment recommendations for a \"defensive approach\" ?", "likes": 4}, {"author": "@kravmaga3225", "comment": "Given these potential market conditions I would be interested in hearing how you would structure your portfolio in perhaps another video,   I love these market updates Marc  Thanks", "likes": 13}, {"author": "@KevinK1991", "comment": "As someone with a time horizon of 25+ years, my plan isn't changing: continue to DCA into a globally diversified portfolio.", "likes": 0}, {"author": "@realyman", "comment": "Thank-you", "likes": 0}, {"author": "@BURGATRON", "comment": "Because Marc looks so scary in the thumbnail I will no longer buy stocks, invest or do anything with my money thank you", "likes": 5}, {"author": "@iantc1622", "comment": "I am playing the waiting game.  Have about 5% cash.  Will invest in covered call ETFs.", "likes": 0}, {"author": "@web3tel", "comment": "Thanks Marc. What hedging techniques are you using or can recommend?", "likes": 0}, {"author": "@iamhudsdent2759", "comment": "The market corrections cited took place at the onset of the financial crisis and the Covid crisis. Not chart driven. Having said that I am 100% invested in a money market earning 5+%. Though selling occasional covered calls on energy stocks..", "likes": 0}, {"author": "@MikeyPaper", "comment": "Thanks Marc, I really appreciate your insight. Its always interesting to see your opinion.\n\nMy concern is the Canadian economy. The American economy has shown surprising resilience to the interest rate hikes (for now). However, the Canadian economy is contracting quicker. I live in Canada and we may be in for a rough ride. If Tiff Macklem cuts interest rates before Powell at the federal reserve, wouldnt that devalue our currency? That could cause massive inflation to our economy, but I dont know how many more punches the Canadian economy can take. \n\nI'm looking forward to seeing the GDP numbers in the near future. That should give us a clue moving forward.", "likes": 0}, {"author": "@evadeanu1", "comment": "Thank you so much Marc. You know my situation, I\u2019m thinking for the next year to put our savings in 5.75-6% GICs. Would you agree? Thanks in advance for your opinion.", "likes": 0}, {"author": "@roberttaylor3594", "comment": "Ah geeze! I thought the last few weeks were a market downturn\u2026 but with the us congress and Gaza\u2026", "likes": 1}, {"author": "@krismcfarlane6495", "comment": "We have already bottomed on Many 52 week lows have come and gone\nFinancial sector and housing sector last to go always, \nSo certain sector are good and others are still downward trend", "likes": 0}, {"author": "@natallidias9769", "comment": "Hello, I would love to hear more about our current situation in Canada, perhaps a comparison between Inflation Vs Stagflation, based on your experience as I saw a video from 2 years ago that you mentioned exactly what is happening now. Thank you", "likes": 1}, {"author": "@GrantPatriarca", "comment": "I've been waiting for this video. I appreciate you providing a bigger picture and reflecting on what has happened in the past. I also like how we got more of your opinion in this video compared to others where it is more so just stating facts!", "likes": 1}, {"author": "@Broxty", "comment": "I've transitioned to canadain banks and legit Canadian blue chips. Will be holding for a while.", "likes": 4}, {"author": "@charlies7344", "comment": "I know Tom Lee also looks at a lot of technicals, he\u2019s calling for a bull market till YE and possibly longer. Hard to time the market, better to be in the market for the long term.", "likes": 1}, {"author": "@patrickboyer4688", "comment": "Thank you Marc, love the education videos. You did mention that you were hedging your portfolio - would that be/include the recent addition of the HBND bond etf?", "likes": 0}, {"author": "@smallmj2886", "comment": "I did a major de-risking of certain portfolios in early-mid September.  I put all of the money that I will need in the next two years into high interest savings and money market funds. This includes kids tuition from the RESP, and house savings within the TFSA (we plan to downsize our house in two years, but to a new house in a better town that will have higher upfront costs but MUCH lower maintenance and utility costs.)  For my retirement savings it is all steady as she goes.  That is a long term investment, so I can ride out near term volatility.  If the market tanks then I will just keeps buying.", "likes": 13}, {"author": "@JHM52", "comment": "I'm a passive income investor with a reasonable time horizon - I can comfortably ride out a recession. I'm kind of hoping we'll  have a downturn that extends to (better yet bottoms in) January so my in kind transfer of RRIF assets  will be at lower value - when the market recovers (at some point it will) those assets will be in my TFSA or cash account - could be a substantial tax saving!", "likes": 2}, {"author": "@derekcox6531", "comment": "Interesting.\ud83e\udd14 I\u2019m a bullish bear I guess! I would say that in the last while, I haven\u2019t been adding to my stocks,but I haven\u2019t been selling because I\u2019m a long term investor generally. What I have been doing is buying CASH. 5% is (to me) a sensible option at this time.  A recession (deep or not) is quite likely. I don\u2019t think panic is necessary,but having cash won\u2019t hurt at these interest rates with these conditions. Thanks,Marc. This was a great episode.", "likes": 1}, {"author": "@MurrMan23", "comment": "I\u2019ve been cautious the last month or so. I\u2019m prepared for this.", "likes": 0}, {"author": "@piknik8230", "comment": "Opportunity to buy more!", "likes": 0}, {"author": "@AceVenturaXii", "comment": "Amazing insights Marc. I really love your videos. \nIt\u2019s funny, I\u2019m just getting my kids set up this week with a TFSA. They\u2019ve each funded $1000 and are ready to start. I got my youngest to invest in VFV and XIC to start. My oldest hasn\u2019t bought yet and I\u2019m wondering if maybe she should hold off for a bit? But also the Investing Academy has taught me that you can\u2019t time the market, time in the market beats timing the market, dollar cost averaging buying the highs and lows all tell me that they should just start.", "likes": 2}, {"author": "@warqamilton1604", "comment": "Thx clear analysis of the market Oct 14", "likes": 2}, {"author": "@idorsevel", "comment": "Wonderful healthy advice thx", "likes": 2}]