[{"author": "@beaviswealth", "comment": "\ud83d\udcc8\ud83d\udcda Join The Investing Academy \u27a4 https://bit.ly/theinvestingacademy\r\n\r\nWhat are your biggest fears about retirement?\r\n\r\nCheck out the FREE research tool INVRS: https://app.invrs.com/index.html#/signup?utm_campaign=Influencers&utm_source=2Brandon", "likes": 1}, {"author": "@Lifestartsatretirement", "comment": "I retired a few years ago and am thankful I completely love it!   Great advice!", "likes": 1}, {"author": "@redrockable", "comment": "My biggest fear is that I will never leave my home.", "likes": 1}, {"author": "@danderson5084", "comment": "FYI - further to my other comment, some scammer tried to get in touch via a disguised WhatsApp number that they managed to not have appear in the public comments.", "likes": 0}, {"author": "@johnnyboyvan", "comment": "One more year and freedom!! Being an educator for 3 decades has been a great choice. No debts...amen . My fear is: boredom.", "likes": 2}, {"author": "@juanperez-gh8bl", "comment": "Retirarse requiere mucha anticipaci\u00f3n, como dijiste Marc, creo que la independencia financiera de un trabajo debe ser un objetivo de vida para todo el mundo.\n\n\"Retiring requires a lot of anticipation, as you said Marc, I think financial independence from a job should be a life goal for everyone.\"", "likes": 0}, {"author": "@danderson5084", "comment": "I could retire right now but I'm too scared to invest my money in anything - so it just sits in the bank depreciating. Pretty stupid, eh?", "likes": 0}, {"author": "@SeanONeill13", "comment": "We plan to spend less discretionary, we have everything we want now, with no debt, but the unknowns and unpredictables, scare us.  April 1 2022, is out first whole day in retirement, ages 58 and 55.   \n\nThe flat 4% plan kind of sucks for us.  We want to do MORE early, go-go years. Hence we are melting down more earlier.", "likes": 1}, {"author": "@grega4450", "comment": "I am retiring in a month.  Anxiety has surged.  This video has hit the mark on all the points.  I am a CFA and i know I have enough, its just a huge change of mindset to spending from saving.", "likes": 2}, {"author": "@sergest-pierre6160", "comment": "My biggest fear is inflation.  I was planning to retire this year.  My calculation is base on 4-5 % growth and 2% inflation.  I was good to go.  Inflation this year is over 5%.  If that keeps up for a few years, I will ran out of money a bit too soon.   We have no idea what the future hold as the world is changing.  Two thing are happening at same time, beside the Ukrainian war,  Deglobalization and the Canadian demography decline, our population is going down.  We don't know what an economy base on population decline looks like. We can no longer predict inflation or growth. Have a look at what Peter Zeihan is talking about, it is bit scary: https://www.youtube.com/watch?v=F2C42p_8XfI.", "likes": 1}, {"author": "@James_48", "comment": "Great video.  I think understanding the potential for sequence of returns risk and having a plan to mitigate it is critical.  Whether it's setting some cash aside leading up to retirement, or having a HELOC available to draw on, or as you suggest managing spend expectations, or even (gasp!), returning to work, part-time or otherwise, every retiree should have a contingency plan for this.", "likes": 0}, {"author": "@smallmj2886", "comment": "My biggest fear right now is that I'll be bored out of my mind.", "likes": 1}, {"author": "@cnorth3036", "comment": "April 1st!!! well at least EST =D", "likes": 0}, {"author": "@lesliemcfarlane783", "comment": "I've had so many of those fears.  Planning retirement in 7 years. Thank you for your insight and information.", "likes": 3}, {"author": "@marcusslade9804", "comment": "Kudos Marc. Great content. Canny insight on the \"sequence of returns\u201d segment and one that many civilians may not have thought about. That one has always been front and centre for me in my calculations. Certainly there are defensive measures one can take as you detailed. I am now just one month away from my own retirement. Spoken like a pro who\u2019s done this for a few years. Well done.", "likes": 0}, {"author": "@kadirrangwala", "comment": "Awesome content as always !", "likes": 2}, {"author": "@sz632", "comment": "Retirement? In the current state of Canada we will have the Chinese retirement system very soon.", "likes": 1}, {"author": "@marvinpham5180", "comment": "First", "likes": 0}]