[{"author": "@beaviswealth", "comment": "\ud83c\udde8\ud83c\udde6 Join The Investing Academy Today - https://bit.ly/theinvestingacademy\n\nHope you guys enjoy this different style of video! View some of the photos from the event on our website here > https://www.theinvestingacademy.ca/ > Events. Thanks to everyone that came out to support. It was a blast meeting you folks in Toronto!", "likes": 5}, {"author": "@TheRazzaManazza", "comment": "Very candid. Great content \ud83d\udc4c", "likes": 0}, {"author": "@MrLalitmohanta", "comment": "Great video.Public speaking is a great skill.Can you make a video on your weight loss journey?", "likes": 0}, {"author": "@6Dicesare", "comment": "Top ten best or most important video you've made in my opinion!", "likes": 1}, {"author": "@Carol8693", "comment": "follow Mel Robbins she has changed my life regarding conquer my fears , anxiety ,and being so grateful to all of our blessings . Love your positivity !", "likes": 0}, {"author": "@publicspeakingbasics", "comment": "Mark Twain said it and it still is true \u201cThere are two types of speakers - those that are nervous and those that are liars\u201d. I wonder if he ever tried microdosing though lol!", "likes": 0}, {"author": "@mariacarollos29", "comment": "\ud83d\udc4f\ud83d\udc4f\ud83d\udc4f\ud83d\udc4f\ud83d\udc4f", "likes": 0}, {"author": "@ItsBurnahMan", "comment": "sick i\u2019m happy for u bro! if you\u2019re down, try reading \u201cthe power of now\u201d too. it\u2019s a little bit hard to read but it sounds similar to \u201cthink like a monk\u201d. i\u2019m definitely gonna look into the books i suggested too", "likes": 0}, {"author": "@GabrielaCarnovale", "comment": "It was so great to meet you and your dad there and you did an amazing job speaking! I'm happy to know you overcame that fear and went through this growth process that added more gratitude to your days :)  those moments of being in awe about life are beautiful! Thank you for coming to Toronto and for being so kind to all of us in the audience! Much love to both of you \ud83d\ude4f\ud83c\udffb", "likes": 0}, {"author": "@jasonduster4721", "comment": "It was amazing to see you and your dad in person.  That is the thing about doing something Live, there is no edit button, no do overs.  It is good that you challeneged yourself and conquered your fears.  I was once told that the main reason why people don't like speaking in front of crowds is because they feel like they will die if they do.", "likes": 1}, {"author": "@GISJIng", "comment": "Glad you tackled your fear of public speaking, but I'll recommend get off the mushrooms, micro dosing or not, and take up yoga and meditation instead.", "likes": 0}, {"author": "@jimmyl6847", "comment": "are mushrooms legal in canada?", "likes": 1}, {"author": "@Thomas-hl7cr", "comment": "Appreciate you willing to be vulnerable on your channel and to talk about some things that are harder/riskier to discuss.  Glad you're feeling so great, good for you!  I've always hated public speaking too, and unfortunately know the only way to get through it is to do it more too!  Congrats on getting through it.", "likes": 1}, {"author": "@joshhansen3673", "comment": "I\u2019m glad you got over the fear and showed up. It was great to meet you and your father in person.", "likes": 1}, {"author": "@j3lly069", "comment": "I was there.", "likes": 1}, {"author": "@sadiefrankie2752", "comment": "Maybe placebo effect?", "likes": 0}, {"author": "@Noorfaraj00", "comment": "Cant believe this has been up for only 2 hours. It\u2019s exactly what I needed. I\u2019ve been so anxious lately and just thoughts eating me alive with thinking about school presentations. I never used to mind them until I once panicked and couldn\u2019t breathe while doing one. I realized I never got to accept it and it consumes me till this day. Thank you for this video. It\u2019s truly about changing my mindset. I have two presentations this week! Wishing for the best!", "likes": 1}, {"author": "@PassiveIncomeInvesting", "comment": "good for you buddy!! :)", "likes": 0}, {"author": "@montecrist", "comment": "Hi Brandon, I am writing this post because I truly want you and the academy team to succeed. I apologise in advance if I sound too forthright. I have been a long-time subscriber of the channel and I have been in the academy for the past 2 years. I have followed your channel since your first videos and am so happy to see the evolution of the channel and the academy; however, I feel like this year's content has not met the quality of your past videos. I understand you are a dad now and that there are many things in your personal life that viewers or academy members do not know, but I feel like the channel has fallen behind other similar investing channels in terms of content. The last portfolio update happened 3 months ago. As an investing channel, I would love to hear your and Marc's strategies, especially during this time. I would also be interested in the analysis of the earnings reports of the companies you guys own. I remember when you use to dive into a certain company and break down its pros and cons every month by showing graphs, etc. (I believe that has only happened twice this year, excluding ETF's and disclosing your portfolio). What about the in-depth series of Marc? I will not comment on the academy's content here as I do not think this is the right place. Maybe it's just me, but I really do not understand why you would post a video about the fear of public speaking and microdosing on magic mushrooms on an investing channel hahaha.  Anyways, glad you are doing great and thanks again for your hard work and thanks to Marc, T and D.", "likes": 5}, {"author": "@earlt911", "comment": "After I took two semesters of speech class I enjoyed talking to large groups!", "likes": 2}, {"author": "@lucky247365", "comment": "Nice job Brandon.  I was a keynote speaker at the MoneyShow a few years ago myself and it was a nerve wracking experience.  It was in one of the major halls with a few hundred people, it just feels so weird being on a pedestal speaking to people with all eyes focussed on you.", "likes": 1}, {"author": "@jolivera6701", "comment": "\ud83d\udc4c\ud83d\udc4c", "likes": 1}, {"author": "@dirtydangler", "comment": "Sounds like someone who just started smoking weed or just took their first molly", "likes": 4}, {"author": "@roberttaylor3594", "comment": "Good for you; not easy", "likes": 2}]