[{"author": "@BenFelixCSI", "comment": "How the RRSP Works 1:27  \nMost Common Misconceptions 5:31\nHow to Think About the RRSP 10:33", "likes": 31}, {"author": "@MaritsaDarman", "comment": "Sounds like a \u201cTraditional\u201d or \u201cSimple\u201d Ira in the US", "likes": 0}, {"author": "@phoenixoliviacopy2727", "comment": "You said it's not a good idea to risk puttiing stocks in your RRSP but you didn't say what would be better... ETFs?", "likes": 0}, {"author": "@terryyang3397", "comment": "Please do a video on fhsa", "likes": 0}, {"author": "@Joe-jc5ol", "comment": "I am considering cashing out my RRSP entirely early this year since I am moving to a tax free jurisdiction. If I leave the RRSP, the CRA might use it as an excuse to deem me as a tax resident.", "likes": 0}, {"author": "@1234Naomi", "comment": "I wish I learn finance from Mr. Felix when I was 18 years old. My life would be so different.", "likes": 0}, {"author": "@peteraustin5996", "comment": "Can you provide information on investments with distributions that include part or all return of capital.  Specifically, can you comment on what happens to these types of investment within an RRSP and what happens when converting from a RRSP to a RRIF, especially in regards to the adjusted cost base and capital gains.", "likes": 0}, {"author": "@cloudedjourney", "comment": "Very Helpful thanks Ben!  Question for you or anyone else who feels like answering: I accidentally contributed 10k to  my Wife's RRSP instead of  mine. I want to take that out and put it into mine as she has significantly less income than me. I did not want to as there was that 20% withholding tax. But that tax will get recalculated come tax time and should be returned as she has a low tax rate. Is that correct?", "likes": 0}, {"author": "@tahashokouhi3229", "comment": "Awesome video, clearcut! thanks Ben", "likes": 0}, {"author": "@treasure2behold282", "comment": "It all comes down to  paying tax on money you have earned legitimately. Does that make sense to anyone? Thanks for this info regardless of the rules the government imposes. We should be able to access this money without all these rules. That would be too easy for all concerned.", "likes": 0}, {"author": "@tintoLoreto", "comment": "such awesome clear video.", "likes": 0}, {"author": "@gns942", "comment": "Pro tip: When you get your tax refund from contributing to the RRSP, use it to reinvest back into the RRSP instead of spending it on something frivolous like a big screen TV or a new phone or whatever. Too many people think of this check from the government as 'free money'. It is not free money, it was YOUR money that the government deducted throughout the year.", "likes": 1}, {"author": "@serjiang", "comment": "Hi Ben, my (good) problem is that I've maxed our my RRSP contribution room this year. However, to fully deduct the contribution would take me to the lowest tax bracket in Ontario. How can I calculate the optimal deduction this year and what amount to defer? Is there a chart that shows at each tax bracket, how much investment income it will take to forego the deferral of RRSP deductions?", "likes": 0}, {"author": "@serjiang", "comment": "There are quite a few other smaller benefits to contributing to an RRSP: \n-If you know you are going to contribute to your RRSP, you can ask the CRA to give permission to your employer to reduce source deductions, leading to a bigger pay cheque during the year\n-RRSP contributions can increase your CARE Tax credit (in Ontario) and the Canadian Child Benefit \n-RRSP contributions reduces your marginal tax rate. Withdraws are taxed at your average tax rate\n-US dividends are not subject to withholding tax in an RRSP\n-Spousal RRSPs can offer income split opportunities\n-If you have a rental property, net rental income adds to your RRSP contribution room. When you sell your rental property, hopefully at a gain, the 50% capital gain inclusion can be further deferred by contributing proceeds to your RRSP, a rare double dip of tax advantages.\n-The tax bracket you contribute at will be lower than the tax bracket you withdraw in the future. Leading to more withdraws at a lower tax rate in the future.", "likes": 0}, {"author": "@dereckguilbault2213", "comment": "I just wanna say for the people watching that right now that the new amount for home buyer plan is 35 000$", "likes": 0}, {"author": "@coltukkor", "comment": "Curious if you have maxed out your TFSA investment room and you are in the lowest tax bracket (and for the foreseeable future) is it beneficial to use up RRSP room over simply using margin account?\nI expect to be in the same tax bracket in retirement.\nIn this case which would you recommend?", "likes": 0}, {"author": "@michaelm.8307", "comment": "The rsp is a scam", "likes": 0}, {"author": "@AgricEcon", "comment": "I would be interested in more if a discussion on investment for those with defined benefit plans.  Should one treat that as bond like within an asset allocation?  Great video!", "likes": 1}, {"author": "@AjaySingh-zc8xw", "comment": "best", "likes": 0}, {"author": "@kinggstergaming4136", "comment": "Wow he is sexy. I could watch him talk alll day \ud83d\ude05\ud83d\ude18", "likes": 0}, {"author": "@giovannisilano", "comment": "Let me get this right,so if i manage to invest and get a 30% from my stock in my RRSP i basically end up having enough profit to cover taxes?", "likes": 0}, {"author": "@alwaysforward8545", "comment": "Thanks for the informative video! Would you recommend that we hold CA-listed ETFs holding US equities (ex:VUN) and CA-listed ETFs holding US ETFs which hold US equities (ex: XSP) in the RRSP or TFSA to maximize tax efficiency? Is it true that we don\u2019t pay additional withholding tax for these ETFs since it\u2019s already paid for by the fund manager which is included in the MER cost for the ETF?", "likes": 0}, {"author": "@ericstrashin5847", "comment": "I was hoping to hear about the fact that it is never beneficial to defer your tax deduction and that it might be best to not contribute certain years if you are expecting a large increase in income the following year", "likes": 0}, {"author": "@Spicy007", "comment": "Taxes should only be increasing tho, especially in Canada. As population growths, our government is going to need to collect more taxes. Also debt repayment is only getting a bigger chuck of our budget every year", "likes": 0}, {"author": "@cretnotonic", "comment": "Can I just stuff money in my mattress? Is there a video of what happens to my RRSP when I'm retired?", "likes": 0}, {"author": "@-dimar-", "comment": "Exactly what I was looking for. I'll have to watch it several times to assimilate the info :-)", "likes": 0}, {"author": "@Azel247", "comment": "Wait, so I need to have a RRSP that trades in USD instead of CAD to hold the US ETFs?", "likes": 2}, {"author": "@zipperdingo6385", "comment": "Ben Felix\r, no one says it like you do, thanks bro", "likes": 0}, {"author": "@philippelevesque9845", "comment": "So here is the question, if I invest $1000 in my RRSP and that $1000 grows to $10000 and I make a withdrawal on the entire amount. am I likely to pay 30% on $1000 or $10000?", "likes": 0}, {"author": "@Azel247", "comment": "So I should do an in-kind contribution from my non-registered investments into the RRSP? I have capital gains, no losses.", "likes": 0}, {"author": "@medbenyahia", "comment": "Hi Ben thank you for the financial education so let's say I invest  5000 dollars in my RSP so basically I pay less income tax  my question is  if I keep the 5000 in the RSP is that gonna lower my income tax for all the years that the account is going stay open   and then I pay the 30  per  cent  on the 5000 when I withdraw the money eventually ?", "likes": 0}, {"author": "@serjiang", "comment": "My work matches my RRSP contributions. My biggest concern is that my RRSP balance will be too high when I retire, I\u2019ll be in the same or maybe higher tax bracket when I withdraw. Should I hold off on contributions?", "likes": 0}, {"author": "@elial6327", "comment": "At 12:20. What are some examples of a Canadian listed ETF that owns a US listed ETF of international or emerging markets stocks? I dont want to make this mistake.", "likes": 0}, {"author": "@ameedazam", "comment": "I heard if you have capital gains, you are taxed only on 50% of those gains. My question is when you have these capital gains in an RRSP, when you withdraw it, are you gonna be taxed on everything or is it gonna take only 50% on capital gains?", "likes": 0}, {"author": "@pokiblue5870", "comment": "Hi ben , could you make a video about what to do when you maxed your TFSA and RRSP ?", "likes": 0}, {"author": "@playb4work447", "comment": "You explain well, and make easy to understand. Thanks", "likes": 0}, {"author": "@jh-b5325", "comment": "Ben is the best, thank you for this insightful content!", "likes": 0}, {"author": "@kaiwang2924", "comment": "Contractor with an income of $100,000, vs fulltime $80,000. How much RRSP limits are they? 18% of each? If so, then it seems that contractor can benifit more from RRSP?", "likes": 0}, {"author": "@dronroc4587", "comment": "Great! \ud83d\udc4d\u263a\ufe0f", "likes": 0}, {"author": "@jhorn18", "comment": "Had to share this with friends. Great content", "likes": 0}, {"author": "@PLVC3BO", "comment": "Let's all appreciate the fact that we have access to this quality of content for free.", "likes": 34}, {"author": "@sanjujoseph3526", "comment": "Hi, if i had 50000 in my RRSP HOme buyer account and if I withdraw 35000 for downpayment, then the tax free growth is for the remaining amount (15000) or entire 50000 as i hv to pay back it.", "likes": 0}, {"author": "@saveUyghurs", "comment": "This guy is like 30 but speaks as if he's 60", "likes": 0}, {"author": "@agelikikatsarou3609", "comment": "Thank you, Ben! Your videos are always evidence based while at the same time you are so much illustrative! So, I am wondering, if I decide to permanently move out of Canada (which means that I will not have to do taxes for CRA anymore), can I continue using the RRSP account and taking advantage of its benefits?", "likes": 0}, {"author": "@ClarkeJDuggan", "comment": "So because of the withholding tax thing, are the ETFs like VGRO not recommended for TFSA and RRSP? This is confusing.", "likes": 0}, {"author": "@MarcusW123", "comment": "Your videos are fantastic! I think the fact that I am watching this video without ever having lived in Canada really proves this.", "likes": 0}, {"author": "@andyb.1200", "comment": "Excellent video @Ben Felix. One question - at 12:21, why would you avoid holding a Canadian listed ETF that owns a US listed ETF in your RRSP? Wouldn't you avoid paying the witholding tax if you did? Also, I'm  assuming that it's best to hold all your US investments in the RRSP?", "likes": 0}, {"author": "@geggs1", "comment": "I have 98k contribution accumulation from the last 6 years. I\u2019m gonna fill it up this year and bring my taxable income down to about 20k. I\u2019ll probably get a 25k tax refund.", "likes": 0}, {"author": "@strathmic", "comment": "so no matter  how old I am or how much money I make I have to pay 30 percent minimum on my RRSP\u00a0when taking it out", "likes": 0}, {"author": "@andriyshapovalov8886", "comment": "@ Ben Felix So, how can you invest in index funds through the RRSP account? Do I pay some extra fees for that, for the account management.", "likes": 0}, {"author": "@cheryltoth309", "comment": "My inability to follow a great deal of what you are saying doesn't diminish my enjoyment of listening to you.  When I can understand some of the points being made, I'm really pleased with myself.  Thanks.", "likes": 0}, {"author": "@porteauloin", "comment": "I am french I arrive in Canada 2years ago. \nI just became permanent resident, your videos are just heaven for me! \nI can finnaly understand the canadian banking system. TY!", "likes": 5}, {"author": "@clientcserv", "comment": "Are you required to contribute yearly to rrsp? Or can you do so only depending on your tax bracket for the year. Assuming you bracket goes up and down constantly.", "likes": 1}, {"author": "@manlyphal959", "comment": "Thanks, this could not have been explained better! lol", "likes": 0}, {"author": "@Phyloraptor", "comment": "Let's say I have a 25 yo frirend with a full TFSA, a lot of money in a margin account and nothing in a RRSP. He doesn't plan on buying a home or going back to university (although futur in uncertain) but he'd like to start a buisness soon. Should he move everything in his margin to his RRSP considering he might withdraw a lot in 5 years and loose his RRSP contribution room?", "likes": 1}, {"author": "@mrafayaleem", "comment": "Thanks for making such great and informational videos Ben! Much appreciated!", "likes": 0}, {"author": "@albinjamws785", "comment": "Thanks Ben you opened  my eyes:)", "likes": 0}, {"author": "@ericbarnes8", "comment": "Super well made video. Thank you very much.", "likes": 0}, {"author": "@cryptclown", "comment": "This is what is taken that get taken from my paystubs. If i direct my employer to contribute a portion of wages directly into rrsp or tsfa, will i pay less of these taxes?\nCanada Pension Plan (CPP)\n\nEmployment Insurance - EI\nFederal Income Tax (FIT)\nProvince Income Tax (PIT) - ON\n\nEx. 1000$ gross but 200$ is put in rrsp or tfsa, will they just apply these taxes or withdrawals\u00a0on the 800?", "likes": 0}, {"author": "@behrensf84", "comment": "The RRSP is in a way better than the ira", "likes": 0}, {"author": "@PrairieSkyDrones", "comment": "Ben, I had to subscribe to your channel after watching a few videos.  Love the Canadian content.  I see you made an TFSA along with this RRSP video.  Always learning something new on your channel.  I'm interested in hearing more about RDSPs.  Would you be able to make an RDSP video?  Our son has a disability and will need financial assistance once he becomes an adult.  Would love to hear your thoughts on the topic.   I find there's not much information about RDSPs.", "likes": 1}, {"author": "@leocheng896", "comment": "Thanks Ben for this awesome explaination. The best I ever watched. Can I ask you some questions? if I have a RRSP acount within RBC and a stock (lets say questrade) RRSP account. Will it be a problem(from example on my room) when I moved the money 1)from RBC to questrade 2) selling stock and get the money back to RBC saving account (rrsp)  AND would it be the same for TFSA? ( Basically, I mean not withdrawing the moeny, just transfer money from account at bank and broker. )Really appreciated.", "likes": 0}, {"author": "@sanjeesathasivam7794", "comment": "Great vid, just one comment. The growth in the RRSP will be taxed at the full income tax rate vs the TFSA. If you had $100 into a TFSA and RRSP, assuming a 30 percent tax rate, you will build a tax liability on the growth of RRSP beyond the initial principal invested. The TFSA will grow tax free. This is offset to some extent on the time value of reinvesting the deferred tax received upfront from using an RRSP. Furthermore, any investments that would have been taxed at the capital gains rate (non TFSA) would be taxed at the full rate on withdrawal. There are some cons on the RRSP but all in all it depends on your overall investment horizon.", "likes": 0}, {"author": "@doyleminhas6697", "comment": "Hi Ben, \nSo if I understood correctly, an ETF like VTI should be bought under RRSP and not under the  TFSA ??\nThank you for the amazingg video! Loved it!", "likes": 0}, {"author": "@TyrionLannister1998", "comment": "If I am working full time right now and plan on going back to school in 5 years time, during which I will not be earning any income, does it make sense to contribute to and withdraw from RRSP? I will basically be withdrawing from the RRSP tax free at the expense of losing 5 years worth of contribution room at a 24% average tax rate.", "likes": 0}, {"author": "@tbear1", "comment": "Hi Ben! @12:25 you speak to paying withholding tax x2 on an index like VEE.t. 1. Have i understood correctly. 2. If yes, how would an investor seeking emerging market exposure go about it this without succumbing to this double withholding tax, or preferably none at all. Thanks in advance", "likes": 0}, {"author": "@keithhosannah3022", "comment": "I did not know about that 2000 dollars of \"overcontribution\". If you have excess savings, you  might as well use this tool for more tax free growth. If you haven't used the  \"overcontribution\" room for two straight years, does that mean you can contribute 6000 dollars in the third year?", "likes": 0}, {"author": "@ProfessionalTycoons", "comment": "Is RRSP a good idea?", "likes": 0}, {"author": "@hornedlobster", "comment": "Ben you are seriously doing the world a favour by posting these videos. Keep it up.", "likes": 2}, {"author": "@shork14", "comment": "Can you explain the part about VGRO or XGRO ? I don't understand how pre and after-tax asset allocation is the same.", "likes": 0}, {"author": "@terrinson", "comment": "Hey Ben, can you do a video on RDSP, thank you.", "likes": 0}, {"author": "@Courier9", "comment": "If you don't have a company pension, or don't expect to be able to save alot of money, then the Guaranteed Income Supplement makes saving in the TFSA way better than the RRSP.  If your income in retirement is low enough to qualify for GIS, then a $1000 withdrawal from the RRSP means $500 less GIS income.  Tax still has to be paid on the $1000.  This left a lot of angry retirees on coffee row.  If one was already nearing 65, there could be benefit to just cashing out the small rrsp in one year, eating the bad tax rate and then not having GIS affected by RRSP withdrawals.", "likes": 0}, {"author": "@mathieugelinas3578", "comment": "Thank you for what you are doing Ben Felix, your videos are amazing! There is only one part that I don't understand: the part where you say I should be using my RRSP to hold US stocks and US ETF instead of TFSA. If I'm holding the SPY, BIV, BLV, in my TFSA, will I receive less dividends then if they were hold in an RRSP? I'm from Quebec and my first language is french so when you talk about the 15% withholding tax that the US do, I just think it's 15% less dividend for me at the end of the year. Am I wrong? Thank you for your time and keep doing the good work!", "likes": 0}, {"author": "@QualitativeInvestor", "comment": "You missed misconception from which age RRSP can be start.\nAlso what about new PROPOSED FEDERAL TAX CHANGES: https://www.horizonsetfs.com/horizons/media/pdfs/pressreleases/2019/20190320_FederalBudget.pdf", "likes": 0}, {"author": "@codingwithmitch", "comment": "lmfao 7:37.\nThat reminds me of the valentines day card my wife made me this year: https://imgur.com/gallery/rHAJ1Nl. \n\ud83d\ude02", "likes": 0}, {"author": "@berrcutio", "comment": "Hi Felix. As a newcomer to the country, I find great value in your content. I've been trying to figure out the actual benefit of the RRSP for some time now, and I feel I'm very close :) Say I contributed 10K into an RRSP account this year, and in ten years' time, the ETFs or stocks I bought miraculously did a whopping 10x and became 100k (for the sake of clarity, let's assume I never added more funds into the account the following 9 years). Are you telling me that when I withdraw the 100K I would be taxed only on the initial 10K I invested and not on the 90K?", "likes": 1}, {"author": "@slavekp420", "comment": "Hi Ben. When you withdraw from your RRSP for the first time home buyers plan, and repay it within the 15 years, do you still lose out on the compounded interest rate that you would have gained in your RRSP if you wouldn't have withdrawn?", "likes": 0}, {"author": "@jeffgruber618", "comment": "I have a RRSP and TFSA self directed investment account at Questrade. I get paid weekly and taxed accordingly, I then once a month put a lump sum of money into my RRSP or TFSA as I choose. By depositing funds this way into my RRSP after I\u2019ve already been paid and taxed am I missing out on the tax benefit of not getting taxed initially", "likes": 0}, {"author": "@anierajraj", "comment": "Thanks again, Ben! Amazing job!", "likes": 1}, {"author": "@michaelhale7802", "comment": "My man you're a beast! Your channel is going to skyrocket soon. Cheers from Vancouver", "likes": 18}, {"author": "@Tuxedo_Cake", "comment": "Who was the one person who disliked this video? It\u2019s excellent!", "likes": 0}, {"author": "@AshkanEntezari", "comment": "@Ben Felix: based on current income and the tax brackets, we know how to calculate the tax that we have to pay now. My question is that will it be the same at retirement? i.e. our income plus withdrawal amount from RRSP and applying it to tax brackets at that time? because assuming we manage to get financially better over time, at retirement we will be earning more money and then paying even more taxes upon withdrawal. is this correct?", "likes": 0}, {"author": "@glennchristianrobinson7334", "comment": "I appreciate your video. Best information on this subject. More please!  I am your newest subscriber.", "likes": 0}, {"author": "@InvestOrama", "comment": "5K subscribers: congrats!", "likes": 0}, {"author": "@Duff1210", "comment": "Awesome video as usual Ben. \nQuestion: would a discount broker (ex Questrade) also withold the 30% on a withdrawal or does that only apply to the big banks?", "likes": 0}, {"author": "@hellcat320", "comment": "Hi Ben, another great video i feel like you basically said my name when you said people with pensions dont think they should contribute to a RRSP LOL. Question though. so i was talking to my parents who are about 5 years from retirement, they have a mixed bag of pension money from variois jobs they have had over their lives but they have about 500k in their RRSP, not sure about those details but basically they have always has a finacial planner who has always had them in various mutual funds. since we had that mini crash last quarter my mom was saying how they were down over 8% and she was worried, looking at the Canadian couch potatoe conservative ETF portfolio they wouldent have been down nearly as much i said alot of it is probably due to fees they were paying. She said she was interested in looking elsewhere, what would be a good place for me to point them to get better professional help if the decided to switch, i know its late for them but i think they could make/save depending on what happens alot of money into retirement and i just want to help them succeed and I dont feel comfortable giving them advice as I may have a decent about of investing experience but Im by no means quailified to answer some of the questions they have.", "likes": 0}, {"author": "@brettmclennan4363", "comment": "I hold VEA\r and VWO in my RRSP and XEF and XEC in my TFSA, is that ok or are foreign withholding taxes getting me? Great video!", "likes": 0}, {"author": "@chrisslatcher4686", "comment": "Excellent video, cleared up some questions I had. Thanks Ben!", "likes": 0}, {"author": "@28311000", "comment": "Ben you lost me. I watched the video several times but do not understand. Why after does  my asset allocation change from 50% stocks and 50% bonds to 60%  stocks and 40% bonds after taxes. Thanks in advance-Darren", "likes": 0}, {"author": "@cleanairninja9256", "comment": "I understand that within an RRSP your investments can grow and compound. However, when you actually withdraw your \"profits\" that have compounded, you then pay income tax on that profit. So, in a sense, it is not \"tax free\", correct?", "likes": 0}, {"author": "@PositiveInvesting", "comment": "You briefly touched on this - What are your thoughts on holding VOO over long term in RRSP using Norbert Gambit before purchasing VOO every time? I've been looking into this recently and this seems like the better route if you want to hold the S&P500 vs holding the equivalent fund listed on the TSX (hedged or unhedged).", "likes": 3}, {"author": "@mariomatejka", "comment": "Ben, is there any limitation as to what kind of investments can be held in a RRSP account?  I know that at one point in time there was a foreign content limit of 30%, but I just looked it up and that was removed in 2005.", "likes": 0}, {"author": "@ojjunior4579", "comment": "Hey Ben I admit to say this is one of the best videos of yours! I have max mine and I hold VGRO.TO in all my investments. TFSA & RRSP, in TAXABLE ( VCN & VXC = 40/60). Simple way but I know I losing some to FWT. By the way I like Rational Reminder Podcast too!", "likes": 1}, {"author": "@marcor413", "comment": "If I own vfv.to in a tfsa account its not fully non taxable ?", "likes": 0}, {"author": "@PositiveInvesting", "comment": "Everyone needs to take advantage of the rrsp (after you've maxed your tfsa)!", "likes": 3}, {"author": "@KaPi57", "comment": "I know there are other factors to consider between investing in an RRSP vs TFSA, such as current income and future income, but while it is true the original contribution into an RRSP is $1.00 and only $0.70 for the TFSA, that is only true if people take the refund they get from the RRSP contribution and invest it also.  I find the reality is people will contribute $0.70 to the RRSP and $0.70 to the TFSA, making the TFSA a greater value in the end.  Not the fault of the RRSP account, but our behaviour in what we do with the refund.", "likes": 1}, {"author": "@grantmaxted1160", "comment": "Another clear and concise video, Ben. This misunderstanding that dividend income and capital gains in an RRSP are converted to ordinary income for taxation purpose is very widespread. I think another helpful way of looking at it is that when you contribute to your RRSP, you actually end up with 3 accounts. 2 of them are inside your RRSP - one you own and the other the government owns. Then you have a third account outside your RRSP (you tax deduction), which people quickly forget about. Both accounts within your RRSP grow at the same rate tax free. When you take money out, you get to keep all off your account (the deposits plus growth, so exactly like your TFSA) and the government gets to keep all it's account (assuming the same tax rate when money goes in and comes out). So it feels like you are paying tax when you take money out of the RRSP, put really you are only paying back to the government the tax you initially deferred plus the growth on it. A little long winded perhaps, but I didn't really get it myself until someone explained it to me that way.", "likes": 3}, {"author": "@ImportWade", "comment": "Great summary, very clear and concise. I'm 35 now and had only started building my financial education a couple years ago. The Canadian specific content is very helpful, there is much information and many directions to sort out in the financial realm . As a working tradesman with potentially another 30 years ahead of me before retirement, I'm finally realizing how important this truly is.", "likes": 2}, {"author": "@robinimpey101", "comment": "Is there any limit to how many years an unclaimed RRSP deduction can be carried forward?", "likes": 0}, {"author": "@anothercrappypianist", "comment": "This video is a masterclass on concise and clear mythbusting.\n\nThe confusion about RRSPs and taxation has generated many a pub debate in my circles recently.  All of the misconceptions over beer were neatly covered in this video, including and especially the fact that you can't compare a dollar in an RRSP with a dollar in a TFSA without accounting for the fact that one of them you've already paid taxes on.\n\nI now have a new video to point people to.  Thanks Ben!", "likes": 6}, {"author": "@dabombdigit", "comment": "Hi Ben, let's say i had no RRSP room as of the end of 2017. Let's say my income for 2018 was was X. Can I contribute X*18% right now, or do I have to wait until after filing my taxes/income for 2018, and then the room becomes available?", "likes": 0}, {"author": "@robinimpey101", "comment": "Everybody that is investing, or thinking about investing, need to watch your videos! Clear common sense information. Thanks again!", "likes": 0}, {"author": "@Mike-li9vw", "comment": "Hi Ben, for people that become fulltime students with no income then its better to withdraw from rrsp than applying for lifelong education plan.", "likes": 0}, {"author": "@ImAPaladin", "comment": "WOW, this video cleared a critical misinformation I'd obtained. I'd heard that I might face penalties if I don't report my RRSP contributions in the same year, so I've been withholding contributions to RRSP until the next tax bracket.. Thank you, Ben!", "likes": 0}, {"author": "@dandaan", "comment": "Great vid!! Sadly i work shift job in US (half of the year), and for some reason banks dont allow to get me registered saving accounts (tfsa and rrsp). :(", "likes": 0}, {"author": "@Joe-jc5ol", "comment": "Thank you for clearing my misconceptions, I thought the withholding tax for drawing early was a penalty. Now I am considering opening one :D", "likes": 3}, {"author": "@budricbundy9969", "comment": "Hi Ben, In the video you mention that RRSP allows us to \"defer income tax\".  My interpretation of \"defer\" is I pay what I owe now, at a later date and as a result reap the benefits of time value of money - i.e. get to compound interest on the money and then pay off original amount and keep the interest.  I held this \"deferral benefit\" view of the refund for a long time.   However this view was shattered recently by this article http://www.retailinvestor.org/RRSPmodel.html#deferral.  With this view the refund is a loan the government gave you to invest on their behalf.\n\nYou had a similar analysis in your video of RRSP vs TFSA with same tax bracket, so I think you will agree with the math.  What's your view on use/misuse of the term \"defer\"?  Not sure if you were using \"defer\" in context of the refunded money, or the tax free growth.", "likes": 0}, {"author": "@valsaini", "comment": "Ben Felix is the best at explaining investing/finance in Canada, thanks for all your videos!", "likes": 85}, {"author": "@perrinayebarra", "comment": "Wow.  This is the best RRSP video I\u2019ve ever seen.  I used to be one of those people who thought contributing to my RRSP was all I had to do lol.", "likes": 3}, {"author": "@CarlosPacheco", "comment": "I've never fully understood how an RRSP works and the details about contributions and deductions. As someone who's been contributing to RRSP for going on 20 years, this is the clearest explanation on how they work.", "likes": 37}, {"author": "@lester7760", "comment": "How tax efficient is VGRO or XGRO in an RRSP? You mentioned 2 levels of withholding tax. Does it apply here?", "likes": 1}, {"author": "@danm8487", "comment": "Another excellent video Ben! Thank you!", "likes": 1}, {"author": "@BenFelixCSI", "comment": "How the RRSP Works 1:27  \nMost Common Misconceptions 5:31\nHow to Think About the RRSP 10:33", "likes": 31}]